[{"truncated": false, "text": "\u2018Flexitarian\u2019 diets can risks -", "hashtags": ["#Limit", "#Future", "#PrescientInfo", "#America"], "topic": "environment", "tweet_urls": ["https://t.co/HF2LL8Ah49"], "date": {"hour": 2, "month": 10, "iso": "2018-10-31T02:39:11", "year": 2018, "day": 31, "minute": 39}, "geo": null, "id": 1057461954648989696, "lang": "en", "emoticons": [], "user_id": 3189238166, "coordinates": null, "source": "Prescie\u014bt Info", "location": "Bancock", "mentions": []}, {"truncated": true, "text": "Just interesting to observe that some companies, British Telecom, can force you to watch the\u2026", "hashtags": [], "topic": "environment", "tweet_urls": ["https://t.co/ZL82AXd5P9"], "date": {"hour": 0, "month": 10, "iso": "2018-10-31T00:59:25", "year": 2018, "day": 31, "minute": 59}, "geo": null, "id": 1057436847423582208, "lang": "en", "emoticons": [], "user_id": 1050394466, "coordinates": null, "source": "Twitter Web Client", "location": "Bancock", "mentions": ["@baconbkk", "@smartbrain"]}, {"truncated": false, "text": "Rice \u2018safely conserved\u2019 in gene bank -", "hashtags": ["#PrescientInfo"], "topic": "environment", "tweet_urls": ["https://t.co/7cJBLVZb9s"], "date": {"hour": 0, "month": 10, "iso": "2018-10-31T00:59:11", "year": 2018, "day": 31, "minute": 59}, "geo": null, "id": 1057436787474382849, "lang": "en", "emoticons": [], "user_id": 3189238166, "coordinates": null, "source": "Prescie\u014bt Info", "location": "Bancock", "mentions": []}, {"truncated": false, "text": "Featured Collection: Environment Courses \u0e02\u0e49\u0e2d\u0e21\u0e39\u0e25\u0e08\u0e32\u0e01", "hashtags": [], "topic": "environment", "tweet_urls": ["https://t.co/LRxI1MTACU"], "date": {"hour": 21, "month": 10, "iso": "2018-10-30T21:49:27", "year": 2018, "day": 30, "minute": 49}, "geo": null, "id": 1057389042617085952, "lang": "en", "emoticons": [], "user_id": 1033901239, "coordinates": null, "source": "Twitter Web Client", "location": "Bancock", "mentions": ["@MITOCW"]}, {"truncated": true, "text": "[AWSbigData] Dynamically scale up storage on Amazon EMR clusters --&gt;\n\nIn a managed Apache Hadoop environment\u2014like a\u2026", "hashtags": [], "topic": "environment", "tweet_urls": ["https://t.co/gqgZMrCIDA"], "date": {"hour": 17, "month": 10, "iso": "2018-10-30T17:15:27", "year": 2018, "day": 30, "minute": 15}, "geo": null, "id": 1057320089270345728, "lang": "en", "emoticons": [], "user_id": 22917909, "coordinates": null, "source": "IFTTT", "location": "Bancock", "mentions": []}, {"truncated": false, "text": "couples \u2018trapped in dependency\u2019 -", "hashtags": ["#Young", "#Car", "#PrescientInfo"], "topic": "environment", "tweet_urls": ["https://t.co/qr1Xp7zFp3"], "date": {"hour": 14, "month": 10, "iso": "2018-10-30T14:53:22", "year": 2018, "day": 30, "minute": 53}, "geo": null, "id": 1057284330387595265, "lang": "en", "emoticons": [], "user_id": 3189238166, "coordinates": null, "source": "Prescie\u014bt Info", "location": "Bancock", "mentions": []}, {"truncated": true, "text": "[UnixArena] Ansible \u2013 How to Install and configure AWX ? --&gt; Ansible AWX deployment is simple if you have an existi\u2026", "hashtags": [], "topic": "environment", "tweet_urls": ["https://t.co/ckwtvyn9fW"], "date": {"hour": 14, "month": 10, "iso": "2018-10-30T14:32:27", "year": 2018, "day": 30, "minute": 32}, "geo": null, "id": 1057279067827908608, "lang": "en", "emoticons": [], "user_id": 22917909, "coordinates": null, "source": "IFTTT", "location": "Bancock", "mentions": []}, {"truncated": false, "text": "\u2018Flexitarian\u2019 diets can risks -", "hashtags": ["#Limit", "#Future", "#PrescientInfo"], "topic": "environment", "tweet_urls": ["https://t.co/HF2LL8RRVH"], "date": {"hour": 11, "month": 10, "iso": "2018-10-30T11:31:33", "year": 2018, "day": 30, "minute": 31}, "geo": null, "id": 1057233541711294464, "lang": "en", "emoticons": [], "user_id": 3189238166, "coordinates": null, "source": "Prescie\u014bt Info", "location": "Bancock", "mentions": []}, {"truncated": false, "text": "Rice \u2018safely conserved\u2019 in gene bank -", "hashtags": ["#PrescientInfo"], "topic": "environment", "tweet_urls": ["https://t.co/7cJBLVZb9s"], "date": {"hour": 11, "month": 10, "iso": "2018-10-30T11:17:22", "year": 2018, "day": 30, "minute": 17}, "geo": null, "id": 1057229972497154049, "lang": "en", "emoticons": [], "user_id": 3189238166, "coordinates": null, "source": "Prescie\u014bt Info", "location": "Bancock", "mentions": []}, {"truncated": true, "text": "I wont act like a different person again, I wont hide myself. I got here because I want to have a new environment..\u2026", "hashtags": [], "topic": "environment", "tweet_urls": ["https://t.co/YcZI89Vdkd"], "date": {"hour": 11, "month": 10, "iso": "2018-10-30T11:12:36", "year": 2018, "day": 30, "minute": 12}, "geo": null, "id": 1057228774507347968, "lang": "en", "emoticons": [], "user_id": 742017518856851456, "coordinates": null, "source": "Twitter for Android", "location": "Bancock", "mentions": []}, {"truncated": true, "text": "Treetops as far as the eye can see: accompany on a journey of discovery through Germany\u2019s most beautifu\u2026", "hashtags": [], "topic": "environment", "tweet_urls": ["https://t.co/sdBDacRsEg"], "date": {"hour": 11, "month": 10, "iso": "2018-10-30T11:00:14", "year": 2018, "day": 30, "minute": 0}, "geo": null, "id": 1057225659074953217, "lang": "en", "emoticons": [], "user_id": 3355069793, "coordinates": null, "source": "Buffer", "location": "Bancock", "mentions": ["@en_germany"]}, {"truncated": true, "text": "Natural Resources and Environment Minister General Surasak Karnjanarat has ordered relevant agencies to investigate\u2026", "hashtags": [], "topic": "environment", "tweet_urls": ["https://t.co/K4521v6q30"], "date": {"hour": 10, "month": 10, "iso": "2018-10-30T10:00:15", "year": 2018, "day": 30, "minute": 0}, "geo": null, "id": 1057210566660575233, "lang": "en", "emoticons": [], "user_id": 18921618, "coordinates": null, "source": "Facebook", "location": "Bancock", "mentions": []}, {"truncated": true, "text": "Call for proposals by and Here's your chance to apply for story in\u2026", "hashtags": ["#environment", "#Grants"], "topic": "environment", "tweet_urls": ["https://t.co/oc7ijmMyJU"], "date": {"hour": 3, "month": 10, "iso": "2018-10-30T03:45:00", "year": 2018, "day": 30, "minute": 45}, "geo": null, "id": 1057116130110656513, "lang": "en", "emoticons": [], "user_id": 1054618283687600128, "coordinates": null, "source": "TweetDeck", "location": "Bancock", "mentions": ["@earthjournalism", "@seapa!"]}, {"truncated": true, "text": "\u0e2d\u0e22\u0e32\u0e01\u0e17\u0e23\u0e32\u0e1a\u0e04\u0e27\u0e32\u0e21\u0e40\u0e2b\u0e47\u0e19\u0e40\u0e23\u0e37\u0e48\u0e2d\u0e07\u0e01\u0e32\u0e23\u0e41\u0e01\u0e49\u0e1b\u0e31\u0e0d\u0e2b\u0e32\u0e1d\u0e38\u0e48\u0e19\u0e04\u0e27\u0e31\u0e19\u0e04\u0e23\u0e31\u0e1a WHO \u0e22\u0e01\u0e21\u0e32\u0e40\u0e17\u0e35\u0e22\u0e1a\u0e01\u0e31\u0e1a\u0e01\u0e32\u0e23\u0e2a\u0e39\u0e1a\u0e1a\u0e38\u0e2b\u0e23\u0e35\u0e48\u0e41\u0e25\u0e49\u0e27 \u0e40\u0e2b\u0e19\u0e37\u0e48\u0e2d\u0e22\u0e43\u0e08\u0e01\u0e31\u0e1a\u0e01\u0e32\u0e23\u0e40\u0e1e\u0e34\u2026", "hashtags": [], "topic": "environment", "tweet_urls": ["https://t.co/fjfVjHOnbm"], "date": {"hour": 3, "month": 10, "iso": "2018-10-30T03:27:34", "year": 2018, "day": 30, "minute": 27}, "geo": null, "id": 1057111745095860224, "lang": "th", "emoticons": [], "user_id": 67263040, "coordinates": null, "source": "Twitter for Android", "location": "Bancock", "mentions": ["@Thanathorn_FWP"]}, {"truncated": true, "text": "Asia: Environment \nPresident Jokowi spotlights maritime development at Our Ocean Conference - The Jakarta Post/Asi\u2026", "hashtags": [], "topic": "environment", "tweet_urls": ["https://t.co/vffVsKf4Bx"], "date": {"hour": 2, "month": 10, "iso": "2018-10-30T02:34:19", "year": 2018, "day": 30, "minute": 34}, "geo": null, "id": 1057098342293884928, "lang": "en", "emoticons": [], "user_id": 111504976, "coordinates": null, "source": "Facebook", "location": "Bancock", "mentions": []}, {"truncated": false, "text": "There\u2019s in your but we have no how dangerous that is -", "hashtags": ["#Plastic", "#Poop,", "#Idea", "#PrescientInfo"], "topic": "environment", "tweet_urls": ["https://t.co/AsREwJNM3K"], "date": {"hour": 20, "month": 10, "iso": "2018-10-29T20:52:12", "year": 2018, "day": 29, "minute": 52}, "geo": null, "id": 1057012244641431553, "lang": "en", "emoticons": [], "user_id": 3189238166, "coordinates": null, "source": "Prescie\u014bt Info", "location": "Bancock", "mentions": []}, {"truncated": false, "text": "Japan\u2019s rovers send from -", "hashtags": ["#Pictures", "#Asteroid", "#PrescientInfo"], "topic": "environment", "tweet_urls": ["https://t.co/YaZui2AyJN"], "date": {"hour": 19, "month": 10, "iso": "2018-10-29T19:33:23", "year": 2018, "day": 29, "minute": 33}, "geo": null, "id": 1056992411291926528, "lang": "en", "emoticons": [], "user_id": 3178957030, "coordinates": null, "source": "Prescie\u014bt Info", "location": "Bancock", "mentions": []}, {"truncated": true, "text": "The FTA and the Framework Agreement on Partnership &amp; Cooperation, together, constitute a major milestone for the ec\u2026", "hashtags": [], "topic": "environment", "tweet_urls": ["https://t.co/Tu4ZfcxzVn"], "date": {"hour": 15, "month": 10, "iso": "2018-10-29T15:14:10", "year": 2018, "day": 29, "minute": 14}, "geo": null, "id": 1056927176224845824, "lang": "en", "emoticons": [], "user_id": 3148208045, "coordinates": null, "source": "Twitter Web Client", "location": "Bancock", "mentions": []}, {"truncated": true, "text": "\u0e44\u0e1b\u0e40\u0e14\u0e34\u0e19\u0e2a\u0e31\u0e21\u0e40\u0e1e\u0e47\u0e07\u0e27\u0e31\u0e19\u0e19\u0e35\u0e49 \u0e40\u0e01\u0e34\u0e14\u0e04\u0e27\u0e32\u0e21\u0e2d\u0e22\u0e32\u0e01\u0e43\u0e0a\u0e49 faux fur \u0e41\u0e15\u0e48\u0e01\u0e25\u0e31\u0e1a\u0e21\u0e32\u0e04\u0e34\u0e14\u0e04\u0e37\u0e2d \u0e41\u0e21\u0e48\u0e07 unethical \u0e15\u0e48\u0e2d environment \u0e01\u0e27\u0e48\u0e32\u0e40\u0e1f\u0e2d\u0e23\u0e4c\u0e08\u0e23\u0e34\u0e07\u0e2d\u0e35\u0e01 \u0e41\u0e15\u0e48\u0e44\u0e21\u0e48\u2026", "hashtags": [], "topic": "environment", "tweet_urls": ["https://t.co/gjtKDjEwbX"], "date": {"hour": 14, "month": 10, "iso": "2018-10-29T14:10:02", "year": 2018, "day": 29, "minute": 10}, "geo": null, "id": 1056911037818056705, "lang": "th", "emoticons": [], "user_id": 146352508, "coordinates": null, "source": "Twitter for iPhone", "location": "Bancock", "mentions": []}, {"truncated": true, "text": "World: Environment\nBig brands pledge to turn tide on global plastic waste - Jakarta Post | \n#AsiaNewsNetwork\u2026", "hashtags": [], "topic": "environment", "tweet_urls": ["https://t.co/ia9uVtLOsp"], "date": {"hour": 12, "month": 10, "iso": "2018-10-29T12:00:09", "year": 2018, "day": 29, "minute": 0}, "geo": null, "id": 1056878350076076033, "lang": "en", "emoticons": [], "user_id": 111504976, "coordinates": null, "source": "Facebook", "location": "Bancock", "mentions": []}, {"truncated": true, "text": "\"We continue to invest in our people and our facilities at all levels. The new office provides our talents with an\u2026", "hashtags": [], "topic": "environment", "tweet_urls": ["https://t.co/RUqq4i697g"], "date": {"hour": 9, "month": 10, "iso": "2018-10-29T09:48:41", "year": 2018, "day": 29, "minute": 48}, "geo": null, "id": 1056845268581212160, "lang": "en", "emoticons": [], "user_id": 1034027805133041664, "coordinates": null, "source": "Twitter Web Client", "location": "Bancock", "mentions": []}, {"truncated": true, "text": "\u201c3 \u0e2a\u0e34\u0e48\u0e07\u0e17\u0e35\u0e48\u0e08\u0e30\u0e17\u0e33\u0e43\u0e2b\u0e49\u0e1b\u0e31\u0e0d\u0e2b\u0e32\u0e02\u0e22\u0e30\u0e1e\u0e25\u0e32\u0e2a\u0e15\u0e34\u0e01\u0e43\u0e19\u0e17\u0e30\u0e40\u0e25\u0e25\u0e14\u0e25\u0e07\u0e19\u0e31\u0e48\u0e19\u0e04\u0e37\u0e2d \u0e20\u0e32\u0e04\u0e1b\u0e23\u0e30\u0e0a\u0e32\u0e0a\u0e19 \u0e1c\u0e39\u0e49\u0e19\u0e33\u0e02\u0e2d\u0e07\u0e1b\u0e23\u0e30\u0e40\u0e17\u0e28 \u0e41\u0e25\u0e30\u0e20\u0e32\u0e04\u0e18\u0e38\u0e23\u0e01\u0e34\u0e08\u201d Erik Solheim, ex\u2026", "hashtags": ["#OOC2018"], "topic": "environment", "tweet_urls": ["https://t.co/ejO8ThIuVO"], "date": {"hour": 7, "month": 10, "iso": "2018-10-29T07:46:41", "year": 2018, "day": 29, "minute": 46}, "geo": null, "id": 1056814565265047552, "lang": "th", "emoticons": [], "user_id": 17226569, "coordinates": null, "source": "Twitter for iPhone", "location": "Bancock", "mentions": []}, {"truncated": true, "text": "Asia: Climate Change\nWhat is it like to survive on just 20 litres of water a day? Straits Times Environment corresp\u2026", "hashtags": [], "topic": "environment", "tweet_urls": ["https://t.co/IConkFZdRu"], "date": {"hour": 6, "month": 10, "iso": "2018-10-29T06:09:45", "year": 2018, "day": 29, "minute": 9}, "geo": null, "id": 1056790170115153921, "lang": "en", "emoticons": [], "user_id": 111504976, "coordinates": null, "source": "Facebook", "location": "Bancock", "mentions": []}, {"truncated": false, "text": "\u2018fixes\u2019 malfunction -", "hashtags": ["#Nasa", "#Hubble", "#PrescientInfo"], "topic": "environment", "tweet_urls": ["https://t.co/mDqN78ZrrU"], "date": {"hour": 4, "month": 10, "iso": "2018-10-29T04:33:13", "year": 2018, "day": 29, "minute": 33}, "geo": null, "id": 1056765876026912768, "lang": "en", "emoticons": [], "user_id": 3189238166, "coordinates": null, "source": "Prescie\u014bt Info", "location": "Bancock", "mentions": []}, {"truncated": true, "text": "Asia: Environment Thailand\nNetwork reports big gains in plastic-use reduction - The Nation/#AsiaNewsNetwork\u2026", "hashtags": [], "topic": "environment", "tweet_urls": ["https://t.co/7OIRKhd0lp"], "date": {"hour": 9, "month": 10, "iso": "2018-10-28T09:34:11", "year": 2018, "day": 28, "minute": 34}, "geo": null, "id": 1056479230534418435, "lang": "en", "emoticons": [], "user_id": 111504976, "coordinates": null, "source": "Facebook", "location": "Bancock", "mentions": []}, {"truncated": true, "text": "PRISMA \u0e2a\u0e31\u0e21\u0e1c\u0e31\u0e2a\u0e2d\u0e31\u0e19\u0e2b\u0e23\u0e39\u0e2b\u0e23\u0e32\u0e17\u0e27\u0e48\u0e32\u0e40\u0e23\u0e35\u0e22\u0e1a\u0e07\u0e48\u0e32\u0e22\u0e02\u0e2d\u0e07\u0e07\u0e32\u0e19\u0e14\u0e35\u0e44\u0e0b\u0e19\u0e4c\u0e18\u0e23\u0e23\u0e21\u0e14\u0e32\u0e17\u0e35\u0e48\u0e44\u0e21\u0e48\u0e18\u0e23\u0e23\u0e21\u0e14\u0e32\n\n\u0e14\u0e39\u0e27\u0e35\u0e14\u0e35\u0e42\u0e2d\u0e44\u0e14\u0e49\u0e17\u0e35\u0e48", "hashtags": [], "topic": "environment", "tweet_urls": ["https://t.co/K0MCDegEe9\n\n#WURKON\u2026", "https://t.co/NuobBm3uib"], "date": {"hour": 8, "month": 10, "iso": "2018-10-28T08:49:44", "year": 2018, "day": 28, "minute": 49}, "geo": null, "id": 1056468041607786497, "lang": "th", "emoticons": [], "user_id": 738902938286858240, "coordinates": null, "source": "Twitter for iPhone", "location": "Bancock", "mentions": []}, {"truncated": false, "text": "Air pollution is the \u2018new tobacco\u2019, warns WHO head", "hashtags": [], "topic": "environment", "tweet_urls": ["https://t.co/xhgr8qhWfh"], "date": {"hour": 6, "month": 10, "iso": "2018-10-28T06:24:37", "year": 2018, "day": 28, "minute": 24}, "geo": null, "id": 1056431524906561537, "lang": "en", "emoticons": [], "user_id": 17226569, "coordinates": null, "source": "Twitter Web Client", "location": "Bancock", "mentions": []}, {"truncated": true, "text": "Air pollution is \u2018new tobacco\u2019: \n\n- kills 7 milllion people per year\n- 91% of us exposed to toxic air pollution lev\u2026", "hashtags": [], "topic": "environment", "tweet_urls": ["https://t.co/0VtMAX9tuQ"], "date": {"hour": 22, "month": 10, "iso": "2018-10-27T22:54:32", "year": 2018, "day": 27, "minute": 54}, "geo": null, "id": 1056318256963710976, "lang": "en", "emoticons": [], "user_id": 85785268, "coordinates": null, "source": "Twitter for iPhone", "location": "Bancock", "mentions": []}, {"truncated": true, "text": "One of cooling solutions: a highly reflective array on the rooftop can keep temperature 10C cooler. Going now large\u2026", "hashtags": [], "topic": "environment", "tweet_urls": ["https://t.co/2CHMMUER0F"], "date": {"hour": 18, "month": 10, "iso": "2018-10-27T18:52:58", "year": 2018, "day": 27, "minute": 52}, "geo": null, "id": 1056257463626813440, "lang": "en", "emoticons": [], "user_id": 17600378, "coordinates": null, "source": "Twitter for Android", "location": "Bancock", "mentions": []}, {"truncated": false, "text": "\u2018#Super-sized\u2019 threat to seabirds -", "hashtags": ["#Mice", "#PrescientInfo"], "topic": "environment", "tweet_urls": ["https://t.co/P6ANGyIYtT"], "date": {"hour": 14, "month": 10, "iso": "2018-10-27T14:50:23", "year": 2018, "day": 27, "minute": 50}, "geo": null, "id": 1056196414747955200, "lang": "en", "emoticons": [], "user_id": 3189238166, "coordinates": null, "source": "Prescie\u014bt Info", "location": "Bancock", "mentions": []}, {"truncated": true, "text": "\u0e2d\u0e2d\u0e2a\u0e40\u0e15\u0e23\u0e40\u0e25\u0e35\u0e22 \u0e40\u0e1b\u0e34\u0e14 Repair Cafe \u0e43\u0e19 Canberra Environment Centre \u0e2a\u0e2d\u0e19\u0e01\u0e32\u0e23\u0e0b\u0e48\u0e2d\u0e21\u0e41\u0e0b\u0e21\u0e2a\u0e34\u0e48\u0e07\u0e02\u0e2d\u0e07 \u0e40\u0e1e\u0e37\u0e48\u0e2d\u0e43\u0e2b\u0e49\u0e1c\u0e39\u0e49\u0e04\u0e19\u0e44\u0e14\u0e49\u0e19\u0e33\u0e02\u0e2d\u0e07\u0e43\u0e0a\u0e49 \u0e17\u0e35\u0e48\u0e40\u0e2a\u0e35\u0e22\u0e2b\u0e23\u0e37\u2026", "hashtags": [], "topic": "environment", "tweet_urls": ["https://t.co/uIjnFVEJ9P"], "date": {"hour": 6, "month": 10, "iso": "2018-10-27T06:29:43", "year": 2018, "day": 27, "minute": 29}, "geo": null, "id": 1056070418061123584, "lang": "th", "emoticons": [], "user_id": 65319043, "coordinates": null, "source": "Twitter Web Client", "location": "Bancock", "mentions": []}, {"truncated": true, "text": "Put down your books and explore Germany's beautiful Here are the eight most beautiful natural wonders in G\u2026", "hashtags": ["#nature."], "topic": "environment", "tweet_urls": ["https://t.co/r01ash3YnW"], "date": {"hour": 5, "month": 10, "iso": "2018-10-27T05:00:23", "year": 2018, "day": 27, "minute": 0}, "geo": null, "id": 1056047938714112001, "lang": "en", "emoticons": [], "user_id": 3355069793, "coordinates": null, "source": "Buffer", "location": "Bancock", "mentions": []}, {"truncated": true, "text": "At the first a giant dangler made of empty baskets voice the outrage of global artists' com\u2026", "hashtags": ["#BangkokArtBiennale2018"], "topic": "environment", "tweet_urls": ["https://t.co/dMTleiFRWX"], "date": {"hour": 3, "month": 10, "iso": "2018-10-27T03:36:21", "year": 2018, "day": 27, "minute": 36}, "geo": null, "id": 1056026790152400896, "lang": "en", "emoticons": [], "user_id": 46613649, "coordinates": null, "source": "Twitter for Android", "location": "Bancock", "mentions": []}, {"truncated": false, "text": "\u0e17\u0e32\u0e07\u0e40\u0e25\u0e37\u0e2d\u0e01\u0e1e\u0e30\u0e40\u0e19\u0e34\u0e19\u0e17\u0e38\u0e48\u0e07 \n\"\u0e16\u0e19\u0e19\u0e1a\u0e25\u0e47\u0e2d\u0e04\u0e02\u0e2d\u0e07 \u0e23\u0e1e\u0e0a \u0e01\u0e47\u0e40\u0e2b\u0e21\u0e32\u0e30\u0e2a\u0e21 \u0e2a\u0e23\u0e49\u0e32\u0e07\u0e07\u0e48\u0e32\u0e22 \u0e17\u0e19\u0e17\u0e32\u0e19 \u0e21\u0e34\u0e15\u0e23\u0e01\u0e31\u0e1a\u0e2a\u0e34\u0e48\u0e07\u0e41\u0e27\u0e14\u0e25\u0e49\u0e2d\u0e21\u0e02\u0e13\u0e30\u0e01\u0e48\u0e2d\u0e2a\u0e23\u0e49\u0e32\u0e07 \u0e43\u0e0a\u0e49\u0e07\u0e32\u0e19 \u0e41\u0e25\u0e30\u0e14\u0e39\u0e41\u0e25\u0e23\u0e31\u0e01\u0e29\u0e32\" credit: \u0e1e\u0e35\u0e48\u0e2a\u0e16\u0e32\u0e1e\u0e23", "hashtags": [], "topic": "environment", "tweet_urls": [], "date": {"hour": 2, "month": 10, "iso": "2018-10-31T02:14:14", "year": 2018, "day": 31, "minute": 14}, "geo": null, "id": 1057455675754725376, "lang": "th", "emoticons": [], "user_id": 1373378520, "coordinates": null, "source": "Facebook", "location": "Bancock", "mentions": []}, {"truncated": false, "text": "TAKUNI \u0e41\u0e08\u0e49\u0e07\u0e44\u0e14\u0e49\u0e07\u0e32\u0e19 \u0e42\u0e04\u0e23\u0e07\u0e01\u0e32\u0e23\u0e40\u0e1e\u0e34\u0e48\u0e21\u0e1b\u0e23\u0e30\u0e2a\u0e34\u0e17\u0e18\u0e34\u0e20\u0e32\u0e1e \u0e42\u0e23\u0e07\u0e01\u0e25\u0e31\u0e48\u0e19\u0e19\u0e49\u0e33\u0e21\u0e31\u0e19\u0e40\u0e1e\u0e37\u0e48\u0e2d\u0e2a\u0e34\u0e48\u0e07\u0e41\u0e27\u0e14\u0e25\u0e49\u0e2d\u0e21 \n\u0e21\u0e39\u0e25\u0e04\u0e48\u0e32\u0e42\u0e04\u0e23\u0e07\u0e01\u0e32\u0e23 312 \u0e25\u0e49\u0e32\u0e19\u0e1a\u0e32\u0e17", "hashtags": [], "topic": "environment", "tweet_urls": ["https://t.co/H4viAXv3ya"], "date": {"hour": 2, "month": 10, "iso": "2018-10-31T02:02:45", "year": 2018, "day": 31, "minute": 2}, "geo": null, "id": 1057452787427008512, "lang": "th", "emoticons": [], "user_id": 133631678, "coordinates": null, "source": "Twitter for iPhone", "location": "Bancock", "mentions": []}, {"truncated": true, "text": "\u0e2a\u0e34\u0e48\u0e07\u0e17\u0e35\u0e48\u0e2a\u0e07\u0e2a\u0e31\u0e22\u0e04\u0e37\u0e2d\u0e21\u0e31\u0e19\u0e08\u0e30\u0e44\u0e21\u0e48\u0e01\u0e23\u0e30\u0e17\u0e1a\u0e2a\u0e34\u0e48\u0e07\u0e41\u0e27\u0e14\u0e25\u0e49\u0e2d\u0e21\u0e2b\u0e23\u0e2d \u0e40\u0e23\u0e37\u0e48\u0e2d\u0e07\u0e27\u0e07\u0e08\u0e23\u0e0a\u0e35\u0e27\u0e34\u0e15\u0e02\u0e2d\u0e07\u0e1e\u0e37\u0e0a \u0e41\u0e21\u0e25\u0e07 \u0e2a\u0e34\u0e48\u0e07\u0e21\u0e35\u0e0a\u0e35\u0e27\u0e34\u0e15\u0e2d\u0e37\u0e48\u0e19\u0e46 \u0e08\u0e30\u0e17\u0e33\u0e43\u0e2b\u0e49\u0e40\u0e01\u0e34\u0e14\u0e01\u0e32\u0e23\u0e40\u0e1b\u0e25\u0e35\u0e48\u0e22\u0e19\u0e41\u0e1b\u0e25\u0e07\u0e2d\u0e30\u0e44\u2026", "hashtags": [], "topic": "environment", "tweet_urls": ["https://t.co/ApWcYWjI3J"], "date": {"hour": 1, "month": 10, "iso": "2018-10-31T01:36:41", "year": 2018, "day": 31, "minute": 36}, "geo": null, "id": 1057446225606131712, "lang": "th", "emoticons": [], "user_id": 527248558, "coordinates": null, "source": "Twitter for iPhone", "location": "Bancock", "mentions": []}, {"truncated": true, "text": "\u0e41\u0e25\u0e49\u0e27\u0e08\u0e30\u0e1c\u0e48\u0e32\u0e19\u0e44\u0e1b \u0e40\u0e0a\u0e37\u0e48\u0e2d\u0e40\u0e23\u0e32 \u0e40\u0e23\u0e32\u0e44\u0e21\u0e48\u0e15\u0e48\u0e32\u0e07\u0e08\u0e32\u0e01\u0e17\u0e38\u0e01\u0e04\u0e19 \u0e40\u0e23\u0e32\u0e1e\u0e22\u0e32\u0e22\u0e32\u0e21\u0e21\u0e32\u0e2b\u0e25\u0e32\u0e22\u0e1b\u0e35 \u0e01\u0e31\u0e14\u0e1f\u0e31\u0e19\u0e2a\u0e39\u0e49\u0e01\u0e31\u0e1a\u0e2d\u0e32\u0e23\u0e21\u0e13\u0e4c\u0e17\u0e38\u0e01\u0e14\u0e49\u0e32\u0e19 \u0e2a\u0e34\u0e48\u0e07\u0e41\u0e27\u0e14\u0e25\u0e49\u0e2d\u0e21\u0e23\u0e2d\u0e1a\u0e15\u0e31\u0e27 \u0e2b\u0e25\u0e35\u0e01\u0e44\u0e14\u0e49\u0e01\u0e47\u0e2b\u0e25\u0e35\u2026", "hashtags": [], "topic": "environment", "tweet_urls": ["https://t.co/lVkAa7QFQx"], "date": {"hour": 15, "month": 10, "iso": "2018-10-30T15:57:18", "year": 2018, "day": 30, "minute": 57}, "geo": null, "id": 1057300419834130433, "lang": "th", "emoticons": [], "user_id": 144851766, "coordinates": null, "source": "Twitter for Android", "location": "Bancock", "mentions": []}, {"truncated": false, "text": "\u0e0a\u0e27\u0e19\u0e23\u0e48\u0e27\u0e21\u0e2d\u0e35\u0e42\u0e04\u0e48\u0e04\u0e2d\u0e21\u0e21\u0e39\u0e19\u0e34\u0e15\u0e35\u0e49 \u0e09\u0e25\u0e2d\u0e07\u0e27\u0e31\u0e19\u0e2a\u0e34\u0e48\u0e07\u0e41\u0e27\u0e14\u0e25\u0e49\u0e2d\u0e21\u0e42\u0e25\u0e01", "hashtags": [], "topic": "environment", "tweet_urls": ["https://t.co/wwBAkW9xJX", "https://t.co/tXKllhu5CI"], "date": {"hour": 14, "month": 10, "iso": "2018-10-30T14:11:38", "year": 2018, "day": 30, "minute": 11}, "geo": null, "id": 1057273827493863424, "lang": "th", "emoticons": [], "user_id": 81783530, "coordinates": null, "source": "WordPress.com", "location": "Bancock", "mentions": []}, {"truncated": false, "text": "\u0e2a\u0e22\u0e32\u0e21\u0e44\u0e27\u0e40\u0e19\u0e2d\u0e23\u0e35\u0e48 \u0e23\u0e48\u0e27\u0e21\u0e2a\u0e23\u0e49\u0e32\u0e07\u0e2a\u0e34\u0e48\u0e07\u0e41\u0e27\u0e14\u0e25\u0e49\u0e2d\u0e21\u0e17\u0e35\u0e48\u0e22\u0e31\u0e48\u0e07\u0e22\u0e37\u0e19", "hashtags": [], "topic": "environment", "tweet_urls": ["https://t.co/I3t0QHPxrY", "https://t.co/nzd01JZg6e"], "date": {"hour": 14, "month": 10, "iso": "2018-10-30T14:08:09", "year": 2018, "day": 30, "minute": 8}, "geo": null, "id": 1057272950741762049, "lang": "th", "emoticons": [], "user_id": 81783530, "coordinates": null, "source": "WordPress.com", "location": "Bancock", "mentions": []}, {"truncated": true, "text": "\u0e08\u0e36\u0e07\u0e16\u0e37\u0e2d\u0e27\u0e48\u0e32 \u0e40\u0e1b\u0e47\u0e19\u0e23\u0e49\u0e32\u0e19\u0e01\u0e32\u0e41\u0e1f \u0e41\u0e25\u0e30\u0e04\u0e27\u0e32\u0e21\u0e2b\u0e27\u0e31\u0e07 \u0e02\u0e2d\u0e07\u0e40\u0e14\u0e47\u0e01\u0e2d\u0e2d\u0e17\u0e34\u0e2a\u0e15\u0e34\u0e01 \u0e17\u0e35\u0e48\u0e44\u0e14\u0e49\u0e17\u0e33 \u0e21\u0e35\u0e23\u0e32\u0e22\u0e44\u0e14\u0e49 \u0e40\u0e2b\u0e21\u0e37\u0e2d\u0e19\u0e04\u0e19\u0e17\u0e31\u0e48\u0e27\u0e44\u0e1b\u2026", "hashtags": ["#\u0e23\u0e49\u0e32\u0e19\u0e01\u0e32\u0e41\u0e1f\u0e19\u0e35\u0e49", "#\u0e41\u0e2b\u0e48\u0e07\u0e42\u0e2d\u0e01\u0e32\u0e2a"], "topic": "environment", "tweet_urls": ["https://t.co/uowVg02KIA"], "date": {"hour": 11, "month": 10, "iso": "2018-10-30T11:48:41", "year": 2018, "day": 30, "minute": 48}, "geo": null, "id": 1057237855448133632, "lang": "th", "emoticons": [], "user_id": 171422081, "coordinates": null, "source": "Facebook", "location": "Bancock", "mentions": []}, {"truncated": true, "text": "\u0e40\u0e1e\u0e23\u0e32\u0e30\u0e01\u0e32\u0e23\u0e08\u0e30\u0e2a\u0e23\u0e49\u0e32\u0e07\u0e42\u0e0b\u0e25\u0e32\u0e23\u0e4c\u0e1f\u0e32\u0e23\u0e4c\u0e21\u0e44\u0e14\u0e49\u0e21\u0e31\u0e19\u0e44\u0e21\u0e48\u0e43\u0e0a\u0e48\u0e41\u0e04\u0e48\u0e27\u0e32\u0e07\u0e41\u0e1c\u0e07\u0e42\u0e0b\u0e25\u0e32\u0e23\u0e4c\u0e41\u0e25\u0e49\u0e27\u0e08\u0e1a \u0e21\u0e31\u0e19\u0e21\u0e35\u0e40\u0e23\u0e37\u0e48\u0e2d\u0e07\u0e02\u0e2d\u0e07\u0e17\u0e35\u0e48\u0e14\u0e34\u0e19\u0e01\u0e48\u0e2d\u0e19\u0e2d\u0e22\u0e48\u0e32\u0e07\u0e41\u0e23\u0e01 \u0e04\u0e37\u0e2d\u0e21\u0e31\u0e19\u0e08\u0e30\u0e15\u0e49\u0e2d\u0e07\u0e01\u0e27\u0e32\u0e14\u0e17\u0e35\u0e48\u0e14\u0e34\u0e19\u2026", "hashtags": [], "topic": "environment", "tweet_urls": ["https://t.co/FFVc83lNUI"], "date": {"hour": 11, "month": 10, "iso": "2018-10-30T11:32:03", "year": 2018, "day": 30, "minute": 32}, "geo": null, "id": 1057233669037772800, "lang": "th", "emoticons": [], "user_id": 874643354, "coordinates": null, "source": "Twitter Web Client", "location": "Bancock", "mentions": []}, {"truncated": true, "text": "\u0e0a\u0e32\u0e27\u0e1a\u0e49\u0e32\u0e19\u0e40\u0e02\u0e15\u0e23\u0e2d\u0e22\u0e15\u0e48\u0e2d\u0e02\u0e2d\u0e07 \u0e2d.\u0e25\u0e33\u0e17\u0e31\u0e1a \u0e08.\u0e01\u0e23\u0e30\u0e1a\u0e35\u0e48 \u0e01\u0e31\u0e1a \u0e2d.\u0e1a\u0e32\u0e07\u0e02\u0e31\u0e19 \u0e08.\u0e19\u0e04\u0e23\u0e28\u0e23\u0e35\u0e18\u0e23\u0e23\u0e21\u0e23\u0e32\u0e0a \u0e04\u0e31\u0e14\u0e04\u0e49\u0e32\u0e19\u0e01\u0e32\u0e23\u0e02\u0e2d\u0e1b\u0e23\u0e30\u0e17\u0e32\u0e19\u0e1a\u0e31\u0e15\u0e23\u0e40\u0e2b\u0e21\u0e37\u0e2d\u0e07\u0e41\u0e23\u0e48\u0e42\u0e14\u0e42\u0e25\u0e44\u0e21\u0e15\u0e4c \u0e2b\u0e27\u0e31\u0e48\u0e19\u0e01\u0e23\u0e30\u0e17\u2026", "hashtags": [], "topic": "environment", "tweet_urls": ["https://t.co/MGUQR6m7k8"], "date": {"hour": 10, "month": 10, "iso": "2018-10-30T10:49:44", "year": 2018, "day": 30, "minute": 49}, "geo": null, "id": 1057223017896394752, "lang": "th", "emoticons": [], "user_id": 2294029646, "coordinates": null, "source": "Twitter Web Client", "location": "Bancock", "mentions": []}, {"truncated": true, "text": "\u0e1e\u0e35\u0e48 \u0e21.6 \u0e2d\u0e22\u0e48\u0e32\u0e25\u0e37\u0e21\u0e2d\u0e48\u0e32\u0e19 set \u0e01\u0e0e\u0e2b\u0e21\u0e32\u0e22\u0e2a\u0e34\u0e48\u0e07\u0e41\u0e27\u0e14\u0e25\u0e49\u0e2d\u0e21 \n\n\u0e21\u0e32\u0e41\u0e17\u0e1a\u0e17\u0e38\u0e01\u0e1b\u0e35 \n\u0e19\u0e35\u0e48\u0e40\u0e1b\u0e47\u0e19\u0e02\u0e49\u0e2d\u0e2a\u0e2d\u0e1a o-net 61 \u0e17\u0e35\u0e48\u0e1e\u0e36\u0e48\u0e07\u0e1c\u0e48\u0e32\u0e19\u0e44\u0e1b\u0e19\u0e30\u0e04\u0e23\u0e31\u0e1a\n\u0e17\u0e27\u0e34\u0e15\u0e44\u0e1b\u0e23\u0e31\u0e27\u0e46\u0e04\u0e23\u0e31\u0e1a\u2026", "hashtags": [], "topic": "environment", "tweet_urls": ["https://t.co/HQqA1Ei3WB"], "date": {"hour": 10, "month": 10, "iso": "2018-10-30T10:48:50", "year": 2018, "day": 30, "minute": 48}, "geo": null, "id": 1057222790984589312, "lang": "th", "emoticons": [], "user_id": 945125436454879232, "coordinates": null, "source": "Twitter for iPad", "location": "Bancock", "mentions": []}, {"truncated": true, "text": "\u0e2d.\u0e41\u0e19\u0e19 \u0e2a\u0e48\u0e07\u0e17\u0e35\u0e48\u0e40\u0e21\u0e25\n*nanokoluang@gmail.com\n-\u0e2b\u0e32\u0e1a\u0e17\u0e04\u0e27\u0e32\u0e21 \u0e07\u0e27\u0e34\u0e08\u0e31\u0e22\n\u0e40\u0e01\u0e35\u0e48\u0e22\u0e27\u0e01\u0e31\u0e1a\u0e01.\u0e2d\u0e19\u0e38\u0e23\u0e31\u0e01\u0e29\u0e4c\u0e2a\u0e34\u0e48\u0e07\u0e41\u0e27\u0e14\u0e25\u0e49\u0e2d\u0e21 \u0e01\u0e23\u0e35\u0e19\u0e42\u0e2e\u0e40\u0e17\u0e25\n\u0e2d\u0e22\u0e48\u0e32\u0e07\u0e25\u0e303 \u0e17\u0e33\u0e40\u0e1b\u0e47\u0e19w\u2026", "hashtags": [], "topic": "environment", "tweet_urls": ["https://t.co/c4UtL59M0D"], "date": {"hour": 8, "month": 10, "iso": "2018-10-30T08:24:02", "year": 2018, "day": 30, "minute": 24}, "geo": null, "id": 1057186352628826112, "lang": "th", "emoticons": [], "user_id": 233968474, "coordinates": null, "source": "Twitter for Android", "location": "Bancock", "mentions": []}, {"truncated": true, "text": "\u0e19\u0e35\u0e48\u0e40\u0e1b\u0e47\u0e19\u0e04\u0e19\u0e17\u0e35\u0e48\u0e40\u0e01\u0e35\u0e49\u0e22\u0e27\u0e01\u0e23\u0e32\u0e14\u0e15\u0e2d\u0e19\u0e2d\u0e22\u0e39\u0e48\u0e2d\u0e2d\u0e1f\u0e1f\u0e34\u0e28\u0e21\u0e32\u0e01 \u0e43\u0e04\u0e23\u0e1c\u0e34\u0e14\u0e40\u0e23\u0e37\u0e48\u0e2d\u0e07\u0e07\u0e32\u0e19\u0e04\u0e37\u0e2d\u0e14\u0e48\u0e32\u0e2b\u0e21\u0e14 \u0e40\u0e2b\u0e21\u0e37\u0e2d\u0e19\u0e2d\u0e32\u0e23\u0e21\u0e13\u0e4c\u0e44\u0e21\u0e48\u0e14\u0e35\u0e15\u0e25\u0e2d\u0e14\u0e40\u0e27\u0e25\u0e32 \u0e17\u0e35\u0e48\u0e08\u0e23\u0e34\u0e07\u0e40\u0e1b\u0e47\u0e19\u0e14\u0e35\u0e41\u0e15\u0e48\u0e17\u0e35\u0e48\u0e44\u0e21\u0e48\u0e14\u0e35\u2026", "hashtags": [], "topic": "environment", "tweet_urls": ["https://t.co/d2DkvStEn5"], "date": {"hour": 5, "month": 10, "iso": "2018-10-30T05:48:44", "year": 2018, "day": 30, "minute": 48}, "geo": null, "id": 1057147268409700353, "lang": "th", "emoticons": [], "user_id": 90135202, "coordinates": null, "source": "Twitter for iPhone", "location": "Bancock", "mentions": []}, {"truncated": false, "text": "\u0e2e\u0e37\u0e48\u0e2d \u0e2d\u0e22\u0e32\u0e01\u0e44\u0e1b\u0e07\u0e32\u0e19\u0e21\u0e35\u0e17\u0e41\u0e1a\u0e21 \u0e1b\u0e35\u0e15\u0e34\u0e20\u0e31\u0e15\u0e23 \u0e41\u0e15\u0e48\u0e2a\u0e34\u0e48\u0e07\u0e41\u0e27\u0e14\u0e25\u0e49\u0e2d\u0e21\u0e44\u0e21\u0e48\u0e40\u0e02\u0e49\u0e32\u0e43\u0e08", "hashtags": ["#BamPitipatFirstFanMeeting"], "topic": "environment", "tweet_urls": [], "date": {"hour": 5, "month": 10, "iso": "2018-10-30T05:14:48", "year": 2018, "day": 30, "minute": 14}, "geo": null, "id": 1057138728508911616, "lang": "th", "emoticons": [], "user_id": 360436846, "coordinates": null, "source": "Twitter for Android", "location": "Bancock", "mentions": []}, {"truncated": false, "text": "\u0e41\u0e25\u0e01\u0e40\u0e1b\u0e25\u0e35\u0e48\u0e22\u0e19\u0e27\u0e31\u0e12\u0e19\u0e18\u0e23\u0e23\u0e21 \u0e2d\u0e19\u0e38\u0e23\u0e31\u0e01\u0e29\u0e4c\u0e2a\u0e34\u0e48\u0e07\u0e41\u0e27\u0e14\u0e25\u0e49\u0e2d\u0e21 \u0e17\u0e48\u0e2d\u0e07\u0e40\u0e17\u0e35\u0e48\u0e22\u0e27\u0e40\u0e2a\u0e21\u0e37\u0e2d\u0e19\u0e08\u0e23\u0e34\u0e07\nhttps://t.co/zy386UoHlL", "hashtags": [], "topic": "environment", "tweet_urls": [], "date": {"hour": 3, "month": 10, "iso": "2018-10-30T03:25:08", "year": 2018, "day": 30, "minute": 25}, "geo": null, "id": 1057111129208418304, "lang": "th", "emoticons": [], "user_id": 20586159, "coordinates": null, "source": "Twitter for Android", "location": "Bancock", "mentions": []}, {"truncated": true, "text": "\u0e2d\u0e32\u0e08\u0e32\u0e23\u0e22\u0e4c\u0e1a\u0e2d\u0e01\u0e27\u0e48\u0e32 \u0e27\u0e34\u0e18\u0e35\u0e04\u0e34\u0e14\u0e02\u0e2d\u0e07\u0e44\u0e17\u0e22\u0e40\u0e19\u0e35\u0e48\u0e22 \u0e1c\u0e34\u0e14 Logic \u0e2a\u0e38\u0e14 '\u0e1b\u0e25\u0e39\u0e01\u0e15\u0e49\u0e19\u0e44\u0e21\u0e49\u0e40\u0e1e\u0e37\u0e48\u0e2d\u0e1e\u0e48\u0e2d' \u0e07\u0e35\u0e49 \u0e17\u0e33\u0e44\u0e21\u0e44\u0e21\u0e48\u0e2a\u0e2d\u0e19\u0e27\u0e48\u0e32 '\u0e1b\u0e25\u0e39\u0e01\u0e15\u0e49\u0e19\u0e44\u0e21\u0e49\u0e40\u0e1e\u0e37\u0e48\u0e2d\u0e23\u0e31\u0e01\u0e29\u0e32\u0e2a\u0e34\u0e48\u0e07\u0e41\u0e27\u0e14\u2026", "hashtags": [], "topic": "environment", "tweet_urls": ["https://t.co/EYjRvgpr2f"], "date": {"hour": 2, "month": 10, "iso": "2018-10-30T02:46:13", "year": 2018, "day": 30, "minute": 46}, "geo": null, "id": 1057101337995833344, "lang": "th", "emoticons": [], "user_id": 2857582555, "coordinates": null, "source": "Twitter for Android", "location": "Bancock", "mentions": []}, {"truncated": true, "text": "\u0e44\u0e21\u0e48\u0e21\u0e35\u0e21\u0e19\u0e38\u0e29\u0e22\u0e4c\u0e04\u0e19\u0e43\u0e14\u0e40\u0e25\u0e27\u0e41\u0e15\u0e48\u0e01\u0e33\u0e40\u0e19\u0e34\u0e14\n\u0e1e\u0e27\u0e01\u0e40\u0e04\u0e49\u0e32\u0e40\u0e25\u0e27\u0e40\u0e1e\u0e23\u0e32\u0e30\u0e2a\u0e34\u0e48\u0e07\u0e41\u0e27\u0e14\u0e25\u0e49\u0e2d\u0e21\n\u0e09\u0e30\u0e19\u0e31\u0e49\u0e19\u0e40\u0e27\u0e25\u0e32\u0e44\u0e21\u0e48\u0e1e\u0e2d\u0e43\u0e08 \u0e23\u0e39\u0e49\u0e2a\u0e36\u0e01\u0e42\u0e01\u0e23\u0e18 \u0e44\u0e21\u0e48\u0e40\u0e02\u0e49\u0e32\u0e43\u0e08\n\u0e08\u0e07\u0e1e\u0e22\u0e32\u0e22\u0e32\u0e21\u0e2d\u0e48\u0e32\u0e19\u0e41\u0e25\u0e30\u0e04\u0e34\u0e14\u0e22\u0e49\u0e2d\u2026", "hashtags": [], "topic": "environment", "tweet_urls": ["https://t.co/MrKJwGLBdr"], "date": {"hour": 16, "month": 10, "iso": "2018-10-29T16:56:48", "year": 2018, "day": 29, "minute": 56}, "geo": null, "id": 1056953007634472960, "lang": "th", "emoticons": [], "user_id": 222036875, "coordinates": null, "source": "Facebook", "location": "Bancock", "mentions": []}, {"truncated": true, "text": "\u0e17\u0e33\u0e44\u0e21\u0e16\u0e36\u0e07\u0e44\u0e21\u0e48\u0e21\u0e35\u0e04\u0e27\u0e32\u0e21\u0e2a\u0e38\u0e02\u0e2b\u0e23\u0e37\u0e2d\u0e2a\u0e19\u0e38\u0e01\u0e01\u0e31\u0e1a\u0e07\u0e32\u0e19\u0e40\u0e25\u0e22\u0e27\u0e30 \u0e40\u0e1b\u0e47\u0e19\u0e40\u0e1e\u0e23\u0e32\u0e30\u0e2d\u0e30\u0e44\u0e23\u0e2d\u0e48\u0e30 \u0e40\u0e1e\u0e37\u0e48\u0e2d\u0e19\u0e23\u0e48\u0e27\u0e21\u0e07\u0e32\u0e19? \u0e2a\u0e34\u0e48\u0e07\u0e41\u0e27\u0e14\u0e25\u0e49\u0e2d\u0e21\u0e15\u0e48\u0e32\u0e07\u0e46\u0e43\u0e19\u0e17\u0e35\u0e48\u0e17\u0e33\u0e07\u0e32\u0e19? \u0e43\u0e0a\u0e48\u0e04\u0e48\u0e30\u0e01\u0e39\u0e40\u0e1a\u0e37\u0e48\u0e2d\u0e21\u2026", "hashtags": [], "topic": "environment", "tweet_urls": ["https://t.co/Ojx7rAxT9d"], "date": {"hour": 14, "month": 10, "iso": "2018-10-29T14:31:41", "year": 2018, "day": 29, "minute": 31}, "geo": null, "id": 1056916485497511937, "lang": "th", "emoticons": [], "user_id": 375555632, "coordinates": null, "source": "Twitter for iPhone", "location": "Bancock", "mentions": []}, {"truncated": true, "text": "Coming soon!!!!\u0e21\u0e32\u0e41\u0e25\u0e49\u0e27\u0e02\u0e19\u0e21\u0e2a\u0e33\u0e2b\u0e23\u0e31\u0e1a\u0e04\u0e19\u0e2a\u0e21\u0e31\u0e22\u0e43\u0e2b\u0e21\u0e48 \u0e04\u0e39\u0e25\u0e46\u0e23\u0e31\u0e01\u0e2a\u0e38\u0e02\u0e20\u0e32\u0e1e\u0e08\u0e32\u0e01\u0e41\u0e1a\u0e23\u0e19\u0e14\u0e4c T&amp;T \u0e41\u0e1a\u0e23\u0e19\u0e14\u0e4c\u0e02\u0e2d\u0e07\u0e04\u0e19\u0e2a\u0e21\u0e31\u0e22\u0e43\u0e2b\u0e21\u0e48 \u0e23\u0e31\u0e01\u0e2a\u0e38\u0e02\u0e20\u0e32\u0e1e \u0e43\u0e2a\u0e48\u0e43\u0e08\u0e2b\u0e48\u0e27\u0e07\u0e43\u0e22\u0e2a\u0e34\u0e48\u0e07\u0e41\u0e27\u2026", "hashtags": [], "topic": "environment", "tweet_urls": ["https://t.co/T1U3XrkX52"], "date": {"hour": 12, "month": 10, "iso": "2018-10-29T12:10:28", "year": 2018, "day": 29, "minute": 10}, "geo": {"type": "Point", "coordinates": [13.7450336, 100.4844777]}, "id": 1056880947818201088, "lang": "th", "emoticons": [], "user_id": 145812562, "coordinates": {"type": "Point", "coordinates": [100.4844777, 13.7450336]}, "source": "Instagram", "location": "Bancock", "mentions": []}, {"truncated": true, "text": "\u0e01\u0e32\u0e23\u0e17\u0e35\u0e48\u0e40\u0e23\u0e32\u0e40\u0e08\u0e2d\u0e2d\u0e30\u0e44\u0e23\u0e21\u0e32\u0e21\u0e32\u0e01\u0e21\u0e32\u0e22\u0e2a\u0e34\u0e48\u0e07\u0e2b\u0e19\u0e36\u0e48\u0e07\u0e17\u0e35\u0e48\u0e2e\u0e34\u0e25\u0e40\u0e23\u0e32\u0e01\u0e47\u0e04\u0e37\u0e2d\u0e40\u0e21\u0e19 \u0e40\u0e02\u0e32\u0e40\u0e1b\u0e47\u0e19\u0e17\u0e35\u0e48\u0e2a\u0e1a\u0e32\u0e22\u0e43\u0e08\u0e02\u0e2d\u0e07\u0e40\u0e23\u0e32\u0e17\u0e38\u0e01\u0e04\u0e23\u0e31\u0e49\u0e07\u0e17\u0e35\u0e48\u0e40\u0e08\u0e2d \u0e41\u0e15\u0e48\u0e43\u0e19\u0e1a\u0e32\u0e07\u0e40\u0e27\u0e25\u0e32\u0e2a\u0e34\u0e48\u0e07\u0e41\u0e27\u0e14\u0e25\u0e49\u0e2d\u0e21\u0e23\u0e2d\u0e1a\u2026", "hashtags": [], "topic": "environment", "tweet_urls": ["https://t.co/Wo2HdBbshA"], "date": {"hour": 10, "month": 10, "iso": "2018-10-29T10:36:37", "year": 2018, "day": 29, "minute": 36}, "geo": null, "id": 1056857328497057795, "lang": "th", "emoticons": [], "user_id": 927407097326604288, "coordinates": null, "source": "Twitter for Android", "location": "Bancock", "mentions": []}, {"truncated": false, "text": "\u0e40\u0e25\u0e34\u0e1f\u0e22\u0e39....\u0e1c\u0e39\u0e49\u0e40\u0e1b\u0e47\u0e19\u0e21\u0e34\u0e15\u0e23\u0e01\u0e31\u0e1a\u0e2a\u0e34\u0e48\u0e07\u0e41\u0e27\u0e14\u0e25\u0e49\u0e2d\u0e21\n\u0e2d\u0e34\u0e2d\u0e34\u0e2d\u0e34...\u0e0a\u0e34\u0e21\u0e14\u0e49\u0e27\u0e22\u0e40\u0e14\u0e49....\u0e2d\u0e23\u0e48\u0e2d\u0e22\u0e21\u0e32\u0e01\u0e19\u0e30\n\u0e1f\u0e23\u0e38\u0e15\u0e15\u0e49\u0e32\n#\u0e40\u0e1b\u0e4a\u0e01\u0e1c\u0e25\u0e34\u0e15\u0e42\u0e0a\u0e04\n#PeckPalitchoke", "hashtags": [], "topic": "environment", "tweet_urls": [], "date": {"hour": 7, "month": 10, "iso": "2018-10-29T07:27:10", "year": 2018, "day": 29, "minute": 27}, "geo": null, "id": 1056809652501983233, "lang": "th", "emoticons": [], "user_id": 913641919091060736, "coordinates": null, "source": "Twitter for Android", "location": "Bancock", "mentions": ["@pangpomcun", "@lpi_pit"]}, {"truncated": false, "text": "\u0e21\u0e31\u0e19\u0e04\u0e37\u0e2d\u0e23\u0e49\u0e2d\u0e19\u0e08\u0e31\u0e01\u0e41\u0e23\u0e49\u0e40\u0e1b\u0e35\u0e22\u0e01 \u0e01\u0e23\u0e21\u0e2a\u0e48\u0e07\u0e40\u0e2a\u0e23\u0e34\u0e21\u0e04\u0e38\u0e13\u0e20\u0e32\u0e1e\u0e2a\u0e34\u0e48\u0e07\u0e41\u0e27\u0e14\u0e25\u0e49\u0e2d\u0e21", "hashtags": [], "topic": "environment", "tweet_urls": ["https://t.co/wIqYh2j1y3"], "date": {"hour": 6, "month": 10, "iso": "2018-10-29T06:07:11", "year": 2018, "day": 29, "minute": 7}, "geo": {"type": "Point", "coordinates": [13.78236082, 100.53873718]}, "id": 1056789523550691328, "lang": "th", "emoticons": ["\ud83e\udd2a", "\ud83e\udd2f"], "user_id": 170568168, "coordinates": {"type": "Point", "coordinates": [100.53873718, 13.78236082]}, "source": "Instagram", "location": "Bancock", "mentions": ["@"]}, {"truncated": true, "text": "\u0e19\u0e35\u0e48\u0e04\u0e34\u0e14\u0e27\u0e48\u0e32\u0e40\u0e1b\u0e47\u0e19\u0e41\u0e04\u0e48\u0e17\u0e24\u0e29 \u0e40\u0e1e\u0e23\u0e32\u0e30\u0e2a\u0e48\u0e27\u0e19\u0e15\u0e31\u0e27\u0e40\u0e1b\u0e25\u0e35\u0e48\u0e22\u0e19\u0e40\u0e27\u0e25\u0e32\u0e15\u0e37\u0e48\u0e19\u0e19\u0e2d\u0e19\u0e21\u0e32\u0e2b\u0e25\u0e32\u0e22\u0e23\u0e2d\u0e1a \u0e1b\u0e31\u0e08\u0e08\u0e38\u0e1a\u0e31\u0e19\u0e17\u0e38\u0e01\u0e15\u0e355 \u0e41\u0e15\u0e48\u0e1e\u0e37\u0e49\u0e19\u0e10\u0e32\u0e19\u0e04\u0e37\u0e2d\u0e04\u0e19\u0e0a\u0e34\u0e25\u0e44\u0e1b\u0e17\u0e32\u0e07\u0e02\u0e35\u0e49\u0e40\u0e01\u0e35\u0e22\u0e08 \u0e21\u0e31\u0e19\u0e2d\u0e22\u0e39\u0e48\u2026", "hashtags": [], "topic": "environment", "tweet_urls": ["https://t.co/a3jz1hYyiu"], "date": {"hour": 5, "month": 10, "iso": "2018-10-29T05:24:16", "year": 2018, "day": 29, "minute": 24}, "geo": null, "id": 1056778725881085952, "lang": "th", "emoticons": [], "user_id": 165378378, "coordinates": null, "source": "Twitter for Android", "location": "Bancock", "mentions": []}, {"truncated": true, "text": "\"\u0e04\u0e19\u0e2a\u0e38\u0e23\u0e34\u0e19\u0e17\u0e23\u0e4c\u0e08\u0e30\u0e40\u0e1b\u0e25\u0e35\u0e48\u0e22\u0e19\u0e40\u0e21\u0e37\u0e2d\u0e07\u0e2a\u0e38\u0e23\u0e34\u0e19\u0e17\u0e23\u0e4c\u0e14\u0e49\u0e27\u0e22\u0e15\u0e31\u0e27\u0e40\u0e2d\u0e07\" \u0e1b\u0e49\u0e32\u0e2b\u0e21\u0e39 \u0e41\u0e01\u0e19\u0e19\u0e33\u0e02\u0e1a\u0e27\u0e19\u0e08\u0e31\u0e07\u0e2b\u0e27\u0e31\u0e14\u0e2a\u0e38\u0e23\u0e34\u0e19\u0e17\u0e23\u0e4c\n\n\u0e1e\u0e34\u0e18\u0e35\u0e40\u0e1b\u0e34\u0e14\u0e07\u0e32\u0e19\u0e27\u0e31\u0e19\u0e17\u0e35\u0e48\u0e2d\u0e22\u0e39\u0e48\u0e2d\u0e32\u0e28\u0e31\u0e22\u0e42\u0e25\u0e01\n\u0e01\u0e32\u0e23\u0e08\u0e31\u0e14\u0e01\u2026", "hashtags": [], "topic": "environment", "tweet_urls": ["https://t.co/g0ujPmqE0A"], "date": {"hour": 2, "month": 10, "iso": "2018-10-29T02:59:43", "year": 2018, "day": 29, "minute": 59}, "geo": null, "id": 1056742347923320833, "lang": "th", "emoticons": [], "user_id": 357958241, "coordinates": null, "source": "Facebook", "location": "Bancock", "mentions": []}, {"truncated": false, "text": "\u0e43\u0e0a\u0e48\u0e04\u0e30 \u0e44\u0e21\u0e48\u0e15\u0e49\u0e2d\u0e07\u0e23\u0e35\u0e1a\u0e14\u0e31\u0e07\u0e40\u0e1b\u0e23\u0e35\u0e49\u0e22\u0e07\u0e46 \u0e44\u0e21\u0e48\u0e15\u0e49\u0e2d\u0e07\u0e23\u0e31\u0e1a\u0e07\u0e32\u0e19\u0e40\u0e22\u0e2d\u0e30\u0e46 \u0e04\u0e48\u0e2d\u0e22\u0e46\u0e40\u0e15\u0e34\u0e1a\u0e42\u0e15\u0e14\u0e49\u0e27\u0e22\u0e2a\u0e34\u0e48\u0e07\u0e41\u0e27\u0e14\u0e25\u0e49\u0e2d\u0e21\u0e17\u0e35\u0e48\u0e14\u0e35\u0e14\u0e35\u0e01\u0e27\u0e48\u0e32.", "hashtags": [], "topic": "environment", "tweet_urls": [], "date": {"hour": 1, "month": 10, "iso": "2018-10-29T01:49:41", "year": 2018, "day": 29, "minute": 49}, "geo": null, "id": 1056724723659288576, "lang": "th", "emoticons": [], "user_id": 1054222775106162689, "coordinates": null, "source": "Twitter for iPhone", "location": "Bancock", "mentions": ["@pennywoodpecker", "@Cream_Minepink"]}, {"truncated": true, "text": "\u0e21\u0e2d\u0e19\u0e34\u0e48\u0e07\u0e04\u0e48\u0e30 \n\u0e40\u0e2b\u0e47\u0e19\u0e01\u0e49\u0e2d\u0e19\u0e40\u0e25\u0e47\u0e01\u0e46\u0e41\u0e1a\u0e1a\u0e19\u0e35\u0e49\u0e41\u0e15\u0e48\u0e04\u0e38\u0e13\u0e20\u0e32\u0e1e\u0e04\u0e31\u0e1a\u0e41\u0e19\u0e48\u0e19\u0e21\u0e32\u0e01\n\u0e41\u0e25\u0e30\u0e2a\u0e48\u0e27\u0e19\u0e1b\u0e23\u0e30\u0e01\u0e2d\u0e1a\u0e17\u0e35\u0e48\u0e22\u0e48\u0e2d\u0e22\u0e2a\u0e25\u0e32\u0e22\u0e44\u0e14\u0e49\u0e07\u0e48\u0e32\u0e22\u0e15\u0e32\u0e21\u0e18\u0e23\u0e23\u0e21\u0e0a\u0e32\u0e15\u0e34\u2026", "hashtags": ["#\u0e1a\u0e2d\u0e01\u0e40\u0e04\u0e25\u0e47\u0e14\u0e25\u0e31\u0e1a"], "topic": "environment", "tweet_urls": ["https://t.co/9gfUTmLwIP"], "date": {"hour": 0, "month": 10, "iso": "2018-10-29T00:10:14", "year": 2018, "day": 29, "minute": 10}, "geo": null, "id": 1056699696478019585, "lang": "th", "emoticons": ["\ud83d\udc99", "\ud83d\udc81", "\ud83d\udc49", "\ud83c\udf08"], "user_id": 1009664405976506368, "coordinates": null, "source": "Twitter for Android", "location": "Bancock", "mentions": []}, {"truncated": true, "text": "\"\u0e0a\u0e21\u0e23\u0e21\u0e2d\u0e19\u0e38\u0e23\u0e31\u0e01\u0e29\u0e4c\u0e2a\u0e34\u0e48\u0e07\u0e41\u0e27\u0e14\u0e25\u0e49\u0e2d\u0e21 \u0e21\u0e2b\u0e32\u0e27\u0e34\u0e17\u0e22\u0e32\u0e25\u0e31\u0e22\u0e21\u0e2b\u0e34\u0e14\u0e25 \u0e08\u0e31\u0e14 \u0e04\u0e48\u0e32\u0e22\u0e2d\u0e19\u0e38\u0e23\u0e31\u0e01\u0e29\u0e4c \u0e2a\u0e31\u0e21\u0e1c\u0e31\u0e2a\u0e18\u0e23\u0e23\u0e21\u0e0a\u0e32\u0e15\u0e34 \u0e13 \u0e2a\u0e27\u0e19\u0e23\u0e38\u0e01\u0e02\u0e0a\u0e32\u0e15\u0e34\u0e44\u0e1e\u0e28\u0e32\u0e25\u0e35\u0e2b\u0e27\u0e31\u0e07\u0e40\u0e23\u0e35\u0e22\u0e19\u0e23\u0e39\u0e49\u0e41\u0e25\u0e30\u0e43\u0e01\u0e25\u0e49\u0e0a\u0e34\u0e14\u2026", "hashtags": [], "topic": "environment", "tweet_urls": ["https://t.co/yCyZ27aMn4"], "date": {"hour": 23, "month": 10, "iso": "2018-10-28T23:30:46", "year": 2018, "day": 28, "minute": 30}, "geo": null, "id": 1056689763812601857, "lang": "th", "emoticons": [], "user_id": 736382087763107840, "coordinates": null, "source": "Facebook", "location": "Bancock", "mentions": []}, {"truncated": true, "text": "\u0e40\u0e14\u0e35\u0e4b\u0e22\u0e27\u0e19\u0e35\u0e49\u0e44\u0e1b\u0e2b\u0e49\u0e32\u0e07\u0e0b\u0e37\u0e49\u0e2d\u0e02\u0e2d\u0e07\u0e40\u0e2d\u0e32\u0e16\u0e38\u0e07\u0e1c\u0e49\u0e32 \u0e2b\u0e23\u0e37\u0e2d\u0e16\u0e38\u0e07\u0e1e\u0e25\u0e32\u0e2a\u0e15\u0e34\u0e01\u0e17\u0e35\u0e48\u0e1a\u0e49\u0e32\u0e19\u0e44\u0e1b \u0e2b\u0e49\u0e32\u0e07\u0e40\u0e14\u0e35\u0e4b\u0e22\u0e27\u0e19\u0e35\u0e49\u0e01\u0e47\u2026", "hashtags": [], "topic": "environment", "tweet_urls": ["https://t.co/E6MrGI2JT2"], "date": {"hour": 14, "month": 10, "iso": "2018-10-28T14:29:02", "year": 2018, "day": 28, "minute": 29}, "geo": null, "id": 1056553431287005184, "lang": "th", "emoticons": [], "user_id": 895614696631357441, "coordinates": null, "source": "Twitter for iPhone", "location": "Bancock", "mentions": ["@Marida96921508", "@Kaopadpoo702", "@snoopy21twit"]}, {"truncated": true, "text": "\u0e44\u0e21\u0e48\u0e44\u0e14\u0e49\u0e43\u0e0a\u0e49\u0e20\u0e32\u0e29\u0e32\u0e2d\u0e31\u0e07\u0e01\u0e24\u0e29\u0e21\u0e32\u0e23\u0e48\u0e27\u0e21 3 \u0e1b\u0e35 \u0e27\u0e31\u0e19\u0e19\u0e35\u0e49\u0e44\u0e1b\u0e2d\u0e1a\u0e23\u0e21 \u0e40\u0e1e\u0e37\u0e48\u0e2d\u0e19\u0e43\u0e19\u0e2b\u0e49\u0e2d\u0e07\u0e2d\u0e1a\u0e23\u0e21\u0e01\u0e47\u0e40\u0e1b\u0e47\u0e19\u0e15\u0e48\u0e32\u0e07\u0e0a\u0e32\u0e15\u0e34 \u0e40\u0e1b\u0e47\u0e19\u0e44\u0e1f\u0e17\u0e4c\u0e1a\u0e31\u0e07\u0e04\u0e31\u0e1a\u0e43\u0e19\u0e01\u0e32\u0e23\u0e43\u0e0a\u0e49\u0e20\u0e32\u0e29\u0e32\u0e17\u0e35\u0e48\u0e41\u0e17\u0e49\u0e17\u0e23\u0e39 \u0e19\u0e31\u0e48\u0e07\u2026", "hashtags": [], "topic": "environment", "tweet_urls": ["https://t.co/o5qh5Rgdmj"], "date": {"hour": 12, "month": 10, "iso": "2018-10-28T12:45:00", "year": 2018, "day": 28, "minute": 45}, "geo": null, "id": 1056527251221573632, "lang": "th", "emoticons": [], "user_id": 63962403, "coordinates": null, "source": "Twitter for Android", "location": "Bancock", "mentions": []}, {"truncated": true, "text": "\u0e21\u0e35\u0e08\u0e31\u0e07\u0e2b\u0e27\u0e31\u0e14\u0e44\u0e2b\u0e19\u0e43\u0e2b\u0e49\u0e21\u0e32\u0e01\u0e01\u0e27\u0e48\u0e32\u0e19\u0e35\u0e49\u0e44\u0e2b\u0e21\u0e04\u0e30 \u0e44\u0e1f\u0e14\u0e31\u0e1a\u0e40\u0e01\u0e37\u0e2d\u0e1a 21 \u0e0a\u0e21. \u0e15\u0e2d\u0e19\u0e19\u0e35\u0e49\u0e44\u0e1f\u0e01\u0e47\u0e22\u0e31\u0e07\u0e44\u0e21\u0e48\u0e21\u0e32 \u0e09\u0e30\u0e40\u0e0a\u0e34\u0e07\u0e40\u0e17\u0e23\u0e32\u0e08\u0e31\u0e07\u0e2b\u0e27\u0e31\u0e14\u0e17\u0e35\u0e48\u0e40\u0e1b\u0e47\u0e19\u0e21\u0e34\u0e15\u0e23\u0e01\u0e31\u0e1a\u0e2a\u0e34\u0e48\u0e07\u0e41\u0e27\u0e14\u0e25\u0e49\u0e2d\u0e21\u0e08\u0e23\u0e34\u0e07\u0e46\u2026", "hashtags": [], "topic": "environment", "tweet_urls": ["https://t.co/U2OY9TeLAK"], "date": {"hour": 11, "month": 10, "iso": "2018-10-28T11:21:13", "year": 2018, "day": 28, "minute": 21}, "geo": null, "id": 1056506166308552704, "lang": "th", "emoticons": [], "user_id": 445530556, "coordinates": null, "source": "Twitter for Android", "location": "Bancock", "mentions": []}, {"truncated": true, "text": "\u0e40\u0e23\u0e37\u0e48\u0e2d\u0e07\u0e19\u0e49\u0e2d\u0e07\u0e2b\u0e21\u0e32 \u0e40\u0e1b\u0e47\u0e19\u0e2a\u0e34\u0e48\u0e07\u0e17\u0e35\u0e48\u0e1c\u0e21\u0e1b\u0e23\u0e30\u0e17\u0e31\u0e1a\u0e43\u0e08\u0e21\u0e32\u0e01\u0e04\u0e23\u0e31\u0e1a \u0e40\u0e1e\u0e23\u0e32\u0e30\u0e17\u0e35\u0e48\u0e2d\u0e31\u0e07\u0e01\u0e24\u0e29 \u0e0a\u0e48\u0e32\u0e07\u0e40\u0e1b\u0e47\u0e19\u0e2b\u0e21\u0e32\u0e1c\u0e39\u0e49\u0e14\u0e35\u0e4a\u0e1c\u0e39\u0e49\u0e14\u0e35\u0e40\u0e2b\u0e25\u0e37\u0e2d\u0e40\u0e01\u0e34\u0e19 \u0e44\u0e21\u0e48\u0e23\u0e39\u0e49\u0e40\u0e04\u0e49\u0e32\u0e40\u0e25\u0e35\u0e49\u0e22\u0e07\u2026", "hashtags": [], "topic": "environment", "tweet_urls": ["https://t.co/8T8HTKWgZk"], "date": {"hour": 9, "month": 10, "iso": "2018-10-28T09:51:30", "year": 2018, "day": 28, "minute": 51}, "geo": null, "id": 1056483586000338944, "lang": "th", "emoticons": [], "user_id": 2207809587, "coordinates": null, "source": "Twitter for iPhone", "location": "Bancock", "mentions": ["@arrthai"]}, {"truncated": true, "text": "\u0e04\u0e23\u0e34\u0e2a\u0e42\u0e15\u0e40\u0e1f\u0e2d\u0e23\u0e4c \u0e40\u0e23\u0e40\u0e1a\u0e34\u0e23\u0e4c\u0e19 \u0e14\u0e35\u0e44\u0e0b\u0e40\u0e19\u0e2d\u0e23\u0e4c\u0e0a\u0e32\u0e27\u0e2d\u0e31\u0e07\u0e01\u0e24\u0e29\u0e17\u0e35\u0e48\u0e42\u0e14\u0e14\u0e40\u0e14\u0e48\u0e19\u0e14\u0e49\u0e32\u0e19\u0e01\u0e32\u0e23\u0e2d\u0e2d\u0e01\u0e41\u0e1a\u0e1a\u0e17\u0e35\u0e48\u0e40\u0e1b\u0e47\u0e19\u0e21\u0e34\u0e15\u0e23\u0e15\u0e48\u0e2d\u0e2a\u0e34\u0e48\u0e07\u0e41\u0e27\u0e14\u0e25\u0e49\u0e2d\u0e21\u0e40\u0e1b\u0e47\u0e19\u0e04\u0e23\u0e35\u0e40\u0e2d\u0e17\u0e35\u0e1f \u0e44\u0e14\u0e40\u0e23\u0e01\u0e40\u0e15\u0e2d\u0e23\u0e4c\u0e43\u0e2b\u0e49\u0e01\u0e31\u2026", "hashtags": [], "topic": "environment", "tweet_urls": ["https://t.co/3lOejGIko7"], "date": {"hour": 2, "month": 10, "iso": "2018-10-28T02:59:43", "year": 2018, "day": 28, "minute": 59}, "geo": null, "id": 1056379959667699712, "lang": "th", "emoticons": [], "user_id": 167653902, "coordinates": null, "source": "TweetDeck", "location": "Bancock", "mentions": []}, {"truncated": false, "text": "\u0e2a\u0e34\u0e48\u0e07\u0e41\u0e27\u0e14\u0e25\u0e49\u0e2d\u0e21\u0e23\u0e2d\u0e1a\u0e15\u0e31\u0e27..\u0e21\u0e31\u0e19\u0e2a\u0e33\u0e04\u0e31\u0e0d\u0e19\u0e30\n\u0e2a\u0e32\u0e21\u0e32\u0e23\u0e16\u0e17\u0e33\u0e43\u0e2b\u0e49\u0e1b\u0e23\u0e30\u0e0a\u0e32\u0e01\u0e23\u0e25\u0e14\u0e25\u0e07\u0e44\u0e14\u0e49\n\u0e41\u0e21\u0e49\u0e01\u0e23\u0e30\u0e17\u0e31\u0e48\u0e07\u0e43\u0e19\u0e01\u0e32\u0e23\u0e23\u0e31\u0e01\u0e43\u0e04\u0e23\u0e0b\u0e31\u0e01\u0e04\u0e19\u0e01\u0e47\u0e15\u0e32\u0e21...", "hashtags": [], "topic": "environment", "tweet_urls": [], "date": {"hour": 1, "month": 10, "iso": "2018-10-28T01:49:03", "year": 2018, "day": 28, "minute": 49}, "geo": null, "id": 1056362177190223872, "lang": "th", "emoticons": [], "user_id": 1040840678547181568, "coordinates": null, "source": "Twitter for Android", "location": "Bancock", "mentions": []}, {"truncated": true, "text": "\"\u0e2d\u0e38\u0e17\u0e22\u0e32\u0e19\u0e41\u0e2b\u0e48\u0e07\u0e0a\u0e32\u0e15\u0e34\u0e40\u0e02\u0e32\u0e2a\u0e01 \u0e2a\u0e38\u0e23\u0e32\u0e29\u0e0e\u0e23\u0e4c\u0e18\u0e32\u0e19\u0e35 \u0e08\u0e31\u0e14\u0e01\u0e34\u0e08\u0e01\u0e23\u0e23\u0e21\u0e13\u0e23\u0e07\u0e04\u0e4c\u0e15\u0e32\u0e21\u0e42\u0e04\u0e23\u0e07\u0e01\u0e32\u0e23 \"\u0e17\u0e33\u0e04\u0e27\u0e32\u0e21\u0e14\u0e35\u0e14\u0e49\u0e27\u0e22\u0e2b\u0e31\u0e27\u0e43\u0e08 \u0e25\u0e14\u0e20\u0e31\u0e22\u0e2a\u0e34\u0e48\u0e07\u0e41\u0e27\u0e14\u0e25\u0e49\u0e2d\u0e21\" \u0e21\u0e38\u0e48\u0e07\u0e40\u0e19\u0e49\u0e19\u0e25\u0e14\u0e01\u0e32\u0e23\u0e43\u0e0a\u0e49\u0e1e\u2026", "hashtags": [], "topic": "environment", "tweet_urls": ["https://t.co/HQBjpg9QQH"], "date": {"hour": 23, "month": 10, "iso": "2018-10-27T23:30:30", "year": 2018, "day": 27, "minute": 30}, "geo": null, "id": 1056327308783636480, "lang": "th", "emoticons": [], "user_id": 736382087763107840, "coordinates": null, "source": "Facebook", "location": "Bancock", "mentions": []}, {"truncated": true, "text": "\u0e40\u0e27\u0e25\u0e32\u0e44\u0e1b\u0e0b\u0e37\u0e49\u0e2d\u0e02\u0e2d\u0e07\u0e41\u0e25\u0e49\u0e27\u0e44\u0e21\u0e48\u0e23\u0e31\u0e1a\u0e16\u0e38\u0e07\u0e1e\u0e25\u0e32\u0e2a\u0e15\u0e34\u0e01 \u0e19\u0e2d\u0e01\u0e08\u0e32\u0e01\u0e08\u0e30\u0e0a\u0e48\u0e27\u0e22\u0e25\u0e14\u0e02\u0e22\u0e30\u0e41\u0e25\u0e49\u0e27 \u0e2b\u0e49\u0e32\u0e07\u0e2f\u0e1a\u0e32\u0e07\u0e2b\u0e49\u0e32\u0e07\u0e2f\u0e22\u0e31\u0e07\u0e43\u0e2b\u0e49\u0e40\u0e1b\u0e47\u0e19\u0e04\u0e30\u0e41\u0e19\u0e19\u0e40\u0e1e\u0e34\u0e48\u0e21\u0e14\u0e49\u0e27\u0e22 \u0e22\u0e34\u0e48\u0e07\u0e40\u0e2b\u0e47\u0e19\u0e02\u0e48\u0e32\u0e27\u0e17\u0e35\u0e48\u0e40\u0e17\u0e35\u0e48\u0e22\u0e27\u2026", "hashtags": [], "topic": "environment", "tweet_urls": ["https://t.co/Uu5D5j4gJk"], "date": {"hour": 13, "month": 10, "iso": "2018-10-27T13:40:57", "year": 2018, "day": 27, "minute": 40}, "geo": null, "id": 1056178942380396544, "lang": "th", "emoticons": [], "user_id": 75724495, "coordinates": null, "source": "Twitter for Android", "location": "Bancock", "mentions": []}, {"truncated": false, "text": "\u0e1a\u0e35 \u0e21\u0e32\u0e22 \u0e40\u0e01\u0e2a\u0e17\u0e4c : \u0e23\u0e28.\u0e14\u0e23.\u0e2a\u0e38\u0e19\u0e35\u0e23\u0e31\u0e15\u0e19\u0e4c \u0e1f\u0e39\u0e01\u0e38\u0e14\u0e30 \u0e17\u0e38\u0e48\u0e21\u0e40\u0e17\u0e40\u0e1e\u0e37\u0e48\u0e2d\u0e1e\u0e25\u0e31\u0e07\u0e07\u0e32\u0e19\u0e41\u0e25\u0e30\u0e2a\u0e34\u0e48\u0e07\u0e41\u0e27\u0e14\u0e25\u0e49\u0e2d\u0e21\u0e44\u0e17\u0e22", "hashtags": [], "topic": "environment", "tweet_urls": ["https://t.co/cAdfQm7Azi", "https://t.co/O1YOlBhsxN"], "date": {"hour": 13, "month": 10, "iso": "2018-10-27T13:10:11", "year": 2018, "day": 27, "minute": 10}, "geo": null, "id": 1056171199594725376, "lang": "th", "emoticons": [], "user_id": 81783530, "coordinates": null, "source": "WordPress.com", "location": "Bancock", "mentions": []}, {"truncated": false, "text": "\u0e1a\u0e35 \u0e21\u0e32\u0e22 \u0e40\u0e01\u0e2a\u0e17\u0e4c : \u0e23\u0e28.\u0e14\u0e23.\u0e2a\u0e38\u0e19\u0e35\u0e23\u0e31\u0e15\u0e19\u0e4c \u0e1f\u0e39\u0e01\u0e38\u0e14\u0e30 \u0e17\u0e38\u0e48\u0e21\u0e40\u0e17\u0e40\u0e1e\u0e37\u0e48\u0e2d\u0e1e\u0e25\u0e31\u0e07\u0e07\u0e32\u0e19\u0e41\u0e25\u0e30\u0e2a\u0e34\u0e48\u0e07\u0e41\u0e27\u0e14\u0e25\u0e49\u0e2d\u0e21\u0e44\u0e17\u0e22", "hashtags": [], "topic": "environment", "tweet_urls": ["https://t.co/g6zA3ycpqI", "https://t.co/hZBsHqLlVo"], "date": {"hour": 13, "month": 10, "iso": "2018-10-27T13:10:09", "year": 2018, "day": 27, "minute": 10}, "geo": null, "id": 1056171189771689984, "lang": "th", "emoticons": [], "user_id": 69178458, "coordinates": null, "source": "WordPress.com", "location": "Bancock", "mentions": []}, {"truncated": false, "text": "\u0e1e\u0e24\u0e01\u0e29\u0e32\u0e43\u0e2a\u0e48\u0e43\u0e08\u0e2a\u0e34\u0e48\u0e07\u0e41\u0e27\u0e14\u0e25\u0e49\u0e2d\u0e21 \u0e21\u0e2d\u0e1a '\u0e42\u0e0b\u0e25\u0e48\u0e32\u0e40\u0e0b\u0e25\u0e25\u0e4c\u0e41\u0e25\u0e30\u0e01\u0e31\u0e07\u0e2b\u0e31\u0e19\u0e15\u0e35\u0e19\u0e49\u0e33\u0e42\u0e0b\u0e25\u0e48\u0e32\u0e40\u0e0b\u0e25\u0e25\u0e4c'\n\u0e23\u0e27\u0e21\u0e21\u0e39\u0e25\u0e04\u0e48\u0e32\u0e01\u0e27\u0e48\u0e32 4 \u0e25\u0e49\u0e32\u0e19\u0e1a\u0e32\u0e17 \u0e41\u0e01\u0e48\u0e0a\u0e38\u0e21\u0e0a\u0e19\u0e23\u0e31\u0e07\u0e2a\u0e34\u0e15\u0e04\u0e25\u0e2d\u0e07 3", "hashtags": [], "topic": "environment", "tweet_urls": ["https://t.co/RkAe8B7G6e"], "date": {"hour": 12, "month": 10, "iso": "2018-10-27T12:12:37", "year": 2018, "day": 27, "minute": 12}, "geo": null, "id": 1056156713005416448, "lang": "th", "emoticons": [], "user_id": 278858767, "coordinates": null, "source": "Twitter Web Client", "location": "Bancock", "mentions": []}, {"truncated": true, "text": "\u200d\ufe0f \n\u0e21\u0e32\u0e2d\u0e22\u0e39\u0e48\u0e40\u0e1c\u0e48\u0e32\u0e23\u0e31\u0e01\u0e1b\u0e48\u0e32 \u0e23\u0e31\u0e01\u0e29\u0e4c\u0e1b\u0e48\u0e32\u0e19\u0e48\u0e32\u0e19\n\u0e2d\u0e19\u0e38\u0e23\u0e31\u0e01\u0e29\u0e4c\u0e2a\u0e34\u0e48\u0e07\u0e41\u0e27\u0e14\u0e25\u0e49\u0e2d\u0e21 \n\u0e40\u0e17\u0e28\u0e01\u0e32\u0e25\u0e28\u0e34\u0e25\u0e1b\u0e30\u0e19\u0e48\u0e32\u0e19 \u0e08\u0e31\u0e07\u0e2b\u0e27\u0e31\u0e14\u2026", "hashtags": ["#\u0e40\u0e17\u0e35\u0e48\u0e22\u0e27\u0e44\u0e17\u0e22\u0e01\u0e31\u0e1a\u0e1c\u0e25\u0e34\u0e15", "#\u0e25\u0e14\u0e42\u0e25\u0e01\u0e40\u0e25\u0e2d\u0e30"], "topic": "environment", "tweet_urls": ["https://t.co/vfhxM337nx"], "date": {"hour": 11, "month": 10, "iso": "2018-10-27T11:28:12", "year": 2018, "day": 27, "minute": 28}, "geo": null, "id": 1056145536753881090, "lang": "th", "emoticons": ["\u2618", "\u2642", "\ud83c\udfa8", "\ud83d\uddbc", "\ud83d\udeb5", "\ud83c\udf33"], "user_id": 920950119666630657, "coordinates": null, "source": "Twitter for Android", "location": "Bancock", "mentions": []}, {"truncated": true, "text": "\u0e07\u0e37\u0e2d\u0e2d \u0e14\u0e35\u0e43\u0e08\u0e17\u0e35\u0e48\u0e17\u0e38\u0e01\u0e04\u0e19\u0e2b\u0e31\u0e19\u0e21\u0e32\u0e2a\u0e19\u0e43\u0e08\u0e2a\u0e34\u0e48\u0e07\u0e41\u0e27\u0e14\u0e25\u0e49\u0e2d\u0e21\u0e01\u0e31\u0e19\u0e21\u0e32\u0e01\u0e02\u0e36\u0e49\u0e19 \u0e2a\u0e48\u0e27\u0e19\u0e15\u0e31\u0e27\u0e1e\u0e01\u0e02\u0e49\u0e32\u0e27\u0e02\u0e2d\u0e07\u0e1e\u0e27\u0e01\u0e19\u0e35\u0e49\u0e44\u0e1b\u0e17\u0e38\u0e01\u0e17\u0e35\u0e38\u0e48\u0e01\u0e40\u0e27\u0e25\u0e32\u0e2d\u0e22\u0e39\u0e48\u0e41\u0e25\u0e49\u0e27 \u0e21\u0e32\u0e0a\u0e48\u0e27\u0e22\u0e01\u0e31\u0e19\u0e40\u0e19\u0e2d\u0e30 \u2026", "hashtags": [], "topic": "environment", "tweet_urls": ["https://t.co/Rf0m9H4tgu"], "date": {"hour": 11, "month": 10, "iso": "2018-10-27T11:24:51", "year": 2018, "day": 27, "minute": 24}, "geo": null, "id": 1056144691521933312, "lang": "th", "emoticons": ["\ud83d\ude0a"], "user_id": 1940086364, "coordinates": null, "source": "Twitter for Android", "location": "Bancock", "mentions": []}, {"truncated": false, "text": "\u0e21\u0e32\u0e14\u0e39\u0e41\u0e25\u0e2a\u0e34\u0e48\u0e07\u0e41\u0e27\u0e14\u0e25\u0e49\u0e2d\u0e21\u0e02\u0e2d\u0e07\u0e42\u0e25\u0e01\u0e43\u0e1a\u0e19\u0e35\u0e49\u0e01\u0e31\u0e19\u0e40\u0e16\u0e2d\u0e30", "hashtags": ["#\u0e25\u0e14\u0e42\u0e25\u0e01\u0e40\u0e25\u0e2d\u0e30"], "topic": "environment", "tweet_urls": ["https://t.co/cMszrL2NQY"], "date": {"hour": 11, "month": 10, "iso": "2018-10-27T11:12:12", "year": 2018, "day": 27, "minute": 12}, "geo": null, "id": 1056141510134063105, "lang": "th", "emoticons": [], "user_id": 225701000, "coordinates": null, "source": "Twitter for iPhone", "location": "Bancock", "mentions": []}, {"truncated": false, "text": "\u0e40\u0e14\u0e42\u0e21\u0e41\u0e04\u0e23\u0e15 \u0e22\u0e31\u0e07\u0e25\u0e34\u0e40\u0e1a\u0e2d\u0e23\u0e31\u0e25\u0e40\u0e22\u0e2d\u0e30\u0e04\u0e23\u0e31\u0e1a \u0e2a\u0e32\u0e22\u0e1b\u0e48\u0e27\u0e19\u0e21\u0e32\u0e40\u0e15\u0e47\u0e21 LGBT \u0e1e\u0e25\u0e31\u0e07\u0e07\u0e32\u0e19\u0e17\u0e32\u0e07\u0e40\u0e25\u0e37\u0e2d\u0e01 \u0e2a\u0e34\u0e48\u0e07\u0e41\u0e27\u0e14\u0e25\u0e49\u0e2d\u0e21 \u0e2a\u0e27\u0e31\u0e2a\u0e14\u0e34\u0e01\u0e32\u0e23", "hashtags": [], "topic": "environment", "tweet_urls": ["https://t.co/CxFOYMIelC"], "date": {"hour": 11, "month": 10, "iso": "2018-10-27T11:09:40", "year": 2018, "day": 27, "minute": 9}, "geo": null, "id": 1056140872683708416, "lang": "th", "emoticons": [], "user_id": 47931949, "coordinates": null, "source": "Twitter for iPhone", "location": "Bancock", "mentions": []}, {"truncated": false, "text": "\u0e44\u0e1b\u0e40\u0e17\u0e35\u0e48\u0e22\u0e27\u0e01\u0e47\u0e0a\u0e48\u0e27\u0e22\u0e23\u0e31\u0e01\u0e29\u0e32\u0e2a\u0e34\u0e48\u0e07\u0e41\u0e27\u0e14\u0e25\u0e49\u0e2d\u0e21\u0e44\u0e14\u0e49\u0e19\u0e30\u0e04\u0e30 \u0e25\u0e14\u0e42\u0e25\u0e01\u0e40\u0e25\u0e2d\u0e30\u0e01\u0e31\u0e1a\u0e1c\u0e25\u0e34\u0e15", "hashtags": ["#\u0e25\u0e14\u0e42\u0e25\u0e01\u0e40\u0e25\u0e2d\u0e30"], "topic": "environment", "tweet_urls": ["https://t.co/PBekk2VmdZ"], "date": {"hour": 11, "month": 10, "iso": "2018-10-27T11:03:57", "year": 2018, "day": 27, "minute": 3}, "geo": null, "id": 1056139431722156032, "lang": "th", "emoticons": [], "user_id": 941977450363228160, "coordinates": null, "source": "Twitter for Android", "location": "Bancock", "mentions": []}, {"truncated": false, "text": "\u0e21\u0e32\u0e2a\u0e22\u0e32\u0e21 \u0e40\u0e2e\u0e35\u0e22\u0e01\u0e47\u0e08\u0e30\u0e40\u0e1b\u0e47\u0e19\u0e21\u0e34\u0e15\u0e23\u0e01\u0e31\u0e1a\u0e2a\u0e34\u0e48\u0e07\u0e41\u0e27\u0e14\u0e25\u0e49\u0e2d\u0e21\u0e2b\u0e19\u0e48\u0e2d\u0e22\u0e19\u0e36\u0e07 Centerpoint of Siam Square", "hashtags": [], "topic": "environment", "tweet_urls": ["https://t.co/BOiSsxbbqv"], "date": {"hour": 9, "month": 10, "iso": "2018-10-27T09:16:05", "year": 2018, "day": 27, "minute": 16}, "geo": {"type": "Point", "coordinates": [13.74513517, 100.53323365]}, "id": 1056112287910649856, "lang": "th", "emoticons": ["\ud83d\ude0d", "\ud83d\udc95", "\ud83e\udd23", "\ud83e\udd18"], "user_id": 74659093, "coordinates": {"type": "Point", "coordinates": [100.53323365, 13.74513517]}, "source": "Instagram", "location": "Bancock", "mentions": ["@"]}, {"truncated": false, "text": "\u0e21\u0e32 \u0e2a\u0e22\u0e32\u0e21 \u0e40\u0e2e\u0e35\u0e22\u0e01\u0e47\u0e08\u0e30\u0e40\u0e1b\u0e47\u0e19\u0e21\u0e34\u0e15\u0e23\u0e01\u0e31\u0e1a\u0e2a\u0e34\u0e48\u0e07\u0e41\u0e27\u0e14\u0e25\u0e49\u0e2d\u0e21\u0e2b\u0e19\u0e48\u0e2d\u0e22\u0e19\u0e36\u0e07", "hashtags": [], "topic": "environment", "tweet_urls": [], "date": {"hour": 9, "month": 10, "iso": "2018-10-27T09:12:34", "year": 2018, "day": 27, "minute": 12}, "geo": null, "id": 1056111400450371584, "lang": "th", "emoticons": ["\ud83d\udc95", "\ud83e\udd23"], "user_id": 74659093, "coordinates": null, "source": "Facebook", "location": "Bancock", "mentions": []}, {"truncated": true, "text": "\u0e08\u0e23\u0e34\u0e07\u0e46\u0e01\u0e47\u0e2d\u0e32\u0e08\u0e08\u0e30\u0e2b\u0e19\u0e32\u0e27\u0e15\u0e32\u0e21\u0e1e\u0e22\u0e32\u0e01\u0e23\u0e13\u0e4c\u0e19\u0e30\u0e04\u0e30 \u0e40\u0e1e\u0e35\u0e22\u0e07\u0e41\u0e15\u0e48\u0e21\u0e32\u0e44\u0e21\u0e48\u0e16\u0e36\u0e07\u0e2a\u0e48\u0e27\u0e19\u0e02\u0e2d\u0e07\u0e01\u0e17\u0e21. \u0e41\u0e16\u0e21\u0e1a\u0e32\u0e07\u0e17\u0e35\u0e01\u0e47\u0e41\u0e1c\u0e48\u0e04\u0e27\u0e32\u0e21\u0e2b\u0e19\u0e32\u0e27\u0e25\u0e07\u0e21\u0e32\u0e41\u0e1b\u0e48\u2026", "hashtags": [], "topic": "environment", "tweet_urls": ["https://t.co/IA5zILutXJ"], "date": {"hour": 7, "month": 10, "iso": "2018-10-27T07:14:03", "year": 2018, "day": 27, "minute": 14}, "geo": null, "id": 1056081576994385920, "lang": "th", "emoticons": [], "user_id": 1118577967, "coordinates": null, "source": "Twitter for Android", "location": "Bancock", "mentions": ["@SunRockandroll", "@js100radio"]}, {"truncated": false, "text": "\u0e2a\u0e34\u0e48\u0e07\u0e41\u0e27\u0e14\u0e25\u0e49\u0e2d\u0e21\u0e19\u0e35\u0e48\u0e21\u0e35\u0e1c\u0e25\u0e08\u0e23\u0e34\u0e07\u0e46", "hashtags": [], "topic": "environment", "tweet_urls": [], "date": {"hour": 6, "month": 10, "iso": "2018-10-27T06:53:31", "year": 2018, "day": 27, "minute": 53}, "geo": null, "id": 1056076409997733890, "lang": "th", "emoticons": [], "user_id": 126938529, "coordinates": null, "source": "Twitter for iPhone", "location": "Bancock", "mentions": []}, {"truncated": false, "text": "\u0e02\u0e22\u0e31\u0e19 \u0e2d\u0e14\u0e17\u0e19 \u0e21\u0e35\u0e27\u0e34\u0e19\u0e31\u0e22 \u0e22\u0e48\u0e2d\u0e22\u0e2a\u0e25\u0e32\u0e22\u0e07\u0e48\u0e32\u0e22 \u0e40\u0e1b\u0e47\u0e19\u0e21\u0e34\u0e15\u0e23\u0e15\u0e48\u0e2d\u0e2a\u0e34\u0e48\u0e07\u0e41\u0e27\u0e14\u0e25\u0e49\u0e2d\u0e21 \u2014 at Jetts Fitness Kaset Nawamin", "hashtags": [], "topic": "environment", "tweet_urls": ["https://t.co/eilaX56hTJ"], "date": {"hour": 4, "month": 10, "iso": "2018-10-27T04:44:54", "year": 2018, "day": 27, "minute": 44}, "geo": null, "id": 1056044039483482113, "lang": "th", "emoticons": [], "user_id": 230028972, "coordinates": null, "source": "Facebook", "location": "Bancock", "mentions": []}, {"truncated": false, "text": "\u0e19\u0e2d\u0e01\u0e08\u0e32\u0e01\u0e23\u0e13\u0e23\u0e07\u0e04\u0e4c \u0e40\u0e17\u0e35\u0e48\u0e22\u0e27\u0e44\u0e17\u0e22\u0e41\u0e25\u0e49\u0e27 \u0e40\u0e23\u0e32\u0e15\u0e49\u0e2d\u0e07\u0e40\u0e17\u0e35\u0e48\u0e22\u0e27\u0e41\u0e1a\u0e1a\u0e2a\u0e23\u0e49\u0e32\u0e07\u0e2a\u0e23\u0e23\u0e04\u0e4c\u0e40\u0e0a\u0e34\u0e07\u0e2d\u0e19\u0e38\u0e23\u0e31\u0e01\u0e29\u0e4c \u0e41\u0e25\u0e30\u0e40\u0e1b\u0e3a\u0e47\u0e19\u0e21\u0e34\u0e15\u0e23\u0e01\u0e31\u0e1a\u0e2a\u0e34\u0e48\u0e07\u0e41\u0e27\u0e14\u0e25\u0e49\u0e2d\u0e21 \n\n#\u0e40\u0e1b\u0e4a\u0e01\u0e1c\u0e25\u0e34\u0e15\u0e42\u0e0a\u0e04", "hashtags": ["#\u0e40\u0e17\u0e35\u0e48\u0e22\u0e27\u0e44\u0e17\u0e22\u0e01\u0e31\u0e1a\u0e1c\u0e25\u0e34\u0e15"], "topic": "environment", "tweet_urls": [], "date": {"hour": 4, "month": 10, "iso": "2018-10-27T04:14:37", "year": 2018, "day": 27, "minute": 14}, "geo": null, "id": 1056036418970017792, "lang": "th", "emoticons": ["\ud83d\ude07"], "user_id": 92941783, "coordinates": null, "source": "Twitter for Android", "location": "Bancock", "mentions": []}, {"truncated": false, "text": "\u0e17\u0e35\u0e48\u0e1e\u0e1a\u0e40\u0e08\u0e2d \u0e2a\u0e48\u0e27\u0e19\u0e21\u0e32\u0e01 \n\u0e40\u0e1b\u0e47\u0e19\u0e40\u0e23\u0e37\u0e48\u0e2d\u0e07\u0e02\u0e2d\u0e07\u0e2a\u0e34\u0e48\u0e07\u0e41\u0e27\u0e14\u0e25\u0e49\u0e2d\u0e21\u0e2a\u0e23\u0e49\u0e32\u0e07 \u0e0b\u0e30\u0e2a\u0e48\u0e27\u0e19\u0e21\u0e32\u0e01", "hashtags": [], "topic": "environment", "tweet_urls": [], "date": {"hour": 2, "month": 10, "iso": "2018-10-27T02:22:09", "year": 2018, "day": 27, "minute": 22}, "geo": null, "id": 1056008118696468480, "lang": "th", "emoticons": [], "user_id": 1091225130, "coordinates": null, "source": "Twitter for Android", "location": "Bancock", "mentions": ["@wit00000"]}, {"truncated": true, "text": "\u0e19\u0e34\u0e27\u0e0b\u0e35\u0e41\u0e25\u0e19\u0e14\u0e4c\u0e1b\u0e23\u0e30\u0e01\u0e32\u0e28\u0e07\u0e14\u0e43\u0e0a\u0e49 \u201c\u0e16\u0e38\u0e07\u0e1e\u0e25\u0e32\u0e2a\u0e15\u0e34\u0e01\u201d \u0e25\u0e14\u0e1b\u0e31\u0e0d\u0e2b\u0e32\u0e21\u0e25\u0e1e\u0e34\u0e29\u0e17\u0e33\u0e25\u0e32\u0e22\u0e2a\u0e34\u0e48\u0e07\u0e41\u0e27\u0e14\u0e25\u0e49\u0e2d\u0e21\n.\n\u0e2d\u0e48\u0e32\u0e19\u0e02\u0e49\u0e2d\u0e21\u0e39\u0e25\u0e40\u0e1e\u0e34\u0e48\u0e21\u0e40\u0e15\u0e34\u0e21\u0e44\u0e14\u0e49\u0e17\u0e35\u0e48 :\u2026", "hashtags": [], "topic": "environment", "tweet_urls": ["https://t.co/QdEoiXO3La"], "date": {"hour": 2, "month": 10, "iso": "2018-10-27T02:00:01", "year": 2018, "day": 27, "minute": 0}, "geo": null, "id": 1056002545162903553, "lang": "th", "emoticons": [], "user_id": 932186671730147328, "coordinates": null, "source": "TweetDeck", "location": "Bancock", "mentions": []}, {"truncated": true, "text": "\u0e19\u0e35\u0e48\u0e23\u0e49\u0e2d\u0e07\u0e44\u0e2b\u0e49\u0e2d\u0e2d\u0e01\u0e21\u0e32\u0e40\u0e25\u0e22\u0e2d\u0e30 \u0e2a\u0e38\u0e14\u0e17\u0e49\u0e32\u0e22\u0e41\u0e21\u0e48\u0e07\u0e01\u0e47\u0e08\u0e23\u0e34\u0e07\u0e42\u0e04\u0e15\u0e23\u0e46 \u0e15\u0e23\u0e07\u0e17\u0e35\u0e48\u0e1a\u0e2d\u0e01\u0e27\u0e48\u0e32\u0e21\u0e34\u0e19\u0e06\u0e48\u0e32\u0e15\u0e31\u0e27\u0e15\u0e32\u0e22\u0e01\u0e47\u0e40\u0e1e\u0e23\u0e32\u0e30\u0e15\u0e31\u0e27\u0e21\u0e34\u0e19\u0e40\u0e2d\u0e07 \u0e01\u0e47\u0e04\u0e37\u0e2d\u0e43\u0e0a\u0e48\u0e2a\u0e38\u0e14 \u0e15\u0e2d\u0e19\u0e17\u0e35\u0e48\u0e14\u0e36\u2026", "hashtags": [], "topic": "environment", "tweet_urls": ["https://t.co/Q5gy8NWHZR"], "date": {"hour": 17, "month": 10, "iso": "2018-10-26T17:26:52", "year": 2018, "day": 26, "minute": 26}, "geo": null, "id": 1055873407714115584, "lang": "th", "emoticons": [], "user_id": 323893583, "coordinates": null, "source": "Twitter for iPhone", "location": "Bancock", "mentions": ["@iNaMMMMk"]}, {"truncated": false, "text": "\u0e1a\u0e49\u0e32\u0e19\u0e01\u0e23\u0e01\u0e31\u0e19\u0e15\u0e4c\u0e40\u0e1b\u0e47\u0e19\u0e21\u0e34\u0e15\u0e23\u0e01\u0e31\u0e1a\u0e2a\u0e34\u0e48\u0e07\u0e41\u0e27\u0e14\u0e25\u0e49\u0e2d\u0e21\u0e21\u0e32\u0e01\u0e46", "hashtags": [], "topic": "environment", "tweet_urls": [], "date": {"hour": 14, "month": 10, "iso": "2018-10-26T14:46:14", "year": 2018, "day": 26, "minute": 46}, "geo": null, "id": 1055832982840270848, "lang": "th", "emoticons": [], "user_id": 298289130, "coordinates": null, "source": "Twitter Web Client", "location": "Bancock", "mentions": ["@bass_k2"]}]