[{"truncated": false, "text": "\u2018fixes\u2019 malfunction -", "hashtags": ["#Nasa", "#Hubble", "#PrescientInfo", "#America"], "topic": "environment", "tweet_urls": ["https://t.co/mDqN78ZrrU"], "date": {"hour": 0, "month": 11, "iso": "2018-11-11T00:48:13", "year": 2018, "day": 11, "minute": 48}, "geo": null, "id": 1061420296027230208, "lang": "en", "emoticons": [], "user_id": 3189238166, "coordinates": null, "source": "Prescie\u014bt Info", "location": "Bancock", "mentions": []}, {"truncated": false, "text": "\u2018#Super-sized\u2019 threat to seabirds -", "hashtags": ["#Mice", "#PrescientInfo", "#America"], "topic": "environment", "tweet_urls": ["https://t.co/P6ANGyIYtT"], "date": {"hour": 16, "month": 11, "iso": "2018-11-10T16:10:14", "year": 2018, "day": 10, "minute": 10}, "geo": null, "id": 1061289942054264834, "lang": "en", "emoticons": [], "user_id": 3189238166, "coordinates": null, "source": "Prescie\u014bt Info", "location": "Bancock", "mentions": []}, {"truncated": true, "text": "\u201c#VietNam is among the world\u2019s 5 most vulnerable countries to esp with its 3,000km coastline being\u2026", "hashtags": ["#climatechange,"], "topic": "environment", "tweet_urls": ["https://t.co/4X7RxEqqvO"], "date": {"hour": 15, "month": 11, "iso": "2018-11-10T15:33:49", "year": 2018, "day": 10, "minute": 33}, "geo": null, "id": 1061280776128421888, "lang": "en", "emoticons": [], "user_id": 2515400785, "coordinates": null, "source": "Twitter for iPhone", "location": "Bancock", "mentions": []}, {"truncated": false, "text": "There\u2019s in your but we have no how dangerous that is -", "hashtags": ["#Plastic", "#Poop,", "#Idea", "#PrescientInfo", "#America"], "topic": "environment", "tweet_urls": ["https://t.co/AsREwJNM3K"], "date": {"hour": 15, "month": 11, "iso": "2018-11-10T15:12:13", "year": 2018, "day": 10, "minute": 12}, "geo": null, "id": 1061275339769425926, "lang": "en", "emoticons": [], "user_id": 3189238166, "coordinates": null, "source": "Prescie\u014bt Info", "location": "Bancock", "mentions": []}, {"truncated": true, "text": "true, fair point... flipside is, if humans vanish from the fabric of space-time cosmically soon... it will\u2026", "hashtags": [], "topic": "environment", "tweet_urls": ["https://t.co/oRXvXxxOg9"], "date": {"hour": 9, "month": 11, "iso": "2018-11-10T09:48:41", "year": 2018, "day": 10, "minute": 48}, "geo": null, "id": 1061193922225963009, "lang": "en", "emoticons": [], "user_id": 788277131721580544, "coordinates": null, "source": "Twitter Lite", "location": "Bancock", "mentions": ["@dh4gan"]}, {"truncated": true, "text": "[DZone] [DevOps] Installing and Setting Up Selenium IDE --&gt;\n\n1. Introduction to Selenium IDE\n\nSelenium IDE (Integra\u2026", "hashtags": [], "topic": "environment", "tweet_urls": ["https://t.co/c3ml1bgJ6d"], "date": {"hour": 8, "month": 11, "iso": "2018-11-10T08:09:28", "year": 2018, "day": 10, "minute": 9}, "geo": null, "id": 1061168951999320064, "lang": "en", "emoticons": [], "user_id": 22917909, "coordinates": null, "source": "IFTTT", "location": "Bancock", "mentions": []}, {"truncated": true, "text": "I have a gut feeling that she opens this course for me since my thesis would be environment-related.... lon\u2026", "hashtags": [], "topic": "environment", "tweet_urls": ["https://t.co/I2UpQKF84L"], "date": {"hour": 7, "month": 11, "iso": "2018-11-10T07:20:19", "year": 2018, "day": 10, "minute": 20}, "geo": null, "id": 1061156581914492928, "lang": "en", "emoticons": [], "user_id": 1513548752, "coordinates": null, "source": "Twitter for iPhone", "location": "Bancock", "mentions": ["@__ll94"]}, {"truncated": false, "text": "Warming drives \u2018escalator to extinction\u2019 -", "hashtags": ["#PrescientInfo", "#America"], "topic": "environment", "tweet_urls": ["https://t.co/J0EiiRpThK"], "date": {"hour": 6, "month": 11, "iso": "2018-11-10T06:34:14", "year": 2018, "day": 10, "minute": 34}, "geo": null, "id": 1061144986895421441, "lang": "en", "emoticons": [], "user_id": 3189238166, "coordinates": null, "source": "Prescie\u014bt Info", "location": "Bancock", "mentions": []}, {"truncated": true, "text": "Dhaka has urged Beijing to encourage Myanmar to create a conducive environment for a speedy return of Rohingyas to\u2026", "hashtags": [], "topic": "environment", "tweet_urls": ["https://t.co/FfKGNWxrF2"], "date": {"hour": 2, "month": 11, "iso": "2018-11-10T02:17:15", "year": 2018, "day": 10, "minute": 17}, "geo": null, "id": 1061080315202924545, "lang": "en", "emoticons": [], "user_id": 18921618, "coordinates": null, "source": "Facebook", "location": "Bancock", "mentions": []}, {"truncated": true, "text": "Invites to IconSiam\u2019s opening- $1.6bn megamall- were in a babushka doll-esque set of decreasingly small\u2026", "hashtags": ["#Bangkok's"], "topic": "environment", "tweet_urls": ["https://t.co/Dk3bx3FSlF"], "date": {"hour": 0, "month": 11, "iso": "2018-11-10T00:49:53", "year": 2018, "day": 10, "minute": 49}, "geo": null, "id": 1061058329504436224, "lang": "en", "emoticons": [], "user_id": 3367136692, "coordinates": null, "source": "Twitter for iPhone", "location": "Bancock", "mentions": []}, {"truncated": false, "text": "\u2018exomoon\u2019 may have been -", "hashtags": ["#First", "#Found", "#PrescientInfo", "#America"], "topic": "environment", "tweet_urls": ["https://t.co/J3tFK0CcLH"], "date": {"hour": 18, "month": 11, "iso": "2018-11-09T18:53:13", "year": 2018, "day": 9, "minute": 53}, "geo": null, "id": 1060968569389961221, "lang": "en", "emoticons": [], "user_id": 3178957030, "coordinates": null, "source": "Prescie\u014bt Info", "location": "Bancock", "mentions": []}, {"truncated": false, "text": "\u2018#Super-sized\u2019 threat to seabirds -", "hashtags": ["#Mice", "#PrescientInfo", "#America"], "topic": "environment", "tweet_urls": ["https://t.co/P6ANGyIYtT"], "date": {"hour": 13, "month": 11, "iso": "2018-11-09T13:16:12", "year": 2018, "day": 9, "minute": 16}, "geo": null, "id": 1060883758365196289, "lang": "en", "emoticons": [], "user_id": 3189238166, "coordinates": null, "source": "Prescie\u014bt Info", "location": "Bancock", "mentions": []}, {"truncated": true, "text": "\u0e40\u0e2b\u0e21\u0e37\u0e2d\u0e19\u0e19\u0e49\u0e2d\u0e07\u0e40\u0e04\u0e49\u0e32\u0e40\u0e1b\u0e47\u0e19\u0e1c\u0e39\u0e49\u0e0a\u0e19\u0e30\u0e42\u0e04\u0e23\u0e07\u0e01\u0e32\u0e23\u0e23\u0e31\u0e01\u0e29\u0e32\u0e2a\u0e34\u0e48\u0e07\u0e41\u0e27\u0e14\u0e25\u0e49\u0e2d\u0e21 \u0e44\u0e14\u0e49\u0e40\u0e1b\u0e47\u0e19\u0e1c\u0e39\u0e49\u0e19\u0e33\u0e15\u0e31\u0e27\u0e41\u0e17\u0e19\u0e42\u0e04\u0e23\u0e07\u0e01\u0e32\u0e23\u0e1e\u0e31\u0e12\u0e19\u0e32\u0e40\u0e22\u0e32\u0e27\u0e0a\u0e19\u0e41\u0e25\u0e30\u0e2a\u0e34\u0e48\u0e07\u0e41\u0e27\u0e14\u0e25\u0e49\u0e2d\u0e21 \u0e17\u0e35\u0e48\u0e2a\u0e2d\u0e14\u0e04\u0e25\u0e49\u0e2d\u0e07\u0e01\u0e31\u0e1a\u0e40\u2026", "hashtags": [], "topic": "environment", "tweet_urls": ["https://t.co/jWKSAABpOZ"], "date": {"hour": 11, "month": 11, "iso": "2018-11-09T11:39:22", "year": 2018, "day": 9, "minute": 39}, "geo": null, "id": 1060859387386880000, "lang": "th", "emoticons": [], "user_id": 920950119666630657, "coordinates": null, "source": "Twitter for Android", "location": "Bancock", "mentions": []}, {"truncated": true, "text": "There's a pattern though: appoint cabinet heads of education, environment, interior, etc. who want to sabotage the\u2026", "hashtags": [], "topic": "environment", "tweet_urls": ["https://t.co/udmiMsAF4S"], "date": {"hour": 10, "month": 11, "iso": "2018-11-09T10:29:40", "year": 2018, "day": 9, "minute": 29}, "geo": null, "id": 1060841847700877312, "lang": "en", "emoticons": [], "user_id": 940745523262382085, "coordinates": null, "source": "Twitter Web Client", "location": "Bancock", "mentions": []}, {"truncated": true, "text": "[DZone] [Spark] Game Theory With Apache Spark, Part 1 --&gt;\n\nIntroduction\n\nIn general terms, Game Theory is concerned\u2026", "hashtags": [], "topic": "environment", "tweet_urls": ["https://t.co/hJpC6ZFKyu"], "date": {"hour": 10, "month": 11, "iso": "2018-11-09T10:09:17", "year": 2018, "day": 9, "minute": 9}, "geo": null, "id": 1060836718394466305, "lang": "en", "emoticons": [], "user_id": 22917909, "coordinates": null, "source": "IFTTT", "location": "Bancock", "mentions": []}, {"truncated": true, "text": "Government drafts code of conduct for the internet to \u201cbuild a healthy and safe network environment\u201d, con\u2026", "hashtags": ["#Vietnam:"], "topic": "environment", "tweet_urls": ["https://t.co/o3Byrnut75"], "date": {"hour": 4, "month": 11, "iso": "2018-11-09T04:26:03", "year": 2018, "day": 9, "minute": 26}, "geo": null, "id": 1060750338670551041, "lang": "en", "emoticons": [], "user_id": 2638514444, "coordinates": null, "source": "Twitter Web Client", "location": "Bancock", "mentions": []}, {"truncated": true, "text": "If they were out there in the dim interstellar or intergalactic distance, we would know how? The Keck obse\u2026", "hashtags": [], "topic": "environment", "tweet_urls": ["https://t.co/2FLShXwLGS"], "date": {"hour": 4, "month": 11, "iso": "2018-11-09T04:14:48", "year": 2018, "day": 9, "minute": 14}, "geo": null, "id": 1060747506852622337, "lang": "en", "emoticons": [], "user_id": 788277131721580544, "coordinates": null, "source": "Twitter Lite", "location": "Bancock", "mentions": ["@dh4gan"]}, {"truncated": false, "text": "\u2018#Reasons to be hopeful\u2019 on 1.5C -", "hashtags": ["#Target", "#PrescientInfo", "#America"], "topic": "environment", "tweet_urls": ["https://t.co/mqhKtsSSDI"], "date": {"hour": 3, "month": 11, "iso": "2018-11-09T03:10:18", "year": 2018, "day": 9, "minute": 10}, "geo": null, "id": 1060731278167863296, "lang": "en", "emoticons": [], "user_id": 3178957030, "coordinates": null, "source": "Prescie\u014bt Info", "location": "Bancock", "mentions": []}, {"truncated": false, "text": "Migration, environment and climate change: What\u2019s new, and what\u2019s true - Landscape News via", "hashtags": [], "topic": "environment", "tweet_urls": ["https://t.co/jEws8uc8NA"], "date": {"hour": 3, "month": 11, "iso": "2018-11-09T03:08:16", "year": 2018, "day": 9, "minute": 8}, "geo": null, "id": 1060730764180914176, "lang": "en", "emoticons": [], "user_id": 625378438, "coordinates": null, "source": "Twitter Web Client", "location": "Bancock", "mentions": ["@globallf"]}, {"truncated": true, "text": "The defines green jobs as good for the environment, good for the economy and good for people. Watch this ani\u2026", "hashtags": [], "topic": "environment", "tweet_urls": ["https://t.co/Di9RGgslTZ"], "date": {"hour": 3, "month": 11, "iso": "2018-11-09T03:00:12", "year": 2018, "day": 9, "minute": 0}, "geo": null, "id": 1060728733567463426, "lang": "en", "emoticons": [], "user_id": 704940912661635072, "coordinates": null, "source": "Hootsuite Inc.", "location": "Bancock", "mentions": ["@ilo"]}, {"truncated": true, "text": "\u201cI've not seen any evidence of the Govt of taking concrete &amp; visible measures to create an environment whe\u2026", "hashtags": ["#Myanmar"], "topic": "environment", "tweet_urls": ["https://t.co/oxM8Kw5fFK"], "date": {"hour": 2, "month": 11, "iso": "2018-11-09T02:48:32", "year": 2018, "day": 9, "minute": 48}, "geo": null, "id": 1060725798481448960, "lang": "en", "emoticons": [], "user_id": 3877924333, "coordinates": null, "source": "Twitter Web Client", "location": "Bancock", "mentions": []}, {"truncated": false, "text": "Vietnam\u2019s children and the fear of -", "hashtags": ["#ClimateChange", "#PrescientInfo", "#America"], "topic": "environment", "tweet_urls": ["https://t.co/qIr6SYgLdu"], "date": {"hour": 2, "month": 11, "iso": "2018-11-09T02:37:16", "year": 2018, "day": 9, "minute": 37}, "geo": null, "id": 1060722962104569857, "lang": "en", "emoticons": [], "user_id": 3178957030, "coordinates": null, "source": "Prescie\u014bt Info", "location": "Bancock", "mentions": []}, {"truncated": true, "text": "Scratch the surface of some concerns for nature and wilderness and you're liable to find a hatred of people who you\u2026", "hashtags": [], "topic": "environment", "tweet_urls": ["https://t.co/5DcdjCXgKk"], "date": {"hour": 1, "month": 11, "iso": "2018-11-09T01:02:41", "year": 2018, "day": 9, "minute": 2}, "geo": null, "id": 1060699160796528640, "lang": "en", "emoticons": [], "user_id": 7189602, "coordinates": null, "source": "Facebook", "location": "Bancock", "mentions": []}, {"truncated": true, "text": "[DZone] [Hadoop] Hive Metastore Configuration After Fresh Installation --&gt;\n\nFor the beginners playing around in Hiv\u2026", "hashtags": [], "topic": "environment", "tweet_urls": ["https://t.co/aC1vSlYQFy"], "date": {"hour": 18, "month": 11, "iso": "2018-11-08T18:16:06", "year": 2018, "day": 8, "minute": 16}, "geo": null, "id": 1060596840297652225, "lang": "en", "emoticons": [], "user_id": 22917909, "coordinates": null, "source": "IFTTT", "location": "Bancock", "mentions": []}, {"truncated": true, "text": "Rural women might live in different environment, but they are entitled to have same rights! We need to empower rura\u2026", "hashtags": [], "topic": "environment", "tweet_urls": ["https://t.co/xgZiCIHpOI"], "date": {"hour": 12, "month": 11, "iso": "2018-11-08T12:01:04", "year": 2018, "day": 8, "minute": 1}, "geo": null, "id": 1060502459687333888, "lang": "en", "emoticons": [], "user_id": 1011967081, "coordinates": null, "source": "Hootsuite Inc.", "location": "Bancock", "mentions": []}, {"truncated": true, "text": "to X wins or Y losses are better suited to this environment. it's part of the problem wi\u2026", "hashtags": [], "topic": "environment", "tweet_urls": ["https://t.co/UvkRqJHkS8"], "date": {"hour": 11, "month": 11, "iso": "2018-11-08T11:38:18", "year": 2018, "day": 8, "minute": 38}, "geo": null, "id": 1060496731236790272, "lang": "en", "emoticons": [], "user_id": 531915357, "coordinates": null, "source": "TweetDeck", "location": "Bancock", "mentions": ["@PleasantKenobi", "@DaveSea89"]}, {"truncated": true, "text": "Day 8: Plant or Buy a Small Tree. Feel free to join our challenge and use when posting pictures.\u2026", "hashtags": ["#gogrinchallenge"], "topic": "environment", "tweet_urls": ["https://t.co/2J9z3fiZle"], "date": {"hour": 11, "month": 11, "iso": "2018-11-08T11:27:43", "year": 2018, "day": 8, "minute": 27}, "geo": null, "id": 1060494066297663488, "lang": "en", "emoticons": ["\ud83c\udf31"], "user_id": 957980693606223873, "coordinates": null, "source": "Twitter for iPhone", "location": "Bancock", "mentions": []}, {"truncated": true, "text": "This report shows how social power, norms, and environment corner North Korean women into devastating situation of\u2026", "hashtags": [], "topic": "environment", "tweet_urls": ["https://t.co/BkJyzzw9g7"], "date": {"hour": 9, "month": 11, "iso": "2018-11-08T09:00:41", "year": 2018, "day": 8, "minute": 0}, "geo": null, "id": 1060457064105984002, "lang": "en", "emoticons": [], "user_id": 1011967081, "coordinates": null, "source": "Hootsuite Inc.", "location": "Bancock", "mentions": []}, {"truncated": true, "text": "[arXiv] Online Off-policy Prediction. (arXiv:1811.02597v1 [cs.LG]) --&gt;\n\nThis paper investigates the problem of onli\u2026", "hashtags": [], "topic": "environment", "tweet_urls": ["https://t.co/mwdk3ynac1"], "date": {"hour": 8, "month": 11, "iso": "2018-11-08T08:50:10", "year": 2018, "day": 8, "minute": 50}, "geo": null, "id": 1060454420884975616, "lang": "en", "emoticons": [], "user_id": 22917909, "coordinates": null, "source": "IFTTT", "location": "Bancock", "mentions": []}, {"truncated": true, "text": "Indonesia: Environment \n\nWhale shark seen in Jakarta Bay - The Jakarta Post/Asia News Network\u2026", "hashtags": [], "topic": "environment", "tweet_urls": ["https://t.co/4Pep6lpo8E"], "date": {"hour": 6, "month": 11, "iso": "2018-11-08T06:30:15", "year": 2018, "day": 8, "minute": 30}, "geo": null, "id": 1060419206590709760, "lang": "en", "emoticons": [], "user_id": 111504976, "coordinates": null, "source": "Facebook", "location": "Bancock", "mentions": []}, {"truncated": true, "text": "This is scenario of CMM court of are gathering to find their loved one.This is polls environm\u2026", "hashtags": ["#Bangladesh.Relatives"], "topic": "environment", "tweet_urls": ["https://t.co/7KRn6iBsfQ"], "date": {"hour": 6, "month": 11, "iso": "2018-11-08T06:18:50", "year": 2018, "day": 8, "minute": 18}, "geo": null, "id": 1060416337007149056, "lang": "en", "emoticons": [], "user_id": 771392363662970880, "coordinates": null, "source": "Twitter for Android", "location": "Bancock", "mentions": []}, {"truncated": true, "text": "Some netizens pointed out that the initiative really incentivizes customers to sign up for the 7-Eleven card member\u2026", "hashtags": [], "topic": "environment", "tweet_urls": ["https://t.co/4gPVQSXm3r"], "date": {"hour": 5, "month": 11, "iso": "2018-11-08T05:38:59", "year": 2018, "day": 8, "minute": 38}, "geo": null, "id": 1060406304957579265, "lang": "en", "emoticons": [], "user_id": 1326375108, "coordinates": null, "source": "TweetDeck", "location": "Bancock", "mentions": []}, {"truncated": true, "text": "\u0e04\u0e37\u0e2d\u0e01\u0e47\u0e44\u0e21\u0e48\u0e2d\u0e22\u0e32\u0e01\u0e40\u0e16\u0e35\u0e22\u0e07\u0e2d\u0e48\u0e30\u0e27\u0e48\u0e32\u0e2d\u0e22\u0e39\u0e48\u0e01\u0e31\u0e1a\u0e2a\u0e34\u0e48\u0e07\u0e41\u0e27\u0e14\u0e25\u0e49\u0e2d\u0e21\u0e41\u0e1a\u0e1a\u0e44\u0e2b\u0e19\u0e40\u0e22\u0e2d\u0e30\u0e2a\u0e38\u0e14 \u0e40\u0e0a\u0e48\u0e19 \u0e17\u0e35\u0e48\u0e17\u0e33\u0e07\u0e32\u0e19\u0e07\u0e35\u0e49 \u0e44\u0e07\u0e17\u0e35\u0e48\u0e40\u0e14\u0e35\u0e22\u0e27\u0e01\u0e31\u0e19\u0e01\u0e47\u0e21\u0e35\u0e42\u0e2d\u0e01\u0e32\u0e2a\u0e04\u0e1a\u0e01\u0e31\u0e19\u0e21\u0e32\u0e01\u0e2a\u0e38\u0e14\u0e2d\u0e48\u0e30 \u0e2d\u0e22\u0e48\u0e32\u0e07\u2026", "hashtags": [], "topic": "environment", "tweet_urls": ["https://t.co/KMOLPx8gOg"], "date": {"hour": 19, "month": 11, "iso": "2018-11-10T19:29:18", "year": 2018, "day": 10, "minute": 29}, "geo": null, "id": 1061340036501667841, "lang": "th", "emoticons": [], "user_id": 322479716, "coordinates": null, "source": "Twitter for iPhone", "location": "Bancock", "mentions": []}, {"truncated": true, "text": "\u0e2d\u0e31\u0e19\u0e19\u0e35\u0e49\u0e2d\u0e2d\u0e01\u0e02\u0e49\u0e2d\u0e2a\u0e2d\u0e1a\u0e44\u0e14\u0e49\u0e40\u0e25\u0e22\u0e19\u0e30 \u0e02\u0e49\u0e2d\u0e2a\u0e2d\u0e1a\u0e2d\u0e32\u0e08\u0e08\u0e30\u0e16\u0e32\u0e21\u0e27\u0e48\u0e32 \n**\u0e04\u0e14\u0e35\u0e43\u0e14\u0e44\u0e21\u0e48\u0e2a\u0e32\u0e21\u0e32\u0e23\u0e16\u0e22\u0e37\u0e48\u0e19\u0e2d\u0e38\u0e17\u0e18\u0e23\u0e13\u0e4c\u0e15\u0e48\u0e2d\u0e28\u0e32\u0e25\u0e2d\u0e38\u0e17\u0e18\u0e23\u0e13\u0e4c\u0e20\u0e32\u0e04\u0e44\u0e14\u0e49 \n\u0e01.\u0e04\u0e14\u0e35\u0e40\u0e25\u0e37\u0e2d\u0e01\u0e15\u0e31\u0e49\u0e07 \u0e02.\u0e04\u2026", "hashtags": [], "topic": "environment", "tweet_urls": ["https://t.co/cFJFSWN4DD"], "date": {"hour": 16, "month": 11, "iso": "2018-11-10T16:00:47", "year": 2018, "day": 10, "minute": 0}, "geo": null, "id": 1061287564810711040, "lang": "th", "emoticons": [], "user_id": 2531761934, "coordinates": null, "source": "Twitter for Android", "location": "Bancock", "mentions": []}, {"truncated": true, "text": "Spacialday!! Spacial price 11-11-2018 \u0e40\u0e1e\u0e37\u0e48\u0e2d\u0e15\u0e2d\u0e1a\u0e41\u0e17\u0e19\u0e17\u0e38\u0e01\u0e01\u0e23\u0e30\u0e41\u0e2a\u0e15\u0e2d\u0e1a\u0e23\u0e31\u0e1a\u0e2d\u0e22\u0e48\u0e32\u0e07\u0e14\u0e35 \u0e25\u0e39\u0e01\u0e04\u0e49\u0e32\u0e17\u0e35\u0e48\u0e19\u0e48\u0e32\u0e23\u0e31\u0e01\u0e1c\u0e39\u0e49\u0e17\u0e35\u0e48\u0e43\u0e2a\u0e48\u0e43\u0e08\u0e2a\u0e38\u0e02\u0e20\u0e32\u0e1e,\u0e23\u0e31\u0e01\u0e29\u0e4c\u0e2a\u0e34\u0e48\u0e07\u0e41\u0e27\u2026", "hashtags": [], "topic": "environment", "tweet_urls": ["https://t.co/MigLD2T5gY"], "date": {"hour": 11, "month": 11, "iso": "2018-11-10T11:31:45", "year": 2018, "day": 10, "minute": 31}, "geo": null, "id": 1061219857113538561, "lang": "th", "emoticons": [], "user_id": 145812562, "coordinates": null, "source": "Instagram", "location": "Bancock", "mentions": []}, {"truncated": false, "text": "\u0e1e\u0e35\u0e48\u0e40\u0e08\u0e49\u0e32\u0e02\u0e2d\u0e07\u0e40\u0e2a\u0e37\u0e49\u0e2d\u0e0a\u0e47\u0e2d\u0e1b\u0e15\u0e31\u0e27\u0e19\u0e35\u0e49 \u0e27\u0e34\u0e28\u0e27\u0e30\u0e2a\u0e34\u0e48\u0e07\u0e41\u0e27\u0e14\u0e25\u0e49\u0e2d\u0e21 \u0e1e\u0e35\u0e48\u0e19\u0e48\u0e32\u0e23\u0e31\u0e01\u0e21\u0e32\u0e01\u0e16\u0e2d\u0e14\u0e40\u0e2a\u0e37\u0e49\u0e2d\u0e43\u0e2b\u0e49\u0e40\u0e1e\u0e37\u0e48\u0e2d\u0e19\u0e2b\u0e19\u0e39\u0e43\u0e2a\u0e48\u0e40\u0e25\u0e22\n\u0e1b\u0e25.\u0e1b\u0e34\u0e14\u0e2b\u0e19\u0e49\u0e32\u0e43\u0e2b\u0e49\u0e19\u0e34\u0e14\u0e19\u0e36\u0e07", "hashtags": [], "topic": "environment", "tweet_urls": ["https://t.co/rrniPy6WfG"], "date": {"hour": 10, "month": 11, "iso": "2018-11-10T10:09:33", "year": 2018, "day": 10, "minute": 9}, "geo": null, "id": 1061199172810924033, "lang": "th", "emoticons": [], "user_id": 769543610010210304, "coordinates": null, "source": "Twitter for Android", "location": "Bancock", "mentions": []}, {"truncated": false, "text": "\u0e04\u0e49\u0e19\u0e1e\u0e1a\u0e04\u0e27\u0e32\u0e21\u0e40\u0e23\u0e37\u0e48\u0e2d\u0e07\u0e40\u0e22\u0e2d\u0e30\u0e02\u0e2d\u0e07\u0e2a\u0e32\u0e22\u0e2d\u0e19\u0e38\u0e23\u0e31\u0e01\u0e29\u0e4c\u0e2a\u0e34\u0e48\u0e07\u0e41\u0e27\u0e14\u0e25\u0e49\u0e2d\u0e21 1 ea", "hashtags": [], "topic": "environment", "tweet_urls": [], "date": {"hour": 9, "month": 11, "iso": "2018-11-10T09:34:53", "year": 2018, "day": 10, "minute": 34}, "geo": null, "id": 1061190449598148608, "lang": "th", "emoticons": [], "user_id": 707601442052263936, "coordinates": null, "source": "Twitter for Android", "location": "Bancock", "mentions": []}, {"truncated": true, "text": "\u0e02\u0e2d\u0e44\u0e21\u0e48\u0e15\u0e2d\u0e1a\u0e04\u0e33\u0e16\u0e32\u0e21\u0e43\u0e04\u0e23\u0e17\u0e31\u0e49\u0e07\u0e19\u0e31\u0e49\u0e19\u0e19\u0e30 \u0e01\u0e23\u0e38\u0e13\u0e32\u0e02\u0e2d\u0e04\u0e33\u0e1b\u0e23\u0e36\u0e01\u0e29\u0e32\u0e08\u0e32\u0e01\u0e04\u0e19\u0e2d\u0e37\u0e48\u0e19\u0e44\u0e1b\u0e01\u0e48\u0e2d\u0e19\u0e19\u0e30\u0e17\u0e38\u0e01\u0e04\u0e19 \u0e08\u0e30\u0e15\u0e32\u0e22\u0e01\u0e48\u0e2d\u0e19\u0e27\u0e31\u0e22\u0e2d\u0e31\u0e19\u0e04\u0e27\u0e23\u0e40\u0e1e\u0e23\u0e32\u0e30\u0e40\u0e04\u0e23\u0e35\u0e22\u0e14\u0e17\u0e35\u0e48\u0e15\u0e49\u0e2d\u0e07\u0e23\u0e31\u0e1a\u0e21\u0e37\u0e2d\u0e01\u0e31\u0e1a\u0e2a\u0e16\u0e32\u0e19\u0e01\u2026", "hashtags": [], "topic": "environment", "tweet_urls": ["https://t.co/8VVTWcxm4C"], "date": {"hour": 9, "month": 11, "iso": "2018-11-10T09:26:07", "year": 2018, "day": 10, "minute": 26}, "geo": null, "id": 1061188242173714432, "lang": "th", "emoticons": [], "user_id": 543487230, "coordinates": null, "source": "Facebook", "location": "Bancock", "mentions": []}, {"truncated": true, "text": "\u201c\u0e01\u0e32\u0e23\u0e17\u0e33\u0e07\u0e32\u0e19\u0e2b\u0e19\u0e31\u0e01\u0e15\u0e48\u0e32\u0e07\u0e2b\u0e32\u0e01\u0e17\u0e35\u0e48\u0e17\u0e33\u0e43\u0e2b\u0e49\u0e40\u0e23\u0e32\u0e21\u0e35\u0e1e\u0e25\u0e31\u0e07, \u0e44\u0e21\u0e48\u0e43\u0e0a\u0e48\u0e1e\u0e31\u0e01\u0e1c\u0e48\u0e2d\u0e19\u0e2b\u0e22\u0e48\u0e2d\u0e19\u0e43\u0e08\u0e41\u0e25\u0e49\u0e27\u0e16\u0e36\u0e07\u0e21\u0e35\u0e1e\u0e25\u0e31\u0e07\u201d\n\n\u201c\u0e04\u0e27\u0e32\u0e21\u0e23\u0e39\u0e49\u0e08\u0e30\u0e40\u0e01\u0e34\u0e14\u0e02\u0e36\u0e49\u0e19\u0e44\u0e14\u0e49\u0e08\u0e32\u0e01\u0e04\u0e27\u0e32\u0e21\u0e2a\u0e31\u0e21\u0e1e\u0e31\u0e19\u0e18\u0e4c\u0e42\u0e14\u0e22\u0e15\u2026", "hashtags": [], "topic": "environment", "tweet_urls": ["https://t.co/AGQPUIKPJ5"], "date": {"hour": 8, "month": 11, "iso": "2018-11-10T08:50:39", "year": 2018, "day": 10, "minute": 50}, "geo": null, "id": 1061179314706636801, "lang": "th", "emoticons": [], "user_id": 2466039734, "coordinates": null, "source": "Facebook", "location": "Bancock", "mentions": []}, {"truncated": true, "text": "\u0e0b\u0e36\u0e48\u0e07\u0e1b\u0e31\u0e0d\u0e2b\u0e32\u0e19\u0e35\u0e49\u0e08\u0e30\u0e44\u0e21\u0e48\u0e21\u0e35\u0e43\u0e19\u0e1e\u0e27\u0e01\u0e2d\u0e19\u0e38\u0e23\u0e31\u0e01\u0e29\u0e4c\u0e2a\u0e34\u0e48\u0e07\u0e41\u0e27\u0e14\u0e25\u0e49\u0e2d\u0e21\u0e41\u0e19\u0e48\u0e19\u0e2d\u0e19 \u0e40\u0e1e\u0e23\u0e32\u0e30\u0e1e\u0e27\u0e01\u0e40\u0e02\u0e32\u0e44\u0e21\u0e48\u0e43\u0e0a\u0e49\u0e1e\u0e25\u0e32\u0e2a\u0e15\u0e34\u0e01\u0e40\u0e25\u0e22\u0e41\u0e21\u0e49\u0e41\u0e15\u0e48\u0e19\u0e34\u0e14\u0e40\u0e14\u0e35\u0e22\u0e27 \u0e01\u0e32\u0e23\u0e08\u0e30\u0e14\u0e37\u0e48\u0e21\u0e19\u0e49\u0e33\u0e41\u0e15\u0e48\u0e25\u0e30\u0e04\u0e23\u0e31\u0e49\u0e07\u2026", "hashtags": [], "topic": "environment", "tweet_urls": ["https://t.co/d9tWXToeK6"], "date": {"hour": 8, "month": 11, "iso": "2018-11-10T08:36:31", "year": 2018, "day": 10, "minute": 36}, "geo": null, "id": 1061175758687629312, "lang": "th", "emoticons": [], "user_id": 707601442052263936, "coordinates": null, "source": "Twitter for Android", "location": "Bancock", "mentions": []}, {"truncated": false, "text": "\u0e19\u0e48\u0e32\u0e08\u0e30\u0e44\u0e21\u0e48\u0e1c\u0e34\u0e14\u0e04\u0e48\u0e30\u0e04\u0e27\u0e32\u0e21\u0e2a\u0e21\u0e1a\u0e39\u0e23\u0e13\u0e4c\u0e02\u0e2d\u0e07\u0e14\u0e2d\u0e01\u0e43\u0e1a\u0e2d\u0e22\u0e39\u0e48\u0e17\u0e35\u0e48\u0e2d\u0e32\u0e2b\u0e32\u0e23\u0e2d\u0e32\u0e01\u0e32\u0e28\u0e2a\u0e34\u0e48\u0e07\u0e41\u0e27\u0e14\u0e25\u0e49\u0e2d\u0e21\u0e04\u0e48\u0e30", "hashtags": [], "topic": "environment", "tweet_urls": ["https://t.co/BO4NcfEN8E"], "date": {"hour": 7, "month": 11, "iso": "2018-11-10T07:10:31", "year": 2018, "day": 10, "minute": 10}, "geo": null, "id": 1061154118041911296, "lang": "th", "emoticons": [], "user_id": 940574784277979136, "coordinates": null, "source": "Twitter for Android", "location": "Bancock", "mentions": ["@jame55488847", "@punyanuch45"]}, {"truncated": true, "text": "\"\u0e2d\u0e38\u0e17\u0e22\u0e32\u0e19\u0e41\u0e2b\u0e48\u0e07\u0e0a\u0e32\u0e15\u0e34\u0e41\u0e21\u0e48\u0e27\u0e30\u0e08\u0e31\u0e14\u0e01\u0e32\u0e23\u0e1d\u0e36\u0e01\u0e2d\u0e1a\u0e23\u0e21\u0e2b\u0e25\u0e31\u0e01\u0e2a\u0e39\u0e15\u0e23\u0e25\u0e39\u0e01\u0e40\u0e2a\u0e37\u0e2d\u0e1e\u0e34\u0e17\u0e31\u0e01\u0e29\u0e4c\u0e1b\u0e48\u0e32 (Scout Ranger) \u0e21\u0e38\u0e48\u0e07\u0e40\u0e2a\u0e23\u0e34\u0e21\u0e01\u0e32\u0e23\u0e40\u0e23\u0e35\u0e22\u0e19\u0e23\u0e39\u0e49\u0e43\u0e19\u0e14\u0e49\u0e32\u0e19\u0e01\u0e32\u0e23\u0e2d\u0e19\u0e38\u0e23\u0e31\u0e01\u0e29\u0e4c\u0e17\u0e23\u0e31\u0e1e\u2026", "hashtags": [], "topic": "environment", "tweet_urls": ["https://t.co/rkw0VFjbZN"], "date": {"hour": 6, "month": 11, "iso": "2018-11-10T06:46:19", "year": 2018, "day": 10, "minute": 46}, "geo": null, "id": 1061148026012491776, "lang": "th", "emoticons": [], "user_id": 736382087763107840, "coordinates": null, "source": "Facebook", "location": "Bancock", "mentions": []}, {"truncated": true, "text": "\u0e44\u0e21\u0e48\u0e44\u0e14\u0e49\u0e21\u0e2d\u0e07\u0e08\u0e32\u0e01 \u0e04\u0e27\u0e32\u0e21\u0e40\u0e08\u0e23\u0e34\u0e0d\u0e02\u0e2d\u0e07\u0e2a\u0e34\u0e48\u0e07\u0e41\u0e27\u0e14\u0e25\u0e49\u0e2d\u0e21\u0e17\u0e35\u0e48\u0e40\u0e23\u0e32\u0e2d\u0e22\u0e39\u0e48\n\u0e41\u0e15\u0e48\u0e21\u0e2d\u0e07\u0e08\u0e32\u0e01 \u0e17\u0e35\u0e48\u0e22\u0e31\u0e07\u0e2b\u0e22\u0e31\u0e14\u0e22\u0e37\u0e19\u0e2d\u0e22\u0e39\u0e48\u0e17\u0e48\u0e32\u0e21\u0e01\u0e25\u0e32\u0e07\u0e2a\u0e34\u0e48\u0e07\u0e41\u0e27\u2026", "hashtags": ["#\u0e04\u0e27\u0e32\u0e21\u0e22\u0e34\u0e48\u0e07\u0e43\u0e2b\u0e0d\u0e48", "#\u0e2b\u0e31\u0e27\u0e43\u0e08\u0e19\u0e31\u0e01\u0e2a\u0e39\u0e49"], "topic": "environment", "tweet_urls": ["https://t.co/7HsD52bR4E"], "date": {"hour": 6, "month": 11, "iso": "2018-11-10T06:43:26", "year": 2018, "day": 10, "minute": 43}, "geo": {"type": "Point", "coordinates": [13.7519175, 100.53961464]}, "id": 1061147300758573056, "lang": "th", "emoticons": [], "user_id": 104591445, "coordinates": {"type": "Point", "coordinates": [100.53961464, 13.7519175]}, "source": "Instagram", "location": "Bancock", "mentions": []}, {"truncated": true, "text": "\u0e19\u0e48\u0e32\u0e08\u0e30\u0e1f\u0e49\u0e2d\u0e07\u0e28\u0e32\u0e25\u0e1b\u0e01\u0e04\u0e23\u0e2d\u0e07\u0e17\u0e31\u0e49\u0e07\u0e23\u0e31\u0e10\u0e1a\u0e32\u0e25 \u0e01\u0e17\u0e21. \u0e2a\u0e1c. \u0e17\u0e35\u0e48\u0e2a\u0e23\u0e49\u0e32\u0e07\u0e2a\u0e34\u0e48\u0e07\u0e1b\u0e25\u0e39\u0e01\u0e2a\u0e23\u0e49\u0e32\u0e07\u0e23\u0e38\u0e01\u0e25\u0e49\u0e33\u0e41\u0e21\u0e48\u0e19\u0e49\u0e33 \u0e17\u0e33\u0e25\u0e32\u0e22\u0e2a\u0e34\u0e48\u0e07\u0e41\u0e27\u0e14\u0e25\u0e49\u0e2d\u0e21 \u0e17\u0e33\u0e25\u0e32\u0e22\u0e1b\u0e23\u0e30\u0e27\u0e31\u0e15\u0e34\u0e28\u0e32\u2026", "hashtags": [], "topic": "environment", "tweet_urls": ["https://t.co/jAV17L3MDx"], "date": {"hour": 4, "month": 11, "iso": "2018-11-10T04:36:37", "year": 2018, "day": 10, "minute": 36}, "geo": null, "id": 1061115388014936064, "lang": "th", "emoticons": [], "user_id": 1672481593, "coordinates": null, "source": "Twitter for Android", "location": "Bancock", "mentions": ["@prachachat"]}, {"truncated": false, "text": "\u0e1a\u0e32\u0e07\u0e17\u0e35\u0e2a\u0e34\u0e48\u0e07\u0e41\u0e27\u0e14\u0e25\u0e49\u0e2d\u0e21\u0e21\u0e31\u0e19\u0e01\u0e47\u0e21\u0e35\u0e1c\u0e25\u0e43\u0e2b\u0e49\u0e08\u0e34\u0e15\u0e43\u0e08\u0e41\u0e22\u0e48\u0e25\u0e07\u0e17\u0e38\u0e01\u0e27\u0e31\u0e19", "hashtags": [], "topic": "environment", "tweet_urls": [], "date": {"hour": 4, "month": 11, "iso": "2018-11-10T04:14:56", "year": 2018, "day": 10, "minute": 14}, "geo": null, "id": 1061109931686866944, "lang": "th", "emoticons": [], "user_id": 3290239801, "coordinates": null, "source": "Twitter Web Client", "location": "Bancock", "mentions": []}, {"truncated": true, "text": "\u0e01\u0e39\u0e07\u0e07\u0e01\u0e31\u0e1a\u0e04\u0e27\u0e32\u0e21\u0e23\u0e31\u0e01\u0e02\u0e2d\u0e07\u0e04\u0e19\u0e1a\u0e49\u0e32\u0e07\u0e04\u0e19\u0e2d\u0e48\u0e30 \u0e40\u0e02\u0e32\u0e23\u0e31\u0e01\u0e01\u0e31\u0e19\u0e08\u0e23\u0e34\u0e07\u0e46\u0e43\u0e0a\u0e48\u0e21\u0e31\u0e49\u0e22 \u0e23\u0e31\u0e01\u0e01\u0e31\u0e19\u0e2d\u0e48\u0e30\u0e23\u0e39\u0e49\u0e41\u0e25\u0e49\u0e27\u0e0a\u0e48\u0e27\u0e22\u0e14\u0e39\u0e2a\u0e34\u0e48\u0e07\u0e41\u0e27\u0e14\u0e25\u0e49\u0e2d\u0e21\u0e2b\u0e19\u0e48\u0e2d\u0e22\u0e44\u0e14\u0e49\u0e21\u0e31\u0e49\u0e22\u0e40\u0e02\u0e32\u0e44\u0e21\u0e48\u0e40\u0e04\u0e32\u0e23\u0e1e\u0e1e\u0e48\u0e2d\u0e41\u0e21\u0e48\u0e40\u0e23\u2026", "hashtags": [], "topic": "environment", "tweet_urls": ["https://t.co/H63XPLuqWM"], "date": {"hour": 14, "month": 11, "iso": "2018-11-09T14:37:23", "year": 2018, "day": 9, "minute": 37}, "geo": null, "id": 1060904185044987904, "lang": "th", "emoticons": [], "user_id": 718061060859633664, "coordinates": null, "source": "Twitter for Android", "location": "Bancock", "mentions": []}, {"truncated": true, "text": "\u0e1c\u0e39\u0e49\u0e40\u0e1b\u0e47\u0e19\u0e21\u0e34\u0e15\u0e23\u0e01\u0e30\u0e2a\u0e34\u0e48\u0e07\u0e41\u0e27\u0e14\u0e25\u0e49\u0e2d\u0e21\u0e41\u0e25\u0e30\u0e04\u0e19\u0e23\u0e2d\u0e1a\u0e02\u0e49\u0e32\u0e07\u200b \u0e40\u0e2d\u0e32\u0e43\u0e08\u0e41\u0e21\u0e48\u0e44\u0e1b\u0e40\u0e25\u0e22\u0e04\u0e48\u0e30\u200b \u0e25\u0e07\u0e08\u0e32\u0e01\u0e40\u0e23\u0e37\u0e2d\u0e2b\u0e22\u0e38\u0e14\u0e43\u0e2b\u0e49\u0e16\u0e48\u0e32\u0e22\u0e23\u0e39\u0e1b\u0e08\u0e31\u0e1a\u0e21\u0e37\u0e2d\u0e01\u0e31\u0e1a\u0e0a\u0e48\u0e32\u0e07\u0e20\u0e32\u0e1e\u200b \u0e08\u0e31\u0e1a\u0e21\u0e37\u0e2d\u0e40\u0e01\u0e37\u0e2d\u0e1a\u2026", "hashtags": ["#SIWON"], "topic": "environment", "tweet_urls": ["https://t.co/XobZlM7gnn"], "date": {"hour": 13, "month": 11, "iso": "2018-11-09T13:26:36", "year": 2018, "day": 9, "minute": 26}, "geo": null, "id": 1060886372662136832, "lang": "th", "emoticons": [], "user_id": 988335947828805632, "coordinates": null, "source": "Twitter for Android", "location": "Bancock", "mentions": []}, {"truncated": false, "text": "\u0e40\u0e1c\u0e25\u0e2d\u0e46\u0e2a\u0e38\u0e14\u0e17\u0e49\u0e32\u0e22\u0e41\u0e25\u0e49\u0e27 \u0e21\u0e31\u0e19\u0e2d\u0e32\u0e08\u0e08\u0e30\u0e43\u0e0a\u0e49\u0e02\u0e49\u0e2d\u0e2d\u0e49\u0e32\u0e07\u0e19\u0e35\u0e49\u0e43\u0e19\u0e01\u0e32\u0e23\u0e21\u0e35\u0e40\u0e0b\u0e47\u0e01\u0e0b\u0e4c\u0e01\u0e31\u0e1a\u0e25\u0e39\u0e01\u0e41\u0e1a\u0e1a\u0e44\u0e21\u0e48\u0e43\u0e2a\u0e48\u0e16\u0e38\u0e07\u0e22\u0e32\u0e07\u0e40\u0e1e\u0e37\u0e48\u0e2d\u0e2a\u0e34\u0e48\u0e07\u0e41\u0e27\u0e14\u0e25\u0e49\u0e2d\u0e21\u0e21\u0e32\u0e01\u0e01\u0e27\u0e48\u0e32\u0e01\u0e32\u0e23\u0e17\u0e35\u0e48\u0e15\u0e49\u0e2d\u0e07\u0e43\u0e2b\u0e49\u0e25\u0e39\u0e01\u0e17\u0e19\u0e15\u0e31\u0e49\u0e07\u0e17\u0e49\u0e2d\u0e07\u0e40\u0e1b\u0e47\u0e19\u0e41\u0e21\u0e48\u0e04\u0e19\u0e01\u0e47\u0e44\u0e14\u0e49", "hashtags": [], "topic": "environment", "tweet_urls": [], "date": {"hour": 11, "month": 11, "iso": "2018-11-09T11:49:52", "year": 2018, "day": 9, "minute": 49}, "geo": null, "id": 1060862032143036416, "lang": "th", "emoticons": [], "user_id": 707601442052263936, "coordinates": null, "source": "Twitter for Android", "location": "Bancock", "mentions": []}, {"truncated": true, "text": "\u0e02\u0e49\u0e2d\u0e2a\u0e34\u0e1a\u0e2a\u0e32\u0e21 \u0e2d\u0e22\u0e48\u0e32\u0e04\u0e1a\u0e1c\u0e39\u0e49\u0e0a\u0e32\u0e22\u0e17\u0e35\u0e48\u0e40\u0e1b\u0e47\u0e19\u0e2a\u0e32\u0e22\u0e2d\u0e19\u0e38\u0e23\u0e31\u0e01\u0e29\u0e4c\u0e2a\u0e31\u0e15\u0e27\u0e4c\u0e41\u0e25\u0e30\u0e2a\u0e34\u0e48\u0e07\u0e41\u0e27\u0e14\u0e25\u0e49\u0e2d\u0e21\n\n\u0e04\u0e19\u0e1e\u0e27\u0e01\u0e19\u0e35\u0e49\u0e23\u0e31\u0e01\u0e25\u0e39\u0e01\u0e19\u0e49\u0e2d\u0e22\u0e01\u0e27\u0e48\u0e32\u0e2b\u0e21\u0e32 \u0e40\u0e2a\u0e37\u0e2d\u0e14\u0e33 \u0e2e\u0e32\u0e23\u0e31\u0e21\u0e40\u0e1a \u0e41\u0e25\u0e30\u0e15\u0e49\u0e19\u0e15\u0e35\u0e19\u0e40\u0e1b\u0e47\u0e14\u2026", "hashtags": [], "topic": "environment", "tweet_urls": ["https://t.co/zOiIBBrzMR"], "date": {"hour": 11, "month": 11, "iso": "2018-11-09T11:48:18", "year": 2018, "day": 9, "minute": 48}, "geo": null, "id": 1060861636372705280, "lang": "th", "emoticons": [], "user_id": 707601442052263936, "coordinates": null, "source": "Twitter for Android", "location": "Bancock", "mentions": []}, {"truncated": true, "text": "\u0e40\u0e2b\u0e21\u0e37\u0e2d\u0e19\u0e19\u0e49\u0e2d\u0e07\u0e40\u0e04\u0e49\u0e32\u0e40\u0e1b\u0e47\u0e19\u0e1c\u0e39\u0e49\u0e0a\u0e19\u0e30\u0e42\u0e04\u0e23\u0e07\u0e01\u0e32\u0e23\u0e23\u0e31\u0e01\u0e29\u0e32\u0e2a\u0e34\u0e48\u0e07\u0e41\u0e27\u0e14\u0e25\u0e49\u0e2d\u0e21 \u0e44\u0e14\u0e49\u0e40\u0e1b\u0e47\u0e19\u0e1c\u0e39\u0e49\u0e19\u0e33\u0e15\u0e31\u0e27\u0e41\u0e17\u0e19\u0e42\u0e04\u0e23\u0e07\u0e01\u0e32\u0e23\u0e1e\u0e31\u0e12\u0e19\u0e32\u0e40\u0e22\u0e32\u0e27\u0e0a\u0e19\u0e41\u0e25\u0e30\u0e2a\u0e34\u0e48\u0e07\u0e41\u0e27\u0e14\u0e25\u0e49\u0e2d\u0e21 \u0e17\u0e35\u0e48\u0e2a\u0e2d\u0e14\u0e04\u0e25\u0e49\u0e2d\u0e07\u0e01\u0e31\u0e1a\u0e40\u2026", "hashtags": [], "topic": "environment", "tweet_urls": ["https://t.co/jWKSAABpOZ"], "date": {"hour": 11, "month": 11, "iso": "2018-11-09T11:39:22", "year": 2018, "day": 9, "minute": 39}, "geo": null, "id": 1060859387386880000, "lang": "th", "emoticons": [], "user_id": 920950119666630657, "coordinates": null, "source": "Twitter for Android", "location": "Bancock", "mentions": []}, {"truncated": true, "text": "\"\u0e04\u0e13\u0e30\u0e1c\u0e39\u0e49\u0e1a\u0e23\u0e34\u0e2b\u0e32\u0e23\u0e2f \u0e1e\u0e23\u0e49\u0e2d\u0e21 \u0e40\u0e08\u0e49\u0e32\u0e2b\u0e19\u0e49\u0e32\u0e17\u0e35\u0e48\u0e01\u0e23\u0e30\u0e17\u0e23\u0e27\u0e07\u0e17\u0e23\u0e31\u0e1e\u0e22\u0e32\u0e01\u0e23\u0e18\u0e23\u0e23\u0e21\u0e0a\u0e32\u0e15\u0e34\u0e41\u0e25\u0e30\u0e2a\u0e34\u0e48\u0e07\u0e41\u0e27\u0e14\u0e25\u0e49\u0e2d\u0e21 \u0e16\u0e27\u0e32\u0e22\u0e1c\u0e49\u0e32\u0e1e\u0e23\u0e30\u0e01\u0e10\u0e34\u0e19\u0e1e\u0e23\u0e30\u0e23\u0e32\u0e0a\u0e17\u0e32\u0e19 \u0e27\u0e31\u0e14\u0e1a\u0e38\u0e1b\u0e1c\u0e32\u0e23\u0e32\u0e21 \u0e27\u0e23\u0e27\u0e34\u0e2b\u0e32\u0e23\"\u2026", "hashtags": [], "topic": "environment", "tweet_urls": ["https://t.co/TC726Jy5Lt"], "date": {"hour": 10, "month": 11, "iso": "2018-11-09T10:15:56", "year": 2018, "day": 9, "minute": 15}, "geo": null, "id": 1060838389795053569, "lang": "th", "emoticons": [], "user_id": 736382087763107840, "coordinates": null, "source": "Facebook", "location": "Bancock", "mentions": []}, {"truncated": true, "text": "\u201c\u0e44\u0e21\u0e48\u0e27\u0e48\u0e32\u0e40\u0e23\u0e32\u0e08\u0e30\u0e17\u0e33\u0e07\u0e32\u0e19\u0e2a\u0e32\u0e22\u0e07\u0e32\u0e19\u0e44\u0e2b\u0e19\u0e01\u0e47\u0e15\u0e32\u0e21 \u0e40\u0e23\u0e32\u0e01\u0e47\u0e15\u0e49\u0e2d\u0e07\u0e15\u0e48\u0e2d\u0e2a\u0e39\u0e49\u0e01\u0e31\u0e1a\u0e17\u0e31\u0e49\u0e07\u0e15\u0e31\u0e27\u0e40\u0e2d\u0e07 \u0e2a\u0e34\u0e48\u0e07\u0e41\u0e27\u0e14\u0e25\u0e49\u0e2d\u0e21 \u0e2d\u0e38\u0e1b\u0e2a\u0e23\u0e23\u0e04 \u0e40\u0e1e\u0e23\u0e32\u0e30\u0e09\u0e30\u0e19\u0e31\u0e49\u0e19\u0e04\u0e38\u0e13\u0e2a\u0e21\u0e1a\u0e31\u0e15\u0e34\u0e2b\u0e19\u0e36\u0e48\u0e07\u0e04\u0e37\u0e2d\u0e40\u0e23\u0e32\u0e15\u0e49\u0e2d\u2026", "hashtags": [], "topic": "environment", "tweet_urls": ["https://t.co/Xf5dDrWXbR"], "date": {"hour": 9, "month": 11, "iso": "2018-11-09T09:30:00", "year": 2018, "day": 9, "minute": 30}, "geo": null, "id": 1060826831883026432, "lang": "th", "emoticons": [], "user_id": 81794150, "coordinates": null, "source": "TweetDeck", "location": "Bancock", "mentions": []}, {"truncated": true, "text": "\"\u0e42\u0e15\u0e42\u0e22\u0e15\u0e49\u0e32 \u0e08\u0e31\u0e14\u0e01\u0e34\u0e08\u0e01\u0e23\u0e23\u0e21\u0e40\u0e1e\u0e37\u0e48\u0e2d\u0e2a\u0e34\u0e48\u0e07\u0e41\u0e27\u0e14\u0e25\u0e49\u0e2d\u0e21\"\u0e40\u0e21\u0e37\u0e2d\u0e07\u0e2a\u0e35\u0e40\u0e02\u0e35\u0e22\u0e27\u0e2d\u0e22\u0e38\u0e18\u0e22\u0e32\"\"", "hashtags": [], "topic": "environment", "tweet_urls": ["https://t.co/ecwkYF9nKj\u0e02\u0e48\u0e32\u0e27\u0e40\u0e28\u0e23\u0e29\u0e10\u0e01\u0e34\u0e08/81261/\u0e42\u0e15\u0e42\u0e22\u0e15\u0e49\u0e32-\u0e08\u0e31\u0e14\u0e01\u0e34\u0e08\u0e01\u0e23\u2026", "https://t.co/pHOMMDMLep"], "date": {"hour": 8, "month": 11, "iso": "2018-11-09T08:00:27", "year": 2018, "day": 9, "minute": 0}, "geo": null, "id": 1060804297368260608, "lang": "th", "emoticons": [], "user_id": 109501449, "coordinates": null, "source": "IFTTT", "location": "Bancock", "mentions": []}, {"truncated": true, "text": "\u0e14\u0e39\u0e08\u0e32\u0e01\u0e04\u0e27\u0e32\u0e21\u0e19\u0e48\u0e32\u0e23\u0e31\u0e01\u0e02\u0e2d\u0e07 \u0e41\u0e25\u0e30\u0e04\u0e27\u0e32\u0e21\u0e21\u0e35\u0e2a\u0e31\u0e21\u0e21\u0e32\u0e04\u0e32\u0e23\u0e27\u0e30\u0e02\u0e2d\u0e07\u0e19\u0e49\u0e2d\u0e07\u0e46\u0e2d\u0e01\u0e0b\u0e41\u0e25\u0e49\u0e27\u0e44\u0e21\u0e48\u0e40\u0e02\u0e49\u0e32\u0e43\u0e08\u0e40\u0e25\u0e22\u0e27\u0e48\u0e32\u0e17\u0e33\u0e44\u0e21\u0e16\u0e36\u0e07\u0e21\u0e48\u0e32\u0e44\u0e14\u0e49\u0e25\u0e07\u0e04\u0e2d \u0e2a\u0e33\u0e2b\u0e23\u0e31\u2026", "hashtags": ["#\u0e41\u0e1a\u0e21\u0e41\u0e1a\u0e21"], "topic": "environment", "tweet_urls": ["https://t.co/ceMnGWRNMu"], "date": {"hour": 6, "month": 11, "iso": "2018-11-09T06:41:02", "year": 2018, "day": 9, "minute": 41}, "geo": null, "id": 1060784309882118144, "lang": "th", "emoticons": [], "user_id": 727001762637336576, "coordinates": null, "source": "Twitter for Android", "location": "Bancock", "mentions": ["@BAMYUG_YUGMARK"]}, {"truncated": true, "text": "\u0e17\u0e35\u0e48\u0e2d\u0e22\u0e32\u0e01\u0e08\u0e30\u0e1a\u0e2d\u0e01\u0e04\u0e37\u0e2d\u0e25\u0e14\u0e44\u0e14\u0e49\u0e01\u0e47\u0e0a\u0e48\u0e27\u0e22\u0e01\u0e31\u0e19\u0e40\u0e16\u0e2d\u0e30 \u0e2d\u0e22\u0e48\u0e32\u0e07\u0e19\u0e49\u0e2d\u0e22\u0e44\u0e21\u0e48\u0e23\u0e31\u0e1a\u0e16\u0e38\u0e07\u0e43\u0e19\u0e40\u0e0b\u0e40\u0e27\u0e48\u0e19\u0e2b\u0e23\u0e37\u0e2d\u0e40\u0e2d\u0e32\u0e16\u0e38\u0e07\u0e1c\u0e49\u0e32\u0e44\u0e1b\u0e0b\u0e37\u0e49\u0e2d\u0e02\u0e2d\u0e07 \u0e2a\u0e34\u0e48\u0e07\u0e40\u0e25\u0e47\u0e01\u0e46 \u0e40\u0e2b\u0e25\u0e48\u0e32\u0e19\u0e35\u0e49 \u0e16\u0e49\u0e32\u0e17\u0e38\u0e01\u0e04\u0e19\u0e17\u0e33\u0e44\u0e14\u0e49\u2026", "hashtags": [], "topic": "environment", "tweet_urls": ["https://t.co/TrKD2eVdsY"], "date": {"hour": 5, "month": 11, "iso": "2018-11-09T05:02:43", "year": 2018, "day": 9, "minute": 2}, "geo": null, "id": 1060759569054355456, "lang": "th", "emoticons": [], "user_id": 1059315692, "coordinates": null, "source": "Twitter Web Client", "location": "Bancock", "mentions": []}, {"truncated": true, "text": "\u0e0a\u0e2d\u0e1a\u0e40\u0e2b\u0e47\u0e19\u0e2d\u0e30\u0e44\u0e23\u0e41\u0e1a\u0e1a\u0e19\u0e35\u0e49\u0e2d\u0e48\u0e30 \u0e40\u0e23\u0e37\u0e48\u0e2d\u0e07\u0e1e\u0e27\u0e01\u0e19\u0e35\u0e49\u0e21\u0e31\u0e19\u0e41\u0e2a\u0e14\u0e07\u0e16\u0e36\u0e07\u0e04\u0e27\u0e32\u0e21\u0e23\u0e31\u0e1a\u0e1c\u0e34\u0e14\u0e0a\u0e2d\u0e1a\u0e02\u0e2d\u0e07\u0e40\u0e23\u0e32\u0e15\u0e48\u0e2d\u0e2a\u0e34\u0e48\u0e07\u0e41\u0e27\u0e14\u0e25\u0e49\u0e2d\u0e21\u0e08\u0e23\u0e34\u0e07\u0e46 \u0e19\u0e30 \u0e25\u0e2d\u0e07\u0e04\u0e34\u0e14\u0e07\u0e48\u0e32\u0e22\u0e46 \u0e16\u0e49\u0e32\u0e25\u0e14\u0e16\u0e38\u0e07\u0e01\u0e31\u0e19\u0e44\u0e14\u0e49\u0e41\u0e04\u0e48\u0e04\u2026", "hashtags": [], "topic": "environment", "tweet_urls": ["https://t.co/ZeT6s1RCHA"], "date": {"hour": 4, "month": 11, "iso": "2018-11-09T04:58:09", "year": 2018, "day": 9, "minute": 58}, "geo": null, "id": 1060758418816823297, "lang": "th", "emoticons": [], "user_id": 1059315692, "coordinates": null, "source": "Twitter Web Client", "location": "Bancock", "mentions": []}, {"truncated": true, "text": "\u0e0a\u0e48\u0e27\u0e07\u0e19\u0e35\u0e49\u0e21\u0e35\u0e01\u0e32\u0e23\u0e23\u0e13\u0e23\u0e07\u0e04\u0e4c \" \u0e25\u0e14 \u0e41\u0e25\u0e30 \u0e40\u0e25\u0e34\u0e01 \u0e43\u0e0a\u0e49\u0e16\u0e38\u0e07\u0e1e\u0e25\u0e32\u0e2a\u0e15\u0e34\u0e01\" \u0e21\u0e32\u0e01\u0e02\u0e36\u0e49\u0e19 \u0e40\u0e25\u0e22\u0e40\u0e2d\u0e32\u0e04\u0e33\u0e27\u0e48\u0e32 ( \u0e16\u0e38\u0e07\u0e1e\u0e25\u0e32\u0e2a\u0e15\u0e34\u0e01 \u0e40\u0e23\u0e35\u0e22\u0e01\u0e27\u0e48\u0e32 \u5851\u6599\u888b s\u00f9li\u00e0od\u00e0i )\u0e21\u0e32\u0e1d\u0e32\u0e01\u0e01\u0e31\u0e19 \u0e2d\u2026", "hashtags": [], "topic": "environment", "tweet_urls": ["https://t.co/CoPq1SEspX"], "date": {"hour": 3, "month": 11, "iso": "2018-11-09T03:04:24", "year": 2018, "day": 9, "minute": 4}, "geo": null, "id": 1060729790519365634, "lang": "th", "emoticons": [], "user_id": 1043862150890967040, "coordinates": null, "source": "Twitter for Android", "location": "Bancock", "mentions": []}, {"truncated": true, "text": "\u0e1f\u0e31\u0e07\u0e02\u0e48\u0e32\u0e27\u0e23\u0e31\u0e10\u0e1a\u0e32\u0e25\u0e40\u0e01\u0e34\u0e14\u0e23\u0e31\u0e01\u0e2a\u0e38\u0e02\u0e20\u0e32\u0e1e \u0e23\u0e31\u0e01\u0e2a\u0e34\u0e48\u0e07\u0e41\u0e27\u0e14\u0e25\u0e49\u0e2d\u0e21\u0e02\u0e36\u0e49\u0e19\u0e21\u0e32 \u0e01\u0e33\u0e25\u0e31\u0e07\u0e08\u0e30\u0e02\u0e36\u0e49\u0e19\u0e20\u0e32\u0e29\u0e35\n- \u0e20\u0e32\u0e29\u0e35\u0e04\u0e27\u0e32\u0e21\u0e40\u0e04\u0e47\u0e21 \u0e27\u0e31\u0e14\u0e08\u0e32\u0e01\u0e1b\u0e23\u0e34\u0e21\u0e32\u0e13\u0e42\u0e0b\u0e40\u0e14\u0e35\u0e22\u0e21\n-\u0e20\u0e32\u0e29\u0e35\u0e04\u0e27\u0e32\u0e21\u0e21\u0e31\u0e19 \u0e27\u0e31\u0e14\u2026", "hashtags": [], "topic": "environment", "tweet_urls": ["https://t.co/NJ8qDR90Xi"], "date": {"hour": 1, "month": 11, "iso": "2018-11-09T01:05:43", "year": 2018, "day": 9, "minute": 5}, "geo": null, "id": 1060699923165806592, "lang": "th", "emoticons": [], "user_id": 103560431, "coordinates": null, "source": "Twitter for Android", "location": "Bancock", "mentions": []}, {"truncated": true, "text": "\u0e2d\u0e22\u0e48\u0e32\u0e40\u0e2d\u0e32\u0e01\u0e32\u0e23\u0e14\u0e33\u0e40\u0e19\u0e34\u0e19\u0e0a\u0e35\u0e27\u0e34\u0e15\u0e02\u0e2d\u0e07\u0e40\u0e04\u0e49\u0e32 \u0e21\u0e32\u0e40\u0e17\u0e35\u0e22\u0e1a\u0e01\u0e31\u0e1a\u0e01\u0e32\u0e23\u0e14\u0e33\u0e40\u0e19\u0e34\u0e19\u0e0a\u0e35\u0e27\u0e34\u0e15\u0e02\u0e2d\u0e07\u0e40\u0e23\u0e32\u0e40\u0e2d\u0e07 \u0e04\u0e19\u0e40\u0e23\u0e32\u0e40\u0e01\u0e34\u0e14\u0e21\u0e32\u0e15\u0e48\u0e32\u0e07\u0e01\u0e31\u0e19 \u0e44\u0e21\u0e48\u0e27\u0e48\u0e32\u0e08\u0e30\u0e10\u0e32\u0e19\u0e30\u0e17\u0e32\u0e07\u0e1a\u0e49\u0e32\u0e19 \u0e04\u0e23\u0e2d\u0e1a\u0e04\u0e23\u0e31\u0e27 \u0e2a\u0e34\u0e48\u0e07\u2026", "hashtags": [], "topic": "environment", "tweet_urls": ["https://t.co/kNeIHL4Dty"], "date": {"hour": 0, "month": 11, "iso": "2018-11-09T00:54:41", "year": 2018, "day": 9, "minute": 54}, "geo": null, "id": 1060697145903218688, "lang": "th", "emoticons": [], "user_id": 57887024, "coordinates": null, "source": "Twitter for iPhone", "location": "Bancock", "mentions": []}, {"truncated": true, "text": "\u0e40\u0e14\u0e47\u0e01\u0e04\u0e19\u0e19\u0e35\u0e49\u0e40\u0e1b\u0e47\u0e19\u0e40\u0e04\u0e23\u0e37\u0e48\u0e2d\u0e07\u0e1c\u0e25\u0e34\u0e15\u0e04\u0e27\u0e32\u0e21\u0e19\u0e48\u0e32\u0e23\u0e31\u0e01\u0e04\u0e48\u0e30 \u0e19\u0e48\u0e32\u0e23\u0e31\u0e01\u0e44\u0e14\u0e49\u0e17\u0e38\u0e01\u0e40\u0e27\u0e25\u0e32\u0e17\u0e38\u0e01\u0e07\u0e32\u0e19 \u0e40\u0e1b\u0e47\u0e19\u0e21\u0e34\u0e15\u0e23\u0e01\u0e31\u0e1a\u0e2a\u0e34\u0e48\u0e07\u0e41\u0e27\u0e14\u0e25\u0e49\u0e2d\u0e21\u0e2a\u0e38\u0e14\u0e46 \u0e40\u0e27\u0e25\u0e32\u0e40\u0e23\u0e35\u0e22\u0e19\u0e40\u0e2b\u0e19\u0e37\u0e48\u0e2d\u2026", "hashtags": [], "topic": "environment", "tweet_urls": ["https://t.co/XCKvlfhwin"], "date": {"hour": 15, "month": 11, "iso": "2018-11-08T15:49:28", "year": 2018, "day": 8, "minute": 49}, "geo": null, "id": 1060559938961821696, "lang": "th", "emoticons": [], "user_id": 1519090094, "coordinates": null, "source": "Twitter for Android", "location": "Bancock", "mentions": ["@ggthpm1999"]}, {"truncated": true, "text": "\u0e04\u0e37\u0e2d\u0e16\u0e49\u0e32\u0e40\u0e25\u0e48\u0e32\u0e17\u0e35\u0e48\u0e14\u0e35\u0e14\u0e35\u0e2b\u0e19\u0e48\u0e2d\u0e22\u0e01\u0e47\u0e16\u0e37\u0e2d\u0e27\u0e48\u0e32\u0e0b\u0e37\u0e49\u0e2d\u0e2a\u0e31\u0e07\u0e04\u0e21 \u0e0b\u0e37\u0e49\u0e2d\u0e2a\u0e34\u0e48\u0e07\u0e41\u0e27\u0e14\u0e25\u0e49\u0e2d\u0e21 \u0e0b\u0e37\u0e49\u0e2d\u0e04\u0e27\u0e32\u0e21\u0e1b\u0e25\u0e2d\u0e14\u0e20\u0e31\u0e22\u0e44\u0e1b \u0e44\u0e21\u0e48\u0e2d\u0e22\u0e32\u0e01\u0e40\u0e2d\u0e32\u0e0a\u0e35\u0e27\u0e34\u0e15\u0e44\u0e1b\u0e40\u0e2a\u0e35\u0e48\u0e22\u0e07\u0e01\u0e31\u0e1a\u0e2d\u0e30\u0e44\u0e23\u0e41\u0e1a\u0e1a\u0e19\u0e35\u0e49\u0e40\u0e25\u0e22\u0e2d\u0e30\u2026", "hashtags": [], "topic": "environment", "tweet_urls": ["https://t.co/ZOFjjl7tU4"], "date": {"hour": 15, "month": 11, "iso": "2018-11-08T15:31:13", "year": 2018, "day": 8, "minute": 31}, "geo": null, "id": 1060555344965885952, "lang": "th", "emoticons": [], "user_id": 253860171, "coordinates": null, "source": "Twitter for iPhone", "location": "Bancock", "mentions": []}, {"truncated": false, "text": "\u0e40\u0e21\u0e37\u0e48\u0e2d\u0e2d\u0e07\u0e04\u0e4c\u0e01\u0e23\u0e2a\u0e34\u0e48\u0e07\u0e41\u0e27\u0e14\u0e25\u0e49\u0e2d\u0e21\u0e02\u0e49\u0e32\u0e21\u0e0a\u0e32\u0e15\u0e34\u0e2b\u0e48\u0e27\u0e07\u0e43\u0e22\u0e43\u0e19\u0e2a\u0e34\u0e48\u0e07\u0e41\u0e27\u0e14\u0e25\u0e49\u0e2d\u0e21\u0e21\u0e32\u0e01\u0e40\u0e2a\u0e35\u0e22\u0e22\u0e34\u0e48\u0e07\u0e01\u0e27\u0e48\u0e32\u0e2a\u0e34\u0e17\u0e18\u0e34\u0e21\u0e19\u0e38\u0e29\u0e22\u0e0a\u0e19\u0e0a\u0e32\u0e15\u0e34\u0e1e\u0e31\u0e19\u0e18\u0e4c\u0e01\u0e25\u0e38\u0e48\u0e21\u0e19\u0e49\u0e2d\u0e22", "hashtags": [], "topic": "environment", "tweet_urls": ["https://t.co/9ZXidDUsr5"], "date": {"hour": 15, "month": 11, "iso": "2018-11-08T15:19:42", "year": 2018, "day": 8, "minute": 19}, "geo": null, "id": 1060552447125446656, "lang": "th", "emoticons": [], "user_id": 61494563, "coordinates": null, "source": "Twitter Lite", "location": "Bancock", "mentions": []}, {"truncated": true, "text": "\u0e02\u0e2d\u0e15\u0e49\u0e2d\u0e19\u0e23\u0e31\u0e1a\u0e19\u0e31\u0e01\u0e40\u0e23\u0e35\u0e22\u0e19\u0e40\u0e04\u0e23\u0e37\u0e2d\u0e02\u0e48\u0e32\u0e22\u0e2b\u0e49\u0e2d\u0e07\u0e40\u0e23\u0e35\u0e22\u0e19\u0e1e\u0e34\u0e40\u0e28\u0e29\u0e20\u0e32\u0e04\u0e40\u0e2b\u0e19\u0e37\u0e2d\u0e15\u0e2d\u0e19\u0e1a\u0e19 \u0e08\u0e33\u0e19\u0e19\u0e27\u0e19 \u0e52\u0e53 \u0e42\u0e23\u0e07\u0e40\u0e23\u0e35\u0e22\u0e19 \u0e40\u0e02\u0e49\u0e32\u0e2a\u0e39\u0e48\u0e04\u0e48\u0e32\u0e22\u0e1a\u0e39\u0e23\u0e13\u0e32\u0e01\u0e32\u0e23\u0e2b\u0e49\u0e2d\u0e07\u0e40\u0e23\u0e35\u0e22\u0e19\u0e1e\u0e34\u0e40\u0e28\u0e29\u0e27\u0e34\u0e17\u0e22\u0e32\u0e28\u0e32\u0e2a\u0e15\u2026", "hashtags": [], "topic": "environment", "tweet_urls": ["https://t.co/13N9NfuOuJ"], "date": {"hour": 8, "month": 11, "iso": "2018-11-08T08:31:50", "year": 2018, "day": 8, "minute": 31}, "geo": null, "id": 1060449803887243264, "lang": "th", "emoticons": [], "user_id": 610193717, "coordinates": null, "source": "Facebook", "location": "Bancock", "mentions": []}, {"truncated": true, "text": "\u0e02\u0e2d\u0e15\u0e49\u0e2d\u0e19\u0e23\u0e31\u0e1a\u0e19\u0e31\u0e01\u0e40\u0e23\u0e35\u0e22\u0e19\u0e40\u0e04\u0e23\u0e37\u0e2d\u0e02\u0e48\u0e32\u0e22\u0e2b\u0e49\u0e2d\u0e07\u0e40\u0e23\u0e35\u0e22\u0e19\u0e1e\u0e34\u0e40\u0e28\u0e29\u0e20\u0e32\u0e04\u0e40\u0e2b\u0e19\u0e37\u0e2d\u0e15\u0e2d\u0e19\u0e1a\u0e19 \u0e08\u0e33\u0e19\u0e19\u0e27\u0e19 \u0e52\u0e53 \u0e42\u0e23\u0e07\u0e40\u0e23\u0e35\u0e22\u0e19 \u0e40\u0e02\u0e49\u0e32\u0e2a\u0e39\u0e48\u0e04\u0e48\u0e32\u0e22\u0e1a\u0e39\u0e23\u0e13\u0e32\u0e01\u0e32\u0e23\u0e2b\u0e49\u0e2d\u0e07\u0e40\u0e23\u0e35\u0e22\u0e19\u0e1e\u0e34\u0e40\u0e28\u0e29\u0e27\u0e34\u0e17\u0e22\u0e32\u0e28\u0e32\u0e2a\u0e15\u2026", "hashtags": [], "topic": "environment", "tweet_urls": ["https://t.co/RvIGtCSpOZ"], "date": {"hour": 8, "month": 11, "iso": "2018-11-08T08:24:49", "year": 2018, "day": 8, "minute": 24}, "geo": null, "id": 1060448041159680000, "lang": "th", "emoticons": [], "user_id": 610193717, "coordinates": null, "source": "Facebook", "location": "Bancock", "mentions": []}, {"truncated": true, "text": "\u0e40\u0e23\u0e32\u0e08\u0e30\u0e21\u0e32\u0e1e\u0e39\u0e14\u0e40\u0e23\u0e37\u0e48\u0e2d\u0e07 \u0e40\u0e23\u0e32\u0e40\u0e1b\u0e47\u0e19\u0e04\u0e19\u0e19\u0e36\u0e07\u0e17\u0e35\u0e48\u0e40\u0e04\u0e22\u0e2b\u0e21\u0e14\u0e41\u0e1e\u0e2a\u0e0a\u0e31\u0e48\u0e19\u0e43\u0e19\u0e15\u0e31\u0e27\u0e1c\u0e0a\u0e17\u0e35\u0e48\u0e40\u0e04\u0e22\u0e04\u0e1a \u0e40\u0e23\u0e32\u0e04\u0e1a\u0e01\u0e31\u0e19\u0e21\u0e32\u0e19\u0e32\u0e19\u0e2d\u0e22\u0e39\u0e48\u0e19\u0e30 \u0e41\u0e15\u0e48\u0e1e\u0e2d\u0e21\u0e32\u0e27\u0e31\u0e19\u0e19\u0e36\u0e07\u0e40\u0e23\u0e32\u0e40\u0e23\u0e34\u0e48\u0e21\u2026", "hashtags": ["#\u0e2b\u0e21\u0e14passion"], "topic": "environment", "tweet_urls": ["https://t.co/rPcLeND80M"], "date": {"hour": 7, "month": 11, "iso": "2018-11-08T07:52:27", "year": 2018, "day": 8, "minute": 52}, "geo": null, "id": 1060439896433651712, "lang": "th", "emoticons": [], "user_id": 271850798, "coordinates": null, "source": "Twitter for iPhone", "location": "Bancock", "mentions": []}, {"truncated": false, "text": "\u0e2b\u0e19\u0e38\u0e48\u0e21\u0e44\u0e2d\u0e40\u0e14\u0e35\u0e22\u0e40\u0e08\u0e4b\u0e07! \u0e40\u0e1b\u0e25\u0e35\u0e48\u0e22\u0e19\u0e02\u0e22\u0e30\u0e40\u0e1b\u0e47\u0e19\u0e2a\u0e34\u0e48\u0e07\u0e1b\u0e23\u0e30\u0e14\u0e34\u0e29\u0e10\u0e4c\u0e1c\u0e39\u0e01\u0e21\u0e34\u0e15\u0e23\u0e01\u0e31\u0e1a\u0e2a\u0e34\u0e48\u0e07\u0e41\u0e27\u0e14\u0e25\u0e49\u0e2d\u0e21\u0e2a\u0e23\u0e49\u0e32\u0e07\u0e23\u0e32\u0e22\u0e44\u0e14\u0e49\u0e07\u0e32\u0e21\n\nhttps://t.co/fOVVcusCyh", "hashtags": [], "topic": "environment", "tweet_urls": ["https://t.co/fOVVcusCyh"], "date": {"hour": 7, "month": 11, "iso": "2018-11-08T07:07:57", "year": 2018, "day": 8, "minute": 7}, "geo": null, "id": 1060428697600225280, "lang": "th", "emoticons": [], "user_id": 1669994028, "coordinates": null, "source": "Facebook", "location": "Bancock", "mentions": []}, {"truncated": true, "text": "\u0e44\u0e21\u0e48\u0e2d\u0e22\u0e32\u0e01\u0e25\u0e37\u0e21\u0e15\u0e32\u0e15\u0e37\u0e48\u0e19\u0e02\u0e36\u0e49\u0e19\u0e21\u0e32\u0e23\u0e31\u0e1a\u0e23\u0e39\u0e49\u0e40\u0e23\u0e37\u0e48\u0e2d\u0e07\u0e23\u0e32\u0e27\u0e17\u0e35\u0e48\u0e21\u0e31\u0e19\u0e17\u0e33\u0e43\u0e2b\u0e49\u0e40\u0e08\u0e47\u0e1a\u0e1b\u0e27\u0e14\u0e40\u0e25\u0e22......\u0e2d\u0e22\u0e32\u0e01\u0e2b\u0e32\u0e22\u0e44\u0e1b\u0e08\u0e32\u0e01\u0e42\u0e25\u0e01\u0e17\u0e35\u0e48\u0e21\u0e31\u0e19\u0e42\u0e2b\u0e14\u0e23\u0e49\u0e32\u0e22\u0e19\u0e35\u0e49 \u0e44\u0e21\u0e48\u0e2d\u0e22\u0e32\u0e01\u0e23\u0e31\u0e1a\u0e23\u0e39\u0e49\u0e40\u0e23\u0e37\u0e48\u0e2d\u0e07\u2026", "hashtags": [], "topic": "environment", "tweet_urls": ["https://t.co/tPRL9S1KjP"], "date": {"hour": 5, "month": 11, "iso": "2018-11-08T05:44:54", "year": 2018, "day": 8, "minute": 44}, "geo": null, "id": 1060407796112404480, "lang": "th", "emoticons": [], "user_id": 66719693, "coordinates": null, "source": "Twitter for iPhone", "location": "Bancock", "mentions": []}, {"truncated": true, "text": "\u0e2d\u0e22\u0e32\u0e01\u0e40\u0e23\u0e35\u0e22\u0e19\u0e27\u0e34\u0e17\u0e22\u0e4c\u0e2a\u0e34\u0e48\u0e07\u0e41\u0e27\u0e14\u0e25\u0e49\u0e2d\u0e21 \u0e41\u0e15\u0e48\u0e25\u0e37\u0e21\u0e44\u0e1b\u0e1e\u0e2d\u0e40\u0e23\u0e32\u0e40\u0e02\u0e49\u0e32\u0e1b\u0e35 1 \u0e1e\u0e35\u0e48\u0e19\u0e49\u0e33\u0e2b\u0e19\u0e36\u0e48\u0e07\u0e01\u0e47\u0e2d\u0e2d\u0e01\u0e1e\u0e2d\u0e14\u0e35 \u0e41\u0e2e\u0e23\u0e48! 555 \u0e1b\u0e25.\u0e04\u0e13\u0e30\u0e19\u0e35\u0e49\u0e19\u0e48\u0e32\u0e40\u0e23\u0e35\u0e22\u0e19\u0e08\u0e23\u0e34\u0e07\u0e46\u0e19\u0e30 \u0e1a\u0e23\u0e23\u0e22\u0e32\u0e01\u0e32\u0e28\u0e04\u0e13\u0e30\u2026", "hashtags": [], "topic": "environment", "tweet_urls": ["https://t.co/sl93TNX03t"], "date": {"hour": 5, "month": 11, "iso": "2018-11-08T05:36:08", "year": 2018, "day": 8, "minute": 36}, "geo": null, "id": 1060405587291172864, "lang": "th", "emoticons": [], "user_id": 1051062032722608129, "coordinates": null, "source": "Twitter for Android", "location": "Bancock", "mentions": []}]