[{"truncated": false, "text": "\u2018Israeli sniper\u2019 shoots AP cameraman in PRESS vest as he films border protest", "hashtags": [], "topic": "unrest", "tweet_urls": ["https://t.co/qXVoySCgof"], "date": {"hour": 14, "month": 11, "iso": "2018-11-20T14:32:02", "year": 2018, "day": 20, "minute": 32}, "geo": null, "id": 1064889108311539722, "lang": "en", "emoticons": [], "user_id": 772742998593376257, "coordinates": null, "source": "Facebook", "id_str": "1064889108311539722", "mentions": [], "location": "Bancock"}, {"truncated": false, "text": "Ben \uff06 Jerry\u2019s Just Dropped a \u2018Pecan Resist\u2019 Flavor to Protest -", "hashtags": ["#Trump", "#PrescientInfo", "#America"], "topic": "unrest", "tweet_urls": ["https://t.co/nhuaXCn0Hm"], "date": {"hour": 9, "month": 11, "iso": "2018-11-20T09:10:12", "year": 2018, "day": 20, "minute": 10}, "geo": null, "id": 1064808114699075584, "lang": "en", "emoticons": [], "user_id": 3189238166, "coordinates": null, "source": "Prescie\u014bt Info", "id_str": "1064808114699075584", "mentions": [], "location": "Bancock"}, {"truncated": true, "text": "New post (Self-immolation. The ultimate Act of Protest, but why?) has been published on BangkokJack News -\u2026", "hashtags": [], "topic": "unrest", "tweet_urls": ["https://t.co/UMVLaCwevn"], "date": {"hour": 4, "month": 11, "iso": "2018-11-20T04:43:30", "year": 2018, "day": 20, "minute": 43}, "geo": null, "id": 1064740997370793984, "lang": "en", "emoticons": [], "user_id": 770563656635428864, "coordinates": null, "source": "BangkokJack", "id_str": "1064740997370793984", "mentions": [], "location": "Bancock"}, {"truncated": true, "text": "New post (Self-immolation. The ultimate Act of Protest, but why?) has been published on BangkokJack News -\u2026", "hashtags": [], "topic": "unrest", "tweet_urls": ["https://t.co/IxEJVEMDdI"], "date": {"hour": 4, "month": 11, "iso": "2018-11-20T04:43:28", "year": 2018, "day": 20, "minute": 43}, "geo": null, "id": 1064740989544189952, "lang": "en", "emoticons": [], "user_id": 2247516926, "coordinates": null, "source": "Twitter Asia ", "id_str": "1064740989544189952", "mentions": [], "location": "Bancock"}, {"truncated": true, "text": "Children may be wiser but wisest are the Nanis who fire from their 9 yr old's shoulders, knowing tha\u2026", "hashtags": [], "topic": "unrest", "tweet_urls": ["https://t.co/ZC5zI6jvCT"], "date": {"hour": 7, "month": 11, "iso": "2018-11-19T07:50:10", "year": 2018, "day": 19, "minute": 50}, "geo": null, "id": 1064425586049699842, "lang": "en", "emoticons": [], "user_id": 48441905, "coordinates": null, "source": "Twitter for Android", "id_str": "1064425586049699842", "mentions": ["@MyRantings123"], "location": "Bancock"}, {"truncated": true, "text": "She is as smart as a empty water bottle she\u2019s so smart she will protest the Tu\u2026", "hashtags": [], "topic": "unrest", "tweet_urls": ["https://t.co/hxUQYtdyEV"], "date": {"hour": 7, "month": 11, "iso": "2018-11-19T07:45:36", "year": 2018, "day": 19, "minute": 45}, "geo": null, "id": 1064424439108923392, "lang": "en", "emoticons": ["\ud83d\ude02"], "user_id": 976735615914946560, "coordinates": null, "source": "Twitter for iPad", "id_str": "1064424439108923392", "mentions": ["@charliekirk11", "@Ocasio2018"], "location": "Bancock"}, {"truncated": true, "text": "J\u2019apprends \u00e0 dire ce que je ressens vraiment,ce que j\u2019aime ou non et \u00e0 protester quand je ne suis pas d\u2019accord sur\u2026", "hashtags": [], "topic": "unrest", "tweet_urls": ["https://t.co/aGzKuWPAek"], "date": {"hour": 19, "month": 11, "iso": "2018-11-20T19:38:53", "year": 2018, "day": 20, "minute": 38}, "geo": null, "id": 1064966327784349696, "lang": "fr", "emoticons": [], "user_id": 1011231231382638593, "coordinates": null, "source": "Twitter for iPhone", "id_str": "1064966327784349696", "mentions": [], "location": "Bancock"}, {"truncated": false, "text": "\u0e40\u0e19\u0e35\u0e48\u0e22\u0e22 \u0e1e\u0e32\u0e01\u0e31\u0e19\u0e44\u0e1b\u0e1b\u0e23\u0e30\u0e17\u0e49\u0e27\u0e07", "hashtags": [], "topic": "unrest", "tweet_urls": [], "date": {"hour": 1, "month": 11, "iso": "2018-11-21T01:41:20", "year": 2018, "day": 21, "minute": 41}, "geo": null, "id": 1065057540889694209, "lang": "th", "emoticons": [], "user_id": 2190231444, "coordinates": null, "source": "Twitter for iPhone", "id_str": "1065057540889694209", "mentions": ["@Primmieme", "@motherfreakx"], "location": "Bancock"}, {"truncated": false, "text": "\u0e40\u0e18\u0e2d\u0e41\u0e1e\u0e49\u0e41\u0e25\u0e49\u0e27\u0e08\u0e30\u0e21\u0e32\u0e1b\u0e23\u0e30\u0e17\u0e49\u0e27\u0e07\u0e22\u0e36\u0e14\u0e02\u0e2d\u0e07\u0e08\u0e32\u0e01\u0e40\u0e02\u0e32\u0e19\u0e35\u0e48\u0e44\u0e21\u0e48\u0e40\u0e14\u0e47\u0e01\u0e19\u0e49\u0e2d\u0e22\u0e44\u0e1b\u0e2b\u0e19\u0e48\u0e2d\u0e22\u0e2b\u0e23\u0e2d?", "hashtags": [], "topic": "unrest", "tweet_urls": [], "date": {"hour": 23, "month": 11, "iso": "2018-11-20T23:36:57", "year": 2018, "day": 20, "minute": 36}, "geo": null, "id": 1065026241735012352, "lang": "th", "emoticons": [], "user_id": 825887872368599040, "coordinates": null, "source": "Twitter for Android", "id_str": "1065026241735012352", "mentions": [], "location": "Bancock"}, {"truncated": false, "text": "\u0e1b\u0e23\u0e30\u0e17\u0e49\u0e27\u0e07 \u0e02\u0e2d\u0e07\u0e14\u0e14\u0e39\u0e2a\u0e14+\u0e07\u0e14\u0e15\u0e34\u0e14\u0e41\u0e17\u0e47\u0e01\u0e17\u0e17\u0e17.\u0e43\u0e19\u0e17\u0e27\u0e34\u0e151\u0e40\u0e14\u0e37\u0e2d\u0e19", "hashtags": ["#\u0e17\u0e35\u0e21\u0e1e\u0e35\u0e48\u0e01\u0e2d\u0e25\u0e4c\u0e1f"], "topic": "unrest", "tweet_urls": [], "date": {"hour": 14, "month": 11, "iso": "2018-11-20T14:55:44", "year": 2018, "day": 20, "minute": 55}, "geo": null, "id": 1064895069780500480, "lang": "th", "emoticons": [], "user_id": 937868476013613057, "coordinates": null, "source": "Twitter for Android", "id_str": "1064895069780500480", "mentions": ["@gorfern"], "location": "Bancock"}, {"truncated": true, "text": "\u0e2a\u0e21\u0e31\u0e22\u0e22\u0e34\u0e48\u0e07\u0e25\u0e31\u0e01\u0e29\u0e4c\u0e21\u0e35\u0e1c\u0e39\u0e49\u0e0a\u0e38\u0e21\u0e19\u0e38\u0e21\u0e21\u0e32\u0e1b\u0e23\u0e30\u0e17\u0e49\u0e27\u0e07\u0e08\u0e19\u0e44\u0e21\u0e48\u0e2a\u0e32\u0e21\u0e32\u0e23\u0e16\u0e1a\u0e23\u0e34\u0e2b\u0e32\u0e23\u0e1b\u0e23\u0e30\u0e40\u0e17\u0e28\u0e44\u0e14\u0e49\u0e40\u0e02\u0e32\u0e01\u0e47\u0e22\u0e38\u0e1a\u0e2a\u0e20\u0e32\u0e04\u0e37\u0e19\u0e2d\u0e33\u0e19\u0e32\u0e08\u0e43\u0e2b\u0e49\u0e1b\u0e23\u0e0a\u0e32\u0e0a\u0e19 \u0e41\u0e15\u0e48\u0e2d\u0e20\u0e34\u0e2a\u0e34\u0e17\u0e18\u0e34\u0e4c\u0e44\u0e21\u0e48\u0e22\u0e38\u0e1a\u0e2a\u0e20\u0e32\u0e41\u0e25\u0e30\u0e1b\u0e23\u0e30\u2026", "hashtags": [], "topic": "unrest", "tweet_urls": ["https://t.co/BP6wBz0Fh1"], "date": {"hour": 13, "month": 11, "iso": "2018-11-20T13:20:13", "year": 2018, "day": 20, "minute": 20}, "geo": null, "id": 1064871034229219328, "lang": "th", "emoticons": [], "user_id": 882181546655928321, "coordinates": null, "source": "Twitter for Android", "id_str": "1064871034229219328", "mentions": [], "location": "Bancock"}, {"truncated": true, "text": "\u0e0a\u0e32\u0e27\u0e44\u0e2d\u0e23\u0e4c\u0e41\u0e25\u0e19\u0e14\u0e4c\u0e40\u0e14\u0e34\u0e19\u0e1b\u0e23\u0e30\u0e17\u0e49\u0e27\u0e07\u0e01\u0e32\u0e23\u0e22\u0e01\u0e1f\u0e49\u0e2d\u0e07\u0e04\u0e14\u0e35\u0e02\u0e48\u0e21\u0e02\u0e37\u0e19\u0e2a\u0e32\u0e27\u0e27\u0e31\u0e22 17 \u0e1b\u0e35 \u0e2b\u0e25\u0e31\u0e07\u0e1e\u0e1a\u0e27\u0e48\u0e32\u0e40\u0e2b\u0e22\u0e37\u0e48\u0e2d\u0e2a\u0e27\u0e21\u0e08\u0e35\u0e2a\u0e15\u0e23\u0e34\u0e07\u0e25\u0e32\u0e22\u0e25\u0e39\u0e01\u0e44\u0e21\u0e49 \u0e0b\u0e36\u0e48\u0e07\u0e14\u0e39\u0e40\u0e2b\u0e21\u0e37\u0e2d\u0e19\u0e40\u0e1b\u0e47\u0e19\u0e01\u0e32\u0e23\u0e22\u0e34\u0e19\u0e22\u0e2d\u0e21\u2026", "hashtags": [], "topic": "unrest", "tweet_urls": ["https://t.co/2kA2UNFs1N"], "date": {"hour": 10, "month": 11, "iso": "2018-11-20T10:30:06", "year": 2018, "day": 20, "minute": 30}, "geo": null, "id": 1064828223597342720, "lang": "th", "emoticons": [], "user_id": 3222105140, "coordinates": null, "source": "Facebook", "id_str": "1064828223597342720", "mentions": [], "location": "Bancock"}, {"truncated": false, "text": "\"\u0e1a\u0e34\u0e4a\u0e01\u0e15\u0e39\u0e48\" \u0e40\u0e04\u0e32\u0e30\u0e21\u0e32\u0e15\u0e23\u0e01\u0e32\u0e23\u0e2d\u0e38\u0e49\u0e21\u0e0a\u0e32\u0e27\u0e2a\u0e27\u0e19\u0e1b\u0e32\u0e25\u0e4c\u0e21-\u0e22\u0e32\u0e07 \u0e02\u0e2d\u0e2d\u0e22\u0e48\u0e32\u0e41\u0e15\u0e48\u0e1b\u0e23\u0e30\u0e17\u0e49\u0e27\u0e07 \u0e15\u0e49\u0e2d\u0e07\u0e40\u0e02\u0e49\u0e32\u0e43\u0e08\u0e1a\u0e23\u0e34\u0e1a\u0e17\u0e01\u0e32\u0e23\u0e04\u0e49\u0e32", "hashtags": [], "topic": "unrest", "tweet_urls": ["https://t.co/Z67twZgbXX"], "date": {"hour": 10, "month": 11, "iso": "2018-11-20T10:27:04", "year": 2018, "day": 20, "minute": 27}, "geo": null, "id": 1064827461051928576, "lang": "th", "emoticons": [], "user_id": 306804514, "coordinates": null, "source": "Twitter Web Client", "id_str": "1064827461051928576", "mentions": [], "location": "Bancock"}, {"truncated": false, "text": "\u0e19\u0e32\u0e22\u0e01\u0e2f\u0e02\u0e2d\u0e40\u0e01\u0e29\u0e15\u0e23\u0e01\u0e23\u0e2d\u0e22\u0e48\u0e32\u0e0a\u0e38\u0e21\u0e19\u0e38\u0e21\u0e1b\u0e23\u0e30\u0e17\u0e49\u0e27\u0e07 \u0e1e\u0e22\u0e32\u0e22\u0e32\u0e21\u0e40\u0e23\u0e48\u0e07\u0e41\u0e01\u0e49\u0e44\u0e02-\u0e21\u0e32\u0e15\u0e23\u0e01\u0e32\u0e23\u0e40\u0e22\u0e35\u0e22\u0e27\u0e22", "hashtags": ["#\u0e02\u0e48\u0e32\u0e27PNC"], "topic": "unrest", "tweet_urls": ["https://t.co/VAfB18fK7b", "https://t.co/aTNxNBaJPk"], "date": {"hour": 10, "month": 11, "iso": "2018-11-20T10:07:00", "year": 2018, "day": 20, "minute": 7}, "geo": null, "id": 1064822408635285504, "lang": "th", "emoticons": [], "user_id": 91053979, "coordinates": null, "source": "TweetDeck", "id_str": "1064822408635285504", "mentions": [], "location": "Bancock"}, {"truncated": false, "text": "\u0e08\u0e25\u0e32\u0e08\u0e25\u0e1d\u0e23\u0e31\u0e48\u0e07\u0e40\u0e28\u0e2a\u0e22\u0e37\u0e14\u0e40\u0e22\u0e37\u0e49\u0e2d\u0e40\u0e02\u0e49\u0e32\u0e2a\u0e39\u0e48\u0e27\u0e31\u0e19\u0e17\u0e35\u0e48 4 - \u0e21\u0e47\u0e2d\u0e1a\u0e40\u0e2a\u0e37\u0e49\u0e2d\u0e01\u0e31\u0e4a\u0e01\u0e40\u0e2b\u0e25\u0e37\u0e2d\u0e07\u0e0a\u0e27\u0e19\u0e04\u0e19\u0e23\u0e48\u0e27\u0e21\u0e0a\u0e38\u0e21\u0e19\u0e38\u0e21\u0e1b\u0e23\u0e30\u0e17\u0e49\u0e27\u0e07\u0e43\u0e2b\u0e0d\u0e48\u0e43\u0e19\u0e01\u0e23\u0e38\u0e07\u0e1b\u0e32\u0e23\u0e35\u0e2a", "hashtags": ["#\u0e02\u0e48\u0e32\u0e27\u0e2a\u0e14\u0e23\u0e2d\u0e1a\u0e42\u0e25\u0e01"], "topic": "unrest", "tweet_urls": ["https://t.co/oA0Covo7QD"], "date": {"hour": 8, "month": 11, "iso": "2018-11-20T08:55:10", "year": 2018, "day": 20, "minute": 55}, "geo": null, "id": 1064804330174275584, "lang": "th", "emoticons": [], "user_id": 266946216, "coordinates": null, "source": "Facebook", "id_str": "1064804330174275584", "mentions": [], "location": "Bancock"}, {"truncated": true, "text": "\u0e17\u0e35\u0e41\u0e23\u0e01\u0e19\u0e36\u0e01\u0e27\u0e48\u0e32\u0e21\u0e32\u0e1b\u0e23\u0e30\u0e17\u0e49\u0e27\u0e07!! \u0e17\u0e35\u0e48\u0e44\u0e2b\u0e19\u0e44\u0e14\u0e49\u0e20\u0e32\u0e1e\u0e04\u0e19\u0e41\u0e2b\u0e48\u0e15\u0e48\u0e2d\u0e04\u0e34\u0e27\u0e2a\u0e21\u0e31\u0e04\u0e23\u0e07\u0e32\u0e19 \u0e22\u0e34\u0e48\u0e07\u0e1e\u0e2d\u0e23\u0e39\u0e49\u0e40\u0e23\u0e37\u0e48\u0e2d\u0e07\u0e2a\u0e27\u0e31\u0e2a\u0e14\u0e34\u0e01\u0e32\u0e23\u0e40\u0e17\u0e48\u0e32\u0e19\u0e31\u0e49\u0e19\u0e16\u0e36\u0e07\u0e1a\u0e32\u0e07\u0e2d\u0e49\u0e2d \u0e44\u0e21\u0e48\u0e41\u0e1b\u0e25\u0e01\u0e43\u0e08\u0e04\u0e19\u0e17\u0e30\u0e25\u0e31\u0e01\u0e21\u0e37\u2026", "hashtags": [], "topic": "unrest", "tweet_urls": ["https://t.co/rNMCSmtnk0"], "date": {"hour": 8, "month": 11, "iso": "2018-11-20T08:06:34", "year": 2018, "day": 20, "minute": 6}, "geo": null, "id": 1064792101102116864, "lang": "th", "emoticons": [], "user_id": 524216835, "coordinates": null, "source": "Facebook", "id_str": "1064792101102116864", "mentions": [], "location": "Bancock"}, {"truncated": true, "text": "\u0e17\u0e31\u0e49\u0e07\u0e20\u0e39\u0e21\u0e34\u0e43\u0e08\u0e17\u0e35\u0e48\u0e21\u0e35\u0e04\u0e19\u0e40\u0e2b\u0e47\u0e19 \"\u0e1b\u0e23\u0e30\u0e40\u0e17\u0e28\u0e01\u0e39\u0e21\u0e35\"\u0e14\u0e35 \u0e41\u0e15\u0e48\u0e40\u0e2a\u0e35\u0e22\u0e43\u0e08\u0e21\u0e35\u0e04\u0e19\u0e21\u0e32\u0e25\u0e07\u0e17\u0e38\u0e19\u0e43\u0e2b\u0e49\u0e04\u0e19\u0e17\u0e33\u0e07\u0e32\u0e19\u0e17\u0e35\u0e48\u0e40\u0e1b\u0e47\u0e19 \u0e40\u0e02\u0e21\u0e23 \u0e1e\u0e21\u0e48\u0e32 \u0e25\u0e32\u0e27 \u0e17\u0e33\u0e07\u0e32\u0e19 \u0e04\u0e19\u0e44\u0e17\u0e22\u0e44\u0e21\u0e48\u0e27\u0e48\u0e32\u0e07\u0e04\u0e23\u0e31\u0e1a \u0e44\u0e1b\u2026", "hashtags": [], "topic": "unrest", "tweet_urls": ["https://t.co/wp6fMBnRF9"], "date": {"hour": 6, "month": 11, "iso": "2018-11-20T06:50:04", "year": 2018, "day": 20, "minute": 50}, "geo": null, "id": 1064772848571412480, "lang": "th", "emoticons": [], "user_id": 52665621, "coordinates": null, "source": "Twitter Web Client", "id_str": "1064772848571412480", "mentions": [], "location": "Bancock"}, {"truncated": false, "text": "\u0e15\u0e31\u0e27\u0e19\u0e31\u0e49\u0e19\u0e41\u0e2b\u0e25\u0e48\u0e30\u0e04\u0e30\u0e40\u0e21\u0e08\u0e34\u0e04\u0e1a\u0e31\u0e25\u0e41\u0e01\u0e40\u0e23\u0e35\u0e22\u0e23\u0e2a\u0e18\u0e23\u0e23\u0e21\u0e0a\u0e32\u0e15\u0e34 \u0e23\u0e2a\u0e14\u0e35\u0e40\u0e01\u0e25\u0e37\u0e2d\u0e0a\u0e31\u0e14\u0e46 \u0e15\u0e2d\u0e19\u0e2b\u0e25\u0e31\u0e07\u0e23\u0e39\u0e49\u0e2a\u0e36\u0e01\u0e08\u0e30\u0e2d\u0e2d\u0e01\u0e23\u0e2a\u0e01\u0e25\u0e21\u0e01\u0e25\u0e48\u0e2d\u0e21\u0e2d\u0e2d\u0e01\u0e21\u0e32\u0e2b\u0e25\u0e31\u0e07\u0e21\u0e35\u0e40\u0e2a\u0e35\u0e22\u0e07\u0e1b\u0e23\u0e30\u0e17\u0e49\u0e27\u0e07", "hashtags": [], "topic": "unrest", "tweet_urls": [], "date": {"hour": 4, "month": 11, "iso": "2018-11-20T04:21:30", "year": 2018, "day": 20, "minute": 21}, "geo": null, "id": 1064735460788858880, "lang": "th", "emoticons": ["\ud83d\ude05", "\ud83d\ude02"], "user_id": 2853273379, "coordinates": null, "source": "Twitter for Android", "id_str": "1064735460788858880", "mentions": ["@PatSRy_Ch"], "location": "Bancock"}, {"truncated": false, "text": "\u0e1b\u0e23\u0e30\u0e18\u0e32\u0e19\u0e19\u0e34\u0e2a\u0e34\u0e15\u0e08\u0e38\u0e2c\u0e32\u0e2f \u0e25\u0e32\u0e2d\u0e2d\u0e01\u0e1b\u0e23\u0e30\u0e17\u0e49\u0e27\u0e07 \u0e1b\u0e21\u0e01\u0e23\u0e23\u0e21\u0e01\u0e32\u0e23\u0e2a\u0e20\u0e32\u0e2f \u0e0a\u0e34\u0e48\u0e07\u0e40\u0e1b\u0e34\u0e14\u0e17\u0e23\u0e31\u0e1e\u0e22\u0e4c\u0e2a\u0e34\u0e19", "hashtags": [], "topic": "unrest", "tweet_urls": ["https://t.co/JutalF62QV"], "date": {"hour": 4, "month": 11, "iso": "2018-11-20T04:21:19", "year": 2018, "day": 20, "minute": 21}, "geo": null, "id": 1064735417381998592, "lang": "th", "emoticons": [], "user_id": 69550671, "coordinates": null, "source": "Twitter Web Client", "id_str": "1064735417381998592", "mentions": [], "location": "Bancock"}, {"truncated": true, "text": "\u0e1c\u0e39\u0e49\u0e1a\u0e31\u0e0d\u0e0a\u0e32\u0e01\u0e32\u0e23\u0e15\u0e33\u0e23\u0e27\u0e08\u0e1b\u0e23\u0e30\u0e08\u0e33\u0e40\u0e02\u0e15\u0e19\u0e04\u0e23\u0e2b\u0e25\u0e27\u0e07\u0e02\u0e2d\u0e07\u0e1f\u0e34\u0e25\u0e34\u0e1b\u0e1b\u0e34\u0e19\u0e2a\u0e4c \u0e40\u0e1c\u0e22 \u0e08\u0e30\u0e21\u0e35\u0e01\u0e33\u0e25\u0e31\u0e07 \u0e15\u0e23. 6,000 \u0e19\u0e32\u0e22 \u0e25\u0e07\u0e1e\u0e37\u0e49\u0e19\u0e17\u0e35\u0e48\u0e14\u0e39\u0e41\u0e25\u0e04\u0e27\u0e32\u0e21\u0e1b\u0e25\u0e2d\u0e14\u0e20\u0e31\u0e22 \u0e43\u0e19\u0e0a\u0e48\u0e27\u0e07\u0e17\u0e35\u0e48 \u0e1b\u0e18\u0e19.\u0e2a\u0e35\u2026", "hashtags": [], "topic": "unrest", "tweet_urls": ["https://t.co/Rovctmjxwt"], "date": {"hour": 3, "month": 11, "iso": "2018-11-20T03:04:43", "year": 2018, "day": 20, "minute": 4}, "geo": null, "id": 1064716136778854400, "lang": "th", "emoticons": [], "user_id": 65319043, "coordinates": null, "source": "Twitter Web Client", "id_str": "1064716136778854400", "mentions": [], "location": "Bancock"}, {"truncated": false, "text": "\u0e19\u0e31\u0e48\u0e07\u0e17\u0e33\u0e07\u0e32\u0e19\u0e2d\u0e22\u0e39\u0e48\u0e14\u0e35 \u0e46 \u0e23\u0e48\u0e32\u0e07\u0e01\u0e32\u0e22\u0e01\u0e47\u0e40\u0e23\u0e34\u0e48\u0e21\u0e1b\u0e23\u0e30\u0e17\u0e49\u0e27\u0e07\u0e02\u0e31\u0e49\u0e19\u0e41\u0e23\u0e01 \u0e40\u0e25\u0e37\u0e2d\u0e14\u0e01\u0e33\u0e40\u0e14\u0e32\u0e44\u0e2b\u0e25.", "hashtags": [], "topic": "unrest", "tweet_urls": [], "date": {"hour": 1, "month": 11, "iso": "2018-11-20T01:21:09", "year": 2018, "day": 20, "minute": 21}, "geo": null, "id": 1064690075861176320, "lang": "th", "emoticons": [], "user_id": 143444530, "coordinates": null, "source": "Twitter for Android", "id_str": "1064690075861176320", "mentions": [], "location": "Bancock"}, {"truncated": false, "text": "\u0e19\u0e49\u0e33\u0e21\u0e31\u0e19\u0e14\u0e35\u0e40\u0e0b\u0e25\u0e40\u0e01\u0e37\u0e2d\u0e1a 60\u0e1a\u0e32\u0e17 \u0e40\u0e1b\u0e47\u0e19\u0e2a\u0e2d\u0e07\u0e40\u0e17\u0e48\u0e32\u0e02\u0e2d\u0e07\u0e44\u0e17\u0e22 \u0e02\u0e13\u0e30\u0e17\u0e35\u0e48\u0e23\u0e32\u0e22\u0e44\u0e14\u0e49\u0e40\u0e09\u0e25\u0e35\u0e48\u0e22\u0e21\u0e32\u0e01\u0e01\u0e27\u0e48\u0e32\u0e44\u0e17\u0e22\u0e40\u0e01\u0e34\u0e19\u0e2a\u0e2d\u0e07\u0e40\u0e17\u0e48\u0e32 \u0e23\u0e35\u0e1a\u0e1b\u0e23\u0e30\u0e17\u0e49\u0e27\u0e07\u0e01\u0e31\u0e19\u0e40\u0e25\u0e22", "hashtags": [], "topic": "unrest", "tweet_urls": [], "date": {"hour": 0, "month": 11, "iso": "2018-11-20T00:17:24", "year": 2018, "day": 20, "minute": 17}, "geo": null, "id": 1064674032363028480, "lang": "th", "emoticons": [], "user_id": 153918251, "coordinates": null, "source": "Twitter for iPhone", "id_str": "1064674032363028480", "mentions": ["@krobkruakao3"], "location": "Bancock"}, {"truncated": true, "text": "\u0e14\u0e39\u0e14\u0e41\u0e1a\u0e1a\u0e19\u0e35\u0e49 \u0e21\u0e35\u0e21\u0e32\u0e19\u0e32\u0e19\u0e41\u0e25\u0e49\u0e27 .. \u0e41\u0e15\u0e48\u0e17\u0e35\u0e48\u0e04\u0e19\u0e2d\u0e2d\u0e01\u0e21\u0e32\u0e1b\u0e23\u0e30\u0e17\u0e49\u0e27\u0e07\u0e44\u0e21\u0e48\u0e40\u0e2d\u0e32\u0e17\u0e31\u0e01\u0e29\u0e34\u0e13\u0e40\u0e1e\u0e23\u0e32\u0e30 \u0e21\u0e31\u0e19\u0e42\u0e01\u0e07\u0e15\u0e48\u0e32\u0e07\u0e2b\u0e32\u0e01\n\u0e2a\u0e48\u0e27\u0e19\u0e2d\u0e35\u0e42\u0e07\u0e48\u0e17\u0e35\u0e48\u0e04\u0e19\u0e2d\u0e2d\u0e01\u0e21\u0e32\u2026", "hashtags": [], "topic": "unrest", "tweet_urls": ["https://t.co/JtT4pkPZno"], "date": {"hour": 23, "month": 11, "iso": "2018-11-19T23:42:23", "year": 2018, "day": 19, "minute": 42}, "geo": null, "id": 1064665218012209152, "lang": "th", "emoticons": [], "user_id": 927867302166401024, "coordinates": null, "source": "Twitter for Android", "id_str": "1064665218012209152", "mentions": ["@meVnus", "@vora9000"], "location": "Bancock"}, {"truncated": true, "text": "\u0e14\u0e39\u0e02\u0e48\u0e32\u0e27\u0e17\u0e35\u0e48\u0e1d\u0e23\u0e31\u0e48\u0e07\u0e40\u0e28\u0e2a\u0e1b\u0e23\u0e30\u0e17\u0e49\u0e27\u0e07\u0e01\u0e31\u0e19\u0e01\u0e31\u0e1a\u0e19\u0e42\u0e22\u0e1a\u0e32\u0e22\u0e43\u0e2b\u0e21\u0e48\u0e02\u0e2d\u0e07\u0e1b\u0e18\u0e19.\u0e21\u0e32\u0e04\u0e23\u0e07 \u0e01\u0e47\u0e40\u0e2b\u0e47\u0e19\u0e01\u0e25\u0e38\u0e48\u0e21\u0e04\u0e19\u0e0a\u0e38\u0e21\u0e19\u0e38\u0e21\u0e43\u0e2a\u0e48\u0e40\u0e2a\u0e37\u0e49\u0e2d\u0e01\u0e31\u0e4a\u0e01\u0e2a\u0e35\u0e41\u0e2a\u0e14 \u0e2d\u0e35\u0e01\u0e41\u0e25\u0e49\u0e27 \u0e15\u0e2d\u0e19\u0e44\u0e1b\u0e0a\u0e2d\u0e07\u0e40\u0e0b\u0e25\u0e34\u0e40\u0e0b\u0e48\u0e01\u0e47\u2026", "hashtags": [], "topic": "unrest", "tweet_urls": ["https://t.co/MP9E8ZPrai"], "date": {"hour": 19, "month": 11, "iso": "2018-11-19T19:35:54", "year": 2018, "day": 19, "minute": 35}, "geo": null, "id": 1064603190958551040, "lang": "th", "emoticons": [], "user_id": 1304374442, "coordinates": null, "source": "Twitter Web Client", "id_str": "1064603190958551040", "mentions": [], "location": "Bancock"}, {"truncated": false, "text": "\u0e19\u0e36\u0e01\u0e16\u0e36\u0e07\u0e15\u0e2d\u0e19\u0e0b\u0e34\u0e48\u0e27\u0e08\u0e32\u0e01\u0e28\u0e34\u0e25\u0e1b\u0e32\u0e01\u0e23\u0e21\u0e32\u0e40\u0e23\u0e35\u0e22\u0e19\u0e18\u0e23\u0e23\u0e21\u0e28\u0e32\u0e2a\u0e15\u0e23\u0e4c \u0e42\u0e14\u0e19\u0e41\u0e21\u0e48\u0e16\u0e32\u0e21\u0e27\u0e48\u0e32\u0e40\u0e1b\u0e25\u0e35\u0e48\u0e22\u0e19\u0e17\u0e35\u0e48\u0e40\u0e23\u0e35\u0e22\u0e19\u0e17\u0e33\u0e44\u0e21 \u0e0a\u0e2d\u0e1a\u0e1b\u0e23\u0e30\u0e17\u0e49\u0e27\u0e07\u0e40\u0e2b\u0e23\u0e2d 555", "hashtags": [], "topic": "unrest", "tweet_urls": [], "date": {"hour": 15, "month": 11, "iso": "2018-11-19T15:14:37", "year": 2018, "day": 19, "minute": 14}, "geo": null, "id": 1064537434090725377, "lang": "th", "emoticons": [], "user_id": 235066218, "coordinates": null, "source": "Twitter for Android", "id_str": "1064537434090725377", "mentions": [], "location": "Bancock"}, {"truncated": false, "text": "\u0e0a\u0e32\u0e27\u0e40\u0e21\u0e47\u0e01\u0e0b\u0e34\u0e42\u0e01 \u0e1b\u0e23\u0e30\u0e17\u0e49\u0e27\u0e07\u0e02\u0e31\u0e1a\u0e44\u0e25\u0e48\u0e1c\u0e39\u0e49\u0e2d\u0e1e\u0e22\u0e1e \u0e23\u0e2d\u0e02\u0e49\u0e32\u0e21\u0e41\u0e14\u0e19\u0e40\u0e02\u0e49\u0e32\u0e2a\u0e2b\u0e23\u0e31\u0e10\u0e2f\nhttps://t.co/DL2Wbp5LkE\n#PPTVHD36", "hashtags": ["#PPTVNews", "#\u0e1c\u0e39\u0e49\u0e2d\u0e1e\u0e22\u0e1e", "#\u0e1e\u0e23\u0e21\u0e41\u0e14\u0e19\u0e2a\u0e2b\u0e23\u0e31\u0e10\u0e2f", "#\u0e40\u0e2d\u0e25\u0e0b\u0e31\u0e25\u0e27\u0e32\u0e14\u0e2d\u0e23\u0e4c"], "topic": "unrest", "tweet_urls": [], "date": {"hour": 12, "month": 11, "iso": "2018-11-19T12:22:56", "year": 2018, "day": 19, "minute": 22}, "geo": null, "id": 1064494230653947904, "lang": "th", "emoticons": [], "user_id": 1877783624, "coordinates": null, "source": "Twitter Web Client", "id_str": "1064494230653947904", "mentions": [], "location": "Bancock"}, {"truncated": false, "text": "\u0e19\u0e38\u0e0a\u0e44\u0e21\u0e48\u0e22\u0e2d\u0e21\u0e21\u0e21. \u0e19\u0e38\u0e0a\u0e08\u0e30\u0e44\u0e1b\u0e1b\u0e23\u0e30\u0e17\u0e49\u0e27\u0e07\u0e17\u0e35\u0e48\u0e2b\u0e19\u0e49\u0e32\u0e1a\u0e49\u0e32\u0e19\u0e40\u0e2e\u0e35\u0e22 \u0e13 \u0e41\u0e04\u0e27\u0e49\u0e19\u0e21\u0e35\u0e19\u0e1a\u0e38\u0e23\u0e35 \u0e1f\u0e49\u0e2d\u0e07\u0e1e\u0e48\u0e2d\u0e01\u0e30\u0e41\u0e21\u0e48\u0e40\u0e2e\u0e35\u0e22\u0e22\u0e22\n#\u0e40\u0e1b\u0e4a\u0e01\u0e1c\u0e25\u0e34\u0e15\u0e42\u0e0a\u0e04", "hashtags": [], "topic": "unrest", "tweet_urls": [], "date": {"hour": 10, "month": 11, "iso": "2018-11-19T10:52:31", "year": 2018, "day": 19, "minute": 52}, "geo": null, "id": 1064471475409715201, "lang": "th", "emoticons": [], "user_id": 851340268687077376, "coordinates": null, "source": "Twitter for Android", "id_str": "1064471475409715201", "mentions": ["@ParkSeoJoo1", "@qmvXzLz9GWHcoOL"], "location": "Bancock"}, {"truncated": false, "text": "\u0e1b\u0e23\u0e30\u0e17\u0e49\u0e27\u0e07\u0e07\u0e07\u0e07 \u0e02\u0e2d\u0e1c\u0e49\u0e32\u0e04\u0e32\u0e14\u0e2b\u0e31\u0e27\u0e41\u0e25\u0e30\u0e42\u0e17\u0e23\u0e42\u0e02\u0e48\u0e07\u0e04\u0e48\u0e30", "hashtags": [], "topic": "unrest", "tweet_urls": [], "date": {"hour": 10, "month": 11, "iso": "2018-11-19T10:20:06", "year": 2018, "day": 19, "minute": 20}, "geo": null, "id": 1064463319367467008, "lang": "th", "emoticons": [], "user_id": 372436410, "coordinates": null, "source": "Twitter for Android", "id_str": "1064463319367467008", "mentions": ["@SKadsakul"], "location": "Bancock"}, {"truncated": false, "text": "\u0e0a\u0e38\u0e21\u0e19\u0e38\u0e21\u0e40\u0e2a\u0e37\u0e49\u0e2d\u0e01\u0e31\u0e4a\u0e01\u0e40\u0e2b\u0e25\u0e37\u0e2d\u0e07\u0e1b\u0e34\u0e14\u0e16\u0e19\u0e19\u0e17\u0e31\u0e48\u0e27\u0e1d\u0e23\u0e31\u0e48\u0e07\u0e40\u0e28\u0e2a \u0e1b\u0e23\u0e30\u0e17\u0e49\u0e27\u0e07\u0e23\u0e32\u0e04\u0e32\u0e19\u0e49\u0e33\u0e21\u0e31\u0e19\u0e1e\u0e38\u0e48\u0e07\u0e2a\u0e39\u0e07\u0e2a\u0e38\u0e14\u0e43\u0e19\u0e23\u0e2d\u0e1a\u0e40\u0e01\u0e37\u0e2d\u0e1a 20 \u0e1b\u0e35 (https://t.co/DjTXVHOW0Y)", "hashtags": [], "topic": "unrest", "tweet_urls": [], "date": {"hour": 8, "month": 11, "iso": "2018-11-19T08:52:55", "year": 2018, "day": 19, "minute": 52}, "geo": null, "id": 1064441376966815744, "lang": "th", "emoticons": [], "user_id": 554918064, "coordinates": null, "source": "Twitter Web Client", "id_str": "1064441376966815744", "mentions": [], "location": "Bancock"}, {"truncated": false, "text": "\"\u0e42\u0e23\u0e2e\u0e34\u0e07\u0e0d\u0e32\u0e25\u0e38\u0e01\u0e2e\u0e37\u0e2d\u0e23\u0e27\u0e21\u0e15\u0e31\u0e27\u0e1b\u0e23\u0e30\u0e17\u0e49\u0e27\u0e07\u0e15\u0e49\u0e32\u0e19\u0e41\u0e1c\u0e19\u0e2a\u0e48\u0e07\u0e15\u0e31\u0e27\u0e01\u0e25\u0e31\u0e1a\u0e1e\u0e21\u0e48\u0e32\"", "hashtags": [], "topic": "unrest", "tweet_urls": ["https://t.co/ZXZEgt9jFo"], "date": {"hour": 8, "month": 11, "iso": "2018-11-19T08:01:24", "year": 2018, "day": 19, "minute": 1}, "geo": null, "id": 1064428411580502017, "lang": "th", "emoticons": [], "user_id": 109501449, "coordinates": null, "source": "IFTTT", "id_str": "1064428411580502017", "mentions": [], "location": "Bancock"}, {"truncated": true, "text": "\u0e40\u0e2b\u0e47\u0e19\u0e27\u0e48\u0e32 \u0e04\u0e19\u0e15\u0e37\u0e48\u0e19\u0e15\u0e31\u0e27\u0e40\u0e23\u0e37\u0e48\u0e2d\u0e07 \u0e1e.\u0e23.\u0e1a.\u0e04\u0e39\u0e48\u0e0a\u0e35\u0e27\u0e34\u0e15 \u0e01\u0e31\u0e19\u0e21\u0e32\u0e01 \u0e41\u0e25\u0e49\u0e27\u0e2b\u0e25\u0e32\u0e22\u0e04\u0e19\u0e01\u0e47\u0e04\u0e31\u0e14\u0e04\u0e49\u0e32\u0e19 \u0e40\u0e1e\u0e23\u0e32\u0e30\u0e40\u0e2b\u0e47\u0e19\u0e27\u0e48\u0e32 \u0e04\u0e27\u0e23\u0e41\u0e01\u0e49\u0e44\u0e02\u0e1b\u0e23\u0e30\u0e21\u0e27\u0e25\u0e01\u0e0e\u0e2b\u0e21\u0e32\u0e22\u0e41\u0e1e\u0e48\u0e07 \u0e43\u0e2b\u0e49\u0e2a\u0e21\u0e23\u0e2a\u0e01\u0e31\u0e19\u0e44\u2026", "hashtags": [], "topic": "unrest", "tweet_urls": ["https://t.co/yl33Zm5MHl"], "date": {"hour": 0, "month": 11, "iso": "2018-11-21T00:36:05", "year": 2018, "day": 21, "minute": 36}, "geo": null, "id": 1065041119820472320, "lang": "th", "emoticons": [], "user_id": 57832421, "coordinates": null, "source": "TweetDeck", "id_str": "1065041119820472320", "mentions": [], "location": "Bancock"}, {"truncated": true, "text": "\u0e04\u0e33\u0e16\u0e32\u0e21\u0e17\u0e35\u0e48\u0e2d\u0e22\u0e32\u0e01\u0e23\u0e39\u0e49\u0e04\u0e37\u0e2d Facebook \u0e08\u0e31\u0e14\u0e01\u0e32\u0e23\u0e01\u0e31\u0e1a\u0e02\u0e48\u0e32\u0e27\u0e1b\u0e25\u0e2d\u0e21\u0e02\u0e49\u0e2d\u0e21\u0e39\u0e25\u0e40\u0e17\u0e47\u0e08\u0e17\u0e35\u0e48\u0e1a\u0e34\u0e14\u0e40\u0e1a\u0e37\u0e2d\u0e19\u0e2a\u0e23\u0e49\u0e32\u0e07\u0e04\u0e27\u0e32\u0e21\u0e40\u0e01\u0e25\u0e35\u0e22\u0e14\u0e0a\u0e31\u0e07\u0e15\u0e48\u0e2d\u0e19\u0e31\u0e01\u0e2a\u0e34\u0e17\u0e18\u0e34\u0e21\u0e19\u0e38\u0e29\u0e22\u0e0a\u0e19 \u0e41\u0e25\u0e30\u0e1d\u0e48\u0e32\u0e22\u0e1b\u0e23\u0e30\u0e0a\u0e32\u2026", "hashtags": [], "topic": "unrest", "tweet_urls": ["https://t.co/cyYyTcCgtz"], "date": {"hour": 11, "month": 11, "iso": "2018-11-20T11:09:55", "year": 2018, "day": 20, "minute": 9}, "geo": null, "id": 1064838241134624768, "lang": "th", "emoticons": [], "user_id": 143315526, "coordinates": null, "source": "Twitter for iPhone", "id_str": "1064838241134624768", "mentions": [], "location": "Bancock"}, {"truncated": true, "text": "\u0e04\u0e31\u0e14\u0e04\u0e49\u0e32\u0e19\u0e01\u0e32\u0e23\u0e43\u0e2b\u0e49\u0e2a\u0e34\u0e17\u0e18\u0e34\u0e1a\u0e31\u0e15\u0e23\u0e01\u0e31\u0e0d\u0e0a\u0e32\u0e41\u0e01\u0e48\u0e1a\u0e23\u0e34\u0e29\u0e31\u0e17\u0e15\u0e48\u0e32\u0e07\u0e0a\u0e32\u0e15\u0e34 \u0e1e\u0e23\u0e49\u0e2d\u0e21\u0e22\u0e37\u0e48\u0e19\u0e2b\u0e19\u0e31\u0e07\u0e2a\u0e37\u0e2d\u0e16\u0e36\u0e07 \u0e02\u2026", "hashtags": ["#\u0e40\u0e04\u0e23\u0e37\u0e2d\u0e02\u0e48\u0e32\u0e22\u0e1c\u0e39\u0e49\u0e43\u0e0a\u0e49\u0e01\u0e31\u0e0d\u0e0a\u0e32\u0e41\u0e2b\u0e48\u0e07\u0e1b\u0e23\u0e30\u0e40\u0e17\u0e28\u0e44\u0e17\u0e22", "#\u0e19\u0e32\u0e22\u0e01\u0e23\u0e31\u0e10\u0e21\u0e19\u0e15\u0e23\u0e35"], "topic": "unrest", "tweet_urls": ["https://t.co/qE5LGYtDVA"], "date": {"hour": 5, "month": 11, "iso": "2018-11-20T05:07:57", "year": 2018, "day": 20, "minute": 7}, "geo": null, "id": 1064747149475274752, "lang": "th", "emoticons": [], "user_id": 886858202247159810, "coordinates": null, "source": "Twitter Web Client", "id_str": "1064747149475274752", "mentions": [], "location": "Bancock"}, {"truncated": true, "text": "\u0e2d\u0e49\u0e27\u0e19\u0e02\u0e2d\u0e07\u0e21\u0e35\u0e4a \u0e1a\u0e2d\u0e01\u0e27\u0e48\u0e32\u0e44\u0e21\u0e48\u0e43\u0e2b\u0e49\u0e2a\u0e23\u0e49\u0e32\u0e07\u0e16\u0e19\u0e19\u0e04\u0e2d\u0e19\u0e01\u0e23\u0e35\u0e15\u0e40\u0e02\u0e49\u0e32\u0e1b\u0e48\u0e32 \u0e40\u0e02\u0e49\u0e32\u0e43\u0e08\u0e44\u0e2b\u0e21 .. .. \u0e04\u0e31\u0e14\u0e04\u0e49\u0e32\u0e19\u0e14\u0e49\u0e27\u0e22\u0e04\u0e48\u0e30\ufe0f \u0e44\u0e21\u0e48\u0e40\u0e2d\u0e32\u0e16\u0e19\u0e19\u0e04\u0e2d\u0e19\u0e01\u0e23\u0e35\u0e15\u0e40\u0e02\u0e48\u0e32\u0e1b\u0e48\u0e32 .. \u0e43\u0e04\u0e23\u0e2d\u0e22\u0e32\u0e01\u0e44\u2026", "hashtags": [], "topic": "unrest", "tweet_urls": ["https://t.co/wQYAJz0MLV"], "date": {"hour": 2, "month": 11, "iso": "2018-11-20T02:30:37", "year": 2018, "day": 20, "minute": 30}, "geo": null, "id": 1064707555283230720, "lang": "th", "emoticons": ["\ud83d\udc37", "\u203c"], "user_id": 982932689417224192, "coordinates": null, "source": "Instagram", "id_str": "1064707555283230720", "mentions": [], "location": "Bancock"}, {"truncated": true, "text": "\u0e01\u0e25\u0e38\u0e48\u0e21\u0e2a\u0e32\u0e22\u0e40\u0e02\u0e35\u0e22\u0e27\u0e23\u0e27\u0e21\u0e15\u0e31\u0e27\u0e01\u0e31\u0e19\u0e2b\u0e19\u0e49\u0e32\u0e18\u0e23\u0e23\u0e21\u0e40\u0e19\u0e35\u0e22\u0e1a\u0e23\u0e31\u0e10\u0e1a\u0e32\u0e25 \u0e40\u0e1e\u0e37\u0e48\u0e2d\u0e04\u0e31\u0e14\u0e04\u0e49\u0e32\u0e19\u0e01\u0e32\u0e23\u0e08\u0e14\u0e2a\u0e34\u0e17\u0e18\u0e34\u0e1a\u0e31\u0e15\u0e23\u0e2a\u0e32\u0e23\u0e2a\u0e01\u0e31\u0e14\u0e01\u0e31\u0e0d\u0e0a\u0e32\u0e02\u0e2d\u0e07\u0e1a\u0e23\u0e34\u0e29\u0e31\u0e17\u0e15\u0e48\u0e32\u0e07\u0e1b\u0e23\u0e30\u0e40\u0e17\u0e28\u2026", "hashtags": [], "topic": "unrest", "tweet_urls": ["https://t.co/RGEZ42yR07"], "date": {"hour": 2, "month": 11, "iso": "2018-11-20T02:15:44", "year": 2018, "day": 20, "minute": 15}, "geo": null, "id": 1064703811585957888, "lang": "th", "emoticons": [], "user_id": 2479547882, "coordinates": null, "source": "Twitter for iPhone", "id_str": "1064703811585957888", "mentions": [], "location": "Bancock"}]