[{"truncated": true, "text": "Amidst the onslaught of negative news from the wildlife world, Nepal has doubled its tiger population in less than\u2026", "hashtags": [], "topic": "environment", "tweet_urls": ["https://t.co/WKnQdxJpNS"], "date": {"hour": 21, "month": 10, "iso": "2018-10-15T21:50:16", "year": 2018, "day": 15, "minute": 50}, "geo": null, "id": 1051953428014854144, "lang": "en", "emoticons": [], "user_id": 98453146, "coordinates": null, "source": "Twitter Web Client", "location": "Bancock", "mentions": []}, {"truncated": false, "text": "\u2018#Life report under debate -", "hashtags": ["#Changing\u2019", "#Climate", "#PrescientInfo"], "topic": "environment", "tweet_urls": ["https://t.co/thRMPjRHi5"], "date": {"hour": 19, "month": 10, "iso": "2018-10-15T19:46:11", "year": 2018, "day": 15, "minute": 46}, "geo": null, "id": 1051922202919096320, "lang": "es", "emoticons": [], "user_id": 3189238166, "coordinates": null, "source": "Prescie\u014bt Info", "location": "Bancock", "mentions": []}, {"truncated": true, "text": "Just simple question from trusted person like \"how was your day?\" can totally light up str\u2026", "hashtags": [], "topic": "environment", "tweet_urls": ["https://t.co/QDNjngU30c"], "date": {"hour": 13, "month": 10, "iso": "2018-10-15T13:27:44", "year": 2018, "day": 15, "minute": 27}, "geo": null, "id": 1051826962455392256, "lang": "en", "emoticons": [], "user_id": 100504258, "coordinates": null, "source": "Twitter for Android", "location": "Bancock", "mentions": ["@NoNameCulture", "@GRITCULT"]}, {"truncated": true, "text": "Asia: Environment Thailand\nTight curbs on visitors to Similan Islands - The Nation/Asia News Network\u2026", "hashtags": [], "topic": "environment", "tweet_urls": ["https://t.co/9Uzfv2DdK4"], "date": {"hour": 11, "month": 10, "iso": "2018-10-15T11:53:04", "year": 2018, "day": 15, "minute": 53}, "geo": null, "id": 1051803140813611010, "lang": "en", "emoticons": [], "user_id": 111504976, "coordinates": null, "source": "Facebook", "location": "Bancock", "mentions": []}, {"truncated": true, "text": "[DZone] [security] [DZone Research] Expectations vs. Reality: How Developers Select a Cloud Environment --&gt;\n\nThis a\u2026", "hashtags": [], "topic": "environment", "tweet_urls": ["https://t.co/AAQQYGYy7j"], "date": {"hour": 5, "month": 10, "iso": "2018-10-15T05:41:08", "year": 2018, "day": 15, "minute": 41}, "geo": null, "id": 1051709536845869057, "lang": "en", "emoticons": [], "user_id": 22917909, "coordinates": null, "source": "IFTTT", "location": "Bancock", "mentions": []}, {"truncated": true, "text": "Interesting bipolar reaction, \u201cWe need someone to recycle this waste, but we will ensure we put recyclers out of bu\u2026", "hashtags": [], "topic": "environment", "tweet_urls": ["https://t.co/K1WQu7z6Vn"], "date": {"hour": 5, "month": 10, "iso": "2018-10-15T05:21:09", "year": 2018, "day": 15, "minute": 21}, "geo": null, "id": 1051704510840627201, "lang": "en", "emoticons": [], "user_id": 134773255, "coordinates": null, "source": "Twitter for iPad", "location": "Bancock", "mentions": []}, {"truncated": true, "text": "Experts have slammed a resort planned by a US company in the Bach Ma National Park, saying it will destroy and poll\u2026", "hashtags": [], "topic": "environment", "tweet_urls": ["https://t.co/E8cyCWuHBh"], "date": {"hour": 23, "month": 10, "iso": "2018-10-14T23:27:41", "year": 2018, "day": 14, "minute": 27}, "geo": null, "id": 1051615558511124485, "lang": "en", "emoticons": [], "user_id": 3283054495, "coordinates": null, "source": "Twitter Web Client", "location": "Bancock", "mentions": []}, {"truncated": true, "text": "Brilliant. I think that's great as you're going to be with your class, in a familiar en\u2026", "hashtags": [], "topic": "environment", "tweet_urls": ["https://t.co/T2aam3bDbg"], "date": {"hour": 15, "month": 10, "iso": "2018-10-14T15:48:20", "year": 2018, "day": 14, "minute": 48}, "geo": null, "id": 1051499959441215488, "lang": "en", "emoticons": [], "user_id": 920198964074266624, "coordinates": null, "source": "Twitter for Android", "location": "Bancock", "mentions": ["@MrMcDonaldBio", "@PaulGarvey4"]}, {"truncated": false, "text": "\u0e19\u0e32\u0e07(\u0e0b\u0e36\u0e48\u0e07\u0e40\u0e1b\u0e47\u0e19\u0e40\u0e01\u0e49\u0e07)\u0e40\u0e1b\u0e47\u0e19\u0e2b\u0e19\u0e36\u0e48\u0e07\u0e43\u0e19\u0e40\u0e2b\u0e15\u0e38\u0e1c\u0e25\u0e17\u0e35\u0e48\u0e19\u0e35\u0e48\u0e44\u0e21\u0e48\u0e44\u0e1b\u0e19\u0e34\u0e15\u0e34\u0e2a\u0e31\u0e21\u0e1e\u0e31\u0e19\u0e18\u0e4c \u0e04\u0e37\u0e2d\u0e41\u0e1a\u0e1a \u0e1b\u0e27\u0e14\u0e2b\u0e31\u0e27\u0e2d\u0e30 \u0e44\u0e21\u0e48\u0e2d\u0e22\u0e32\u0e01\u0e40\u0e2d\u0e32\u0e15\u0e31\u0e27\u0e40\u0e2d\u0e07\u0e44\u0e1b\u0e40\u0e08\u0e2dtoxic environment", "hashtags": [], "topic": "environment", "tweet_urls": [], "date": {"hour": 14, "month": 10, "iso": "2018-10-14T14:14:32", "year": 2018, "day": 14, "minute": 14}, "geo": null, "id": 1051476350182117377, "lang": "th", "emoticons": [], "user_id": 920277702203994113, "coordinates": null, "source": "Twitter for iPhone", "location": "Bancock", "mentions": []}, {"truncated": true, "text": "Asia: Environment\nSeven ways to give Earth a hand - Environment - The Jakarta Post/Asia News Network\u2026", "hashtags": [], "topic": "environment", "tweet_urls": ["https://t.co/4sUc8sjKJq"], "date": {"hour": 12, "month": 10, "iso": "2018-10-14T12:53:23", "year": 2018, "day": 14, "minute": 53}, "geo": null, "id": 1051455931177873409, "lang": "en", "emoticons": [], "user_id": 111504976, "coordinates": null, "source": "Facebook", "location": "Bancock", "mentions": []}, {"truncated": true, "text": "Mobile technology enables, empowers, and engages learning in ways that transform the learning environme\u2026", "hashtags": [], "topic": "environment", "tweet_urls": ["https://t.co/zl7cvAYqxz"], "date": {"hour": 6, "month": 10, "iso": "2018-10-14T06:38:48", "year": 2018, "day": 14, "minute": 38}, "geo": null, "id": 1051361661628477440, "lang": "en", "emoticons": [], "user_id": 940887516831350784, "coordinates": null, "source": "Twitter Web Client", "location": "Bancock", "mentions": ["@KISbangkok"]}, {"truncated": true, "text": "Mobile technology enables, empowers, and engages learning in ways that transform the learning environme\u2026", "hashtags": [], "topic": "environment", "tweet_urls": ["https://t.co/Q9HS1OtBtV"], "date": {"hour": 5, "month": 10, "iso": "2018-10-14T05:53:11", "year": 2018, "day": 14, "minute": 53}, "geo": null, "id": 1051350181340311553, "lang": "en", "emoticons": [], "user_id": 940887516831350784, "coordinates": null, "source": "Twitter Web Client", "location": "Bancock", "mentions": ["@KISbangkok"]}, {"truncated": true, "text": "Mission des p\u00f4les Mer au Vietnam et en Tha\u00eflande du 14 janvier au 18 janvier 2019. Ne manquez pas cette occasion d'\u2026", "hashtags": [], "topic": "environment", "tweet_urls": ["https://t.co/k27CohIG0d"], "date": {"hour": 8, "month": 10, "iso": "2018-10-15T08:47:02", "year": 2018, "day": 15, "minute": 47}, "geo": null, "id": 1051756321777885184, "lang": "fr", "emoticons": [], "user_id": 96179621, "coordinates": null, "source": "LinkedIn", "location": "Bancock", "mentions": []}, {"truncated": true, "text": "WE HAVE BEEN FEATURED! :)\n\nThank you Thailandefr for the article!\n\n\"\u00c0 l\u2019occasion de la French Tech, \u00e9v\u00e9nement incon\u2026", "hashtags": [], "topic": "environment", "tweet_urls": ["https://t.co/wSt7QwLEmg"], "date": {"hour": 4, "month": 10, "iso": "2018-10-15T04:00:26", "year": 2018, "day": 15, "minute": 0}, "geo": null, "id": 1051684194861178882, "lang": "fr", "emoticons": [], "user_id": 4660448657, "coordinates": null, "source": "Facebook", "location": "Bancock", "mentions": []}, {"truncated": true, "text": "\u0e2a\u0e34\u0e48\u0e07\u0e41\u0e27\u0e14\u0e25\u0e49\u0e2d\u0e21\u0e21\u0e31\u0e19\u0e21\u0e35\u0e1c\u0e25\u0e19\u0e30\n\u0e41\u0e1a\u0e1a\u0e16\u0e49\u0e32\u0e40\u0e23\u0e32\u0e22\u0e38\u0e23\u0e32\u0e22\u0e25\u0e49\u0e2d\u0e21\u0e04\u0e19\u0e1e\u0e39\u0e14\u0e04\u0e33\u0e2b\u0e22\u0e32\u0e1a \u0e04\u0e37\u0e2d\u0e41\u0e1a\u0e1a\u0e1e\u0e39\u0e14\u0e40\u0e25\u0e48\u0e19\u0e46\u0e01\u0e31\u0e19\u0e14\u0e49\u0e27\u0e22\u0e04\u0e33\u0e2b\u0e22\u0e32\u0e1a \u0e40\u0e23\u0e32\u0e01\u0e47\u0e08\u0e30\u0e15\u0e34\u0e14\u0e1e\u0e39\u0e14\u0e04\u0e33\u0e2b\u0e22\u0e32\u0e1a\u0e44\u0e1b\u0e14\u0e49\u0e27\u0e22 \u0e2d\u0e30\u0e44\u0e23\u0e41\u0e1a\u0e1a\u0e19\u0e35\u0e49\u2026", "hashtags": [], "topic": "environment", "tweet_urls": ["https://t.co/Nmpz8eRVoc"], "date": {"hour": 16, "month": 10, "iso": "2018-10-15T16:22:39", "year": 2018, "day": 15, "minute": 22}, "geo": null, "id": 1051870982858665984, "lang": "th", "emoticons": [], "user_id": 3184748096, "coordinates": null, "source": "Twitter for Android", "location": "Bancock", "mentions": []}, {"truncated": true, "text": "\u0e27\u0e34\u0e17\u0e22\u0e32\u0e28\u0e32\u0e2a\u0e15\u0e23\u0e4c\u0e2a\u0e34\u0e48\u0e07\u0e41\u0e27\u0e14\u0e25\u0e49\u0e2d\u0e21 \u0e40\u0e1b\u0e34\u0e14\u0e41\u0e17\u0e1a\u0e17\u0e38\u0e01\u0e21\u0e2b\u0e32\u0e27\u0e34\u0e17\u0e22\u0e32\u0e25\u0e31\u0e22 \u0e43\u0e19\u0e41\u0e15\u0e48\u0e25\u0e30\u0e1b\u0e35\u0e04\u0e19\u0e08\u0e1a\u0e21\u0e32\u0e01\u0e47\u0e40\u0e22\u0e2d\u0e30 \u0e41\u0e15\u0e48\u0e40\u0e27\u0e25\u0e32\u0e17\u0e33\u0e07\u0e32\u0e19\u0e14\u0e39\u0e40\u0e2b\u0e21\u0e37\u0e2d\u0e19\u0e2a\u0e32\u0e22\u0e07\u0e32\u0e19\u0e19\u0e35\u0e49\u0e41\u0e04\u0e1a\u0e21\u0e32\u0e01 \u0e44\u0e1b\u0e17\u0e35\u0e48\u0e44\u0e2b\u0e19\u0e01\u0e47\u0e40\u0e08\u2026", "hashtags": [], "topic": "environment", "tweet_urls": ["https://t.co/11g3wWfqUA"], "date": {"hour": 14, "month": 10, "iso": "2018-10-15T14:21:55", "year": 2018, "day": 15, "minute": 21}, "geo": null, "id": 1051840598301265921, "lang": "th", "emoticons": [], "user_id": 135508180, "coordinates": null, "source": "Twitter for iPhone", "location": "Bancock", "mentions": []}, {"truncated": true, "text": "-Psychopath = Born to be \u0e08\u0e32\u0e01\u0e23\u0e23\u0e21\u0e1e\u0e31\u0e19\u0e18\u0e4c\n-Sociopath = \u0e16\u0e39\u0e01\u0e17\u0e33\u0e43\u0e2b\u0e49\u0e40\u0e1b\u0e47\u0e19 \u0e2d\u0e32\u0e08\u0e08\u0e30\u0e14\u0e49\u0e27\u0e22\u0e2a\u0e31\u0e07\u0e04\u0e21\u0e2b\u0e23\u0e37\u0e2d\u0e2a\u0e34\u0e48\u0e07\u0e41\u0e27\u0e14\u0e25\u0e49\u0e2d\u0e21\u0e15\u0e48\u0e32\u0e07\u0e46\nPsychopath = Soci\u2026", "hashtags": [], "topic": "environment", "tweet_urls": ["https://t.co/8u9QNNbgLU"], "date": {"hour": 4, "month": 10, "iso": "2018-10-15T04:56:37", "year": 2018, "day": 15, "minute": 56}, "geo": null, "id": 1051698337068380166, "lang": "th", "emoticons": [], "user_id": 147536675, "coordinates": null, "source": "Twitter for Android", "location": "Bancock", "mentions": []}, {"truncated": true, "text": "\u0e19\u0e35\u0e48\u0e43\u0e0a\u0e49\u0e2d\u0e22\u0e48\u0e32\u0e07\u0e40\u0e1b\u0e25\u0e37\u0e2d\u0e07\u0e41\u0e25\u0e49\u0e27\u0e19\u0e30 9 \u0e40\u0e14\u0e37\u0e2d\u0e19\u0e19\u0e35\u0e48\u0e22\u0e31\u0e07\u0e44\u0e21\u0e48\u0e2b\u0e21\u0e14\u0e40\u0e25\u0e22 \u0e2d\u0e30\u0e44\u0e23\u0e08\u0e30\u0e14\u0e35 \u0e1b\u0e23\u0e30\u0e2b\u0e22\u0e31\u0e14\u0e02\u0e19\u0e32\u0e14\u0e19\u0e35\u0e49 \u0e44\u0e21\u0e48\u0e01\u0e31\u0e14\u0e21\u0e37\u0e2d\u0e40\u0e25\u0e22 \u0e21\u0e37\u0e2d\u0e19\u0e38\u0e48\u0e21\u0e21\u0e32\u0e01 \u0e2b\u0e2d\u0e21\u0e21\u0e32\u0e01 \u0e21\u0e35\u0e2a\u0e48\u0e27\u0e19\u0e1c\u0e2a\u0e21\u0e02\u0e2d\u0e07\u0e43\u2026", "hashtags": [], "topic": "environment", "tweet_urls": ["https://t.co/hWUm1zfhvk"], "date": {"hour": 4, "month": 10, "iso": "2018-10-15T04:24:58", "year": 2018, "day": 15, "minute": 24}, "geo": null, "id": 1051690372127051776, "lang": "th", "emoticons": [], "user_id": 949907286, "coordinates": null, "source": "Twitter for Android", "location": "Bancock", "mentions": []}, {"truncated": true, "text": "\u0e22\u0e35\u0e19\u0e17\u0e35\u0e48\u0e40\u0e01\u0e35\u0e48\u0e22\u0e27\u0e02\u0e49\u0e2d\u0e07\u0e01\u0e31\u0e1a\u0e04\u0e27\u0e32\u0e21\u0e2d\u0e49\u0e27\u0e19\u0e21\u0e35\u0e08\u0e23\u0e34\u0e07\u0e04\u0e48\u0e30 \u0e41\u0e15\u0e48\u0e44\u0e21\u0e48\u0e44\u0e14\u0e49\u0e2b\u0e21\u0e32\u0e22\u0e04\u0e27\u0e32\u0e21\u0e27\u0e48\u0e32\u0e04\u0e19\u0e17\u0e35\u0e48\u0e21\u0e35\u0e22\u0e35\u0e19\u0e19\u0e35\u0e49\u0e08\u0e30\u0e15\u0e49\u0e2d\u0e07\u0e2d\u0e49\u0e27\u0e19\u0e41\u0e25\u0e30\u0e44\u0e21\u0e48\u0e15\u0e2d\u0e1a\u0e2a\u0e19\u0e2d\u0e07\u0e15\u0e48\u0e2d\u0e01\u0e32\u0e23\u0e23\u0e31\u0e01\u0e29 \u0e22\u0e35\u0e19\u0e40\u0e1b\u0e47\u0e19\u0e41\u0e04\u0e48\u2026", "hashtags": [], "topic": "environment", "tweet_urls": ["https://t.co/kvvtSXWvte"], "date": {"hour": 3, "month": 10, "iso": "2018-10-15T03:45:29", "year": 2018, "day": 15, "minute": 45}, "geo": null, "id": 1051680433337856000, "lang": "th", "emoticons": [], "user_id": 21544917, "coordinates": null, "source": "Twitter Web Client", "location": "Bancock", "mentions": []}, {"truncated": true, "text": "\u0e2a\u0e33\u0e2b\u0e23\u0e31\u0e1a\u0e04\u0e19\u0e27\u0e31\u0e22\u0e2d\u0e22\u0e48\u0e32\u0e07\u0e1c\u0e21 \u0e40\u0e1e\u0e37\u0e48\u0e2d\u0e2d\u0e19\u0e32\u0e04\u0e15\u0e25\u0e39\u0e01\u0e43\u0e19\u0e20\u0e32\u0e22\u0e20\u0e32\u0e04\u0e2b\u0e19\u0e49\u0e32\u0e44\u0e14\u0e49\u0e40\u0e15\u0e34\u0e1a\u0e42\u0e15\u0e21\u0e32\u0e2d\u0e22\u0e48\u0e32\u0e07\u0e04\u0e38\u0e13\u0e20\u0e32\u0e1e\u0e0a\u0e35\u0e27\u0e34\u0e15\u0e17\u0e35\u0e48\u0e40\u0e1b\u0e47\u0e19\u0e21\u0e34\u0e15\u0e23\u0e01\u0e31\u0e1a\u0e2a\u0e34\u0e48\u0e07\u0e41\u0e27\u0e14\u0e25\u0e49\u0e2d\u0e21 \u0e1c\u0e21\u0e0a\u0e2d\u0e1a\u0e22\u0e38\u0e17\u2026", "hashtags": [], "topic": "environment", "tweet_urls": ["https://t.co/bMiB7g3U13"], "date": {"hour": 2, "month": 10, "iso": "2018-10-15T02:39:38", "year": 2018, "day": 15, "minute": 39}, "geo": null, "id": 1051663861579841537, "lang": "th", "emoticons": [], "user_id": 75948876, "coordinates": null, "source": "Twitter for Android", "location": "Bancock", "mentions": ["@thaipost"]}, {"truncated": true, "text": "\u0e2a\u0e34\u0e48\u0e07\u0e17\u0e35\u0e48\u0e40\u0e2b\u0e21\u0e37\u0e2d\u0e19\u0e01\u0e31\u0e19\u0e02\u0e2d\u0e07 Westwood \u0e41\u0e25\u0e30 Sakamoto \u0e04\u0e37\u0e2d\u0e1e\u0e27\u0e01\u0e40\u0e02\u0e32\u0e40\u0e1b\u0e47\u0e19\u0e28\u0e34\u0e25\u0e1b\u0e34\u0e19\u0e17\u0e35\u0e48\u0e21\u0e35\u0e04\u0e27\u0e32\u0e21\u0e2b\u0e25\u0e07\u0e44\u0e2b\u0e25\u0e43\u0e19\u0e40\u0e23\u0e37\u0e48\u0e2d\u0e07\u0e17\u0e35\u0e48\u0e15\u0e31\u0e27\u0e40\u0e2d\u0e07\u0e0a\u0e37\u0e48\u0e19\u0e0a\u0e2d\u0e1a \u0e41\u0e25\u0e30\u0e1e\u0e27\u0e01\u0e40\u0e02\u0e32\u0e01\u0e47\u0e22\u0e31\u0e07\u2026", "hashtags": [], "topic": "environment", "tweet_urls": ["https://t.co/sYadgaMDA5"], "date": {"hour": 15, "month": 10, "iso": "2018-10-14T15:40:41", "year": 2018, "day": 14, "minute": 40}, "geo": null, "id": 1051498031181254656, "lang": "th", "emoticons": [], "user_id": 1050074112951865344, "coordinates": null, "source": "Twitter for Android", "location": "Bancock", "mentions": []}]