[{"truncated": true, "text": "A poster stand at the ESCAP United Nations If can\u2019t REFUSE it, REFUSE it!! \ufe0f .\n.\n.\n#thinkgreen", "hashtags": ["#gringreen\u2026"], "topic": "environment", "tweet_urls": ["https://t.co/dqXLmaghpX"], "date": {"hour": 13, "month": 10, "iso": "2018-10-26T13:22:03", "year": 2018, "day": 26, "minute": 22}, "geo": null, "id": 1055811798463537152, "lang": "en", "emoticons": ["\ud83c\udf10", "\u267b"], "user_id": 957980693606223873, "coordinates": null, "source": "Twitter for iPhone", "location": "Bancock", "mentions": []}, {"truncated": true, "text": "Insights into the everyday life of a Christoph Bock explains how birds influence the construction of wi\u2026", "hashtags": ["#biologist:"], "topic": "environment", "tweet_urls": ["https://t.co/fojUMID6O2"], "date": {"hour": 11, "month": 10, "iso": "2018-10-26T11:00:43", "year": 2018, "day": 26, "minute": 0}, "geo": null, "id": 1055776229129883648, "lang": "en", "emoticons": [], "user_id": 3355069793, "coordinates": null, "source": "Buffer", "location": "Bancock", "mentions": []}, {"truncated": true, "text": "[UnixArena] Spinbackup \u2013 Office 365 &amp; Google\u2019s G Suite \u2013 360 Degree Data Protection --&gt;\n\nSpinbackup\u2019s provides a fu\u2026", "hashtags": [], "topic": "environment", "tweet_urls": ["https://t.co/q1Ha6XBKEq"], "date": {"hour": 9, "month": 10, "iso": "2018-10-26T09:44:32", "year": 2018, "day": 26, "minute": 44}, "geo": null, "id": 1055757057440317440, "lang": "en", "emoticons": [], "user_id": 22917909, "coordinates": null, "source": "IFTTT", "location": "Bancock", "mentions": []}, {"truncated": true, "text": "[DZone] [security] Top 5 Application Vulnerabilities: How to Prevent Risks --&gt;\n\nA web application in today\u2019s enviro\u2026", "hashtags": [], "topic": "environment", "tweet_urls": ["https://t.co/eKOA1uJfwt"], "date": {"hour": 9, "month": 10, "iso": "2018-10-26T09:44:28", "year": 2018, "day": 26, "minute": 44}, "geo": null, "id": 1055757042969927681, "lang": "en", "emoticons": [], "user_id": 22917909, "coordinates": null, "source": "IFTTT", "location": "Bancock", "mentions": []}, {"truncated": true, "text": "Go green or go home.\nTake all necessary steps to make practices and businesses more sustainable. Access up to 300 g\u2026", "hashtags": [], "topic": "environment", "tweet_urls": ["https://t.co/AczbMawj0Y"], "date": {"hour": 9, "month": 10, "iso": "2018-10-26T09:17:19", "year": 2018, "day": 26, "minute": 17}, "geo": null, "id": 1055750209538539520, "lang": "en", "emoticons": [], "user_id": 101984734, "coordinates": null, "source": "Hootsuite Inc.", "location": "Bancock", "mentions": []}, {"truncated": true, "text": "Go green or go home.\n\nTake all necessary steps to make practices and businesses more sustainable. Access up to 300\u2026", "hashtags": [], "topic": "environment", "tweet_urls": ["https://t.co/U15b9UHAw6"], "date": {"hour": 6, "month": 10, "iso": "2018-10-26T06:00:06", "year": 2018, "day": 26, "minute": 0}, "geo": null, "id": 1055700579358392321, "lang": "en", "emoticons": [], "user_id": 101984734, "coordinates": null, "source": "Facebook", "location": "Bancock", "mentions": []}, {"truncated": true, "text": "This luxurious and eco-friendly community is comprised of 52 housing units in a serene (and green!) environment\u2026", "hashtags": [], "topic": "environment", "tweet_urls": ["https://t.co/xgSa2PAKJN"], "date": {"hour": 5, "month": 10, "iso": "2018-10-26T05:00:01", "year": 2018, "day": 26, "minute": 0}, "geo": null, "id": 1055685458020098050, "lang": "en", "emoticons": [], "user_id": 1326375108, "coordinates": null, "source": "TweetDeck", "location": "Bancock", "mentions": []}, {"truncated": true, "text": "More solar panels mean more waste and there\u2019s no easy solution\n\n\u0e42\u0e0b\u0e25\u0e48\u0e32\u0e40\u0e0b\u0e25\u0e25\u0e4c\u0e01\u0e33\u0e25\u0e31\u0e07\u0e40\u0e23\u0e34\u0e48\u0e21\u0e01\u0e48\u0e2d\u0e1b\u0e31\u0e0d\u0e2b\u0e32\u0e14\u0e49\u0e32\u0e19\u0e02\u0e22\u0e30 \u0e1b\u0e01\u0e15\u0e34\u0e41\u0e1c\u0e07\u0e17\u0e35\u0e48\u0e14\u0e35\u0e08\u0e30\u0e43\u2026", "hashtags": [], "topic": "environment", "tweet_urls": ["https://t.co/pKJPJVM00I"], "date": {"hour": 3, "month": 10, "iso": "2018-10-26T03:41:06", "year": 2018, "day": 26, "minute": 41}, "geo": null, "id": 1055665599613886464, "lang": "th", "emoticons": [], "user_id": 196479138, "coordinates": null, "source": "Twitter Web Client", "location": "Bancock", "mentions": []}, {"truncated": true, "text": "\u0e40\u0e23\u0e32\u0e44\u0e21\u0e48\u0e40\u0e02\u0e49\u0e32\u0e43\u0e08\u0e04\u0e19\u0e17\u0e35\u0e48\u0e17\u0e33\u0e07\u0e32\u0e19\u0e44\u0e21\u0e48\u0e16\u0e36\u0e07\u0e40\u0e14\u0e37\u0e2d\u0e19\u0e41\u0e25\u0e49\u0e27\u0e25\u0e32\u0e2d\u0e2d\u0e01 \u0e08\u0e30\u0e27\u0e48\u0e32 environment \u0e01\u0e32\u0e23\u0e17\u0e33\u0e07\u0e32\u0e19\u0e41\u0e22\u0e48 \u0e01\u0e47\u0e44\u0e21\u0e48\u0e43\u0e0a\u0e48\u0e40\u0e1e\u0e23\u0e32\u0e30\u0e22\u0e31\u0e07\u0e19\u0e31\u0e48\u0e07\u0e2b\u0e31\u0e27\u0e40\u0e23\u0e32\u0e01\u0e31\u0e1a\u0e40\u0e1e\u0e37\u0e48\u0e2d\u0e19\u0e23\u0e27\u0e21\u0e07\u0e32\u0e19\u0e04\u2026", "hashtags": [], "topic": "environment", "tweet_urls": ["https://t.co/R0DSSWRKRc"], "date": {"hour": 2, "month": 10, "iso": "2018-10-26T02:42:26", "year": 2018, "day": 26, "minute": 42}, "geo": null, "id": 1055650832174051328, "lang": "th", "emoticons": [], "user_id": 922365017554501632, "coordinates": null, "source": "Twitter for iPhone", "location": "Bancock", "mentions": []}, {"truncated": false, "text": "More solar panels mean more waste and there\u2019s no easy solution", "hashtags": [], "topic": "environment", "tweet_urls": ["https://t.co/AE1gehnfJT"], "date": {"hour": 1, "month": 10, "iso": "2018-10-26T01:14:03", "year": 2018, "day": 26, "minute": 14}, "geo": null, "id": 1055628592481071104, "lang": "en", "emoticons": [], "user_id": 165490116, "coordinates": null, "source": "Twitter for Android", "location": "Bancock", "mentions": []}, {"truncated": false, "text": "\u2018Ugly duckling\u2019 from the -", "hashtags": ["#Fossil", "#Deep", "#PrescientInfo"], "topic": "environment", "tweet_urls": ["https://t.co/NkP2lguZU1"], "date": {"hour": 22, "month": 10, "iso": "2018-10-25T22:30:12", "year": 2018, "day": 25, "minute": 30}, "geo": null, "id": 1055587355812397057, "lang": "en", "emoticons": [], "user_id": 3189238166, "coordinates": null, "source": "Prescie\u014bt Info", "location": "Bancock", "mentions": []}, {"truncated": true, "text": "South Korea tops entrepreneurship environment index in Asia - Thailand ranks in 8th position in the 2018 edition of\u2026", "hashtags": [], "topic": "environment", "tweet_urls": ["https://t.co/njGanpoJqk"], "date": {"hour": 18, "month": 10, "iso": "2018-10-25T18:00:23", "year": 2018, "day": 25, "minute": 0}, "geo": null, "id": 1055519453675446272, "lang": "en", "emoticons": [], "user_id": 22334330, "coordinates": null, "source": "Facebook", "location": "Bancock", "mentions": []}, {"truncated": true, "text": "RULE NO. 1 IN LIFE : NEVER HARASS A WOMAN.\nRULE NO. 2 IN LIFE : NEVER HARASS A WOMAN.\nRULE NO. 3 IN LIFE : NEVER HA\u2026", "hashtags": [], "topic": "environment", "tweet_urls": ["https://t.co/D8N4hrf13a"], "date": {"hour": 17, "month": 10, "iso": "2018-10-25T17:16:11", "year": 2018, "day": 25, "minute": 16}, "geo": null, "id": 1055508333887578112, "lang": "en", "emoticons": [], "user_id": 831176400807661568, "coordinates": null, "source": "Twitter Web Client", "location": "Bancock", "mentions": []}, {"truncated": true, "text": "Really puzzled by conflicting information on single use Are bags not usable a second or 30th ti\u2026", "hashtags": ["#plastics.", "#plastic"], "topic": "environment", "tweet_urls": ["https://t.co/lYoLav8klh"], "date": {"hour": 12, "month": 10, "iso": "2018-10-25T12:58:26", "year": 2018, "day": 25, "minute": 58}, "geo": null, "id": 1055443468695220224, "lang": "en", "emoticons": [], "user_id": 134773255, "coordinates": null, "source": "Twitter for Android", "location": "Bancock", "mentions": []}, {"truncated": true, "text": "If anyone needs to clean up his act it\u2019s YOU! \n\nYour mouth is a cesspool of vitriol and viciousnes\u2026", "hashtags": [], "topic": "environment", "tweet_urls": ["https://t.co/CuVgLr3Baa"], "date": {"hour": 12, "month": 10, "iso": "2018-10-25T12:30:17", "year": 2018, "day": 25, "minute": 30}, "geo": null, "id": 1055436381848137730, "lang": "en", "emoticons": [], "user_id": 14157562, "coordinates": null, "source": "Twitter for iPhone", "location": "Bancock", "mentions": ["@realDonaldTrump"]}, {"truncated": true, "text": "Because they know that they are not false flag bombs and that they are c\u2026", "hashtags": [], "topic": "environment", "tweet_urls": ["https://t.co/RqFZQAM9UQ"], "date": {"hour": 11, "month": 10, "iso": "2018-10-25T11:27:34", "year": 2018, "day": 25, "minute": 27}, "geo": null, "id": 1055420600171212800, "lang": "en", "emoticons": [], "user_id": 14157562, "coordinates": null, "source": "Twitter for iPhone", "location": "Bancock", "mentions": ["@DavidCornDC", "@PassarelliAllan", "@MotherJones"]}, {"truncated": true, "text": "There are only about 5,000 black rhinos left in the wild today. patrol the greater Kruger National\u2026", "hashtags": [], "topic": "environment", "tweet_urls": ["https://t.co/K7ONFQ2K71"], "date": {"hour": 6, "month": 10, "iso": "2018-10-25T06:17:26", "year": 2018, "day": 25, "minute": 17}, "geo": null, "id": 1055342551320879106, "lang": "en", "emoticons": [], "user_id": 522969041, "coordinates": null, "source": "Twitter Web Client", "location": "Bancock", "mentions": ["@blackmambasapu"]}, {"truncated": true, "text": "Independent: Two-thirds of plastic are not recycleable. Those that are will be recycled only a handful of times bef\u2026", "hashtags": [], "topic": "environment", "tweet_urls": ["https://t.co/BtZIVy4sPQ"], "date": {"hour": 4, "month": 10, "iso": "2018-10-25T04:25:46", "year": 2018, "day": 25, "minute": 25}, "geo": null, "id": 1055314452327804928, "lang": "en", "emoticons": [], "user_id": 16131604, "coordinates": null, "source": "Twitter Web Client", "location": "Bancock", "mentions": []}, {"truncated": true, "text": "Extreme makes a devastating landfall in Northern a US territory\u2026", "hashtags": ["#Category5", "#TyphoonYutu", "#MarianaIslands,"], "topic": "environment", "tweet_urls": ["https://t.co/fRNKU6ta5l"], "date": {"hour": 4, "month": 10, "iso": "2018-10-25T04:06:12", "year": 2018, "day": 25, "minute": 6}, "geo": null, "id": 1055309525232758784, "lang": "en", "emoticons": [], "user_id": 420067396, "coordinates": null, "source": "Twidere for Android #8", "location": "Bancock", "mentions": []}, {"truncated": true, "text": "The European Parliament approved a ban on single-use including plastic straws, cotton swabs, disposable p\u2026", "hashtags": ["#plastics"], "topic": "environment", "tweet_urls": ["https://t.co/474JyThTji"], "date": {"hour": 3, "month": 10, "iso": "2018-10-25T03:25:23", "year": 2018, "day": 25, "minute": 25}, "geo": null, "id": 1055299252908244995, "lang": "en", "emoticons": [], "user_id": 3246426167, "coordinates": null, "source": "Twitter Web Client", "location": "Bancock", "mentions": []}, {"truncated": true, "text": "Study suggested that more than 50% of the world population might have microplastics in their stools\u2026", "hashtags": [], "topic": "environment", "tweet_urls": ["https://t.co/iUw0WTVO4S"], "date": {"hour": 2, "month": 10, "iso": "2018-10-25T02:43:55", "year": 2018, "day": 25, "minute": 43}, "geo": null, "id": 1055288817811214336, "lang": "en", "emoticons": [], "user_id": 522969041, "coordinates": null, "source": "Twitter Web Client", "location": "Bancock", "mentions": []}, {"truncated": true, "text": "Curbs on the number of daily visitors to the Similan Islands off the Andaman Coast will not be rolled back, says To\u2026", "hashtags": [], "topic": "environment", "tweet_urls": ["https://t.co/VhBq8f5hyu"], "date": {"hour": 1, "month": 10, "iso": "2018-10-25T01:04:18", "year": 2018, "day": 25, "minute": 4}, "geo": null, "id": 1055263748070400000, "lang": "en", "emoticons": [], "user_id": 72888855, "coordinates": null, "source": "Tweetbot for i\u039fS", "location": "Bancock", "mentions": []}, {"truncated": true, "text": "\u0e2a\u0e2b\u0e20\u0e32\u0e1e\u0e22\u0e38\u0e42\u0e23\u0e1b\u0e40\u0e2b\u0e47\u0e19\u0e0a\u0e2d\u0e1a\u0e1c\u0e48\u0e32\u0e19\u0e01\u0e0e\u0e2b\u0e21\u0e32\u0e22\u0e17\u0e35\u0e48\u0e08\u0e30\u0e2a\u0e31\u0e48\u0e07\u0e41\u0e1a\u0e19\u0e01\u0e32\u0e23\u0e43\u0e0a\u0e49\u0e1e\u0e25\u0e32\u0e2a\u0e15\u0e34\u0e01\u0e41\u0e1a\u0e1a\u0e43\u0e0a\u0e49\u0e04\u0e23\u0e31\u0e49\u0e07\u0e40\u0e14\u0e35\u0e22\u0e27\u0e41\u0e25\u0e49\u0e27\u0e17\u0e34\u0e49\u0e07\u0e2b\u0e25\u0e32\u0e22\u0e0a\u0e19\u0e34\u0e14 \u0e44\u0e21\u0e48\u0e27\u0e48\u0e32\u0e08\u0e30\u0e40\u0e1b\u0e47\u0e19 \u0e2b\u0e25\u0e2d\u0e14\u0e1e\u0e25\u0e32\u0e2a\u0e15\u0e34\u0e01 \u0e0a\u0e49\u0e2d\u0e19\u2026", "hashtags": [], "topic": "environment", "tweet_urls": ["https://t.co/akfGdvnuTB"], "date": {"hour": 0, "month": 10, "iso": "2018-10-25T00:54:21", "year": 2018, "day": 25, "minute": 54}, "geo": null, "id": 1055261244603559936, "lang": "th", "emoticons": [], "user_id": 983209891425804289, "coordinates": null, "source": "Twitter for iPhone", "location": "Bancock", "mentions": []}, {"truncated": true, "text": "\u201cif you read books as a kid,..... You are actually good at literacy in a completely different environment, the digi\u2026", "hashtags": [], "topic": "environment", "tweet_urls": ["https://t.co/pR4M0GioTp"], "date": {"hour": 0, "month": 10, "iso": "2018-10-25T00:10:38", "year": 2018, "day": 25, "minute": 10}, "geo": null, "id": 1055250244256976897, "lang": "en", "emoticons": [], "user_id": 3013129003, "coordinates": null, "source": "Twitter for Android", "location": "Bancock", "mentions": []}, {"truncated": true, "text": "Finally! This is what\u2019s needed - a policy solution. Under the proposed directive, items such as straws, co\u2026", "hashtags": ["#plastic"], "topic": "environment", "tweet_urls": ["https://t.co/EcF96FPqAA"], "date": {"hour": 19, "month": 10, "iso": "2018-10-24T19:12:47", "year": 2018, "day": 24, "minute": 12}, "geo": null, "id": 1055175286864543746, "lang": "en", "emoticons": [], "user_id": 214608361, "coordinates": null, "source": "Twitter for iPhone", "location": "Bancock", "mentions": []}, {"truncated": false, "text": "\u2018Flexitarian\u2019 diets can risks -", "hashtags": ["#Limit", "#Future", "#PrescientInfo"], "topic": "environment", "tweet_urls": ["https://t.co/HF2LL8Ah49"], "date": {"hour": 18, "month": 10, "iso": "2018-10-24T18:55:23", "year": 2018, "day": 24, "minute": 55}, "geo": null, "id": 1055170910028816384, "lang": "en", "emoticons": [], "user_id": 3189238166, "coordinates": null, "source": "Prescie\u014bt Info", "location": "Bancock", "mentions": []}, {"truncated": true, "text": "South Korea tops entrepreneurship environment index in Asia - Thailand ranks in 8th position in the 2018 edition of\u2026", "hashtags": [], "topic": "environment", "tweet_urls": ["https://t.co/gP22TkB0uY"], "date": {"hour": 18, "month": 10, "iso": "2018-10-24T18:00:26", "year": 2018, "day": 24, "minute": 0}, "geo": null, "id": 1055157078875090944, "lang": "en", "emoticons": [], "user_id": 22334330, "coordinates": null, "source": "Facebook", "location": "Bancock", "mentions": []}, {"truncated": true, "text": "\u0e40\u0e08\u0e2d\u0e1a\u0e48\u0e2d\u0e22\u0e2a\u0e38\u0e14\u0e04\u0e37\u0e2d\u0e40\u0e27\u0e25\u0e32\u0e44\u0e1b\u0e04\u0e48\u0e32\u0e22 \u0e44\u0e1b\u0e15\u0e48\u0e32\u0e07\u0e1b\u0e23\u0e30\u0e40\u0e17\u0e28 \u0e2b\u0e23\u0e37\u0e2d\u0e44\u0e1b\u0e17\u0e33\u0e01\u0e34\u0e08\u0e01\u0e23\u0e23\u0e21\u0e2d\u0e30\u0e44\u0e23\u0e15\u0e48\u0e2d\u0e40\u0e19\u0e37\u0e48\u0e2d\u0e07\u0e21\u0e32\u0e0a\u0e48\u0e27\u0e07\u0e19\u0e36\u0e07 \u0e1e\u0e2d\u0e01\u0e25\u0e31\u0e1a\u0e21\u0e32\u0e2a\u0e39\u0e48\u0e1b\u0e01\u0e15\u0e34\u0e01\u0e47\u0e08\u0e30 depress \u0e21\u0e32\u0e01\u0e44\u0e1b\u0e0a\u0e48\u0e27\u0e07\u0e19\u0e36\u0e07\u2026", "hashtags": [], "topic": "environment", "tweet_urls": ["https://t.co/gZ44lyBREX"], "date": {"hour": 12, "month": 10, "iso": "2018-10-24T12:56:55", "year": 2018, "day": 24, "minute": 56}, "geo": null, "id": 1055080699244367874, "lang": "th", "emoticons": [], "user_id": 845945236773777408, "coordinates": null, "source": "Twitter for Android", "location": "Bancock", "mentions": []}, {"truncated": false, "text": "Musk unveils first \u2018#Moon loop\u2019 tourist -", "hashtags": ["#PrescientInfo"], "topic": "environment", "tweet_urls": ["https://t.co/fU8NRbVNkU"], "date": {"hour": 8, "month": 10, "iso": "2018-10-24T08:26:11", "year": 2018, "day": 24, "minute": 26}, "geo": null, "id": 1055012566509019137, "lang": "en", "emoticons": [], "user_id": 3178957030, "coordinates": null, "source": "Prescie\u014bt Info", "location": "Bancock", "mentions": []}, {"truncated": true, "text": "Asia: Environment\nAlthough excessive tourism has garnered recent headlines over threats to the health of Thailand\u2019s\u2026", "hashtags": [], "topic": "environment", "tweet_urls": ["https://t.co/JsbULhmydM"], "date": {"hour": 5, "month": 10, "iso": "2018-10-24T05:00:05", "year": 2018, "day": 24, "minute": 0}, "geo": null, "id": 1054960700785901568, "lang": "en", "emoticons": [], "user_id": 111504976, "coordinates": null, "source": "Facebook", "location": "Bancock", "mentions": []}, {"truncated": true, "text": "Great article covering the recent crunch issue. I stand by what I said before though, fuck Rockstar\u2026", "hashtags": [], "topic": "environment", "tweet_urls": ["https://t.co/Q0obUkxiPX"], "date": {"hour": 4, "month": 10, "iso": "2018-10-24T04:15:09", "year": 2018, "day": 24, "minute": 15}, "geo": null, "id": 1054949392397025282, "lang": "en", "emoticons": [], "user_id": 531915357, "coordinates": null, "source": "TweetDeck", "location": "Bancock", "mentions": ["@RockstarGames"]}, {"truncated": true, "text": "South Korea tops entrepreneurship environment index in Asia - Thailand ranks in 8th position in the 2018 edition of\u2026", "hashtags": [], "topic": "environment", "tweet_urls": ["https://t.co/9VRMXNAgip"], "date": {"hour": 4, "month": 10, "iso": "2018-10-24T04:01:04", "year": 2018, "day": 24, "minute": 1}, "geo": null, "id": 1054945845903327233, "lang": "en", "emoticons": [], "user_id": 22334330, "coordinates": null, "source": "Facebook", "location": "Bancock", "mentions": []}, {"truncated": false, "text": "Vietnam\u2019s children and the fear of -", "hashtags": ["#ClimateChange", "#PrescientInfo"], "topic": "environment", "tweet_urls": ["https://t.co/ruwZybn1nR"], "date": {"hour": 1, "month": 10, "iso": "2018-10-24T01:52:11", "year": 2018, "day": 24, "minute": 52}, "geo": null, "id": 1054913413137219584, "lang": "en", "emoticons": [], "user_id": 3189238166, "coordinates": null, "source": "Prescie\u014bt Info", "location": "Bancock", "mentions": []}, {"truncated": true, "text": "A work environment and giving back to the community - these are just some of the reasons why we feel proud\u2026", "hashtags": ["#diverse"], "topic": "environment", "tweet_urls": ["https://t.co/0PczQFRHAd"], "date": {"hour": 1, "month": 10, "iso": "2018-10-24T01:30:00", "year": 2018, "day": 24, "minute": 30}, "geo": null, "id": 1054907829155520513, "lang": "en", "emoticons": [], "user_id": 44031134, "coordinates": null, "source": "TweetDeck", "location": "Bancock", "mentions": []}, {"truncated": false, "text": "\u2018exomoon\u2019 may have been -", "hashtags": ["#First", "#Found", "#PrescientInfo"], "topic": "environment", "tweet_urls": ["https://t.co/HSUiPlupXG"], "date": {"hour": 1, "month": 10, "iso": "2018-10-24T01:08:21", "year": 2018, "day": 24, "minute": 8}, "geo": null, "id": 1054902382855966720, "lang": "en", "emoticons": [], "user_id": 3189238166, "coordinates": null, "source": "Prescie\u014bt Info", "location": "Bancock", "mentions": []}, {"truncated": false, "text": "\u0e40\u0e1b\u0e47\u0e19\u0e15\u0e32\u0e21\u0e04\u0e32\u0e14 \u0e2d\u0e22\u0e39\u0e48\u0e43\u0e19\u0e40\u0e23\u0e32\u0e41\u0e25\u0e49\u0e27\u0e08\u0e23\u0e34\u0e07\u0e46", "hashtags": [], "topic": "environment", "tweet_urls": ["https://t.co/5jRt7SBCVo"], "date": {"hour": 0, "month": 10, "iso": "2018-10-24T00:32:18", "year": 2018, "day": 24, "minute": 32}, "geo": null, "id": 1054893308571353088, "lang": "th", "emoticons": [], "user_id": 123761832, "coordinates": null, "source": "Facebook", "location": "Bancock", "mentions": []}, {"truncated": false, "text": "Barrages sur le M\u00e9kong : un danger pour l\u2019environnement et la\u00a0population", "hashtags": [], "topic": "environment", "tweet_urls": ["https://t.co/01okMfiWUn", "https://t.co/ACMRWwIDME"], "date": {"hour": 8, "month": 10, "iso": "2018-10-24T08:35:00", "year": 2018, "day": 24, "minute": 35}, "geo": null, "id": 1055014783160856576, "lang": "fr", "emoticons": [], "user_id": 1949018696, "coordinates": null, "source": "WordPress.com", "location": "Bancock", "mentions": []}, {"truncated": false, "text": "Barrages sur le M\u00e9kong : un danger pour l\u2019environnement et la\u00a0population", "hashtags": [], "topic": "environment", "tweet_urls": ["https://t.co/HPqpr8EbO2", "https://t.co/i0sZlrxYvb"], "date": {"hour": 8, "month": 10, "iso": "2018-10-24T08:34:50", "year": 2018, "day": 24, "minute": 34}, "geo": null, "id": 1055014744485216257, "lang": "fr", "emoticons": [], "user_id": 242203956, "coordinates": null, "source": "WordPress.com", "location": "Bancock", "mentions": []}, {"truncated": false, "text": "\u0e27\u0e0a.\u0e08\u0e31\u0e14\u0e27\u0e31\u0e19\u0e04\u0e25\u0e49\u0e32\u0e22\u0e27\u0e31\u0e19\u0e2a\u0e16\u0e32\u0e1b\u0e19\u0e32\u0e04\u0e23\u0e1a\u0e55\u0e59 \u0e1b\u0e35 \u0e40\u0e1b\u0e34\u0e14\u0e42\u0e04\u0e23\u0e07\u0e01\u0e32\u0e23 \u201c\u0e27\u0e0a. \u0e23\u0e31\u0e01\u0e29\u0e4c\u0e2a\u0e34\u0e48\u0e07\u0e41\u0e27\u0e14\u0e25\u0e49\u0e2d\u0e21\u201d \u2013 THIN SIAM", "hashtags": [], "topic": "environment", "tweet_urls": ["https://t.co/sqBnBsGgt1"], "date": {"hour": 12, "month": 10, "iso": "2018-10-26T12:11:25", "year": 2018, "day": 26, "minute": 11}, "geo": null, "id": 1055794023380615169, "lang": "th", "emoticons": [], "user_id": 914123569, "coordinates": null, "source": "Twitter Web Client", "location": "Bancock", "mentions": []}, {"truncated": false, "text": "\u0e40\u0e21\u0e22\u0e4c\u0e40\u0e1b\u0e47\u0e19\u0e21\u0e34\u0e15\u0e23\u0e01\u0e31\u0e1a\u0e2a\u0e34\u0e48\u0e07\u0e41\u0e27\u0e14\u0e25\u0e49\u0e2d\u0e21\u0e04\u0e48\u0e30 \u0e22\u0e01\u0e40\u0e27\u0e49\u0e19\u0e01\u0e31\u0e1a\u0e04\u0e19\u0e1a\u0e32\u0e07\u0e1e\u0e27\u0e01 \u0e41\u0e25\u0e30\u0e2a\u0e31\u0e15\u0e27\u0e4c\u0e40\u0e25\u0e37\u0e49\u0e2d\u0e22\u0e04\u0e25\u0e32\u0e19\u0e04\u0e48\u0e30", "hashtags": [], "topic": "environment", "tweet_urls": [], "date": {"hour": 10, "month": 10, "iso": "2018-10-26T10:44:36", "year": 2018, "day": 26, "minute": 44}, "geo": null, "id": 1055772176756940801, "lang": "th", "emoticons": ["\ud83d\udc0c", "\ud83d\udc0d", "\ud83e\udd8e", "\ud83e\udd23", "\ud83d\ude02", "\ud83d\udc0a", "\ud83d\udc1b"], "user_id": 196970610, "coordinates": null, "source": "Facebook", "location": "Bancock", "mentions": []}, {"truncated": true, "text": "\u0e19\u0e1e.\u0e27\u0e23\u0e07\u0e04\u0e4c : \u0e22\u0e38\u0e17\u0e18\u0e28\u0e32\u0e2a\u0e15\u0e23\u0e4c\u0e0a\u0e32\u0e15\u0e34 20 \u0e1b\u0e35 \u0e16\u0e49\u0e32\u0e16\u0e32\u0e21\u0e04\u0e27\u0e32\u0e21\u0e40\u0e2b\u0e47\u0e19\u0e1c\u0e21\u0e22\u0e31\u0e07\u0e44\u0e21\u0e48\u0e44\u0e14\u0e49\u0e21\u0e2d\u0e07\u0e27\u0e48\u0e32\u0e40\u0e1b\u0e47\u0e19\u0e1b\u0e31\u0e0d\u0e2b\u0e32\u0e2d\u0e38\u0e1b\u0e2a\u0e23\u0e23\u0e04 \u0e17\u0e31\u0e49\u0e07\u0e40\u0e23\u0e37\u0e48\u0e2d\u0e07\u0e23\u0e32\u0e0a\u0e01\u0e32\u0e23 \u0e01\u0e32\u0e23\u0e14\u0e39\u0e41\u0e25\u0e04\u0e19 \u0e2a\u0e34\u0e48\u0e07\u0e41\u0e27\u0e14\u2026", "hashtags": [], "topic": "environment", "tweet_urls": ["https://t.co/nC7FXfmOlE"], "date": {"hour": 10, "month": 10, "iso": "2018-10-26T10:25:20", "year": 2018, "day": 26, "minute": 25}, "geo": null, "id": 1055767327671672832, "lang": "th", "emoticons": [], "user_id": 2294029646, "coordinates": null, "source": "Twitter Web Client", "location": "Bancock", "mentions": []}, {"truncated": false, "text": "\u0e22\u0e34\u0e48\u0e07\u0e40\u0e23\u0e35\u0e22\u0e19\u0e22\u0e34\u0e48\u0e07\u0e23\u0e39\u0e49\u0e40\u0e25\u0e22 \u0e27\u0e48\u0e32\u0e44\u0e21\u0e48\u0e0a\u0e2d\u0e1a \u0e27\u0e28.\u0e2a\u0e34\u0e48\u0e07\u0e41\u0e27\u0e14\u0e25\u0e49\u0e2d\u0e21", "hashtags": [], "topic": "environment", "tweet_urls": [], "date": {"hour": 9, "month": 10, "iso": "2018-10-26T09:07:25", "year": 2018, "day": 26, "minute": 7}, "geo": null, "id": 1055747718226690049, "lang": "th", "emoticons": [], "user_id": 85303550, "coordinates": null, "source": "Twitter for Android", "location": "Bancock", "mentions": []}, {"truncated": false, "text": "\u0e40\u0e1a\u0e37\u0e48\u0e2d \u0e40\u0e2e\u0e07\u0e0b\u0e27\u0e22 \u0e2a\u0e34\u0e48\u0e07\u0e41\u0e27\u0e14\u0e25\u0e49\u0e2d\u0e21\u0e40\u0e2e\u0e07\u0e0b\u0e27\u0e22\u0e41\u0e17\u0e49 \u0e16\u0e49\u0e32\u0e01\u0e39\u0e1a\u0e49\u0e32\u0e44\u0e1b\u0e01\u0e47\u0e04\u0e07\u0e44\u0e21\u0e48\u0e41\u0e1b\u0e25\u0e01\u0e2d\u0e48\u0e30", "hashtags": [], "topic": "environment", "tweet_urls": [], "date": {"hour": 7, "month": 10, "iso": "2018-10-26T07:22:46", "year": 2018, "day": 26, "minute": 22}, "geo": null, "id": 1055721383487922177, "lang": "th", "emoticons": [], "user_id": 224022576, "coordinates": null, "source": "Twitter for Android", "location": "Bancock", "mentions": []}, {"truncated": true, "text": "\u0e19\u0e2d\u0e01\u0e08\u0e32\u0e01\u0e08\u0e30\u0e44\u0e14\u0e49\u0e0a\u0e48\u0e27\u0e22\u0e23\u0e31\u0e01\u0e29\u0e32\u0e2a\u0e34\u0e48\u0e07\u0e41\u0e27\u0e14\u0e25\u0e49\u0e2d\u0e21\u0e41\u0e25\u0e49\u0e27\n\u0e22\u0e31\u0e07\u0e44\u0e14\u0e49\u0e23\u0e31\u0e1a\u0e2a\u0e34\u0e17\u0e18\u0e34\u0e1e\u0e34\u0e40\u0e28\u0e29\u0e08\u0e32\u0e01\u0e23\u0e49\u0e32\u0e19\u0e04\u0e49\u0e32\u0e17\u0e35\u0e48\u0e40\u0e02\u0e49\u0e32\u0e23\u0e48\u0e27\u0e21\u0e2d\u0e35\u0e01\u0e14\u0e49\u0e27\u0e22\n\u0e07\u0e48\u0e32\u0e22\u0e46\u0e41\u0e04\u0e48\u0e42\u0e2b\u0e25\u0e14 \u0e41\u0e2d\u0e1b\u0e40\u0e14\u0e35\u0e22\u0e27\u0e40\u0e02\u0e35\u0e22\u0e27\u0e17\u0e31\u0e48\u0e27\u0e44\u2026", "hashtags": [], "topic": "environment", "tweet_urls": ["https://t.co/mj4uWIBEMv"], "date": {"hour": 7, "month": 10, "iso": "2018-10-26T07:20:41", "year": 2018, "day": 26, "minute": 20}, "geo": null, "id": 1055720859724263424, "lang": "th", "emoticons": [], "user_id": 271259628, "coordinates": null, "source": "Facebook", "location": "Bancock", "mentions": []}, {"truncated": false, "text": "TOT CSR \u201c\u0e23\u0e48\u0e27\u0e21\u0e04\u0e34\u0e14 \u0e23\u0e48\u0e27\u0e21\u0e17\u0e33 \u0e23\u0e48\u0e27\u0e21\u0e23\u0e31\u0e01\u0e29\u0e4c\u0e2a\u0e34\u0e48\u0e07\u0e41\u0e27\u0e14\u0e25\u0e49\u0e2d\u0e21\u201d\n\n\u0e20\u0e32\u0e22\u0e43\u0e15\u0e49\u0e41\u0e19\u0e27\u0e04\u0e34\u0e14 \u201c\u0e17\u0e30\u0e40\u0e25\u0e22\u0e34\u0e49\u0e21\u0e44\u0e14\u0e49\u201d...", "hashtags": [], "topic": "environment", "tweet_urls": ["https://t.co/VMbMEFuDVB"], "date": {"hour": 6, "month": 10, "iso": "2018-10-26T06:33:43", "year": 2018, "day": 26, "minute": 33}, "geo": null, "id": 1055709038695002113, "lang": "th", "emoticons": [], "user_id": 1542456517, "coordinates": null, "source": "Facebook", "location": "Bancock", "mentions": []}, {"truncated": true, "text": "\u0e2d\u0e35\u0e01\u0e2d\u0e22\u0e48\u0e32\u0e07\u0e04\u0e37\u0e2d\u0e40\u0e1b\u0e47\u0e19\u0e04\u0e19\u0e04\u0e48\u0e2d\u0e19\u0e02\u0e49\u0e32\u0e07\u0e08\u0e23\u0e34\u0e07\u0e08\u0e31\u0e07\u0e41\u0e25\u0e30\u0e15\u0e23\u0e07\u0e15\u0e48\u0e2d\u0e40\u0e27\u0e25\u0e32 \u0e41\u0e15\u0e48\u0e41\u0e1a\u0e1a \u0e17\u0e35\u0e48\u0e1a\u0e49\u0e32\u0e19\u0e44\u0e21\u0e48\u0e44\u0e14\u0e49\u0e40\u0e1b\u0e47\u0e19\u0e41\u0e1a\u0e1a\u0e19\u0e35\u0e49 \u0e17\u0e35\u0e48\u0e1a\u0e49\u0e32\u0e19\u0e44\u0e21\u0e48\u0e44\u0e14\u0e49\u0e40\u0e1b\u0e47\u0e19\u0e04\u0e19\u0e41\u0e1a\u0e1a\u0e40\u0e23\u0e32\u0e40\u0e25\u0e22555 \u0e40\u0e2b\u0e21\u0e37\u0e2d\u0e19\u2026", "hashtags": [], "topic": "environment", "tweet_urls": ["https://t.co/ueDKnYnb71"], "date": {"hour": 5, "month": 10, "iso": "2018-10-26T05:46:43", "year": 2018, "day": 26, "minute": 46}, "geo": null, "id": 1055697210120167424, "lang": "th", "emoticons": [], "user_id": 724090399782932481, "coordinates": null, "source": "Twitter Web Client", "location": "Bancock", "mentions": []}, {"truncated": false, "text": "(\u0e01\u0e23\u0e21\u0e04\u0e27\u0e1a\u0e04\u0e38\u0e21\u0e21\u0e25\u0e1e\u0e34\u0e29, 2561) \n\u0e02\u0e49\u0e2d\u0e21\u0e39\u0e25\u0e08\u0e32\u0e01\u0e41\u0e2b\u0e25\u0e48\u0e07\u0e19\u0e35\u0e49\u0e04\u0e23\u0e31\u0e1a \u0e41\u0e25\u0e30\u0e2d\u0e35\u0e01\u0e21\u0e32\u0e01\u0e21\u0e32\u0e22\u0e08\u0e32\u0e01\u0e01\u0e23\u0e30\u0e17\u0e23\u0e27\u0e07\u0e17\u0e23\u0e31\u0e1e\u0e22\u0e32\u0e01\u0e23\u0e18\u0e23\u0e23\u0e21\u0e0a\u0e32\u0e15\u0e34\u0e41\u0e25\u0e30\u0e2a\u0e34\u0e48\u0e07\u0e41\u0e27\u0e14\u0e25\u0e49\u0e2d\u0e21", "hashtags": [], "topic": "environment", "tweet_urls": [], "date": {"hour": 4, "month": 10, "iso": "2018-10-26T04:37:07", "year": 2018, "day": 26, "minute": 37}, "geo": null, "id": 1055679695109283841, "lang": "th", "emoticons": [], "user_id": 1320134215, "coordinates": null, "source": "Twitter Web Client", "location": "Bancock", "mentions": []}, {"truncated": true, "text": "\u0e21\u0e32\u0e1e\u0e39\u0e14\u0e16\u0e36\u0e07\u0e40\u0e23\u0e37\u0e48\u0e2d\u0e07\u0e40\u0e17\u0e23\u0e19\u0e14\u0e4c\u0e02\u0e22\u0e30\u0e02\u0e2d\u0e07\u0e1b\u0e35 61 \u0e01\u0e31\u0e19\u0e40\u0e16\u0e2d\u0e30\u0e04\u0e23\u0e31\u0e1a\n*\u0e43\u0e19\u0e10\u0e32\u0e19\u0e30\u0e19\u0e34\u0e2a\u0e34\u0e15\u0e2a\u0e34\u0e48\u0e07\u0e41\u0e27\u0e14\u0e25\u0e49\u0e2d\u0e21 \u0e16\u0e49\u2026", "hashtags": ["#\u0e2a\u0e16\u0e32\u0e19\u0e01\u0e32\u0e23\u0e13\u0e4c\u0e02\u0e22\u0e30", "#Solidwaste", "#\u0e0a\u0e32\u0e19\u0e21\u0e44\u0e02\u0e48\u0e21\u0e38\u0e01\n\n\u0e40\u0e2d\u0e32\u0e25\u0e30"], "topic": "environment", "tweet_urls": ["https://t.co/MBZimQJF9X"], "date": {"hour": 4, "month": 10, "iso": "2018-10-26T04:21:19", "year": 2018, "day": 26, "minute": 21}, "geo": null, "id": 1055675720268099584, "lang": "th", "emoticons": [], "user_id": 1320134215, "coordinates": null, "source": "Twitter Web Client", "location": "Bancock", "mentions": []}, {"truncated": true, "text": "\u0e2a\u0e16\u0e32\u0e1a\u0e31\u0e19\u0e04\u0e49\u0e19\u0e04\u0e27\u0e49\u0e32\u0e41\u0e25\u0e30\u0e1e\u0e31\u0e12\u0e19\u0e32\u0e1c\u0e25\u0e34\u0e15\u0e1c\u0e25\u0e17\u0e32\u0e07\u0e01\u0e32\u0e23\u0e40\u0e01\u0e29\u0e15\u0e23\u0e41\u0e25\u0e30\u0e2d\u0e38\u0e15\u0e2a\u0e32\u0e2b\u0e01\u0e23\u0e23\u0e21\u0e40\u0e01\u0e29\u0e15\u0e23 \u0e08\u0e31\u0e14\u0e1b\u0e23\u0e30\u0e01\u0e27\u0e14 \u201c\u0e1c\u0e25\u0e34\u0e15\u0e20\u0e31\u0e13\u0e11\u0e4c\u0e17\u0e35\u0e48\u0e40\u0e1b\u0e47\u0e19\u0e21\u0e34\u0e15\u0e23\u0e15\u0e48\u0e2d\u0e2a\u0e34\u0e48\u0e07\u0e41\u0e27\u0e14\u0e25\u0e49\u0e2d\u0e21 Thailand Gre\u2026", "hashtags": [], "topic": "environment", "tweet_urls": ["https://t.co/fODZDeBOoU"], "date": {"hour": 2, "month": 10, "iso": "2018-10-26T02:49:51", "year": 2018, "day": 26, "minute": 49}, "geo": null, "id": 1055652701650866177, "lang": "th", "emoticons": [], "user_id": 62165944, "coordinates": null, "source": "Twitter Web Client", "location": "Bancock", "mentions": []}, {"truncated": true, "text": "\u0e40\u0e23\u0e32\u0e2a\u0e23\u0e49\u0e32\u0e07\u0e02\u0e22\u0e30\u0e21\u0e32\u0e01\u0e41\u0e04\u0e48\u0e44\u0e2b\u0e19\u0e43\u0e191\u0e27\u0e31\u0e19 \u0e43\u0e19\u0e1b\u0e352560 \u0e08\u0e31\u0e07\u0e2b\u0e27\u0e31\u0e14\u0e17\u0e35\u0e48\u0e21\u0e35\u0e1b\u0e23\u0e34\u0e21\u0e32\u0e13\u0e02\u0e22\u0e30\u0e21\u0e39\u0e25\u0e1d\u0e2d\u0e22\u0e21\u0e32\u0e01\u0e17\u0e35\u0e48\u0e2a\u0e38\u0e14\u0e43\u0e19\u0e41\u0e15\u0e48\u0e25\u0e30\u0e27\u0e31\u0e19 \u0e04\u0e37\u0e2d\n1.\u0e01\u0e23\u0e38\u0e07\u0e40\u0e17\u0e1e\u0e21\u0e2b\u0e32\u0e19\u0e04\u0e23 13,327 \u0e15\u0e31\u0e19/\u2026", "hashtags": [], "topic": "environment", "tweet_urls": ["https://t.co/6EE3Ry8GSu"], "date": {"hour": 2, "month": 10, "iso": "2018-10-26T02:45:35", "year": 2018, "day": 26, "minute": 45}, "geo": null, "id": 1055651626214555648, "lang": "th", "emoticons": [], "user_id": 147798562, "coordinates": null, "source": "Twitter Web Client", "location": "Bancock", "mentions": []}, {"truncated": false, "text": "\u0e2d\u0e22\u0e32\u0e01\u0e44\u0e1b\u0e2d\u0e22\u0e39\u0e48\u0e1a\u0e19\u0e14\u0e27\u0e07\u0e08\u0e31\u0e22\u0e17\u0e23\u0e4c\u0e43\u0e2b\u0e49\u0e2b\u0e48\u0e32\u0e07\u0e44\u0e01\u0e25\u0e08\u0e32\u0e01\u0e2a\u0e34\u0e48\u0e07\u0e41\u0e27\u0e14\u0e25\u0e49\u0e2d\u0e21\u0e17\u0e35\u0e48\u0e27\u0e38\u0e48\u0e19\u0e27\u0e32\u0e22\u0e15\u0e48\u0e32\u0e07\u0e46\u0e40\u0e2b\u0e25\u0e48\u0e32\u0e19\u0e35\u0e49", "hashtags": [], "topic": "environment", "tweet_urls": [], "date": {"hour": 19, "month": 10, "iso": "2018-10-25T19:37:50", "year": 2018, "day": 25, "minute": 37}, "geo": null, "id": 1055543980811673600, "lang": "th", "emoticons": [], "user_id": 946752593975394305, "coordinates": null, "source": "Twitter for Android", "location": "Bancock", "mentions": []}, {"truncated": false, "text": "\u0e0a\u0e48\u0e27\u0e22\u0e01\u0e31\u0e19\u0e23\u0e31\u0e01\u0e29\u0e32\u0e2a\u0e34\u0e48\u0e07\u0e41\u0e27\u0e14\u0e25\u0e49\u0e2d\u0e21: via", "hashtags": [], "topic": "environment", "tweet_urls": ["https://t.co/ALsiBM5cE2"], "date": {"hour": 15, "month": 10, "iso": "2018-10-25T15:02:06", "year": 2018, "day": 25, "minute": 2}, "geo": null, "id": 1055474589076197377, "lang": "th", "emoticons": [], "user_id": 778573404886577154, "coordinates": null, "source": "Google", "location": "Bancock", "mentions": ["@YouTube"]}, {"truncated": false, "text": "\u0e01\u0e23\u0e21\u0e2a\u0e48\u0e07\u0e40\u0e2a\u0e23\u0e34\u0e21\u0e04\u0e38\u0e13\u0e20\u0e32\u0e1e\u0e2a\u0e34\u0e48\u0e07\u0e41\u0e27\u0e14\u0e25\u0e49\u0e2d\u0e21", "hashtags": ["#exhausted"], "topic": "environment", "tweet_urls": ["https://t.co/xeqDMS6Gmv"], "date": {"hour": 13, "month": 10, "iso": "2018-10-25T13:38:36", "year": 2018, "day": 25, "minute": 38}, "geo": {"type": "Point", "coordinates": [13.78236082, 100.53873718]}, "id": 1055453577047695360, "lang": "th", "emoticons": ["\ud83e\udd2a"], "user_id": 170568168, "coordinates": {"type": "Point", "coordinates": [100.53873718, 13.78236082]}, "source": "Instagram", "location": "Bancock", "mentions": ["@"]}, {"truncated": false, "text": "\u0e01\u0e23\u0e21\u0e2a\u0e48\u0e07\u0e40\u0e2a\u0e23\u0e34\u0e21\u0e04\u0e38\u0e13\u0e20\u0e32\u0e1e\u0e2a\u0e34\u0e48\u0e07\u0e41\u0e27\u0e14\u0e25\u0e49\u0e2d\u0e21", "hashtags": ["#exhausted"], "topic": "environment", "tweet_urls": ["https://t.co/VZUR9IIYIQ"], "date": {"hour": 12, "month": 10, "iso": "2018-10-25T12:35:29", "year": 2018, "day": 25, "minute": 35}, "geo": {"type": "Point", "coordinates": [13.78236082, 100.53873718]}, "id": 1055437693264519168, "lang": "th", "emoticons": ["\ud83e\udd2a"], "user_id": 170568168, "coordinates": {"type": "Point", "coordinates": [100.53873718, 13.78236082]}, "source": "Instagram", "location": "Bancock", "mentions": ["@"]}, {"truncated": true, "text": "\u0e2b\u0e25\u0e32\u0e22\u0e04\u0e19\u0e19\u0e48\u0e32\u0e08\u0e30\u0e40\u0e01\u0e34\u0e14\u0e04\u0e33\u0e16\u0e32\u0e21\u0e27\u0e48\u0e32 \u0e01\u0e32\u0e23\u0e17\u0e34\u0e49\u0e07\u0e02\u0e22\u0e30\u0e43\u0e2b\u0e49\u0e16\u0e39\u0e01\u0e1b\u0e23\u0e30\u0e40\u0e20\u0e17\u0e0a\u0e48\u0e27\u0e22\u0e25\u0e14\u0e1b\u0e31\u0e0d\u0e2b\u0e32\u0e2a\u0e34\u0e48\u0e07\u0e41\u0e27\u0e14\u0e25\u0e49\u0e2d\u0e21\u0e44\u0e14\u0e49\u0e08\u0e23\u0e34\u0e07\u0e2b\u0e23\u0e37\u0e2d \u0e1c\u0e21\u0e21\u0e2d\u0e07\u0e27\u0e48\u0e32 \u0e01\u0e32\u0e23\u0e41\u0e22\u0e01\u0e41\u0e25\u0e30\u0e17\u0e34\u0e49\u0e07\u0e02\u0e22\u0e30\u0e43\u0e2b\u0e49\u0e15\u0e23\u0e07\u0e1b\u0e23\u0e30\u0e40\u2026", "hashtags": [], "topic": "environment", "tweet_urls": ["https://t.co/kcAkQqTmld"], "date": {"hour": 11, "month": 10, "iso": "2018-10-25T11:30:40", "year": 2018, "day": 25, "minute": 30}, "geo": null, "id": 1055421378743156738, "lang": "th", "emoticons": [], "user_id": 112934619, "coordinates": null, "source": "Hootsuite Inc.", "location": "Bancock", "mentions": []}, {"truncated": true, "text": "\u0e17\u0e35\u0e21\u0e41\u0e2a\u0e19\u0e2a\u0e34\u0e23\u0e34\u0e40\u0e23\u0e32\u0e15\u0e31\u0e49\u0e07\u0e43\u0e08\u0e1c\u0e25\u0e31\u0e01\u0e14\u0e31\u0e19\u0e19\u0e42\u0e22\u0e1a\u0e32\u0e22 Sansiri Green Model \u0e17\u0e31\u0e49\u0e07\u0e43\u0e19\u0e2d\u0e07\u0e04\u0e4c\u0e01\u0e23\u0e41\u0e25\u0e30\u0e17\u0e38\u0e01\u0e42\u0e1b\u0e23\u0e40\u0e08\u0e04\u0e15\u0e4c\u0e04\u0e23\u0e31\u0e1a \u0e40\u0e23\u0e32\u0e15\u0e31\u0e49\u0e07\u0e43\u0e08\u0e14\u0e33\u0e40\u0e19\u0e34\u0e19\u0e18\u0e38\u0e23\u0e01\u0e34\u0e08\u0e15\u0e32\u0e21\u0e41\u0e19\u0e27\u0e04\u0e34\u0e14\u0e40\u2026", "hashtags": [], "topic": "environment", "tweet_urls": ["https://t.co/8HiNmW1NKX"], "date": {"hour": 11, "month": 10, "iso": "2018-10-25T11:15:17", "year": 2018, "day": 25, "minute": 15}, "geo": null, "id": 1055417509854232576, "lang": "th", "emoticons": [], "user_id": 112934619, "coordinates": null, "source": "Hootsuite Inc.", "location": "Bancock", "mentions": []}, {"truncated": false, "text": "\u0e2b\u0e36\u0e22\u0e22\u0e22\u0e22\u0e22 \u0e40\u0e1b\u0e47\u0e19\u0e21\u0e34\u0e15\u0e23\u0e01\u0e31\u0e1a\u0e2a\u0e34\u0e48\u0e07\u0e41\u0e27\u0e14\u0e25\u0e49\u0e2d\u0e21\u0e41\u0e15\u0e48\u0e2d\u0e31\u0e19\u0e15\u0e23\u0e32\u0e22\u0e01\u0e31\u0e1a\u0e2b\u0e19\u0e39\u0e2a\u0e34\u0e04\u0e30 5555", "hashtags": [], "topic": "environment", "tweet_urls": [], "date": {"hour": 10, "month": 10, "iso": "2018-10-25T10:43:35", "year": 2018, "day": 25, "minute": 43}, "geo": null, "id": 1055409533097365504, "lang": "th", "emoticons": [], "user_id": 1054417185026658312, "coordinates": null, "source": "Twitter for Android", "location": "Bancock", "mentions": ["@silalai_DJW"]}, {"truncated": false, "text": "\u0e04\u0e23\u0e39\u0e2d\u0e2d\u0e01\u0e08\u0e30\u0e40\u0e1b\u0e47\u0e19\u0e21\u0e34\u0e15\u0e23\u0e01\u0e31\u0e1a\u0e2a\u0e34\u0e48\u0e07\u0e41\u0e27\u0e14\u0e25\u0e49\u0e2d\u0e21\u0e19\u0e30\u0e04\u0e30\u0e04\u0e23\u0e31\u0e1a \u0e41\u0e2e\u0e48\ufe0f", "hashtags": [], "topic": "environment", "tweet_urls": [], "date": {"hour": 10, "month": 10, "iso": "2018-10-25T10:29:22", "year": 2018, "day": 25, "minute": 29}, "geo": null, "id": 1055405954622119937, "lang": "th", "emoticons": ["\u2764", "\ud83d\udc40"], "user_id": 1055108402458767360, "coordinates": null, "source": "Twitter for iPhone", "location": "Bancock", "mentions": ["@MiNd_DJW"]}, {"truncated": true, "text": "\u0e23\u0e35\u0e27\u0e34\u0e27\u0e04\u0e32\u0e40\u0e1f\u0e48\u0e2b\u0e23\u0e2d? \u0e1b\u0e48\u0e32\u0e27\u0e23\u0e35\u0e27\u0e34\u0e27\u0e41\u0e19\u0e27\u0e04\u0e34\u0e14\u0e02\u0e2d\u0e07\u0e23\u0e49\u0e32\u0e19\u0e04\u0e32\u0e40\u0e1f\u0e48\u0e17\u0e35\u0e48\u0e43\u0e2a\u0e48\u0e43\u0e08\u0e2a\u0e34\u0e48\u0e07\u0e41\u0e27\u0e14\u0e25\u0e49\u0e2d\u0e21\u0e2d\u0e22\u0e48\u0e32\u0e07\u0e08\u0e23\u0e34\u0e07\u0e08\u0e31\u0e07\u0e15\u0e31\u0e49\u0e07\u0e41\u0e15\u0e48\u0e15\u0e31\u0e27\u0e23\u0e49\u0e32\u0e19\u0e08\u0e19\u0e16\u0e36\u0e07\u0e40\u0e04\u0e23\u0e37\u0e48\u0e2d\u0e07\u0e14\u0e37\u0e48\u0e21\u0e17\u0e35\u0e48\u0e08\u0e34\u0e1a \u0e2b\u0e19\u0e33\u2026", "hashtags": [], "topic": "environment", "tweet_urls": ["https://t.co/7X0lkjTRdJ"], "date": {"hour": 9, "month": 10, "iso": "2018-10-25T09:33:32", "year": 2018, "day": 25, "minute": 33}, "geo": null, "id": 1055391902432878593, "lang": "th", "emoticons": [], "user_id": 17226569, "coordinates": null, "source": "Twitter Web Client", "location": "Bancock", "mentions": []}, {"truncated": true, "text": "\u0e2a\u0e32\u0e02\u0e32\u0e27\u0e34\u0e0a\u0e32\u0e2a\u0e31\u0e07\u0e04\u0e21\u0e28\u0e32\u0e2a\u0e15\u0e23\u0e4c\n- GPAX \u0e44\u0e21\u0e48\u0e15\u0e48\u0e33\u0e01\u0e27\u0e48\u0e32 2.50 \u0e41\u0e25\u0e30 GPA \u0e44\u0e17\u0e22 \u0e2a\u0e31\u0e07\u0e04\u0e21\u0e41\u0e25\u0e30\u0e2d\u0e31\u0e07\u0e01\u0e24\u0e29\u0e44\u0e21\u0e48\u0e15\u0e48\u0e33\u0e01\u0e27\u0e48\u0e32 2.50 (\u0e21.6 \u0e43\u0e0a\u0e49 5 \u0e40\u0e17\u0e2d\u0e21\u0e41\u0e25\u0e30\u0e40\u0e14\u0e47\u0e01\u0e0b\u0e34\u0e48\u0e27\u0e43\u0e0a\u0e49\u2026", "hashtags": [], "topic": "environment", "tweet_urls": ["https://t.co/cSufvonmrE"], "date": {"hour": 7, "month": 10, "iso": "2018-10-25T07:08:37", "year": 2018, "day": 25, "minute": 8}, "geo": null, "id": 1055355433156718592, "lang": "th", "emoticons": [], "user_id": 4917342365, "coordinates": null, "source": "Twitter for Android", "location": "Bancock", "mentions": []}, {"truncated": true, "text": "\u0e04\u0e19\u0e40\u0e21\u0e37\u0e2d\u0e07 \u0e2a\u0e23\u0e49\u0e32\u0e07\u0e02\u0e22\u0e30 \u0e41\u0e25\u0e30\u0e21\u0e25\u0e1e\u0e34\u0e29\u0e21\u0e32\u0e01\u0e01\u0e27\u0e48\u0e32\u0e04\u0e19\u0e0a\u0e19\u0e1a\u0e17\u0e40\u0e22\u0e2d\u0e30\u0e04\u0e23\u0e31\u0e1a \u0e1e\u0e37\u0e49\u0e19\u0e17\u0e35\u0e48\u0e2b\u0e25\u0e32\u0e22\u0e41\u0e2b\u0e48\u0e07\u0e43\u0e19\u0e40\u0e02\u0e15\u0e40\u0e21\u0e37\u0e2d\u0e07 \u0e01\u0e47\u0e40\u0e04\u0e22\u0e21\u0e35\u0e15\u0e49\u0e19\u0e44\u0e21\u0e49 \u0e41\u0e25\u0e30\u0e40\u0e1b\u0e47\u0e19\u0e17\u0e32\u0e07\u0e19\u0e49\u0e33\u0e21\u0e32\u0e01\u0e48\u0e2d\u0e19 \u0e19\u0e49\u0e33\u0e17\u0e35\u0e48\u0e40\u0e04\u2026", "hashtags": [], "topic": "environment", "tweet_urls": ["https://t.co/7IhyGfzbOc"], "date": {"hour": 5, "month": 10, "iso": "2018-10-25T05:15:46", "year": 2018, "day": 25, "minute": 15}, "geo": null, "id": 1055327033733967872, "lang": "th", "emoticons": [], "user_id": 1009733238330281985, "coordinates": null, "source": "Twitter for Android", "location": "Bancock", "mentions": []}, {"truncated": true, "text": "\u0e1b\u0e31\u0e0d\u0e2b\u0e32\u0e02\u0e22\u0e30\u0e17\u0e31\u0e48\u0e27\u0e44\u0e1b\u0e17\u0e35\u0e48\u0e40\u0e01\u0e34\u0e14\u0e08\u0e32\u0e01\u0e01\u0e32\u0e23\u0e2d\u0e38\u0e1b\u0e42\u0e20\u0e04 \u0e1a\u0e23\u0e34\u0e42\u0e20\u0e04 \u0e01\u0e34\u0e08\u0e01\u0e23\u0e23\u0e21\u0e17\u0e31\u0e49\u0e07\u0e2b\u0e25\u0e32\u0e22\u0e02\u0e2d\u0e07\u0e21\u0e19\u0e38\u0e29\u0e22\u0e4c \u0e44\u0e21\u0e48\u0e27\u0e48\u0e32\u0e08\u0e30\u0e40\u0e1b\u0e47\u0e19\u0e1a\u0e49\u0e32\u0e19\u0e40\u0e23\u0e37\u0e2d\u0e19 \u0e0a\u0e38\u0e21\u0e0a\u0e19 \u0e43\u0e19\u0e1b\u0e23\u0e30\u0e40\u0e17\u0e28\u0e44\u0e17\u0e22\u0e16\u0e37\u0e2d\u0e40\u0e1b\u0e47\u0e19\u0e1b\u0e31\u0e0d\u2026", "hashtags": [], "topic": "environment", "tweet_urls": ["https://t.co/q9ETANb7Zd"], "date": {"hour": 4, "month": 10, "iso": "2018-10-25T04:31:09", "year": 2018, "day": 25, "minute": 31}, "geo": null, "id": 1055315807356510208, "lang": "th", "emoticons": [], "user_id": 79922530, "coordinates": null, "source": "Facebook", "location": "Bancock", "mentions": []}, {"truncated": true, "text": "\u0e01\u0e23\u0e30\u0e17\u0e23\u0e27\u0e07\u0e2a\u0e34\u0e48\u0e07\u0e41\u0e27\u0e14\u0e25\u0e49\u0e2d\u0e21\u0e41\u0e25\u0e30\u0e17\u0e23\u0e31\u0e1e\u0e22\u0e32\u0e01\u0e23\u0e18\u0e23\u0e23\u0e21\u0e0a\u0e32\u0e15\u0e34\u0e02\u0e2d\u0e07\u0e1f\u0e34\u0e25\u0e34\u0e1b\u0e1b\u0e34\u0e19\u0e2a\u0e4c \u0e40\u0e1c\u0e22 \u0e19\u0e17\u0e17.\u0e17\u0e35\u0e48\u0e08\u0e30\u0e40\u0e22\u0e37\u0e2d\u0e19\u0e40\u0e01\u0e32\u0e30\u0e42\u0e1a\u0e23\u0e32\u0e44\u0e01\u0e22\u0e4c \u0e0b\u0e36\u0e48\u0e07\u0e08\u0e30\u0e01\u0e25\u0e31\u0e1a\u0e21\u0e32\u0e40\u0e1b\u0e34\u0e14\u0e40\u0e01\u0e32\u0e30\u0e15\u0e31\u0e49\u0e07\u0e41\u0e15\u0e48 26 \u0e15.\u2026", "hashtags": [], "topic": "environment", "tweet_urls": ["https://t.co/GXR2FzNG7B"], "date": {"hour": 3, "month": 10, "iso": "2018-10-25T03:49:45", "year": 2018, "day": 25, "minute": 49}, "geo": null, "id": 1055305386486427648, "lang": "th", "emoticons": [], "user_id": 65319043, "coordinates": null, "source": "Twitter Web Client", "location": "Bancock", "mentions": []}, {"truncated": false, "text": "\u0e40\u0e1b\u0e25\u0e35\u0e48\u0e22\u0e19\u0e15\u0e31\u0e27\u0e40\u0e2d\u0e07\u0e44\u0e21\u0e48\u0e44\u0e14\u0e49 \u0e01\u0e47\u0e15\u0e49\u0e2d\u0e07\u0e40\u0e1b\u0e25\u0e35\u0e48\u0e22\u0e19\u0e2a\u0e34\u0e48\u0e07\u0e41\u0e27\u0e14\u0e25\u0e49\u0e2d\u0e21", "hashtags": [], "topic": "environment", "tweet_urls": [], "date": {"hour": 15, "month": 10, "iso": "2018-10-24T15:00:41", "year": 2018, "day": 24, "minute": 0}, "geo": null, "id": 1055111845885861888, "lang": "th", "emoticons": [], "user_id": 1272610158, "coordinates": null, "source": "Twitter for Android", "location": "Bancock", "mentions": []}, {"truncated": true, "text": "\u0e01\u0e32\u0e23\u0e28\u0e36\u0e01\u0e29\u0e32\u0e41\u0e25\u0e30\u0e2a\u0e34\u0e48\u0e07\u0e41\u0e27\u0e14\u0e25\u0e49\u0e2d\u0e21\u0e17\u0e35\u0e48\u0e14\u0e35\u0e44\u0e21\u0e48\u0e44\u0e14\u0e49\u0e0a\u0e48\u0e27\u0e22\u0e43\u0e2b\u0e49\u0e04\u0e19\u0e21\u0e35\u0e21\u0e32\u0e23\u0e22\u0e32\u0e17\u0e14\u0e35\u0e02\u0e36\u0e49\u0e19\u0e40\u0e25\u0e22 \u0e04\u0e37\u0e2d\u0e17\u0e35\u0e48\u0e16\u0e32\u0e21\u0e44\u0e1b\u0e40\u0e1e\u0e23\u0e32\u0e30\u0e44\u0e14\u0e49\u0e22\u0e34\u0e19\u0e44\u0e21\u0e48\u0e16\u0e19\u0e31\u0e14 \u0e41\u0e15\u0e48\u0e16\u0e39\u0e01\u0e14\u0e48\u0e32\u0e23\u0e31\u0e27\u0e41\u0e25\u0e30\u0e40\u0e2b\u0e19\u0e47\u0e1a\u0e41\u0e19\u0e21\u0e14\u0e49\u2026", "hashtags": [], "topic": "environment", "tweet_urls": ["https://t.co/hQYKr8pjbx"], "date": {"hour": 14, "month": 10, "iso": "2018-10-24T14:21:29", "year": 2018, "day": 24, "minute": 21}, "geo": null, "id": 1055101980073316352, "lang": "th", "emoticons": [], "user_id": 124231359, "coordinates": null, "source": "Twitter for iPhone", "location": "Bancock", "mentions": []}, {"truncated": true, "text": "\u0e1c\u0e39\u0e49\u0e2a\u0e39\u0e07\u0e27\u0e31\u0e22\u0e2b\u0e21\u0e14\u0e2b\u0e48\u0e27\u0e07\u0e40\u0e23\u0e37\u0e48\u0e2d\u0e07\u0e17\u0e35\u0e48\u0e2d\u0e22\u0e39\u0e48\u0e2d\u0e32\u0e28\u0e31\u0e22 \u0e23\u0e31\u0e10\u0e1a\u0e32\u0e25\u0e08\u0e31\u0e14\u0e17\u0e35\u0e48\u0e2d\u0e22\u0e39\u0e48\u0e2d\u0e32\u0e28\u0e31\u0e22\u0e44\u0e14\u0e49\u0e21\u0e32\u0e15\u0e23\u0e10\u0e32\u0e19 \u0e22\u0e01\u0e23\u0e30\u0e14\u0e31\u0e1a\u0e04\u0e38\u0e13\u0e20\u0e32\u0e1e\u0e0a\u0e35\u0e27\u0e34\u0e15 \u0e17\u0e48\u0e32\u0e21\u0e01\u0e25\u0e32\u0e07\u0e2a\u0e34\u0e48\u0e07\u0e41\u0e27\u0e14\u0e25\u0e49\u0e2d\u0e21\u0e17\u0e35\u0e48\u0e14\u0e35 \n\n\u0e02\u0e49\u2026", "hashtags": [], "topic": "environment", "tweet_urls": ["https://t.co/lKMFLcScuQ"], "date": {"hour": 13, "month": 10, "iso": "2018-10-24T13:38:31", "year": 2018, "day": 24, "minute": 38}, "geo": null, "id": 1055091166897557504, "lang": "th", "emoticons": [], "user_id": 366407753, "coordinates": null, "source": "Twitter for iPhone", "location": "Bancock", "mentions": []}, {"truncated": false, "text": "\u0e40\u0e23\u0e32\u0e08\u0e30\u0e44\u0e21\u0e48\u0e21\u0e35\u0e27\u0e31\u0e19\u0e42\u0e17\u0e29\u0e15\u0e31\u0e27\u0e40\u0e2d\u0e07 555555 \u0e2a\u0e34\u0e48\u0e07\u0e41\u0e27\u0e14\u0e25\u0e49\u0e2d\u0e21\u0e15\u0e48\u0e32\u0e07\u0e2b\u0e32\u0e01 \u0e44\u0e21\u0e48\u0e07\u0e31\u0e49\u0e19\u0e40\u0e23\u0e32\u0e16\u0e48\u0e32\u0e22\u0e44\u0e14\u0e49\u0e41\u0e25\u0e49\u0e27", "hashtags": [], "topic": "environment", "tweet_urls": [], "date": {"hour": 12, "month": 10, "iso": "2018-10-24T12:33:04", "year": 2018, "day": 24, "minute": 33}, "geo": null, "id": 1055074697832935429, "lang": "th", "emoticons": [], "user_id": 347310020, "coordinates": null, "source": "Twitter for iPhone", "location": "Bancock", "mentions": ["@peony_fay"]}, {"truncated": false, "text": "\u0e2b\u0e32\u0e40\u0e1e\u0e37\u0e48\u0e2d\u0e19\u0e01\u0e34\u0e19\u0e02\u0e49\u0e32\u0e27\u0e04\u0e31\u0e22\u0e27\u0e48\u0e32\u0e07555555 \u0e01\u0e23\u0e21\u0e2a\u0e48\u0e07\u0e40\u0e2a\u0e23\u0e34\u0e21\u0e04\u0e38\u0e13\u0e20\u0e32\u0e1e\u0e2a\u0e34\u0e48\u0e07\u0e41\u0e27\u0e14\u0e25\u0e49\u0e2d\u0e21", "hashtags": [], "topic": "environment", "tweet_urls": ["https://t.co/jmC0VeHTBY"], "date": {"hour": 11, "month": 10, "iso": "2018-10-24T11:53:45", "year": 2018, "day": 24, "minute": 53}, "geo": {"type": "Point", "coordinates": [13.78236082, 100.53873718]}, "id": 1055064802727526400, "lang": "th", "emoticons": ["\ud83d\ude0b"], "user_id": 170568168, "coordinates": {"type": "Point", "coordinates": [100.53873718, 13.78236082]}, "source": "Instagram", "location": "Bancock", "mentions": ["@"]}, {"truncated": true, "text": "\u0e14\u0e49\u0e27\u0e22\u0e01\u0e32\u0e23\u0e17\u0e35\u0e48\u0e40\u0e23\u0e32\u0e40\u0e23\u0e35\u0e22\u0e19\u0e14\u0e49\u0e32\u0e19\u0e2a\u0e34\u0e48\u0e07\u0e41\u0e27\u0e14\u0e25\u0e49\u0e2d\u0e21 \u0e2d\u0e22\u0e32\u0e01\u0e40\u0e2a\u0e19\u0e2d\u0e2d\u0e32\u0e08\u0e32\u0e23\u0e22\u0e4c\u0e43\u0e19\u0e04\u0e13\u0e30\u0e40\u0e2b\u0e25\u0e37\u0e2d\u0e40\u0e01\u0e34\u0e19\u0e27\u0e48\u0e32\u0e43\u0e2b\u0e49 \u0e19\u0e31\u0e01\u0e28\u0e36\u0e01\u0e29\u0e32\u0e2a\u0e48\u0e07\u0e07\u0e32\u0e19\u0e40\u0e1b\u0e47\u0e19\u0e2d\u0e35\u0e40\u0e21\u0e25\u0e44\u0e14\u0e49 \u0e40\u0e1b\u0e47\u0e19\u0e01\u0e32\u0e23\u0e1b\u0e23\u0e30\u0e1a\u0e15\u0e31\u0e27\u0e15\u0e32\u0e21\u2026", "hashtags": [], "topic": "environment", "tweet_urls": ["https://t.co/58bcsyygER"], "date": {"hour": 9, "month": 10, "iso": "2018-10-24T09:07:01", "year": 2018, "day": 24, "minute": 7}, "geo": null, "id": 1055022841337327616, "lang": "th", "emoticons": [], "user_id": 419321058, "coordinates": null, "source": "Twitter for iPhone", "location": "Bancock", "mentions": []}, {"truncated": true, "text": "\u0e40\u0e21\u0e37\u0e48\u0e2d\u0e27\u0e31\u0e19\u0e2d\u0e31\u0e07\u0e04\u0e32\u0e23\u0e17\u0e35\u0e48 23 \u0e15\u0e38\u0e25\u0e32\u0e04\u0e21 2561 \u0e04\u0e13\u0e30\u0e40\u0e08\u0e49\u0e32\u0e2b\u0e19\u0e49\u0e32\u0e17\u0e35\u0e48\u0e08\u0e34\u0e15\u0e2d\u0e32\u0e2a\u0e32\u0e08\u0e32\u0e01\u0e01\u0e23\u0e30\u0e17\u0e23\u0e27\u0e07\u0e17\u0e23\u0e31\u0e1e\u0e22\u0e32\u0e01\u0e23\u0e18\u0e23\u0e23\u0e21\u0e0a\u0e32\u0e15\u0e34\u0e41\u0e25\u0e30\u0e2a\u0e34\u0e48\u0e07\u0e41\u0e27\u0e14\u0e25\u0e49\u0e2d\u0e21 \u0e01\u0e27\u0e48\u0e32 200 \u0e04\u0e19 \u0e40\u0e02\u0e49\u0e32\u0e23\u0e48\u0e27\u0e21\u2026", "hashtags": [], "topic": "environment", "tweet_urls": ["https://t.co/yn3PWHaA7X"], "date": {"hour": 7, "month": 10, "iso": "2018-10-24T07:19:34", "year": 2018, "day": 24, "minute": 19}, "geo": null, "id": 1054995800453988352, "lang": "th", "emoticons": [], "user_id": 935692908912459777, "coordinates": null, "source": "Twitter Web Client", "location": "Bancock", "mentions": []}, {"truncated": false, "text": "\u0e40\u0e25\u0e37\u0e2d\u0e01\u0e43\u0e0a\u0e49\u0e01\u0e25\u0e48\u0e2d\u0e07\u0e42\u0e1f\u0e21\u0e17\u0e35\u0e48\u0e40\u0e1b\u0e47\u0e19\u0e21\u0e34\u0e15\u0e23\u0e01\u0e31\u0e1a\u0e2a\u0e34\u0e48\u0e07\u0e41\u0e27\u0e14\u0e25\u0e49\u0e2d\u0e21 \u0e22\u0e48\u0e2d\u0e22\u0e2a\u0e25\u0e32\u0e22\u0e43\u0e196\u0e2a\u0e31\u0e1b\u0e14\u0e32\u0e2b\u0e4c\n#Kassaveworld", "hashtags": ["#swu244", "#zerowaste"], "topic": "environment", "tweet_urls": ["https://t.co/SBzu7wzKXH"], "date": {"hour": 6, "month": 10, "iso": "2018-10-24T06:59:08", "year": 2018, "day": 24, "minute": 59}, "geo": null, "id": 1054990658228895744, "lang": "th", "emoticons": ["\ud83c\udf0f"], "user_id": 1049833422573645824, "coordinates": null, "source": "Twitter for iPhone", "location": "Bancock", "mentions": []}, {"truncated": true, "text": "\u0e04\u0e27\u0e32\u0e21\u0e40\u0e1a\u0e37\u0e48\u0e2d\u0e21\u0e31\u0e19\u0e19\u0e48\u0e32\u0e01\u0e25\u0e31\u0e27..... \u0e44\u0e21\u0e48\u0e2d\u0e22\u0e32\u0e01\u0e2d\u0e2d\u0e01\u0e08\u0e32\u0e01\u0e2b\u0e49\u0e2d\u0e07\u0e41\u0e04\u0e1a\u0e46\u0e02\u0e2d\u0e07\u0e40\u0e23\u0e32\u0e40\u0e25\u0e22..... \u0e2d\u0e2d\u0e01\u0e21\u0e32\u0e02\u0e49\u0e32\u0e07\u0e19\u0e2d\u0e01\u0e21\u0e31\u0e19\u0e40\u0e1a\u0e37\u0e48\u0e2d\u0e44\u0e1b\u0e2b\u0e21\u0e14..\u0e40\u0e1a\u0e37\u0e48\u0e2d\u0e1a\u0e23\u0e23\u0e22\u0e32\u0e01\u0e32\u0e28 ..\u0e40\u0e1a\u0e37\u0e48\u0e2d\u0e04\u0e19\u0e23\u0e2d\u0e1a\u2026", "hashtags": [], "topic": "environment", "tweet_urls": ["https://t.co/R2TqPdiSdB"], "date": {"hour": 6, "month": 10, "iso": "2018-10-24T06:26:26", "year": 2018, "day": 24, "minute": 26}, "geo": null, "id": 1054982429595832320, "lang": "th", "emoticons": [], "user_id": 1054960029642735616, "coordinates": null, "source": "Twitter for iPhone", "location": "Bancock", "mentions": []}]