[{"truncated": true, "text": "Is it that n controls or d world Sy\u2026", "hashtags": ["#France", "#Biya"], "topic": "unrest", "tweet_urls": ["https://t.co/gfaSDuRymW"], "date": {"hour": 14, "month": 10, "iso": "2018-10-27T14:38:10", "year": 2018, "day": 27, "minute": 38}, "geo": null, "id": 1056193342042603520, "lang": "en", "emoticons": [], "user_id": 2178111884, "coordinates": null, "source": "Twitter for Android", "location": "Bancock", "mentions": ["@alexhnoyes", "@judithnwana", "@MichaelShurkin", "@UPI", "@UN", "@AUC_MoussaFaki"]}, {"truncated": true, "text": "Punjab Association Of Government Engineers [PAGE] decided to go on protest. In first step now onward black ribbons\u2026", "hashtags": [], "topic": "unrest", "tweet_urls": ["https://t.co/LxlFzGQIzL"], "date": {"hour": 7, "month": 10, "iso": "2018-10-26T07:32:32", "year": 2018, "day": 26, "minute": 32}, "geo": null, "id": 1055723841278881793, "lang": "en", "emoticons": [], "user_id": 543367412, "coordinates": null, "source": "Twitter Web Client", "location": "Bancock", "mentions": []}, {"truncated": true, "text": "Skirting the rule again w/ Suthep, after claiming that he will stay away from politics after PDRC protest/#Thailand\u2026", "hashtags": [], "topic": "unrest", "tweet_urls": ["https://t.co/833jjbwrk0"], "date": {"hour": 2, "month": 10, "iso": "2018-10-26T02:42:14", "year": 2018, "day": 26, "minute": 42}, "geo": null, "id": 1055650781573988352, "lang": "en", "emoticons": [], "user_id": 107438849, "coordinates": null, "source": "Facebook", "location": "Bancock", "mentions": []}, {"truncated": true, "text": "The \"Action Coalition of Thailand\", the political party feat. the protest leader and coup enabler Suthep Thaugsuban\u2026", "hashtags": [], "topic": "unrest", "tweet_urls": ["https://t.co/kCEYlxeM6B"], "date": {"hour": 2, "month": 10, "iso": "2018-10-25T02:39:02", "year": 2018, "day": 25, "minute": 39}, "geo": null, "id": 1055287590511767552, "lang": "en", "emoticons": [], "user_id": 746800225860390912, "coordinates": null, "source": "Tweetbot for Mac", "location": "Bancock", "mentions": []}, {"truncated": true, "text": "padrecito santo tanto refugiado de los paises musulmanes (lagartijas , ara\u00f1as , escorpiones , serpient\u2026", "hashtags": [], "topic": "unrest", "tweet_urls": ["https://t.co/wfoGEj3q9w"], "date": {"hour": 13, "month": 10, "iso": "2018-10-25T13:06:36", "year": 2018, "day": 25, "minute": 6}, "geo": null, "id": 1055445523560165376, "lang": "es", "emoticons": [], "user_id": 4848432539, "coordinates": null, "source": "Twitter for iPhone", "location": "Bancock", "mentions": ["@Pontifex_es"]}, {"truncated": true, "text": "What an amazing image. 2018\n\nCaptured on October 22 by Mustafa Hassouna of Turkey's Anadolu Agency\u2026", "hashtags": ["#Gaza"], "topic": "unrest", "tweet_urls": ["https://t.co/dyoJbynjUR"], "date": {"hour": 16, "month": 10, "iso": "2018-10-25T16:14:33", "year": 2018, "day": 25, "minute": 14}, "geo": null, "id": 1055492822818684929, "lang": "en", "emoticons": [], "user_id": 637284025, "coordinates": null, "source": "Twitter Web Client", "location": "Bancock", "mentions": []}, {"truncated": true, "text": "\u201cIconic image of Palestinian protester in Gaza goes viral. Photo of shirtless Gaza protester goes viral, is compare\u2026", "hashtags": [], "topic": "unrest", "tweet_urls": ["https://t.co/muj8xjB8jj"], "date": {"hour": 15, "month": 10, "iso": "2018-10-25T15:57:53", "year": 2018, "day": 25, "minute": 57}, "geo": null, "id": 1055488628779114496, "lang": "en", "emoticons": [], "user_id": 47600173, "coordinates": null, "source": "Twitter for iPhone", "location": "Bancock", "mentions": []}, {"truncated": true, "text": "\u201cIconic image of Palestinian protester in Gaza goes viral. Photo of shirtless Gaza protester goes viral, is compare\u2026", "hashtags": [], "topic": "unrest", "tweet_urls": ["https://t.co/mgh9ywWz1Y"], "date": {"hour": 15, "month": 10, "iso": "2018-10-25T15:55:36", "year": 2018, "day": 25, "minute": 55}, "geo": null, "id": 1055488051764445184, "lang": "en", "emoticons": [], "user_id": 47600173, "coordinates": null, "source": "LinkedIn", "location": "Bancock", "mentions": []}, {"truncated": false, "text": "\u0e01\u0e32\u0e23\u0e1b\u0e34\u0e14\u0e16\u0e19\u0e19 \u0e16\u0e37\u0e2d\u0e1b\u0e49\u0e32\u0e22\u0e40\u0e14\u0e34\u0e19\u0e1b\u0e23\u0e30\u0e17\u0e49\u0e27\u0e07\u0e21\u0e31\u0e19\u0e2d\u0e32\u0e08\u0e08\u0e30\u0e01\u0e25\u0e31\u0e1a\u0e21\u0e32\u0e2d\u0e35\u0e01\u0e04\u0e23\u0e31\u0e49\u0e07 \u0e01\u0e47\u0e21\u0e32\u0e08\u0e32\u0e01\u0e40\u0e1e\u0e23\u0e32\u0e30\u0e1c\u0e39\u0e49\u0e1a\u0e23\u0e34\u0e2b\u0e32\u0e23\u0e1b\u0e23\u0e30\u0e40\u0e17\u0e28\u0e17\u0e35\u0e48\u0e44\u0e21\u0e48\u0e22\u0e2d\u0e21\u0e23\u0e31\u0e1a\u0e04\u0e27\u0e32\u0e21\u0e08\u0e23\u0e34\u0e07\u0e40\u0e40\u0e25\u0e30\u0e44\u0e21\u0e48\u0e1f\u0e31\u0e07\u0e40\u0e2a\u0e35\u0e22\u0e07\u0e1b\u0e23\u0e30\u0e0a\u0e32\u0e0a\u0e19", "hashtags": ["#\u0e1b\u0e23\u0e30\u0e40\u0e17\u0e28\u0e01\u0e39\u0e21\u0e35"], "topic": "unrest", "tweet_urls": [], "date": {"hour": 19, "month": 10, "iso": "2018-10-27T19:48:41", "year": 2018, "day": 27, "minute": 48}, "geo": null, "id": 1056271484933464064, "lang": "th", "emoticons": [], "user_id": 980673207769341952, "coordinates": null, "source": "Twitter for iPhone", "location": "Bancock", "mentions": []}, {"truncated": true, "text": "\u0e44\u0e17\u0e22\u0e23\u0e31\u0e10\u0e01\u0e47\u0e1e\u0e32\u0e14\u0e2b\u0e31\u0e27\u0e40\u0e23\u0e35\u0e22\u0e01\u0e41\u0e02\u0e01\u0e44\u0e1b\u0e04\u0e23\u0e31\u0e1a best in travel \u0e41\u0e15\u0e48\u0e25\u0e30\u0e1b\u0e35 lonely planet \u0e44\u0e21\u0e48\u0e40\u0e2d\u0e32\u0e1b\u0e23\u0e30\u0e40\u0e17\u0e28\u0e0b\u0e49\u0e33\u0e46\u0e41\u0e25\u0e30\u0e44\u0e21\u0e48\u0e40\u0e2d\u0e32\u0e40\u0e23\u0e37\u0e48\u0e2d\u0e07\u0e01\u0e32\u0e23\u0e40\u2026", "hashtags": [], "topic": "unrest", "tweet_urls": ["https://t.co/ysChIB5Vrw"], "date": {"hour": 19, "month": 10, "iso": "2018-10-27T19:15:33", "year": 2018, "day": 27, "minute": 15}, "geo": null, "id": 1056263147412119552, "lang": "th", "emoticons": [], "user_id": 2207809587, "coordinates": null, "source": "Twitter for iPhone", "location": "Bancock", "mentions": ["@JeabWattana"]}, {"truncated": false, "text": "\u0e40\u0e14\u0e35\u0e4b\u0e22\u0e27\u0e41\u0e16\u0e21\u0e19\u0e30\u0e04\u0e30 \u0e44\u0e21\u0e48\u0e43\u0e0a\u0e48\u0e2d\u0e30\u0e44\u0e23 \u0e01\u0e25\u0e31\u0e27\u0e42\u0e14\u0e19\u0e1b\u0e23\u0e30\u0e17\u0e49\u0e27\u0e07 555555555555555", "hashtags": [], "topic": "unrest", "tweet_urls": [], "date": {"hour": 15, "month": 10, "iso": "2018-10-27T15:05:04", "year": 2018, "day": 27, "minute": 5}, "geo": null, "id": 1056200109891891201, "lang": "th", "emoticons": [], "user_id": 701093683, "coordinates": null, "source": "Twitter Web Client", "location": "Bancock", "mentions": []}, {"truncated": true, "text": "\u0e18\u0e38\u0e23\u0e01\u0e34\u0e08\u0e04\u0e27\u0e32\u0e21\u0e07\u0e32\u0e21\u0e22\u0e49\u0e2d\u0e21\u0e2a\u0e35\u0e1c\u0e34\u0e27 \u0e40\u0e1e\u0e23\u0e32\u0e30\u0e04\u0e25\u0e2d\u0e42\u0e23\u0e1f\u0e34\u0e25\u0e25\u0e4c\u0e17\u0e33\u0e43\u0e2b\u0e49\u0e21\u0e19\u0e38\u0e29\u0e22\u0e4c\u0e21\u0e35\u0e1c\u0e34\u0e27\u0e2a\u0e35\u0e40\u0e02\u0e35\u0e22\u0e27\u0e2b\u0e21\u0e14 \u0e08\u0e32\u0e01\u0e19\u0e31\u0e49\u0e19\u0e40\u0e1a\u0e37\u0e49\u0e2d\u0e07\u0e2b\u0e25\u0e31\u0e07\u0e01\u0e47\u0e08\u0e31\u0e14\u0e09\u0e32\u0e01\u0e43\u0e2b\u0e49\u0e04\u0e19\u0e2d\u0e2d\u0e01\u0e21\u0e32\u0e1b\u0e23\u0e30\u0e17\u0e49\u0e27\u2026", "hashtags": [], "topic": "unrest", "tweet_urls": ["https://t.co/OOvNA39lNA"], "date": {"hour": 11, "month": 10, "iso": "2018-10-27T11:07:10", "year": 2018, "day": 27, "minute": 7}, "geo": null, "id": 1056140243194146816, "lang": "th", "emoticons": [], "user_id": 117762576, "coordinates": null, "source": "Twitter for iPhone", "location": "Bancock", "mentions": ["@dearizm"]}, {"truncated": true, "text": "\u0e04\u0e19\u0e18\u0e23\u0e23\u0e21\u0e14\u0e32\u0e22\u0e31\u0e07\u0e21\u0e35\u0e04\u0e27\u0e32\u0e21\u0e40\u0e1b\u0e47\u0e19\u0e08\u0e23\u0e34\u0e07\u0e44\u0e21\u0e48\u0e44\u0e14\u0e49\u0e2d\u0e38\u0e14\u0e21\u0e04\u0e15\u0e34 \u0e20\u0e32\u0e22\u0e43\u0e15\u0e49\u0e1b\u0e37\u0e19\u0e02\u0e2d\u0e07\u0e17\u0e2b\u0e32\u0e23\u0e43\u0e04\u0e23\u0e46\u0e01\u0e47\u0e01\u0e25\u0e31\u0e27\u0e04\u0e23\u0e2d\u0e1a\u0e04\u0e23\u0e31\u0e27\u0e40\u0e14\u0e37\u0e2d\u0e14\u0e23\u0e49\u0e2d\u0e19 \u0e08\u0e30\u0e44\u0e1b\u0e1b\u0e23\u0e30\u0e17\u0e49\u0e27\u0e07\u0e17\u0e33\u0e44\u0e21\u0e44\u0e21\u0e48\u0e01\u0e25\u0e31\u0e27\u0e1a\u0e49\u0e32\u0e07\u0e40\u0e2b\u0e23\u0e2d\u2026", "hashtags": [], "topic": "unrest", "tweet_urls": ["https://t.co/kiPafcIiOy"], "date": {"hour": 10, "month": 10, "iso": "2018-10-27T10:30:05", "year": 2018, "day": 27, "minute": 30}, "geo": null, "id": 1056130908296626176, "lang": "th", "emoticons": [], "user_id": 2431582562, "coordinates": null, "source": "TweetDeck", "location": "Bancock", "mentions": []}, {"truncated": true, "text": "\u0e42\u0e17\u0e14\u0e46\u0e2d\u0e34\u0e19\u0e44\u0e1b\u0e2b\u0e19\u0e48\u0e2d\u0e22 \u0e16\u0e49\u0e32\u0e21\u0e35\u0e0a\u0e38\u0e21\u0e19\u0e38\u0e21\u0e1b\u0e23\u0e30\u0e17\u0e49\u0e27\u0e07\u0e16\u0e49\u0e32\u0e27\u0e48\u0e32\u0e07\u0e19\u0e35\u0e48\u0e01\u0e39\u0e04\u0e07\u0e44\u0e1b\u0e15\u0e32\u0e22\u0e41\u0e19\u0e48\u0e46\u0e2d\u0e48\u0e30 \u0e41\u0e15\u0e48\u0e01\u0e39\u0e08\u0e30\u0e44\u0e21\u0e48\u0e22\u0e2d\u0e21\u0e2d\u0e22\u0e39\u0e48\u0e40\u0e09\u0e22\u0e46\u0e41\u0e25\u0e49\u0e27\u0e21\u0e2d\u0e07\u0e14\u0e39\u0e1b\u0e23\u0e30\u0e40\u0e17\u0e28\u0e0a\u0e34\u0e1a\u0e2b\u0e32\u0e22\u0e44\u0e1b\u0e27\u0e31\u0e19\u0e46\u0e2b\u0e23\u0e2d\u0e01 \u0e2d\u2026", "hashtags": [], "topic": "unrest", "tweet_urls": ["https://t.co/gplIPPFoXp"], "date": {"hour": 10, "month": 10, "iso": "2018-10-27T10:28:41", "year": 2018, "day": 27, "minute": 28}, "geo": null, "id": 1056130557002706944, "lang": "th", "emoticons": [], "user_id": 288300430, "coordinates": null, "source": "Twitter for Android", "location": "Bancock", "mentions": []}, {"truncated": true, "text": "\u0e04\u0e37\u0e2d \u0e43\u0e19\u0e40\u0e1e\u0e25\u0e07 \u0e21\u0e31\u0e19\u0e04\u0e37\u0e2d\u0e40\u0e2a\u0e49\u0e19\u0e41\u0e1a\u0e48\u0e07\u0e1b\u0e23\u0e30\u0e27\u0e31\u0e15\u0e34\u0e28\u0e32\u0e2a\u0e15\u0e23\u0e4c \u0e41\u0e25\u0e30\u0e04\u0e27\u0e32\u0e21\u0e04\u0e34\u0e14\u0e02\u0e2d\u0e07\u0e04\u0e19\u0e40\u0e1b\u0e47\u0e19\u0e2a\u0e2d\u0e07\u0e17\u0e32\u0e07\u0e19\u0e30 \u0e04\u0e37\u0e2d \u0e44\u0e21\u0e48\u0e40\u0e01\u0e25\u0e35\u0e22\u0e14\u0e2a\u0e16\u0e32\u0e1a\u0e31\u0e19\u0e01\u0e29\u0e31\u0e15\u0e23\u0e34\u0e22\u0e4c\u0e44\u0e1b\u2026", "hashtags": ["#6\u0e15\u0e38\u0e25\u0e32", "#\u0e1b\u0e23\u0e30\u0e40\u0e17\u0e28\u0e01\u0e39\u0e21\u0e35"], "topic": "unrest", "tweet_urls": ["https://t.co/eDz7Heczsx"], "date": {"hour": 10, "month": 10, "iso": "2018-10-27T10:09:30", "year": 2018, "day": 27, "minute": 9}, "geo": null, "id": 1056125729312727040, "lang": "th", "emoticons": [], "user_id": 367817484, "coordinates": null, "source": "Twitter Web Client", "location": "Bancock", "mentions": []}, {"truncated": false, "text": "\u0e01\u0e39\u0e15\u0e49\u0e2d\u0e07\u0e23\u0e35\u0e1a\u0e40\u0e0b\u0e1f\u0e40\u0e1e\u0e25\u0e07 \u0e01\u0e48\u0e2d\u0e19\u0e42\u0e14\u0e19\u0e25\u0e1a 555555 \n\u0e01\u0e25\u0e31\u0e1a\u0e44\u0e1b\u0e1d\u0e36\u0e01\u0e23\u0e49\u0e2d\u0e07 \u0e40\u0e1c\u0e37\u0e48\u0e2d\u0e21\u0e35\u0e01\u0e32\u0e23\u0e1b\u0e23\u0e30\u0e17\u0e49\u0e27\u0e07\u0e08\u0e30\u0e44\u0e14\u0e49\u0e44\u0e1b\u0e23\u0e48\u0e27\u0e21\u0e23\u0e49\u0e2d\u0e07\u0e01\u0e31\u0e1a\u0e40\u0e02\u0e32\u0e44\u0e14\u0e49", "hashtags": ["#\u0e1b\u0e23\u0e30\u0e40\u0e17\u0e28\u0e01\u0e39\u0e21\u0e35", "#\u0e01\u0e14\u0e42\u0e01\u0e23\u0e18\u0e19\u0e30\u0e08\u0e49\u0e30"], "topic": "unrest", "tweet_urls": [], "date": {"hour": 9, "month": 10, "iso": "2018-10-27T09:06:42", "year": 2018, "day": 27, "minute": 6}, "geo": null, "id": 1056109926748086273, "lang": "th", "emoticons": [], "user_id": 89163163, "coordinates": null, "source": "Twitter for Android", "location": "Bancock", "mentions": []}, {"truncated": false, "text": "\u0e2a\u0e19\u0e32\u0e21\u0e1a\u0e34\u0e19\u0e40\u0e1a\u0e25\u0e40\u0e22\u0e35\u0e22\u0e21\u0e1b\u0e48\u0e27\u0e19! 100 \u0e40\u0e17\u0e35\u0e48\u0e22\u0e27\u0e1a\u0e34\u0e19\u0e16\u0e39\u0e01\u0e22\u0e01\u0e40\u0e25\u0e34\u0e01 \u0e40\u0e2b\u0e15\u0e38\u0e1e\u0e19\u0e31\u0e01\u0e07\u0e32\u0e19\u0e02\u0e19\u0e01\u0e23\u0e30\u0e40\u0e1b\u0e4b\u0e32\u0e1c\u0e25\u0e30\u0e07\u0e32\u0e19\u0e1b\u0e23\u0e30\u0e17\u0e49\u0e27\u0e07", "hashtags": [], "topic": "unrest", "tweet_urls": ["https://t.co/wv0sISEghB", "https://t.co/NEt3SnU0iX"], "date": {"hour": 8, "month": 10, "iso": "2018-10-27T08:05:23", "year": 2018, "day": 27, "minute": 5}, "geo": null, "id": 1056094492728721409, "lang": "th", "emoticons": [], "user_id": 14181969, "coordinates": null, "source": "Buffer", "location": "Bancock", "mentions": []}, {"truncated": false, "text": "\u0e40\u0e21\u0e37\u0e48\u0e2d\u0e44\u0e2b\u0e23\u0e48\u0e04\u0e19\u0e44\u0e17\u0e22\u0e08\u0e30\u0e25\u0e38\u0e01\u0e02\u0e36\u0e49\u0e19\u0e21\u0e32\u0e1b\u0e23\u0e30\u0e17\u0e49\u0e27\u0e07\u0e44\u0e25\u0e48 \u0e04\u0e2a\u0e0a \u0e2d\u0e30 \u0e08\u0e30\u0e44\u0e1b", "hashtags": [], "topic": "unrest", "tweet_urls": [], "date": {"hour": 4, "month": 10, "iso": "2018-10-27T04:14:57", "year": 2018, "day": 27, "minute": 14}, "geo": null, "id": 1056036505473310720, "lang": "th", "emoticons": [], "user_id": 3178195051, "coordinates": null, "source": "Twitter for iPad", "location": "Bancock", "mentions": []}, {"truncated": true, "text": "\u0e16\u0e49\u0e32\u0e40\u0e23\u0e32\u0e40\u0e02\u0e49\u0e32\u0e43\u0e08\u0e27\u0e48\u0e32\u0e01\u0e32\u0e23\u0e1b\u0e23\u0e30\u0e17\u0e49\u0e27\u0e07\u0e04\u0e37\u0e2d\u0e01\u0e32\u0e23\u0e40\u0e23\u0e35\u0e22\u0e01\u0e23\u0e49\u0e2d\u0e07\u0e2a\u0e34\u0e17\u0e18\u0e34\u0e17\u0e35\u0e48\u0e40\u0e23\u0e32\u0e04\u0e27\u0e23\u0e08\u0e30\u0e44\u0e14\u0e49\u0e23\u0e31\u0e1a \u0e2a\u0e34\u0e17\u0e18\u0e34\u0e43\u0e19\u0e20\u0e32\u0e29\u0e35\u0e17\u0e35\u0e48\u0e40\u0e2a\u0e35\u0e22\u0e44\u0e1b \u0e44\u0e21\u0e48\u0e2a\u0e34\u0e07\u0e2a\u0e16\u0e34\u0e15\u0e01\u0e31\u0e1a\u0e1e\u0e23\u0e23\u0e04\u0e01\u0e32\u0e23\u0e40\u0e21\u0e37\u0e2d\u0e07\u0e43\u0e14 \u0e21\u0e31\u0e19\u2026", "hashtags": [], "topic": "unrest", "tweet_urls": ["https://t.co/MntNQapp6H"], "date": {"hour": 2, "month": 10, "iso": "2018-10-27T02:11:45", "year": 2018, "day": 27, "minute": 11}, "geo": null, "id": 1056005501253693440, "lang": "th", "emoticons": [], "user_id": 83321317, "coordinates": null, "source": "Twitter for iPhone", "location": "Bancock", "mentions": []}, {"truncated": false, "text": "\u0e1e\u0e19\u0e31\u0e01\u0e07\u0e32\u0e19\u0e02\u0e19\u0e01\u0e23\u0e30\u0e40\u0e1b\u0e4b\u0e32\u0e1b\u0e23\u0e30\u0e17\u0e49\u0e27\u0e07\u0e17\u0e35\u0e48\u0e2a\u0e19\u0e32\u0e21\u0e1a\u0e34\u0e19\u0e40\u0e1a\u0e25\u0e40\u0e22\u0e35\u0e22\u0e21 \u0e22\u0e01\u0e40\u0e25\u0e34\u0e01\u0e40\u0e17\u0e35\u0e48\u0e22\u0e27\u0e1a\u0e34\u0e19\u0e2b\u0e25\u0e32\u0e22\u0e23\u0e49\u0e2d\u0e22\u0e40\u0e17\u0e35\u0e48\u0e22\u0e27\nhttps://t.co/IPxOLZXTvw", "hashtags": ["#\u0e02\u0e48\u0e32\u0e27PNC"], "topic": "unrest", "tweet_urls": ["https://t.co/YBfOhRlVfA"], "date": {"hour": 1, "month": 10, "iso": "2018-10-27T01:59:47", "year": 2018, "day": 27, "minute": 59}, "geo": null, "id": 1056002489126805504, "lang": "th", "emoticons": [], "user_id": 91053979, "coordinates": null, "source": "TweetDeck", "location": "Bancock", "mentions": []}, {"truncated": true, "text": "\u0e04\u0e34\u0e14\u0e14\u0e39\u0e14\u0e35 \u0e46 \u0e27\u0e48\u0e32\u0e16\u0e49\u0e32\u0e2b\u0e32\u0e01\u0e21\u0e35\u0e40\u0e2b\u0e15\u0e38\u0e01\u0e32\u0e23\u0e13\u0e4c\u0e17\u0e35\u0e48\u0e16\u0e36\u0e07\u0e02\u0e35\u0e14\u0e2a\u0e38\u0e14\u0e41\u0e25\u0e49\u0e27 \u0e16\u0e36\u0e07\u0e02\u0e19\u0e32\u0e14\u0e40\u0e14\u0e34\u0e19\u0e1b\u0e23\u0e30\u0e17\u0e49\u0e27\u0e07\u0e2d\u0e35\u0e01\u0e04\u0e23\u0e31\u0e49\u0e07\u0e19\u0e30 \u0e1e\u0e27\u0e01\u0e40\u0e23\u0e32\u0e08\u0e30\u0e40\u0e1b\u0e47\u0e19\u0e1d\u0e48\u0e32\u0e22\u0e17\u0e35\u0e48\u0e1e\u0e25\u0e32\u0e14\u0e01\u0e31\u0e19\u0e40\u0e2d\u0e07 \u0e40\u0e1e\u0e23\u0e32\u0e30\u0e40\u0e04\u0e49\u0e32\u2026", "hashtags": [], "topic": "unrest", "tweet_urls": ["https://t.co/EsyvwYmzZB"], "date": {"hour": 15, "month": 10, "iso": "2018-10-26T15:30:11", "year": 2018, "day": 26, "minute": 30}, "geo": null, "id": 1055844043328905216, "lang": "th", "emoticons": [], "user_id": 246685254, "coordinates": null, "source": "Twitter Lite", "location": "Bancock", "mentions": []}, {"truncated": true, "text": "\u0e1a\u0e32\u0e23\u0e4c\u0e19\u0e31\u0e21\u0e23\u0e39\u0e49\u0e27\u0e48\u0e32\u0e1f\u0e34\u0e25\u0e25\u0e34\u0e1b\u0e23\u0e49\u0e2d\u0e07\u0e40\u0e1e\u0e25\u0e07\u0e44\u0e14\u0e49 \u0e41\u0e15\u0e48\u0e44\u0e21\u0e48\u0e40\u0e04\u0e22\u0e15\u0e31\u0e49\u0e07\u0e43\u0e08\u0e1f\u0e31\u0e07 \u0e44\u0e21\u0e48\u0e27\u0e48\u0e32\u0e08\u0e30\u0e14\u0e49\u0e27\u0e22\u0e2d\u0e30\u0e44\u0e23\u0e01\u0e47\u0e15\u0e32\u0e21\u2014\u0e40\u0e08\u0e19\u0e19\u0e35\u0e48 \u0e07\u0e32\u0e19\u0e41\u0e2a\u0e14\u0e07 \u0e04\u0e19\u0e1b\u0e23\u0e30\u0e17\u0e49\u0e27\u0e07 \u0e07\u0e32\u0e19\u0e1a\u0e31\u0e0d\u0e0a\u0e35\u0e17\u0e35\u0e48\u0e1f\u0e34\u0e25\u0e25\u0e34\u0e1b\u0e21\u2026", "hashtags": [], "topic": "unrest", "tweet_urls": ["https://t.co/7Ur1hRax4D"], "date": {"hour": 14, "month": 10, "iso": "2018-10-26T14:01:23", "year": 2018, "day": 26, "minute": 1}, "geo": null, "id": 1055821695418695683, "lang": "th", "emoticons": [], "user_id": 928587030019190784, "coordinates": null, "source": "Twitter Web Client", "location": "Bancock", "mentions": []}, {"truncated": false, "text": "\u0e2b\u0e07\u0e38\u0e14\u0e2b\u0e07\u0e34\u0e14\u0e42\u0e27\u0e49\u0e22\u0e22 \u0e17\u0e33\u0e44\u0e23\u0e44\u0e14\u0e49\u0e1a\u0e49\u0e32\u0e07 \u0e40\u0e2b\u0e21\u0e37\u0e2d\u0e19\u0e41\u0e1a\u0e1a\u0e2d\u0e22\u0e32\u0e01\u0e43\u0e2b\u0e49\u0e17\u0e38\u0e01\u0e04\u0e19\u0e2d\u0e2d\u0e01\u0e44\u0e1b\u0e1b\u0e23\u0e30\u0e17\u0e49\u0e27\u0e07\u0e40\u0e25\u0e22\u0e2d\u0e30 \u0e41\u0e15\u0e48\u0e44\u0e21\u0e48\u0e44\u0e14\u0e49 \u0e40\u0e14\u0e35\u0e4b\u0e22\u0e27\u0e42\u0e14\u0e19\u0e2b\u0e32\u0e27\u0e48\u0e32\u0e40\u0e1b\u0e47\u0e19\u0e01\u0e1a\u0e0f /\u0e02\u0e49\u0e32\u0e27\u0e43\u0e19\u0e04\u0e38\u0e01\u0e2d\u0e23\u0e48\u0e2d\u0e22\u0e21\u0e31\u0e49\u0e22\u0e25\u0e39\u0e49\u0e01\u0e01", "hashtags": ["#\u0e1b\u0e23\u0e30\u0e40\u0e17\u0e28\u0e01\u0e39\u0e21\u0e35"], "topic": "unrest", "tweet_urls": [], "date": {"hour": 13, "month": 10, "iso": "2018-10-26T13:53:11", "year": 2018, "day": 26, "minute": 53}, "geo": null, "id": 1055819633935052800, "lang": "th", "emoticons": [], "user_id": 139393339, "coordinates": null, "source": "Twitter for iPhone", "location": "Bancock", "mentions": []}, {"truncated": false, "text": "\u201c5 \u0e41\u0e02\u0e49\u0e07\u0e41\u0e21\u0e19\u0e2f\u0e22\u0e39\u0e44\u0e19\u0e40\u0e15\u0e47\u0e14\u201d \u0e1b\u0e23\u0e30\u0e17\u0e49\u0e27\u0e07\u0e2a\u0e42\u0e21\u0e2a\u0e23 \u0e07\u0e14\u0e23\u0e48\u0e27\u0e21\u0e07\u0e32\u0e19\u0e2d\u0e35\u0e40\u0e27\u0e19\u0e17\u0e4c\nhttps://t.co/Hfzo7j1nRI\n#PPTVHD36", "hashtags": ["#PPTVNews", "#\u0e41\u0e21\u0e19\u0e2f\u0e22\u0e39\u0e44\u0e19\u0e40\u0e15\u0e47\u0e14", "#\u0e19\u0e31\u0e01\u0e40\u0e15\u0e30\u0e41\u0e21\u0e19\u0e2f\u0e22\u0e39\u0e44\u0e19\u0e40\u0e15\u0e47\u0e14"], "topic": "unrest", "tweet_urls": [], "date": {"hour": 12, "month": 10, "iso": "2018-10-26T12:25:58", "year": 2018, "day": 26, "minute": 25}, "geo": null, "id": 1055797686849331200, "lang": "th", "emoticons": [], "user_id": 1877783624, "coordinates": null, "source": "Twitter Web Client", "location": "Bancock", "mentions": []}, {"truncated": false, "text": "\u0e40\u0e2b\u0e19\u0e37\u0e48\u0e2d\u0e22\u0e08\u0e31\u0e07\u0e27\u0e31\u0e19\u0e19\u0e35\u0e49 \u0e23\u0e48\u0e32\u0e07\u0e01\u0e32\u0e22\u0e1b\u0e23\u0e30\u0e17\u0e49\u0e27\u0e07\u0e41\u0e25\u0e49\u0e27 \u0e41\u0e15\u0e48\u0e15\u0e2d\u0e19\u0e40\u0e22\u0e47\u0e19\u0e2d\u0e22\u0e32\u0e01\u0e44\u0e1b\u0e2b\u0e32\u0e04\u0e38\u0e13\u0e1e\u0e35", "hashtags": [], "topic": "unrest", "tweet_urls": [], "date": {"hour": 8, "month": 10, "iso": "2018-10-26T08:00:15", "year": 2018, "day": 26, "minute": 0}, "geo": null, "id": 1055730815739383809, "lang": "th", "emoticons": ["\ud83d\ude13"], "user_id": 802335992178839552, "coordinates": null, "source": "Twitter for iPhone", "location": "Bancock", "mentions": []}, {"truncated": true, "text": "\u0e15\u0e33\u0e23\u0e27\u0e08\u0e42\u0e1b\u0e23\u0e15\u0e38\u0e40\u0e01\u0e2a\u0e17\u0e35\u0e48\u0e1b\u0e23\u0e30\u0e17\u0e49\u0e27\u0e07\u0e01\u0e32\u0e23\u0e02\u0e32\u0e14\u0e41\u0e04\u0e25\u0e19\u0e07\u0e1a\u0e1b\u0e23\u0e30\u0e21\u0e32\u0e13\u0e43\u0e19\u0e2b\u0e19\u0e48\u0e27\u0e22\u0e07\u0e32\u0e19 \u0e01\u0e48\u0e2d\u0e40\u0e2b\u0e15\u0e38\u0e1b\u0e30\u0e17\u0e30\u0e01\u0e31\u0e1a\u0e15\u0e33\u0e23\u0e27\u0e08\u0e2b\u0e19\u0e48\u0e27\u0e22\u0e1b\u0e23\u0e32\u0e1a\u0e08\u0e25\u0e32\u0e08\u0e25 \u0e23\u0e30\u0e2b\u0e27\u0e48\u0e32\u0e07\u0e01\u0e32\u0e23\u0e1b\u0e23\u0e30\u0e17\u0e49\u0e27\u0e07\u0e17\u0e35\u0e48\u0e2b\u0e19\u0e49\u0e32\u0e23\u0e31\u0e10\u0e2a\u0e20\u2026", "hashtags": [], "topic": "unrest", "tweet_urls": ["https://t.co/1Z3dKRkPWg"], "date": {"hour": 6, "month": 10, "iso": "2018-10-26T06:33:28", "year": 2018, "day": 26, "minute": 33}, "geo": null, "id": 1055708973569990657, "lang": "th", "emoticons": [], "user_id": 2294029646, "coordinates": null, "source": "Twitter Web Client", "location": "Bancock", "mentions": []}, {"truncated": true, "text": "\u0e44\u0e2b\u0e27\u0e15\u0e49\u0e2d\u0e07\u0e44\u0e2b\u0e27 \u0e40\u0e23\u0e32\u0e15\u0e49\u0e2d\u0e07\u0e27\u0e32\u0e07\u0e1a\u0e34\u0e25\u0e2a\u0e34\u0e1a\u0e2a\u0e32\u0e02\u0e32\u0e43\u0e2b\u0e49\u0e44\u0e14\u0e49\u0e40\u0e25\u0e22 \u0e2d\u0e2d\u0e01\u0e44\u0e1b\u0e0b\u0e37\u0e49\u0e2d\u0e01\u0e32\u0e41\u0e1f\u0e01\u0e48\u0e2d\u0e19\u0e01\u0e48\u0e2d\u0e19\u0e2a\u0e2d\u0e07\u0e41\u0e01\u0e49\u0e27 \u0e19\u0e2d\u0e19\u0e44\u0e1b\u0e2a\u0e2d\u0e07\u0e0a\u0e31\u0e48\u0e27\u0e42\u0e21\u0e07 \u0e23\u0e48\u0e32\u0e07\u0e01\u0e32\u0e22\u0e40\u0e25\u0e22\u0e1b\u0e23\u0e30\u0e17\u0e49\u0e27\u0e07\u2026", "hashtags": [], "topic": "unrest", "tweet_urls": ["https://t.co/hDrHDBuIBo"], "date": {"hour": 5, "month": 10, "iso": "2018-10-26T05:01:02", "year": 2018, "day": 26, "minute": 1}, "geo": null, "id": 1055685713088274434, "lang": "th", "emoticons": [], "user_id": 215165715, "coordinates": null, "source": "Twitter for Android", "location": "Bancock", "mentions": ["@aonzinii3"]}, {"truncated": true, "text": "\u0e14\u0e39\u0e2a\u0e32\u0e23\u0e04\u0e14\u0e35\u0e04\u0e48\u0e32\u0e22\u0e25\u0e35\u0e48\u0e20\u0e31\u0e22\u0e04\u0e19\u0e17\u0e34\u0e40\u0e1a\u0e15 \u0e17\u0e35\u0e48\u0e2d\u0e1e\u0e22\u0e1e\u0e40\u0e02\u0e49\u0e32\u0e21\u0e32\u0e2d\u0e22\u0e39\u0e48\u0e43\u0e19\u0e2d\u0e34\u0e19\u0e40\u0e14\u0e35\u0e22 \u0e14\u0e39\u0e41\u0e25\u0e49\u0e27\u0e23\u0e39\u0e49\u0e2a\u0e36\u0e01\u0e40\u0e08\u0e47\u0e1a\u0e1b\u0e27\u0e14\u0e43\u0e08\u0e21\u0e32\u0e01! \u0e17\u0e38\u0e01\u0e1b\u0e35 \u0e21\u0e31\u0e01\u0e08\u0e30\u0e21\u0e35\u0e1c\u0e39\u0e49\u0e25\u0e35\u0e49\u0e20\u0e31\u0e22\u0e08\u0e38\u0e14\u0e44\u0e1f\u0e40\u0e1c\u0e32\u0e15\u0e31\u0e27\u0e40\u0e2d\u0e07\u2026", "hashtags": [], "topic": "unrest", "tweet_urls": ["https://t.co/lWtNql8GBG"], "date": {"hour": 2, "month": 10, "iso": "2018-10-26T02:27:12", "year": 2018, "day": 26, "minute": 27}, "geo": null, "id": 1055647000463462400, "lang": "th", "emoticons": [], "user_id": 183168235, "coordinates": null, "source": "Twitter for iPhone", "location": "Bancock", "mentions": []}, {"truncated": false, "text": "\u0e44\u0e1b\u0e2a\u0e48\u0e2d\u0e07\u0e27\u0e31\u0e19\u0e17\u0e31\u0e27\u0e23\u0e4c\u0e04\u0e2d\u0e19\u0e2d\u0e31\u0e25\u0e1a\u0e31\u0e49\u0e21 Excuse Me \u0e23\u0e2d\u0e1a\u0e17\u0e49\u0e32\u0e22\u0e46 \u0e25\u0e30\n\n\u0e27\u0e31\u0e19\u0e17\u0e35\u0e48\u0e1e\u0e2d\u0e44\u0e2b\u0e27 \u0e41\u0e15\u0e48\u0e40\u0e07\u0e34\u0e19\u0e01\u0e31\u0e1a\u0e27\u0e31\u0e19\u0e25\u0e32\u0e1e\u0e23\u0e49\u0e2d\u0e21\u0e43\u0e08\u0e01\u0e31\u0e19\u0e1b\u0e23\u0e30\u0e17\u0e49\u0e27\u0e07\u0e2d\u0e34\u0e09\u0e31\u0e19\u0e2d\u0e22\u0e39\u0e48\u0e08\u0e49\u0e32 + \u0e02\u0e35\u0e49\u0e40\u0e01\u0e35\u0e22\u0e08\u0e02\u0e2d\u0e27\u0e35\u0e0b\u0e48\u0e32\u0e14\u0e49\u0e27\u0e22\u0e15\u0e2d\u0e19\u0e19\u0e31\u0e49\u0e19", "hashtags": [], "topic": "unrest", "tweet_urls": [], "date": {"hour": 16, "month": 10, "iso": "2018-10-25T16:28:48", "year": 2018, "day": 25, "minute": 28}, "geo": null, "id": 1055496406926934016, "lang": "th", "emoticons": ["\ud83d\ude02"], "user_id": 103545302, "coordinates": null, "source": "Twitter for iPhone", "location": "Bancock", "mentions": []}, {"truncated": false, "text": "\u0e44\u0e1b\u0e1b\u0e23\u0e30\u0e17\u0e49\u0e27\u0e07\u0e40\u0e23\u0e47\u0e27", "hashtags": [], "topic": "unrest", "tweet_urls": [], "date": {"hour": 12, "month": 10, "iso": "2018-10-25T12:38:38", "year": 2018, "day": 25, "minute": 38}, "geo": null, "id": 1055438484935077888, "lang": "th", "emoticons": [], "user_id": 916504916557946881, "coordinates": null, "source": "Twitter for iPhone", "location": "Bancock", "mentions": ["@MMAYB96"]}, {"truncated": false, "text": "\u0e2d\u0e22\u0e32\u0e01\u0e40\u0e2b\u0e47\u0e19\u0e07\u0e32\u0e19\u0e04\u0e39\u0e48 \u0e1e\u0e0b \u0e2d\u0e22\u0e32\u0e01\u0e40\u0e2b\u0e47\u0e19\u0e07\u0e32\u0e19\u0e04\u0e39\u0e48 \u0e1e\u0e0b \u0e0a\u0e2d\u0e1a \u0e21\u0e21 \u0e2a\u0e2d\u0e07\u0e04\u0e19\u0e19\u0e35\u0e49\u0e40\u0e27\u0e25\u0e32\u0e2d\u0e22\u0e39\u0e48\u0e14\u0e49\u0e27\u0e22\u0e01\u0e31\u0e19\u0e21\u0e31\u0e19\u0e19\u0e48\u0e32\u0e23\u0e31\u0e01 \u0e04\u0e34\u0e14\u0e44\u0e14\u0e49\u0e44\u0e07\u0e44\u0e21\u0e48\u0e40\u0e2d\u0e32\u0e04\u0e39\u0e48\u0e2b\u0e25\u0e31\u0e01\u0e1b\u0e23\u0e30\u0e2a\u0e32\u0e17 \u0e08\u0e30\u0e1b\u0e23\u0e30\u0e17\u0e49\u0e27\u0e07\u0e41\u0e25\u0e49\u0e27\u0e19\u0e30", "hashtags": ["#\u0e1a2\u0e01\u0e15"], "topic": "unrest", "tweet_urls": [], "date": {"hour": 11, "month": 10, "iso": "2018-10-25T11:56:43", "year": 2018, "day": 25, "minute": 56}, "geo": null, "id": 1055427936579244033, "lang": "th", "emoticons": [], "user_id": 859732478520512513, "coordinates": null, "source": "Twitter for Android", "location": "Bancock", "mentions": []}, {"truncated": false, "text": "\u0e40\u0e2d\u0e32\u0e40\u0e1b\u0e47\u0e19\u0e1b\u0e23\u0e30\u0e17\u0e49\u0e27\u0e07\u0e41\u0e1a\u0e1a\u0e2d\u0e37\u0e48\u0e19\u0e44\u0e14\u0e49\u0e44\u0e2b\u0e215555555555", "hashtags": [], "topic": "unrest", "tweet_urls": [], "date": {"hour": 6, "month": 10, "iso": "2018-10-25T06:05:32", "year": 2018, "day": 25, "minute": 5}, "geo": null, "id": 1055339557107859456, "lang": "th", "emoticons": [], "user_id": 378382583, "coordinates": null, "source": "Twitter for iPhone", "location": "Bancock", "mentions": ["@Ohsejang_HH"]}, {"truncated": false, "text": "\u0e15\u0e32\u0e22\u0e04\u0e48\u0e30\u0e2d\u0e34\u0e14\u0e2d\u0e01 \u0e17\u0e33\u0e07\u0e32\u0e19\u0e41\u0e1a\u0e1a\u0e19\u0e35\u0e49 \u0e2b\u0e32\u0e40\u0e07\u0e34\u0e19\u0e04\u0e37\u0e19\u0e2b\u0e31\u0e27\u0e2b\u0e21\u0e38\u0e19 \u0e16\u0e49\u0e32\u0e44\u0e21\u0e48\u0e17\u0e31\u0e19\u0e07\u0e32\u0e19\u0e08\u0e31\u0e1a\u0e21\u0e37\u0e2d \u0e08\u0e30\u0e44\u0e1b\u0e1b\u0e23\u0e30\u0e17\u0e49\u0e27\u0e07\u0e2b\u0e19\u0e49\u0e32\u0e2e\u0e2d\u0e25 \u0e17\u0e35\u0e48\u0e40\u0e1e\u0e34\u0e48\u0e21\u0e27\u0e31\u0e19\u0e19\u0e35\u0e48\u0e04\u0e37\u0e2d \u0e2a\u0e48\u0e07\u0e44\u0e21\u0e48\u0e17\u0e31\u0e19\u0e2b\u0e23\u0e37\u0e2d\u0e27\u0e48\u0e32\u0e44\u0e07\u0e04\u0e30", "hashtags": [], "topic": "unrest", "tweet_urls": [], "date": {"hour": 4, "month": 10, "iso": "2018-10-25T04:36:17", "year": 2018, "day": 25, "minute": 36}, "geo": null, "id": 1055317096710627328, "lang": "th", "emoticons": ["\ud83d\ude4a"], "user_id": 1004365399050186752, "coordinates": null, "source": "Twitter for Android", "location": "Bancock", "mentions": []}, {"truncated": false, "text": "\u0e40\u0e2d\u0e32\u0e40\u0e25\u0e22\u0e1b\u0e48\u0e30 \u0e15\u0e49\u0e2d\u0e07\u0e1b\u0e23\u0e30\u0e17\u0e49\u0e27\u0e07\u0e41\u0e25\u0e49\u0e27\u0e07\u0e35\u0e49 \u0e44\u0e21\u0e48\u0e21\u0e35 \u0e44\u0e21\u0e48\u0e2b\u0e19\u0e35 \u0e44\u0e21\u0e48\u0e08\u0e48\u0e32\u0e22 \u0e2a\u0e23\u0e38\u0e1b\u0e42\u0e14\u0e19\u0e44\u0e25\u0e48\u0e2d\u0e2d\u0e01\u0e08\u0e32\u0e01\u0e40\u0e08\u0e49\u0e2d", "hashtags": [], "topic": "unrest", "tweet_urls": [], "date": {"hour": 19, "month": 10, "iso": "2018-10-24T19:43:31", "year": 2018, "day": 24, "minute": 43}, "geo": null, "id": 1055183023400869890, "lang": "th", "emoticons": [], "user_id": 378382583, "coordinates": null, "source": "Twitter for iPhone", "location": "Bancock", "mentions": ["@Ohsejang_HH"]}, {"truncated": true, "text": "\u0e04\u0e19\u0e17\u0e33\u0e0a\u0e31\u0e48\u0e27\u0e41\u0e21\u0e49\u0e08\u0e30\u0e44\u0e14\u0e49\u0e23\u0e31\u0e1a\u0e41\u0e15\u0e48\u0e07\u0e15\u0e31\u0e49\u0e07\u0e43\u0e2b\u0e49\u0e40\u0e1b\u0e47\u0e19\u0e04\u0e19\u0e14\u0e35\u0e01\u0e47\u0e2b\u0e32\u0e44\u0e14\u0e49\u0e0a\u0e37\u0e48\u0e2d\u0e27\u0e48\u0e32\u0e40\u0e1b\u0e47\u0e19\u0e04\u0e19\u0e14\u0e35\u0e44\u0e21\u0e48 \u0e1c\u0e39\u0e49\u0e17\u0e35\u0e48\u0e23\u0e31\u0e1a\u0e23\u0e39\u0e49\u0e41\u0e25\u0e30\u0e04\u0e31\u0e14\u0e04\u0e49\u0e32\u0e19\u0e40\u0e1b\u0e47\u0e19\u0e04\u0e19\u0e41\u0e23\u0e01\u0e01\u0e47\u0e04\u0e37\u0e2d\u0e15\u0e31\u0e27\u0e40\u0e2d\u0e07\u0e19\u0e31\u0e48\u0e19\u0e40\u0e2d\u0e07\u2026", "hashtags": [], "topic": "unrest", "tweet_urls": ["https://t.co/Aq7zfEoyJ8"], "date": {"hour": 18, "month": 10, "iso": "2018-10-26T18:42:26", "year": 2018, "day": 26, "minute": 42}, "geo": null, "id": 1055892426794115073, "lang": "th", "emoticons": [], "user_id": 1486890194, "coordinates": null, "source": "Facebook", "location": "Bancock", "mentions": []}, {"truncated": false, "text": "\u0e21\u0e35\u0e04\u0e19\u0e21\u0e32\u0e04\u0e31\u0e14\u0e04\u0e49\u0e32\u0e19\u0e41\u0e25\u0e49\u0e27", "hashtags": [], "topic": "unrest", "tweet_urls": [], "date": {"hour": 8, "month": 10, "iso": "2018-10-26T08:16:03", "year": 2018, "day": 26, "minute": 16}, "geo": null, "id": 1055734790039597056, "lang": "th", "emoticons": [], "user_id": 957533596654362625, "coordinates": null, "source": "Twitter for iPhone", "location": "Bancock", "mentions": ["@Vic_Alife", "@SuperDogMiN"]}, {"truncated": false, "text": "\u0e17\u0e33\u0e1e\u0e34\u0e18\u0e35\u0e1a\u0e27\u0e0a\u0e20\u0e39\u0e40\u0e02\u0e32 \u0e04\u0e31\u0e14\u0e04\u0e49\u0e32\u0e19\u0e40\u0e2b\u0e21\u0e37\u0e2d\u0e07\u0e41\u0e23\u0e48\u0e42\u0e14\u0e42\u0e25\u0e44\u0e21\u0e15\u0e4c \u0e08.\u0e01\u0e23\u0e30\u0e1a\u0e35\u0e48\n#ThaiPBS", "hashtags": ["#\u0e08\u0e31\u0e1a\u0e15\u0e32\u0e2a\u0e16\u0e32\u0e19\u0e01\u0e32\u0e23\u0e13\u0e4c"], "topic": "unrest", "tweet_urls": ["https://t.co/XcATM6wgfC"], "date": {"hour": 5, "month": 10, "iso": "2018-10-26T05:31:23", "year": 2018, "day": 26, "minute": 31}, "geo": null, "id": 1055693351914258437, "lang": "th", "emoticons": [], "user_id": 37950212, "coordinates": null, "source": "Grabyo", "location": "Bancock", "mentions": []}, {"truncated": true, "text": "\u0e19\u0e49\u0e2d\u0e07\u0e46\u0e46 \u0e19\u0e48\u0e32\u0e23\u0e31\u0e01\u0e01\u0e31\u0e19\u0e21\u0e32\u0e01\u0e46\u0e46\u0e46\u0e46\u0e46 \u0e2d\u0e2b\u0e2b\u0e2b\u0e2b\u0e2b \u0e19\u0e48\u0e32\u0e23\u0e31\u0e01\u0e01\u0e01\u0e01 \u0e15\u0e25\u0e4a\u0e01\u0e01\u0e01 \u0e08\u0e31\u0e14\u0e02\u0e2d\u0e07\u0e01\u0e34\u0e19\u0e40\u0e2b\u0e21\u0e37\u0e2d\u0e19\u0e44\u0e2b\u0e27\u0e49\u0e40\u0e08\u0e49\u0e32\u0e40\u0e25\u0e49\u0e22\u0e22\u0e22\u0e22\u0e22 55555555 \u0e41\u0e15\u0e48\u0e2a\u0e38\u0e14\u0e17\u0e49\u0e32\u0e22\u0e04\u0e37\u0e2d\u0e40\u0e04\u0e49\u0e01\u0e41\u0e15\u0e48\u0e07\u0e07\u0e32\u0e19\u2026", "hashtags": [], "topic": "unrest", "tweet_urls": ["https://t.co/K6A68ewqbo"], "date": {"hour": 13, "month": 10, "iso": "2018-10-25T13:12:50", "year": 2018, "day": 25, "minute": 12}, "geo": null, "id": 1055447092871614464, "lang": "th", "emoticons": [], "user_id": 863745363286425600, "coordinates": null, "source": "Twitter for iPhone", "location": "Bancock", "mentions": []}, {"truncated": true, "text": "\u0e28\u0e32\u0e25\u0e1e\u0e31\u0e07\u0e07\u0e32 \u0e2a\u0e31\u0e48\u0e07\u0e08\u0e33\u0e04\u0e38\u0e01\u0e08\u0e33\u0e40\u0e25\u0e22 11 \u0e23\u0e32\u0e22 \u0e04\u0e14\u0e35\u0e02\u0e48\u0e21\u0e02\u0e37\u0e19\u0e40\u0e14\u0e47\u0e0114 \"\u0e1a\u0e49\u0e32\u0e19\u0e40\u0e01\u0e32\u0e30\u0e41\u0e23\u0e14\" \u0e42\u0e17\u0e29\u0e2b\u0e19\u0e31\u0e01\u0e2a\u0e38\u0e14\u0e08\u0e33\u0e04\u0e38\u0e01\u0e15\u0e25\u0e2d\u0e14\u0e0a\u0e35\u0e27\u0e34\u0e15 \u0e14\u0e49\u0e32\u0e19\u0e17\u0e19\u0e32\u0e22\u0e08\u0e33\u0e40\u0e25\u0e22 \u0e02\u0e2d\u0e1b\u0e23\u0e30\u0e01\u0e31\u0e19\u0e15\u0e31\u0e27 \u0e1e\u2026", "hashtags": [], "topic": "unrest", "tweet_urls": ["https://t.co/sooPrGsdW2"], "date": {"hour": 7, "month": 10, "iso": "2018-10-25T07:04:42", "year": 2018, "day": 25, "minute": 4}, "geo": null, "id": 1055354446845108224, "lang": "th", "emoticons": [], "user_id": 2719351820, "coordinates": null, "source": "Twitter Web Client", "location": "Bancock", "mentions": []}, {"truncated": true, "text": "\u0e0a\u0e32\u0e27\u0e2d\u0e32\u0e23\u0e4c\u0e40\u0e08\u0e19\u0e15\u0e34\u0e19\u0e32\u0e1b\u0e30\u0e17\u0e30\u0e40\u0e08\u0e49\u0e32\u0e2b\u0e19\u0e49\u0e32\u0e17\u0e35\u0e48\u0e23\u0e30\u0e2b\u0e27\u0e48\u0e32\u0e07\u0e01\u0e32\u0e23\u0e0a\u0e38\u0e21\u0e19\u0e38\u0e21\u0e04\u0e31\u0e14\u0e04\u0e49\u0e32\u0e19\u0e19\u0e42\u0e22\u0e1a\u0e32\u0e22\u0e23\u0e31\u0e14\u0e40\u0e02\u0e47\u0e21\u0e02\u0e31\u0e14\u0e02\u0e2d\u0e07\u0e23\u0e31\u0e10\u0e1a\u0e32\u0e25 \u0e2b\u0e25\u0e31\u0e07\u0e08\u0e32\u0e01\u0e2a\u0e20\u0e32\u0e2d\u0e32\u0e23\u0e4c\u0e40\u0e08\u0e19\u0e15\u0e34\u0e19\u0e32\u0e40\u0e15\u0e23\u0e35\u0e22\u0e21\u0e25\u0e14\u0e01\u0e32\u0e23\u0e43\u0e0a\u0e49\u0e08\u0e48\u2026", "hashtags": [], "topic": "unrest", "tweet_urls": ["https://t.co/fVR2VMjBfK"], "date": {"hour": 3, "month": 10, "iso": "2018-10-25T03:50:20", "year": 2018, "day": 25, "minute": 50}, "geo": null, "id": 1055305532565741568, "lang": "th", "emoticons": [], "user_id": 2294029646, "coordinates": null, "source": "Twitter Web Client", "location": "Bancock", "mentions": []}]