[{"truncated": true, "text": "HashiCorp updates its infrastructure automation suite for hybrid clouds --&gt;\n\nCloud infrastructure automation compan\u2026", "hashtags": [], "topic": "infrastructure", "tweet_urls": ["https://t.co/yF3Bk5AqN5"], "date": {"hour": 15, "month": 10, "iso": "2018-10-23T15:07:26", "year": 2018, "day": 23, "minute": 7}, "geo": null, "id": 1054751155832741889, "lang": "en", "emoticons": [], "user_id": 22917909, "coordinates": null, "source": "IFTTT", "location": "Bancock", "mentions": []}, {"truncated": true, "text": "Absurd AFP article reads: new bridge opens \"at a time when Beijing is tightening its grip on its semi-autonomous te\u2026", "hashtags": [], "topic": "infrastructure", "tweet_urls": ["https://t.co/EgkLFvLS8C"], "date": {"hour": 10, "month": 10, "iso": "2018-10-23T10:30:30", "year": 2018, "day": 23, "minute": 30}, "geo": null, "id": 1054681461146640384, "lang": "en", "emoticons": [], "user_id": 1121561198, "coordinates": null, "source": "TweetDeck", "location": "Bancock", "mentions": []}, {"truncated": true, "text": "\u0e52\u0e53 \u0e15\u0e38\u0e25\u0e32\u0e04\u0e21 MEMORIAL DAY 2018\n\nTo commemorate the great king RAMA V who is credited with\u2026", "hashtags": ["#\u0e27\u0e31\u0e19\u0e1b\u0e34\u0e22\u0e30\u0e21\u0e2b\u0e32\u0e23\u0e32\u0e0a\nCHULALONGKORN"], "topic": "infrastructure", "tweet_urls": ["https://t.co/1ia18yavqW"], "date": {"hour": 5, "month": 10, "iso": "2018-10-23T05:19:42", "year": 2018, "day": 23, "minute": 19}, "geo": null, "id": 1054603248403800064, "lang": "en", "emoticons": [], "user_id": 34213166, "coordinates": null, "source": "Twitter for iPhone", "location": "Bancock", "mentions": []}, {"truncated": true, "text": "is building tangible infrastructure to slowly erase US-UK's persistent influence in Hong Kong - formally sei\u2026", "hashtags": ["#China"], "topic": "infrastructure", "tweet_urls": ["https://t.co/Wtb6ZNNspf"], "date": {"hour": 5, "month": 10, "iso": "2018-10-23T05:07:07", "year": 2018, "day": 23, "minute": 7}, "geo": null, "id": 1054600082513752064, "lang": "en", "emoticons": [], "user_id": 1121561198, "coordinates": null, "source": "Twitter for Android", "location": "Bancock", "mentions": []}, {"truncated": true, "text": "Check this out if you want to know more about CODI &amp; housing, water &amp; sanitation provision, and the role of slum dw\u2026", "hashtags": [], "topic": "infrastructure", "tweet_urls": ["https://t.co/Pfxsz6pOdH"], "date": {"hour": 1, "month": 10, "iso": "2018-10-23T01:02:16", "year": 2018, "day": 23, "minute": 2}, "geo": null, "id": 1054538464555761669, "lang": "en", "emoticons": [], "user_id": 135187055, "coordinates": null, "source": "Twitter Web Client", "location": "Bancock", "mentions": []}, {"truncated": true, "text": "Right? The need to run on Books, Bricks, Borders and Budgets. (Education, Infra\u2026", "hashtags": [], "topic": "infrastructure", "tweet_urls": ["https://t.co/9z9tZRbs2O"], "date": {"hour": 14, "month": 10, "iso": "2018-10-22T14:12:35", "year": 2018, "day": 22, "minute": 12}, "geo": null, "id": 1054374964105699333, "lang": "en", "emoticons": [], "user_id": 14157562, "coordinates": null, "source": "Twitter for iPhone", "location": "Bancock", "mentions": ["@RBReich", "@lLadyBing", "@HouseDemocrats"]}, {"truncated": true, "text": "Right? Dems need to run on:\n\nBooks, Bricks, Borders and Budgets.\n\nThe have had two y\u2026", "hashtags": [], "topic": "infrastructure", "tweet_urls": ["https://t.co/TLrbPQqZbb"], "date": {"hour": 13, "month": 10, "iso": "2018-10-22T13:21:54", "year": 2018, "day": 22, "minute": 21}, "geo": null, "id": 1054362208967094272, "lang": "en", "emoticons": [], "user_id": 14157562, "coordinates": null, "source": "Twitter for iPhone", "location": "Bancock", "mentions": ["@BillKristol", "@CherylHeide", "@GOP"]}, {"truncated": true, "text": "Pulumi raises $15M for its unique brand of infrastructure automation --&gt;\n\nPulumi Corp., an infrastructure automatio\u2026", "hashtags": [], "topic": "infrastructure", "tweet_urls": ["https://t.co/YbhSxXFx3G"], "date": {"hour": 12, "month": 10, "iso": "2018-10-22T12:17:04", "year": 2018, "day": 22, "minute": 17}, "geo": null, "id": 1054345894559129603, "lang": "en", "emoticons": [], "user_id": 22917909, "coordinates": null, "source": "IFTTT", "location": "Bancock", "mentions": []}, {"truncated": true, "text": "\n\nThe message should be:\n\nBooks, Bricks, Borders and Budgets\n\nEducation, I\u2026", "hashtags": [], "topic": "infrastructure", "tweet_urls": ["https://t.co/9UYLA9LGgp"], "date": {"hour": 11, "month": 10, "iso": "2018-10-22T11:26:12", "year": 2018, "day": 22, "minute": 26}, "geo": null, "id": 1054333091043594243, "lang": "en", "emoticons": [], "user_id": 14157562, "coordinates": null, "source": "Twitter for iPhone", "location": "Bancock", "mentions": ["@Morning_Joe", "@morningmika", "@jheil", "@JoeNBC"]}, {"truncated": true, "text": "U.S. Treasury's Mnuchin hails Israel investment opportunities, eyes infrastructure\n\nJERUSALEM (Reuters) - U.S. Trea\u2026", "hashtags": [], "topic": "infrastructure", "tweet_urls": ["https://t.co/Ldng4dEFhO"], "date": {"hour": 9, "month": 10, "iso": "2018-10-22T09:33:03", "year": 2018, "day": 22, "minute": 33}, "geo": null, "id": 1054304616228171776, "lang": "en", "emoticons": [], "user_id": 254323319, "coordinates": null, "source": "Facebook", "location": "Bancock", "mentions": []}, {"truncated": true, "text": "In countries where many live in informal settlements, urban resilience must also address deficits in physical &amp; soc\u2026", "hashtags": [], "topic": "infrastructure", "tweet_urls": ["https://t.co/loFT8B6vvl"], "date": {"hour": 2, "month": 10, "iso": "2018-10-22T02:57:14", "year": 2018, "day": 22, "minute": 57}, "geo": null, "id": 1054205005677219840, "lang": "en", "emoticons": [], "user_id": 135187055, "coordinates": null, "source": "Twitter Web Client", "location": "Bancock", "mentions": []}, {"truncated": false, "text": "[Paper] The demise of Angkor: Systemic vulnerability of urban infrastructure to climatic variations", "hashtags": [], "topic": "infrastructure", "tweet_urls": ["https://t.co/UYy3QVfbqo"], "date": {"hour": 1, "month": 10, "iso": "2018-10-22T01:14:14", "year": 2018, "day": 22, "minute": 14}, "geo": null, "id": 1054179084207480832, "lang": "en", "emoticons": [], "user_id": 11275742, "coordinates": null, "source": "SEAArch Newsblog", "location": "Bancock", "mentions": []}, {"truncated": true, "text": "A laid back area with good infrastructure nearby and almost none foreign tourists is th\u2026", "hashtags": [], "topic": "infrastructure", "tweet_urls": ["https://t.co/LyinXxIFmB"], "date": {"hour": 12, "month": 10, "iso": "2018-10-21T12:56:41", "year": 2018, "day": 21, "minute": 56}, "geo": null, "id": 1053993476189249536, "lang": "en", "emoticons": [], "user_id": 903306563963817985, "coordinates": null, "source": "Twitter Web Client", "location": "Bancock", "mentions": ["@meeDamian", "@ziggamon", "@abrkn"]}, {"truncated": true, "text": "...Japan\u2019s Indo-Pacific plan was backed by leaders from across Southeast Asia\u2019s River region. The pact was\u2026", "hashtags": ["#Mekong"], "topic": "infrastructure", "tweet_urls": ["https://t.co/Ovq5QeG1OQ"], "date": {"hour": 1, "month": 10, "iso": "2018-10-21T01:18:42", "year": 2018, "day": 21, "minute": 18}, "geo": null, "id": 1053817820344020992, "lang": "en", "emoticons": [], "user_id": 3283054495, "coordinates": null, "source": "Twitter Web Client", "location": "Bancock", "mentions": []}, {"truncated": true, "text": "During the time:\n\n GDP 3X over 9 year\u2026", "hashtags": [], "topic": "infrastructure", "tweet_urls": ["https://t.co/F1VY0doV2p"], "date": {"hour": 23, "month": 10, "iso": "2018-10-20T23:19:37", "year": 2018, "day": 20, "minute": 19}, "geo": null, "id": 1053787855636488193, "lang": "en", "emoticons": ["\u2705"], "user_id": 18423283, "coordinates": null, "source": "Twitter for iPhone", "location": "Bancock", "mentions": ["@LankanStyle", "@AriffShihab", "@johnjayaw", "@Chrishi89", "@flysrilankan", "@PresRajapaksa"]}, {"truncated": false, "text": "\u0e2d\u0e37\u0e21\u0e08\u0e23\u0e34\u0e07 \u0e16\u0e49\u0e32 \u0e42\u0e04\u0e23\u0e07\u0e2a\u0e23\u0e49\u0e32\u0e07\u0e2d\u0e32\u0e0a\u0e35\u0e1e\u0e44\u0e21\u0e48\u0e40\u0e1b\u0e25\u0e35\u0e48\u0e22\u0e19 infrastructure \u0e41\u0e1a\u0e1a \u0e2d\u0e34\u0e19\u0e40\u0e17\u0e2d\u0e23\u0e4c\u0e40\u0e19\u0e47\u0e15\u0e44\u0e21\u0e48\u0e21\u0e35 \u0e01\u0e47\u0e04\u0e07\u0e44\u0e21\u0e48\u0e21\u0e35\u0e01\u0e32\u0e23\u0e40\u0e1b\u0e25\u0e35\u0e48\u0e22\u0e19\u0e23\u0e39\u0e1b\u0e41\u0e1a\u0e1a", "hashtags": [], "topic": "infrastructure", "tweet_urls": [], "date": {"hour": 11, "month": 10, "iso": "2018-10-20T11:54:05", "year": 2018, "day": 20, "minute": 54}, "geo": null, "id": 1053615333481705472, "lang": "th", "emoticons": [], "user_id": 5886462, "coordinates": null, "source": "Twitter for Android", "location": "Bancock", "mentions": ["@nrad6949"]}, {"truncated": true, "text": "Forrester findings reveal enterprise gap in successful cloud integrations --&gt;\n\nAs data quantities outpace tradition\u2026", "hashtags": [], "topic": "infrastructure", "tweet_urls": ["https://t.co/MAMvFhTgp0"], "date": {"hour": 7, "month": 10, "iso": "2018-10-20T07:00:48", "year": 2018, "day": 20, "minute": 0}, "geo": null, "id": 1053541525261639681, "lang": "en", "emoticons": [], "user_id": 22917909, "coordinates": null, "source": "IFTTT", "location": "Bancock", "mentions": []}, {"truncated": true, "text": "[AItrends] Amazon, Microsoft Sound Off on Google\u2019s Decision Not to Compete for Pentagon\u2019s JEDI Cloud Contract --&gt;\u2026", "hashtags": [], "topic": "infrastructure", "tweet_urls": ["https://t.co/Dc8VGm9UOz"], "date": {"hour": 14, "month": 10, "iso": "2018-10-19T14:35:10", "year": 2018, "day": 19, "minute": 35}, "geo": null, "id": 1053293483358937089, "lang": "en", "emoticons": [], "user_id": 22917909, "coordinates": null, "source": "IFTTT", "location": "Bancock", "mentions": []}, {"truncated": true, "text": "[eset] Week in security with Tony Anscombe --&gt;\n\nGreyEnergy: ESET research reveals a successor to the infamous Black\u2026", "hashtags": [], "topic": "infrastructure", "tweet_urls": ["https://t.co/L2QrqgaApV"], "date": {"hour": 10, "month": 10, "iso": "2018-10-19T10:15:23", "year": 2018, "day": 19, "minute": 15}, "geo": null, "id": 1053228108118147072, "lang": "en", "emoticons": [], "user_id": 22917909, "coordinates": null, "source": "IFTTT", "location": "Bancock", "mentions": []}, {"truncated": true, "text": "I don't remember traffic being that bad. Korea has improved their infrastructure a bit and roads were\u2026", "hashtags": [], "topic": "infrastructure", "tweet_urls": ["https://t.co/vzXmYWdJvq"], "date": {"hour": 9, "month": 10, "iso": "2018-10-19T09:06:12", "year": 2018, "day": 19, "minute": 6}, "geo": null, "id": 1053210698367426560, "lang": "en", "emoticons": [], "user_id": 590900152, "coordinates": null, "source": "Twitter Lite", "location": "Bancock", "mentions": ["@stegersaurus"]}, {"truncated": true, "text": "Excellent informative presentation by Michel Dorval of the Pacific Region Resilient Infrastructure Facili\u2026", "hashtags": ["#APAN2018"], "topic": "infrastructure", "tweet_urls": ["https://t.co/B3ow15boxY"], "date": {"hour": 3, "month": 10, "iso": "2018-10-19T03:51:37", "year": 2018, "day": 19, "minute": 51}, "geo": null, "id": 1053131527788195840, "lang": "en", "emoticons": [], "user_id": 21645847, "coordinates": null, "source": "Twitter for iPhone", "location": "Bancock", "mentions": []}, {"truncated": true, "text": "Keisy Tarakabu of the Ministry of Infrastructure &amp; Sustainable Energy in Kiribati, speaking about small s\u2026", "hashtags": ["#APAN2018"], "topic": "infrastructure", "tweet_urls": ["https://t.co/lJ5OHvRCVb"], "date": {"hour": 3, "month": 10, "iso": "2018-10-19T03:43:56", "year": 2018, "day": 19, "minute": 43}, "geo": null, "id": 1053129597565292544, "lang": "en", "emoticons": [], "user_id": 21645847, "coordinates": null, "source": "Twitter for iPhone", "location": "Bancock", "mentions": []}, {"truncated": true, "text": "Viliami Ongosia of Tonga Power Ltd. on the immense challenges of power grid infrastructure development in\u2026", "hashtags": ["#APAN2018"], "topic": "infrastructure", "tweet_urls": ["https://t.co/vgRZfxtImK"], "date": {"hour": 3, "month": 10, "iso": "2018-10-19T03:26:25", "year": 2018, "day": 19, "minute": 26}, "geo": null, "id": 1053125187422511104, "lang": "en", "emoticons": [], "user_id": 21645847, "coordinates": null, "source": "Twitter for iPhone", "location": "Bancock", "mentions": []}, {"truncated": true, "text": "SolarWinds revises down share price guidance ahead of Friday NYSE float --&gt;\n\nInfrastructure management software fir\u2026", "hashtags": [], "topic": "infrastructure", "tweet_urls": ["https://t.co/5eFNt5ceFK"], "date": {"hour": 0, "month": 10, "iso": "2018-10-19T00:35:20", "year": 2018, "day": 19, "minute": 35}, "geo": null, "id": 1053082134322253824, "lang": "en", "emoticons": [], "user_id": 22917909, "coordinates": null, "source": "IFTTT", "location": "Bancock", "mentions": []}, {"truncated": true, "text": "Not yet here. Sooner or later the infrastructure will be in place to let them play comfortably with k\u2026", "hashtags": [], "topic": "infrastructure", "tweet_urls": ["https://t.co/ltgNAywbcr"], "date": {"hour": 21, "month": 10, "iso": "2018-10-18T21:20:54", "year": 2018, "day": 18, "minute": 20}, "geo": null, "id": 1053033203471196166, "lang": "en", "emoticons": [], "user_id": 903306563963817985, "coordinates": null, "source": "Twitter Web Client", "location": "Bancock", "mentions": ["@Crypto_Macro"]}, {"truncated": true, "text": "[Insight] Finding My Way to Insight DevOps --&gt; \nI recently finished my first DevOps fellowship with Insight. After\u2026", "hashtags": [], "topic": "infrastructure", "tweet_urls": ["https://t.co/s87Zn88hz1"], "date": {"hour": 20, "month": 10, "iso": "2018-10-18T20:05:08", "year": 2018, "day": 18, "minute": 5}, "geo": null, "id": 1053014133388562432, "lang": "en", "emoticons": [], "user_id": 22917909, "coordinates": null, "source": "IFTTT", "location": "Bancock", "mentions": []}, {"truncated": true, "text": "Workshop CCTV for Thailand 4.0", "hashtags": ["#natawudh", "#marketing", "#customer", "#link", "#interlinkfan", "#cabling", "#infrastructure", "#cctv\u2026"], "topic": "infrastructure", "tweet_urls": ["https://t.co/kSF23ggoID"], "date": {"hour": 9, "month": 10, "iso": "2018-10-18T09:54:50", "year": 2018, "day": 18, "minute": 54}, "geo": null, "id": 1052860547895517184, "lang": "en", "emoticons": [], "user_id": 64179546, "coordinates": null, "source": "Twitter for Android", "location": "Bancock", "mentions": []}, {"truncated": true, "text": "Hardening Network Infrastructure (HDN)\n.\nNetwork Infrastructure \n\u0e04\u0e37\u0e2d \u0e42\u0e04\u0e23\u0e07\u0e2a\u0e23\u0e49\u0e32\u0e07\u0e17\u0e35\u0e48\u0e40\u0e1b\u0e47\u0e19\u0e2d\u0e07\u0e04\u0e4c\u0e1b\u0e23\u0e30\u0e01\u0e2d\u0e1a\n\u0e2a\u0e33\u0e04\u0e31\u0e0d\u0e17\u0e35\u0e48\u0e2a\u0e38\u0e14\u0e43\u0e19\u0e23\u0e30\u0e1a\u0e1a\u0e40\u0e04\u2026", "hashtags": [], "topic": "infrastructure", "tweet_urls": ["https://t.co/6qSAPMEYUg"], "date": {"hour": 8, "month": 10, "iso": "2018-10-18T08:30:07", "year": 2018, "day": 18, "minute": 30}, "geo": null, "id": 1052839229083004928, "lang": "th", "emoticons": [], "user_id": 307777215, "coordinates": null, "source": "Facebook", "location": "Bancock", "mentions": []}, {"truncated": true, "text": "The Philippines has a 'Build build build' massive infrastructure program. To complement that, there is a 'Green gre\u2026", "hashtags": [], "topic": "infrastructure", "tweet_urls": ["https://t.co/rnXP1KhQ9l"], "date": {"hour": 3, "month": 10, "iso": "2018-10-18T03:53:39", "year": 2018, "day": 18, "minute": 53}, "geo": null, "id": 1052769652000968704, "lang": "en", "emoticons": [], "user_id": 135187055, "coordinates": null, "source": "Twitter Web Client", "location": "Bancock", "mentions": []}, {"truncated": true, "text": "The city\u2019s infrastructure \u2014 developed over successive construction efforts built on top of and dependent on each ot\u2026", "hashtags": [], "topic": "infrastructure", "tweet_urls": ["https://t.co/lgP2r0qBmP"], "date": {"hour": 0, "month": 10, "iso": "2018-10-18T00:18:40", "year": 2018, "day": 18, "minute": 18}, "geo": null, "id": 1052715549745065989, "lang": "en", "emoticons": [], "user_id": 3283054495, "coordinates": null, "source": "Twitter Web Client", "location": "Bancock", "mentions": []}, {"truncated": true, "text": "The Belt and Road Initiative (BRI) has raised New Delhi\u2019s fears that Beijing\u2019s infrastructure projects will bring m\u2026", "hashtags": [], "topic": "infrastructure", "tweet_urls": ["https://t.co/nb87rNcr6n"], "date": {"hour": 9, "month": 10, "iso": "2018-10-17T09:37:59", "year": 2018, "day": 17, "minute": 37}, "geo": null, "id": 1052493918305116160, "lang": "en", "emoticons": [], "user_id": 737125059853094912, "coordinates": null, "source": "Twitter Web Client", "location": "Bancock", "mentions": []}, {"truncated": true, "text": "It's all about Villagers to file petition to halt plant approval sought by large sugar compa\u2026", "hashtags": ["#sugar!", "#biomass", "#Thai"], "topic": "infrastructure", "tweet_urls": ["https://t.co/H1Bc32YSgc"], "date": {"hour": 8, "month": 10, "iso": "2018-10-17T08:34:30", "year": 2018, "day": 17, "minute": 34}, "geo": null, "id": 1052477942662479872, "lang": "en", "emoticons": [], "user_id": 3367136692, "coordinates": null, "source": "Twitter Web Client", "location": "Bancock", "mentions": []}, {"truncated": true, "text": "It\u2019s telling that the transport-infrastructure-focussed BTS ad for the so-called Future Fund has a cursor\u2026", "hashtags": ["#Thailand"], "topic": "infrastructure", "tweet_urls": ["https://t.co/4xonx7aamp"], "date": {"hour": 4, "month": 10, "iso": "2018-10-17T04:56:28", "year": 2018, "day": 17, "minute": 56}, "geo": null, "id": 1052423075025838080, "lang": "en", "emoticons": [], "user_id": 43153434, "coordinates": null, "source": "Twitter for iPhone", "location": "Bancock", "mentions": []}, {"truncated": true, "text": "[DZone] [DevOps] AWS Lambda: A WhatsApp-Like Movement in Serverless Computing --&gt;\n\nWe are witnessing a paradigm shi\u2026", "hashtags": [], "topic": "infrastructure", "tweet_urls": ["https://t.co/sZ0KK9pV8r"], "date": {"hour": 16, "month": 10, "iso": "2018-10-16T16:23:12", "year": 2018, "day": 16, "minute": 23}, "geo": null, "id": 1052233508863832066, "lang": "en", "emoticons": [], "user_id": 22917909, "coordinates": null, "source": "IFTTT", "location": "Bancock", "mentions": []}, {"truncated": true, "text": "I don't know, if any of these announcement will have a short term impact on the price, but I\u2026", "hashtags": [], "topic": "infrastructure", "tweet_urls": ["https://t.co/SQBvkMQ6rH"], "date": {"hour": 15, "month": 10, "iso": "2018-10-16T15:23:45", "year": 2018, "day": 16, "minute": 23}, "geo": null, "id": 1052218544971075584, "lang": "en", "emoticons": [], "user_id": 903306563963817985, "coordinates": null, "source": "Twitter Web Client", "location": "Bancock", "mentions": ["@marceljamin", "@Nouriel"]}, {"truncated": false, "text": "Great breakdown of blockchain infrastructure level.", "hashtags": ["#crypto", "#Blockchain"], "topic": "infrastructure", "tweet_urls": ["https://t.co/7S0Nn0nFGV"], "date": {"hour": 14, "month": 10, "iso": "2018-10-16T14:37:05", "year": 2018, "day": 16, "minute": 37}, "geo": null, "id": 1052206801230282752, "lang": "en", "emoticons": [], "user_id": 119625658, "coordinates": null, "source": "Twitter Web Client", "location": "Bancock", "mentions": []}, {"truncated": true, "text": "[DZone] [DevOps] The Perils of 3- (or More) Tier Infrastructure --&gt;\n\nOnce upon a time, a long time ago (in 1999), 3\u2026", "hashtags": [], "topic": "infrastructure", "tweet_urls": ["https://t.co/Ps0fBqgl7C"], "date": {"hour": 12, "month": 10, "iso": "2018-10-16T12:43:29", "year": 2018, "day": 16, "minute": 43}, "geo": null, "id": 1052178216490807296, "lang": "en", "emoticons": [], "user_id": 22917909, "coordinates": null, "source": "IFTTT", "location": "Bancock", "mentions": []}, {"truncated": true, "text": "Another \"benefit\" of easy infrastructure money - racism &amp; discrimination. A fascinating read from\u2026", "hashtags": ["#Chinese"], "topic": "infrastructure", "tweet_urls": ["https://t.co/f2d1yg9syb"], "date": {"hour": 10, "month": 10, "iso": "2018-10-16T10:35:29", "year": 2018, "day": 16, "minute": 35}, "geo": null, "id": 1052146003539718144, "lang": "en", "emoticons": [], "user_id": 108385229, "coordinates": null, "source": "Twitter Web Client", "location": "Bancock", "mentions": []}, {"truncated": true, "text": "Infrastructure and utilities also use a lot of space in an industrial estate, roads, reservoirs, power plants, but\u2026", "hashtags": [], "topic": "infrastructure", "tweet_urls": ["https://t.co/aLa5ie9u07"], "date": {"hour": 9, "month": 10, "iso": "2018-10-16T09:22:02", "year": 2018, "day": 16, "minute": 22}, "geo": null, "id": 1052127519208484864, "lang": "en", "emoticons": [], "user_id": 61169024, "coordinates": null, "source": "Twitter Web Client", "location": "Bancock", "mentions": []}, {"truncated": false, "text": "Infrastructure as an Expectation", "hashtags": ["#mobile"], "topic": "infrastructure", "tweet_urls": ["https://t.co/ckkIghaMZY"], "date": {"hour": 8, "month": 10, "iso": "2018-10-16T08:36:02", "year": 2018, "day": 16, "minute": 36}, "geo": null, "id": 1052115941008408576, "lang": "en", "emoticons": [], "user_id": 115237776, "coordinates": null, "source": "Bangkok Beach Telecom Tweets", "location": "Bancock", "mentions": []}, {"truncated": true, "text": "(Efinance) \u0e01.\u0e04\u0e21\u0e19\u0e32\u0e04\u0e21 \u0e14\u0e31\u0e19\u0e44\u0e2e\u0e2a\u0e1b\u0e35\u0e14\u0e44\u0e17\u0e22-\u0e08\u0e35\u0e19\u0e40\u0e1f\u0e2a 2 \u0e42\u0e04\u0e23\u0e32\u0e0a-\u0e2b\u0e19\u0e2d\u0e07\u0e04\u0e32\u0e22 \u0e40\u0e02\u0e49\u0e32 \u0e04\u0e23\u0e21.\u0e20\u0e32\u0e22\u0e43\u0e19\u0e23\u0e31\u0e10\u0e1a\u0e32\u0e25\u0e19\u0e35\u0e49 \u0e1e\u0e23\u0e49\u0e2d\u0e21\u0e0a\u0e07\u0e02\u0e2d\u0e07\u0e1a\u0e01\u0e25\u0e32\u0e07 1,200 \u0e25\u0e49\u0e32\u0e19\u0e1a\u0e32\u0e17 \u0e2d\u0e2d\u0e01\u0e41\u0e1a\u2026", "hashtags": [], "topic": "infrastructure", "tweet_urls": ["https://t.co/oh14mSX8z8"], "date": {"hour": 7, "month": 10, "iso": "2018-10-16T07:49:59", "year": 2018, "day": 16, "minute": 49}, "geo": null, "id": 1052104353916444674, "lang": "th", "emoticons": [], "user_id": 204250001, "coordinates": null, "source": "Twitter Web Client", "location": "Bancock", "mentions": []}, {"truncated": false, "text": "Cybersecurity and Infrastructure", "hashtags": [], "topic": "infrastructure", "tweet_urls": ["https://t.co/o6ZpknjfF4"], "date": {"hour": 7, "month": 10, "iso": "2018-10-16T07:35:54", "year": 2018, "day": 16, "minute": 35}, "geo": null, "id": 1052100810484604928, "lang": "en", "emoticons": [], "user_id": 910378484295446528, "coordinates": null, "source": "Twitter Web Client", "location": "Bancock", "mentions": []}]