[{"truncated": false, "text": "Southeast Asia\u2019s telecom infrastructure is unrivaled.", "hashtags": [], "topic": "infrastructure", "tweet_urls": [], "date": {"hour": 12, "month": 11, "iso": "2018-11-11T12:07:09", "year": 2018, "day": 11, "minute": 7}, "geo": null, "id": 1061591154611826689, "lang": "en", "emoticons": [], "user_id": 1732495418, "coordinates": null, "source": "Twitter for iPhone", "location": "Bancock", "mentions": ["@Muloongo"]}, {"truncated": true, "text": "[DZone] [DevOps] What Is Infrastructure as Code? --&gt;\n\nAutomation is a concept that has found its way into every cor\u2026", "hashtags": [], "topic": "infrastructure", "tweet_urls": ["https://t.co/5eLoN6BRdh"], "date": {"hour": 11, "month": 11, "iso": "2018-11-11T11:24:19", "year": 2018, "day": 11, "minute": 24}, "geo": null, "id": 1061580375506468864, "lang": "en", "emoticons": [], "user_id": 22917909, "coordinates": null, "source": "IFTTT", "location": "Bancock", "mentions": []}, {"truncated": true, "text": "Infrastructure \u0e17\u0e35\u0e48\u0e21\u0e35\u0e21\u0e32\u0e15\u0e23\u0e10\u0e32\u0e19\u0e15\u0e32\u0e21\u0e2b\u0e25\u0e31\u0e01\u0e01\u0e32\u0e23 \u0e04\u0e37\u0e2d\u0e1a\u0e49\u0e32\u0e19\u0e08\u0e31\u0e14\u0e2a\u0e23\u0e23\u0e02\u0e2d\u0e07\u0e40\u0e23\u0e32\n\n\u0e41\u0e25\u0e49\u0e27\u0e01\u0e47\u0e21\u0e35\u0e23\u0e30\u0e1a\u0e1a\u0e17\u0e35\u0e48\u0e07\u0e48\u0e32\u0e22\u0e41\u0e25\u0e30\u0e14\u0e35\u0e40\u0e1e\u0e37\u0e48\u0e2d\u0e43\u0e2b\u0e49 interia \u0e21\u0e32\u0e15\u0e01\u0e41\u0e15\u0e48\u0e07\u0e44\u0e14\u0e49\u0e15\u0e32\u0e21\u0e43\u2026", "hashtags": [], "topic": "infrastructure", "tweet_urls": ["https://t.co/iBwDfK2cYu"], "date": {"hour": 4, "month": 11, "iso": "2018-11-11T04:00:08", "year": 2018, "day": 11, "minute": 0}, "geo": null, "id": 1061468594922381314, "lang": "th", "emoticons": [], "user_id": 100759655, "coordinates": null, "source": "Twitter for iPhone", "location": "Bancock", "mentions": []}, {"truncated": true, "text": "Point taken A sad situation in California. I think the state should le\u2026", "hashtags": [], "topic": "infrastructure", "tweet_urls": ["https://t.co/x9MGbgZd3u"], "date": {"hour": 20, "month": 11, "iso": "2018-11-10T20:18:55", "year": 2018, "day": 10, "minute": 18}, "geo": null, "id": 1061352526333837314, "lang": "en", "emoticons": [], "user_id": 1459894778, "coordinates": null, "source": "Twitter for iPhone", "location": "Bancock", "mentions": ["@golferjohncan", "@jiffywild", "@realDonaldTrump"]}, {"truncated": true, "text": "Time to thank the politicians and court from not stopping crop burning . \nThanks f\u2026", "hashtags": [], "topic": "infrastructure", "tweet_urls": ["https://t.co/CKL4eqHuQm"], "date": {"hour": 5, "month": 11, "iso": "2018-11-10T05:28:25", "year": 2018, "day": 10, "minute": 28}, "geo": null, "id": 1061128421806301184, "lang": "en", "emoticons": [], "user_id": 58343086, "coordinates": null, "source": "Twitter for Android", "location": "Bancock", "mentions": ["@sameekshakh", "@TheQuint", "@QuintFit"]}, {"truncated": true, "text": "\"Technology is overcoming infrastructure challenges for financial inclusion, accelerating growth, and going beyond\u2026", "hashtags": [], "topic": "infrastructure", "tweet_urls": ["https://t.co/CM8cY13er9"], "date": {"hour": 18, "month": 11, "iso": "2018-11-09T18:00:13", "year": 2018, "day": 9, "minute": 0}, "geo": null, "id": 1060955233382219776, "lang": "en", "emoticons": [], "user_id": 2891655385, "coordinates": null, "source": "Buffer", "location": "Bancock", "mentions": []}, {"truncated": true, "text": "[DarkReading] Vulnerabilities in our Infrastructure: 5 Ways to Mitigate the Risk --&gt; By teaming up to address key t\u2026", "hashtags": [], "topic": "infrastructure", "tweet_urls": ["https://t.co/EoiJeRPwc0"], "date": {"hour": 15, "month": 11, "iso": "2018-11-09T15:39:12", "year": 2018, "day": 9, "minute": 39}, "geo": null, "id": 1060919743190892544, "lang": "en", "emoticons": [], "user_id": 22917909, "coordinates": null, "source": "IFTTT", "location": "Bancock", "mentions": []}, {"truncated": true, "text": "[AWSsecurity] A simpler way to assess the network exposure of EC2 instances: AWS releases new network reachability\u2026", "hashtags": [], "topic": "infrastructure", "tweet_urls": ["https://t.co/mj9QJBv4nc"], "date": {"hour": 15, "month": 11, "iso": "2018-11-09T15:14:25", "year": 2018, "day": 9, "minute": 14}, "geo": null, "id": 1060913507074535424, "lang": "en", "emoticons": [], "user_id": 22917909, "coordinates": null, "source": "IFTTT", "location": "Bancock", "mentions": []}, {"truncated": true, "text": "[ZDnet] Threat Stack acquires Bluefyre in cloud infrastructure security push --&gt; The company will use Bluefyre's po\u2026", "hashtags": [], "topic": "infrastructure", "tweet_urls": ["https://t.co/AmcTFbXmvG"], "date": {"hour": 14, "month": 11, "iso": "2018-11-09T14:24:26", "year": 2018, "day": 9, "minute": 24}, "geo": null, "id": 1060900926817554432, "lang": "en", "emoticons": [], "user_id": 22917909, "coordinates": null, "source": "IFTTT", "location": "Bancock", "mentions": []}, {"truncated": true, "text": "Despite progress, women in Asia and the Pacific are not connected to essential infrastructure including internet, p\u2026", "hashtags": [], "topic": "infrastructure", "tweet_urls": ["https://t.co/JYMeH41sFE"], "date": {"hour": 14, "month": 11, "iso": "2018-11-09T14:02:13", "year": 2018, "day": 9, "minute": 2}, "geo": null, "id": 1060895338347802624, "lang": "en", "emoticons": [], "user_id": 1011967081, "coordinates": null, "source": "Hootsuite Inc.", "location": "Bancock", "mentions": []}, {"truncated": true, "text": "Social Investment for Change\n\n\u2022 House Construction &amp; Repair\n\u2022 Community Infrastructure\n\u2022 Water &amp; Sanitation\n\u2022 Schoo\u2026", "hashtags": [], "topic": "infrastructure", "tweet_urls": ["https://t.co/QVYpQ2YMJr"], "date": {"hour": 12, "month": 11, "iso": "2018-11-09T12:32:08", "year": 2018, "day": 9, "minute": 32}, "geo": null, "id": 1060872666842726400, "lang": "en", "emoticons": [], "user_id": 211432934, "coordinates": null, "source": "Twitter for iPhone", "location": "Bancock", "mentions": []}, {"truncated": true, "text": "The successful conservation of the 19th-century railway town in north China is notable for its holistic approach, e\u2026", "hashtags": [], "topic": "infrastructure", "tweet_urls": ["https://t.co/UtCHaadiJ4"], "date": {"hour": 10, "month": 11, "iso": "2018-11-09T10:27:42", "year": 2018, "day": 9, "minute": 27}, "geo": null, "id": 1060841353855135744, "lang": "en", "emoticons": [], "user_id": 221253050, "coordinates": null, "source": "Twitter Web Client", "location": "Bancock", "mentions": []}, {"truncated": true, "text": "Special Thanks to Deputy Governor of\u00a0Chiangmai, Labour Ministry, DEPA for Cabling Contest Competition First Round N\u2026", "hashtags": [], "topic": "infrastructure", "tweet_urls": ["https://t.co/uHtmWLm5nD"], "date": {"hour": 6, "month": 11, "iso": "2018-11-09T06:25:41", "year": 2018, "day": 9, "minute": 25}, "geo": null, "id": 1060780445892112384, "lang": "en", "emoticons": [], "user_id": 64179546, "coordinates": null, "source": "Twitter for Android", "location": "Bancock", "mentions": []}]