[{"truncated": true, "text": "The UK's joint committee on the National Security Structure published a damning report on Britain's critical nation\u2026", "hashtags": [], "topic": "infrastructure", "tweet_urls": ["https://t.co/hDf1T7g0JP"], "date": {"hour": 19, "month": 11, "iso": "2018-11-20T19:06:42", "year": 2018, "day": 20, "minute": 6}, "geo": null, "id": 1064958229543821312, "lang": "en", "emoticons": [], "user_id": 266534347, "coordinates": null, "source": "Twitter Web Client", "id_str": "1064958229543821312", "mentions": [], "location": "Bancock"}, {"truncated": true, "text": "Google is building a new $685M green data center in Denmark --&gt;\n\nGoogle LLC today announced plans to expand its glo\u2026", "hashtags": [], "topic": "infrastructure", "tweet_urls": ["https://t.co/LgXVCjvkTu"], "date": {"hour": 19, "month": 11, "iso": "2018-11-20T19:02:17", "year": 2018, "day": 20, "minute": 2}, "geo": null, "id": 1064957117231259648, "lang": "en", "emoticons": [], "user_id": 22917909, "coordinates": null, "source": "IFTTT", "id_str": "1064957117231259648", "mentions": [], "location": "Bancock"}, {"truncated": true, "text": "It doesn't sound like a rage quit. They probably just had a way too optimistic road map to get the re\u2026", "hashtags": [], "topic": "infrastructure", "tweet_urls": ["https://t.co/7ALb2BJIt3"], "date": {"hour": 18, "month": 11, "iso": "2018-11-20T18:02:27", "year": 2018, "day": 20, "minute": 2}, "geo": null, "id": 1064942058656415744, "lang": "en", "emoticons": [], "user_id": 903306563963817985, "coordinates": null, "source": "Twitter Web Client", "id_str": "1064942058656415744", "mentions": ["@RainDogDance"], "location": "Bancock"}, {"truncated": true, "text": "It's beyond ridiculous that $$ was even given in the first place to any U.S.-hating countries (e.g.,Egypt, Iran, Pa\u2026", "hashtags": [], "topic": "infrastructure", "tweet_urls": ["https://t.co/Y7iEAACRhb"], "date": {"hour": 14, "month": 11, "iso": "2018-11-20T14:29:00", "year": 2018, "day": 20, "minute": 29}, "geo": null, "id": 1064888343174017027, "lang": "en", "emoticons": [], "user_id": 2281646994, "coordinates": null, "source": "Twitter Web Client", "id_str": "1064888343174017027", "mentions": [], "location": "Bancock"}, {"truncated": true, "text": "Jumping into an emerging real estate market abroad is always a challenge; it means you run into an enigmatic territ\u2026", "hashtags": [], "topic": "infrastructure", "tweet_urls": ["https://t.co/2qZh5p2xI7"], "date": {"hour": 10, "month": 11, "iso": "2018-11-20T10:02:47", "year": 2018, "day": 20, "minute": 2}, "geo": null, "id": 1064821346650120192, "lang": "en", "emoticons": [], "user_id": 737674636507250688, "coordinates": null, "source": "Twitter Web Client", "id_str": "1064821346650120192", "mentions": [], "location": "Bancock"}, {"truncated": true, "text": "Interested in the issue of in public spaces? UN Women in Indonesia and KIAT invite you to join our public disc\u2026", "hashtags": ["#VAW"], "topic": "infrastructure", "tweet_urls": ["https://t.co/auKQ8QCNfn"], "date": {"hour": 9, "month": 11, "iso": "2018-11-20T09:25:33", "year": 2018, "day": 20, "minute": 25}, "geo": null, "id": 1064811978038935553, "lang": "en", "emoticons": [], "user_id": 1011967081, "coordinates": null, "source": "Hootsuite Inc.", "id_str": "1064811978038935553", "mentions": [], "location": "Bancock"}, {"truncated": true, "text": "Smith \"If blacks are to rule themselves ppl in towns will walk on sewage until they be\u2026", "hashtags": [], "topic": "infrastructure", "tweet_urls": ["https://t.co/b25sT17S9o"], "date": {"hour": 8, "month": 11, "iso": "2018-11-20T08:28:46", "year": 2018, "day": 20, "minute": 28}, "geo": null, "id": 1064797688405864448, "lang": "en", "emoticons": [], "user_id": 939740528266153984, "coordinates": null, "source": "Twitter for Android", "id_str": "1064797688405864448", "mentions": ["@CdeNMaswerasei", "@edmnangagwa"], "location": "Bancock"}, {"truncated": true, "text": "True prices contrls r primitive. E mrkt wl regulate itself. Wat e gvt hs to do is to 1st retain trust\u2026", "hashtags": [], "topic": "infrastructure", "tweet_urls": ["https://t.co/H3eOjrQlg0"], "date": {"hour": 8, "month": 11, "iso": "2018-11-20T08:16:13", "year": 2018, "day": 20, "minute": 16}, "geo": null, "id": 1064794529168048128, "lang": "en", "emoticons": [], "user_id": 939740528266153984, "coordinates": null, "source": "Twitter for Android", "id_str": "1064794529168048128", "mentions": ["@nickmangwana"], "location": "Bancock"}, {"truncated": true, "text": "envisions a vast global network of trade, investment and infrastructure that will reshape financial and geop\u2026", "hashtags": ["#China"], "topic": "infrastructure", "tweet_urls": ["https://t.co/4ZFW37NQvM"], "date": {"hour": 16, "month": 11, "iso": "2018-11-19T16:55:24", "year": 2018, "day": 19, "minute": 55}, "geo": null, "id": 1064562796677885952, "lang": "en", "emoticons": [], "user_id": 976356660779261952, "coordinates": null, "source": "Facebook", "id_str": "1064562796677885952", "mentions": [], "location": "Bancock"}, {"truncated": true, "text": "It's also not only about holding and spending it's also about the infrastructure being build on B\u2026", "hashtags": ["#Bitcoin,"], "topic": "infrastructure", "tweet_urls": ["https://t.co/LpnkXzN6Wf"], "date": {"hour": 14, "month": 11, "iso": "2018-11-19T14:16:55", "year": 2018, "day": 19, "minute": 16}, "geo": null, "id": 1064522913100034048, "lang": "en", "emoticons": [], "user_id": 903306563963817985, "coordinates": null, "source": "Twitter Web Client", "id_str": "1064522913100034048", "mentions": ["@seweso"], "location": "Bancock"}, {"truncated": true, "text": "is a core infrastructure element of the It consists of a range of smart and connected sensors that gat\u2026", "hashtags": ["#IoT", "#4thIR."], "topic": "infrastructure", "tweet_urls": ["https://t.co/Nspdn3bqEk"], "date": {"hour": 13, "month": 11, "iso": "2018-11-19T13:03:35", "year": 2018, "day": 19, "minute": 3}, "geo": null, "id": 1064504462071361542, "lang": "en", "emoticons": [], "user_id": 223356206, "coordinates": null, "source": "Twitter for iPhone", "id_str": "1064504462071361542", "mentions": [], "location": "Bancock"}, {"truncated": true, "text": "With an optimal location and the right infrastructure in place, Thailand provides an interesting opportunity for in\u2026", "hashtags": [], "topic": "infrastructure", "tweet_urls": ["https://t.co/W0ojEuRBpl"], "date": {"hour": 8, "month": 11, "iso": "2018-11-19T08:35:07", "year": 2018, "day": 19, "minute": 35}, "geo": null, "id": 1064436899400495105, "lang": "en", "emoticons": [], "user_id": 401745698, "coordinates": null, "source": "Twitter Web Client", "id_str": "1064436899400495105", "mentions": [], "location": "Bancock"}, {"truncated": true, "text": "Breakthrough technologies such as are rapidly transforming the way infrastructure in i\u2026", "hashtags": ["#IoT", "#transport", "#AsiaPacific"], "topic": "infrastructure", "tweet_urls": ["https://t.co/zAdLxnoPCO"], "date": {"hour": 4, "month": 11, "iso": "2018-11-19T04:45:00", "year": 2018, "day": 19, "minute": 45}, "geo": null, "id": 1064378986707345408, "lang": "en", "emoticons": [], "user_id": 44031134, "coordinates": null, "source": "TweetDeck", "id_str": "1064378986707345408", "mentions": [], "location": "Bancock"}, {"truncated": true, "text": "Central to agenda is the aim of to achieve quality, reliable, sustainab\u2026", "hashtags": ["#transport", "#connectivity", "#SDG9.1"], "topic": "infrastructure", "tweet_urls": ["https://t.co/rX3muJ1SVh"], "date": {"hour": 4, "month": 11, "iso": "2018-11-19T04:00:54", "year": 2018, "day": 19, "minute": 0}, "geo": null, "id": 1064367891183689729, "lang": "en", "emoticons": [], "user_id": 44031134, "coordinates": null, "source": "Twitter Web Client", "id_str": "1064367891183689729", "mentions": ["@UNESCAP\u2019s"], "location": "Bancock"}, {"truncated": true, "text": "A lot of African leaders seem to go abroad for medical treatment. Stark contrast to Asia where politic\u2026", "hashtags": [], "topic": "infrastructure", "tweet_urls": ["https://t.co/TRzlAiPJxj"], "date": {"hour": 13, "month": 11, "iso": "2018-11-18T13:56:31", "year": 2018, "day": 18, "minute": 56}, "geo": null, "id": 1064155393419489280, "lang": "en", "emoticons": [], "user_id": 1732495418, "coordinates": null, "source": "Twitter for iPhone", "id_str": "1064155393419489280", "mentions": ["@_SeanJacobs"], "location": "Bancock"}, {"truncated": true, "text": "Because who DOESN\u2019T get home at almost 5am after an impromptu night of clubbing, and proceed to tweet a ranty\u2026", "hashtags": ["#gay"], "topic": "infrastructure", "tweet_urls": ["https://t.co/rovGVMxaZT"], "date": {"hour": 0, "month": 11, "iso": "2018-11-18T00:53:05", "year": 2018, "day": 18, "minute": 53}, "geo": null, "id": 1063958235604893696, "lang": "en", "emoticons": [], "user_id": 43153434, "coordinates": null, "source": "Twitter for iPhone", "id_str": "1063958235604893696", "mentions": [], "location": "Bancock"}, {"truncated": true, "text": "Moving around Thailand, interms of infrastructure, my view is it doesn\u2019t compare to SA, but a look at the stats of\u2026", "hashtags": [], "topic": "infrastructure", "tweet_urls": ["https://t.co/iYuH3DMkYa"], "date": {"hour": 11, "month": 11, "iso": "2018-11-17T11:01:10", "year": 2018, "day": 17, "minute": 1}, "geo": null, "id": 1063748875255656449, "lang": "en", "emoticons": [], "user_id": 141371015, "coordinates": null, "source": "Twitter for iPhone", "id_str": "1063748875255656449", "mentions": [], "location": "Bancock"}, {"truncated": true, "text": "President Xi Jinping on Saturday defended China's \"belt and road\" infrastructure initiative, insisting it was \"not\u2026", "hashtags": [], "topic": "infrastructure", "tweet_urls": ["https://t.co/451jJmQ9TS"], "date": {"hour": 10, "month": 11, "iso": "2018-11-17T10:15:25", "year": 2018, "day": 17, "minute": 15}, "geo": null, "id": 1063737364604870656, "lang": "en", "emoticons": [], "user_id": 18921618, "coordinates": null, "source": "Facebook", "id_str": "1063737364604870656", "mentions": [], "location": "Bancock"}, {"truncated": true, "text": "express\u2019s interest in the purchase of from the Wadias Group to rebrand and remodel in\u2026", "hashtags": [], "topic": "infrastructure", "tweet_urls": ["https://t.co/YDWpefsxxS"], "date": {"hour": 23, "month": 11, "iso": "2018-11-16T23:47:24", "year": 2018, "day": 16, "minute": 47}, "geo": null, "id": 1063579317186158592, "lang": "en", "emoticons": [], "user_id": 857705854463860742, "coordinates": null, "source": "Twitter for iPad", "id_str": "1063579317186158592", "mentions": ["@investaiauk", "@goairlinesindia"], "location": "Bancock"}, {"truncated": true, "text": "[DZone] [DevOps] Intro to Terraform for Infrastructure as Code --&gt;\n\nInfrastructure as code (commonly known as IaC)\u2026", "hashtags": [], "topic": "infrastructure", "tweet_urls": ["https://t.co/nOz8dcG9Bv"], "date": {"hour": 11, "month": 11, "iso": "2018-11-16T11:46:37", "year": 2018, "day": 16, "minute": 46}, "geo": null, "id": 1063397927975038976, "lang": "en", "emoticons": [], "user_id": 22917909, "coordinates": null, "source": "IFTTT", "id_str": "1063397927975038976", "mentions": [], "location": "Bancock"}]