[{"truncated": false, "text": "Rebuild Penn Station \u2014 and Rectify a Crime against Architecture", "hashtags": [], "topic": "crime", "tweet_urls": ["https://t.co/BmwEP8Xoxt"], "date": {"hour": 22, "month": 10, "iso": "2018-10-15T22:59:56", "year": 2018, "day": 15, "minute": 59}, "geo": null, "id": 1051970959656112128, "lang": "en", "emoticons": [], "user_id": 859729270561587200, "coordinates": null, "source": "Twitter for iPhone", "location": "Bancock", "mentions": []}, {"truncated": false, "text": "\u0e1c\u0e39\u0e49\u0e23\u0e31\u0e1a\u0e40\u0e2b\u0e21\u0e32\u0e40\u0e14\u0e37\u0e2d\u0e14!\u0e0b\u0e34\u0e48\u0e07\u0e23\u0e16\u0e1b\u0e23\u0e30\u0e01\u0e1a\u0e22\u0e34\u0e07\u0e2b\u0e38\u0e49\u0e19\u0e2a\u0e48\u0e27\u0e19\u0e2a\u0e32\u0e2b\u0e31\u0e2a-\u0e2b\u0e19.\u0e0a\u0e48\u0e32\u0e07\u0e14\u0e31\u0e1a", "hashtags": ["#\u0e17\u0e27\u0e07\u0e40\u0e07\u0e34\u0e19\u0e23\u0e31\u0e1a\u0e40\u0e2b\u0e21\u0e32", "#\u0e22\u0e34\u0e07\u0e2b\u0e38\u0e49\u0e19\u0e2a\u0e48\u0e27\u0e19", "#\u0e40\u0e14\u0e25\u0e34\u0e19\u0e34\u0e27\u0e2a\u0e4c\nhttps://t.co/WLtfZinGq4"], "topic": "crime", "tweet_urls": [], "date": {"hour": 22, "month": 10, "iso": "2018-10-15T22:47:56", "year": 2018, "day": 15, "minute": 47}, "geo": null, "id": 1051967942886416384, "lang": "th", "emoticons": [], "user_id": 145931392, "coordinates": null, "source": "Hootsuite", "location": "Bancock", "mentions": []}, {"truncated": true, "text": "Used to work in Newham, Don, 93-99. Massive gang related crime problem then, especially drugs. Stratfor\u2026", "hashtags": [], "topic": "crime", "tweet_urls": ["https://t.co/pjYGwdxiA3"], "date": {"hour": 21, "month": 10, "iso": "2018-10-15T21:50:52", "year": 2018, "day": 15, "minute": 50}, "geo": null, "id": 1051953579768967168, "lang": "en", "emoticons": [], "user_id": 2350942002, "coordinates": null, "source": "Twitter Web Client", "location": "Bancock", "mentions": ["@smartbrain"]}, {"truncated": false, "text": "\u0e41\u0e16\u0e25\u0e07\u0e08\u0e31\u0e1a\u0e02\u0e1a\u0e27\u0e19\u0e01\u0e32\u0e23\u0e04\u0e49\u0e32\u0e22\u0e32\u0e40\u0e2a\u0e1e\u0e15\u0e34\u0e147\u0e04\u0e14\u0e35\u0e22\u0e36\u0e14\u0e02\u0e2d\u0e07\u0e01\u0e25\u0e32\u0e07\u0e40\u0e1e\u0e35\u0e22\u0e1a \n#\u0e04\u0e21\u0e0a\u0e31\u0e14\u0e25\u0e36\u0e01", "hashtags": [], "topic": "crime", "tweet_urls": ["https://t.co/1UZ7eyUf9k"], "date": {"hour": 16, "month": 10, "iso": "2018-10-15T16:38:00", "year": 2018, "day": 15, "minute": 38}, "geo": null, "id": 1051874844873089024, "lang": "th", "emoticons": [], "user_id": 4628487320, "coordinates": null, "source": "Facebook", "location": "Bancock", "mentions": []}, {"truncated": false, "text": "\u0e1c\u0e39\u0e49\u0e01\u0e32\u0e23\u0e40\u0e21\u0e37\u0e2d\u0e07\u0e0a\u0e25\u0e2f \u0e23\u0e38\u0e14\u0e0a\u0e48\u0e27\u0e22\u0e2b\u0e0d\u0e34\u0e07\u0e44\u0e25\u0e1f\u0e4c\u0e2a\u0e14\u0e1e\u0e22\u0e32\u0e22\u0e32\u0e21\u0e06\u0e48\u0e32\u0e15\u0e31\u0e27\u0e15\u0e32\u0e22\n#\u0e04\u0e21\u0e0a\u0e31\u0e14\u0e25\u0e36\u0e01", "hashtags": [], "topic": "crime", "tweet_urls": ["https://t.co/vJahMh5ijc"], "date": {"hour": 16, "month": 10, "iso": "2018-10-15T16:21:30", "year": 2018, "day": 15, "minute": 21}, "geo": null, "id": 1051870694097580032, "lang": "th", "emoticons": [], "user_id": 4628487320, "coordinates": null, "source": "Facebook", "location": "Bancock", "mentions": []}, {"truncated": false, "text": "\u0e1c\u0e39\u0e49\u0e01\u0e32\u0e23\u0e40\u0e21\u0e37\u0e2d\u0e07\u0e0a\u0e25\u0e2f \u0e23\u0e38\u0e14\u0e0a\u0e48\u0e27\u0e22\u0e2b\u0e0d\u0e34\u0e07\u0e44\u0e25\u0e1f\u0e4c\u0e2a\u0e14\u0e1e\u0e22\u0e32\u0e22\u0e32\u0e21\u0e06\u0e48\u0e32\u0e15\u0e31\u0e27\u0e15\u0e32\u0e22\n#\u0e04\u0e21\u0e0a\u0e31\u0e14\u0e25\u0e36\u0e01", "hashtags": [], "topic": "crime", "tweet_urls": ["https://t.co/gE6rPCVoLT"], "date": {"hour": 16, "month": 10, "iso": "2018-10-15T16:20:47", "year": 2018, "day": 15, "minute": 20}, "geo": null, "id": 1051870510022180864, "lang": "th", "emoticons": [], "user_id": 106324785, "coordinates": null, "source": "Facebook", "location": "Bancock", "mentions": []}, {"truncated": false, "text": "\u0e02\u0e2d\u0e2b\u0e21\u0e32\u0e22\u0e08\u0e31\u0e1a\u0e2b\u0e19\u0e38\u0e48\u0e21\u0e2b\u0e37\u0e48\u0e19\u0e41\u0e0a\u0e17\u0e25\u0e27\u0e07\u0e2a\u0e32\u0e27\u0e02\u0e48\u0e21\u0e02\u0e37\u0e19\u0e01\u0e31\u0e01\u0e02\u0e31\u0e07\n#\u0e04\u0e21\u0e0a\u0e31\u0e14\u0e25\u0e36\u0e01", "hashtags": [], "topic": "crime", "tweet_urls": ["https://t.co/nXvY4jDhE3"], "date": {"hour": 16, "month": 10, "iso": "2018-10-15T16:15:58", "year": 2018, "day": 15, "minute": 15}, "geo": null, "id": 1051869300124921856, "lang": "th", "emoticons": [], "user_id": 4628487320, "coordinates": null, "source": "Facebook", "location": "Bancock", "mentions": []}, {"truncated": false, "text": "\u0e02\u0e2d\u0e2b\u0e21\u0e32\u0e22\u0e08\u0e31\u0e1a\u0e2b\u0e19\u0e38\u0e48\u0e21\u0e2b\u0e37\u0e48\u0e19\u0e41\u0e0a\u0e17\u0e25\u0e27\u0e07\u0e2a\u0e32\u0e27\u0e02\u0e48\u0e21\u0e02\u0e37\u0e19\u0e01\u0e31\u0e01\u0e02\u0e31\u0e07\n#\u0e04\u0e21\u0e0a\u0e31\u0e14\u0e25\u0e36\u0e01", "hashtags": [], "topic": "crime", "tweet_urls": ["https://t.co/3KzEdyT3b6"], "date": {"hour": 16, "month": 10, "iso": "2018-10-15T16:15:05", "year": 2018, "day": 15, "minute": 15}, "geo": null, "id": 1051869078850232322, "lang": "th", "emoticons": [], "user_id": 106324785, "coordinates": null, "source": "Facebook", "location": "Bancock", "mentions": []}, {"truncated": false, "text": "\u0e23\u0e27\u0e1a ! \u0e2b\u0e19\u0e38\u0e48\u0e21\u0e2a\u0e38\u0e1e\u0e23\u0e23\u0e13\u0e2f\u0e2b\u0e27\u0e14\u0e01\u0e23\u0e30\u0e1a\u0e2d\u0e01\u0e40\u0e2b\u0e22\u0e37\u0e48\u0e2d\u0e2b\u0e27\u0e31\u0e07\u0e0a\u0e34\u0e07\u0e17\u0e23\u0e31\u0e1e\u0e22\u0e4c\u0e01\u0e25\u0e32\u0e07\u0e2b\u0e49\u0e32\u0e07\u0e14\u0e31\u0e07\n#\u0e0a\u0e34\u0e07\u0e17\u0e23\u0e31\u0e1e\u0e22\u0e4c", "hashtags": ["#\u0e04\u0e21\u0e0a\u0e31\u0e14\u0e25\u0e36\u0e01"], "topic": "crime", "tweet_urls": ["https://t.co/ZsRBtWKeeW"], "date": {"hour": 15, "month": 10, "iso": "2018-10-15T15:10:06", "year": 2018, "day": 15, "minute": 10}, "geo": null, "id": 1051852724717801472, "lang": "th", "emoticons": [], "user_id": 106324785, "coordinates": null, "source": "Facebook", "location": "Bancock", "mentions": []}, {"truncated": false, "text": "\u0e23\u0e27\u0e1a ! \u0e2b\u0e19\u0e38\u0e48\u0e21\u0e2a\u0e38\u0e1e\u0e23\u0e23\u0e13\u0e2f\u0e2b\u0e27\u0e14\u0e01\u0e23\u0e30\u0e1a\u0e2d\u0e01\u0e40\u0e2b\u0e22\u0e37\u0e48\u0e2d\u0e2b\u0e27\u0e31\u0e07\u0e0a\u0e34\u0e07\u0e17\u0e23\u0e31\u0e1e\u0e22\u0e4c\u0e01\u0e25\u0e32\u0e07\u0e2b\u0e49\u0e32\u0e07\u0e14\u0e31\u0e07\n#\u0e0a\u0e34\u0e07\u0e17\u0e23\u0e31\u0e1e\u0e22\u0e4c", "hashtags": ["#\u0e04\u0e21\u0e0a\u0e31\u0e14\u0e25\u0e36\u0e01"], "topic": "crime", "tweet_urls": ["https://t.co/XixnNaTUXE"], "date": {"hour": 15, "month": 10, "iso": "2018-10-15T15:10:06", "year": 2018, "day": 15, "minute": 10}, "geo": null, "id": 1051852724055158784, "lang": "th", "emoticons": [], "user_id": 4628487320, "coordinates": null, "source": "Facebook", "location": "Bancock", "mentions": []}, {"truncated": true, "text": "\u0e04\u0e38\u0e13\u0e41\u0e1e\u0e23 \u0e27\u0e17\u0e32\u0e19\u0e34\u0e01\u0e32 \u0e21\u0e35\u0e25\u0e34\u0e1b\u0e2a\u0e15\u0e34\u0e01 lime crime \u0e1e\u0e35\u0e48\u0e01\u0e47\u0e04\u0e07\u0e15\u0e49\u0e2d\u0e07\u0e21\u0e35\u0e1a\u0e49\u0e32\u0e07 \u0e2a\u0e48\u0e27\u0e19\u0e17\u0e35\u0e48\u0e19\u0e49\u0e2d\u0e07\u0e40\u0e1e\u0e25\u0e07\u0e1a\u0e2d\u0e01\u0e27\u0e48\u0e32\u0e40\u0e18\u0e2d\u0e43\u0e0a\u0e49\u0e25\u0e34\u0e1b\u0e2a\u0e15\u0e34\u0e01 tom ford \u0e2a\u0e35Erogrnous \u0e1e\u0e35\u0e48\u0e01\u0e47\u2026", "hashtags": [], "topic": "crime", "tweet_urls": ["https://t.co/B3ywhUH502"], "date": {"hour": 15, "month": 10, "iso": "2018-10-15T15:00:14", "year": 2018, "day": 15, "minute": 0}, "geo": null, "id": 1051850241987641344, "lang": "th", "emoticons": [], "user_id": 49339367, "coordinates": null, "source": "Twitter for Android", "location": "Bancock", "mentions": []}, {"truncated": true, "text": "This can only end in disaster. Didn't we learn anything from the Opium Wars? There is a reason Asia has such strict\u2026", "hashtags": [], "topic": "crime", "tweet_urls": ["https://t.co/wt9VwxH3MY"], "date": {"hour": 14, "month": 10, "iso": "2018-10-15T14:54:44", "year": 2018, "day": 15, "minute": 54}, "geo": null, "id": 1051848858395975685, "lang": "en", "emoticons": [], "user_id": 2281646994, "coordinates": null, "source": "Twitter Web Client", "location": "Bancock", "mentions": []}, {"truncated": true, "text": "\u0e42\u0e08\u0e23\u0e0b\u0e38\u0e01\u0e2b\u0e49\u0e2d\u0e07\u0e19\u0e49\u0e33\u0e40\u0e14\u0e2d\u0e30\u0e21\u0e2d\u0e25\u0e25\u0e4c \u0e01\u0e23\u0e30\u0e1a\u0e2d\u0e07\u0e1f\u0e32\u0e14\u0e2b\u0e31\u0e27\u0e40\u0e2b\u0e22\u0e37\u0e48\u0e2d\u0e0a\u0e34\u0e07\u0e17\u0e23\u0e31\u0e1e\u0e22\u0e4c 2 \u0e17\u0e48\u0e2d\u0e19 \u0e25\u0e35", "hashtags": ["#\u0e01\u0e23\u0e30\u0e1a\u0e2d\u0e07", "#\u0e1a\u0e23\u0e39\u0e0b", "#\u0e2b\u0e49\u0e2d\u0e07\u0e19\u0e49\u0e33\u0e0a\u0e32\u0e22\u0e2b\u0e49\u0e32\u0e07\u0e40\u0e14\u0e2d\u0e30\u0e21\u0e2d\u0e25\u0e25\u0e4c\u0e1a\u0e32\u0e07\u0e01\u0e30\u0e1b\u0e34\u2026"], "topic": "crime", "tweet_urls": ["https://t.co/K7WKsLtcAx"], "date": {"hour": 14, "month": 10, "iso": "2018-10-15T14:43:44", "year": 2018, "day": 15, "minute": 43}, "geo": null, "id": 1051846089320648704, "lang": "th", "emoticons": [], "user_id": 145931392, "coordinates": null, "source": "Hootsuite", "location": "Bancock", "mentions": []}, {"truncated": false, "text": "\u0e23\u0e27\u0e1a 3 \u0e41\u0e17\u0e47\u0e01\u0e0b\u0e35\u0e48\u0e44\u0e21\u0e48\u0e01\u0e14\u0e21\u0e34\u0e40\u0e15\u0e2d\u0e23\u0e4c \n#\u0e04\u0e21\u0e0a\u0e31\u0e14\u0e25\u0e36\u0e01", "hashtags": [], "topic": "crime", "tweet_urls": ["https://t.co/NKy1dyEObI"], "date": {"hour": 14, "month": 10, "iso": "2018-10-15T14:40:05", "year": 2018, "day": 15, "minute": 40}, "geo": null, "id": 1051845171619364864, "lang": "th", "emoticons": [], "user_id": 106324785, "coordinates": null, "source": "Facebook", "location": "Bancock", "mentions": []}, {"truncated": false, "text": "\u0e23\u0e27\u0e1a 3 \u0e41\u0e17\u0e47\u0e01\u0e0b\u0e35\u0e48\u0e44\u0e21\u0e48\u0e01\u0e14\u0e21\u0e34\u0e40\u0e15\u0e2d\u0e23\u0e4c \n#\u0e04\u0e21\u0e0a\u0e31\u0e14\u0e25\u0e36\u0e01", "hashtags": [], "topic": "crime", "tweet_urls": ["https://t.co/lTEVlLclvY"], "date": {"hour": 14, "month": 10, "iso": "2018-10-15T14:40:05", "year": 2018, "day": 15, "minute": 40}, "geo": null, "id": 1051845170671411200, "lang": "th", "emoticons": [], "user_id": 4628487320, "coordinates": null, "source": "Facebook", "location": "Bancock", "mentions": []}, {"truncated": false, "text": "\u0e23\u0e27\u0e1a ! \u0e2b\u0e19\u0e38\u0e48\u0e21\u0e2a\u0e38\u0e1e\u0e23\u0e23\u0e13\u0e2f\u0e2b\u0e27\u0e14\u0e01\u0e23\u0e30\u0e1a\u0e2d\u0e01\u0e40\u0e2b\u0e22\u0e37\u0e48\u0e2d\u0e2b\u0e27\u0e31\u0e07\u0e0a\u0e34\u0e07\u0e17\u0e23\u0e31\u0e1e\u0e22\u0e4c\u0e01\u0e25\u0e32\u0e07\u0e2b\u0e49\u0e32\u0e07\u0e14\u0e31\u0e07\n#\u0e0a\u0e34\u0e07\u0e17\u0e23\u0e31\u0e1e\u0e22\u0e4c", "hashtags": ["#\u0e04\u0e21\u0e0a\u0e31\u0e14\u0e25\u0e36\u0e01"], "topic": "crime", "tweet_urls": ["https://t.co/DXJfd8gtem"], "date": {"hour": 14, "month": 10, "iso": "2018-10-15T14:07:02", "year": 2018, "day": 15, "minute": 7}, "geo": null, "id": 1051836853588873216, "lang": "th", "emoticons": [], "user_id": 24871506, "coordinates": null, "source": "KomchadluekAutoTweet", "location": "Bancock", "mentions": []}, {"truncated": true, "text": "\u0e15\u0e34\u0e14\u0e15\u0e32\u0e21\u0e02\u0e48\u0e32\u0e27\u0e2b\u0e25\u0e32\u0e22\u0e46\u0e02\u0e48\u0e32\u0e27 \u0e17\u0e31\u0e49\u0e07\u0e2d\u0e32\u0e0a\u0e0d\u0e32\u0e01\u0e23\u0e23\u0e21\u200b\u0e02\u0e49\u0e32\u0e23\u0e32\u0e0a\u0e01\u0e32\u0e23\u200b\u0e09\u0e49\u0e2d\u0e09\u0e25 \u0e08\u0e35\u0e49\u0e1b\u0e25\u0e49\u0e19\u200b \u0e1c\u0e39\u0e49\u0e21\u0e35\u0e2d\u0e34\u0e17\u0e18\u0e34\u0e1e\u0e25 \u0e21\u0e32\u0e40\u0e1f\u0e35\u0e22 \u0e40\u0e23\u0e34\u0e48\u0e21\u0e23\u0e39\u0e49\u0e2a\u0e36\u0e01\u0e27\u0e48\u0e32 \u0e40\u0e21\u0e37\u0e2d\u0e07\u0e44\u0e17\u0e22\u0e01\u0e33\u0e25\u0e31\u0e07\u0e08\u0e30\u0e04\u0e48\u0e2d\u0e22\u0e46\u0e40\u2026", "hashtags": [], "topic": "crime", "tweet_urls": ["https://t.co/sZm3su1OvB"], "date": {"hour": 18, "month": 10, "iso": "2018-10-15T18:43:25", "year": 2018, "day": 15, "minute": 43}, "geo": null, "id": 1051906407140741120, "lang": "th", "emoticons": [], "user_id": 91120562, "coordinates": null, "source": "Twitter for Android", "location": "Bancock", "mentions": []}, {"truncated": true, "text": "\u0e40\u0e27\u0e25\u0e3219.00\u0e19. (15 \u0e15.\u0e04.61) \u0e1e.\u0e15.\u0e2d.\u0e42\u0e06\u0e29\u0e34\u0e15 \u0e1a\u0e38\u0e0d\u0e17\u0e27\u0e35 \u0e1c\u0e01\u0e01.\u0e2a\u0e19.\u0e27\u0e31\u0e14\u0e1e\u0e23\u0e30\u0e22\u0e32\u0e44\u0e01\u0e23 ,\u0e2a\u0e32\u0e22\u0e15\u0e23\u0e27\u0e08\u0e40\u0e14\u0e34\u0e19\u0e40\u0e17\u0e49\u0e32 \u0e41\u0e25\u0e30\u0e40\u0e08\u0e49\u0e32\u0e2b\u0e19\u0e49\u0e32\u0e17\u0e35\u0e48\u0e0a\u0e38\u0e14\u0e08\u0e39\u0e48\u0e42\u0e08\u0e21 \u0e2a\u0e19.\u0e27\u0e31\u0e14\u0e1e\u0e23\u0e30\u0e22\u0e32\u0e44\u2026", "hashtags": [], "topic": "crime", "tweet_urls": ["https://t.co/owNMQoXL7B"], "date": {"hour": 17, "month": 10, "iso": "2018-10-15T17:06:08", "year": 2018, "day": 15, "minute": 6}, "geo": null, "id": 1051881923625213952, "lang": "th", "emoticons": [], "user_id": 148271173, "coordinates": null, "source": "TweetDeck", "location": "Bancock", "mentions": []}, {"truncated": false, "text": "\u0e01\u0e23\u0e38\u0e13\u0e32\u0e14\u0e39\u0e43\u0e2b\u0e49\u0e08\u0e1a\u0e19\u0e30\u0e04\u0e30\n\n\u0e04\u0e25\u0e34\u0e1b\u0e19\u0e35\u0e49\u0e21\u0e35\u0e1b\u0e23\u0e30\u0e42\u0e22\u0e0a\u0e19\u0e4c \u0e42\u0e14\u0e22\u0e40\u0e09\u0e1e\u0e32\u0e30\u0e01\u0e31\u0e1a\u0e04\u0e19\u0e43\u0e19\u0e40\u0e21\u0e37\u0e2d\u0e07\u0e43\u0e2b\u0e0d\u0e48\u0e19\u0e30\u0e04\u0e30 \u0e2d\u0e32\u0e0a\u0e0d\u0e32\u0e01\u0e23\u0e23\u0e21\u0e21\u0e35\u0e17\u0e38\u0e01\u0e17\u0e35\u0e48 \u0e16\u0e49\u0e32\u0e40\u0e23\u0e32\u0e1b\u0e23\u0e30\u0e21\u0e32\u0e17", "hashtags": [], "topic": "crime", "tweet_urls": ["https://t.co/VGnf7fnq5g"], "date": {"hour": 16, "month": 10, "iso": "2018-10-15T16:42:40", "year": 2018, "day": 15, "minute": 42}, "geo": null, "id": 1051876017533415425, "lang": "th", "emoticons": [], "user_id": 160602516, "coordinates": null, "source": "Twitter for Android", "location": "Bancock", "mentions": []}, {"truncated": false, "text": "\u0e04\u0e19\u0e14\u0e35\u0e15\u0e49\u0e2d\u0e07\u0e0a\u0e37\u0e48\u0e19\u0e0a\u0e21\n\n#\u0e2a\u0e22\u0e32\u0e21\u0e23\u0e31\u0e10", "hashtags": ["#siamrathonline", "#\u0e2d\u0e32\u0e0a\u0e0d\u0e32\u0e01\u0e23\u0e23\u0e21", "#\u0e08\u0e31\u0e1a\u0e42\u0e08\u0e23", "#\u0e0a\u0e34\u0e07\u0e17\u0e23\u0e31\u0e1e\u0e22\u0e4c\nhttps://t.co/bzp9Kd5wLS"], "topic": "crime", "tweet_urls": ["https://t.co/bzp9Kd5wLS"], "date": {"hour": 15, "month": 10, "iso": "2018-10-15T15:00:44", "year": 2018, "day": 15, "minute": 0}, "geo": null, "id": 1051850366541737984, "lang": "th", "emoticons": [], "user_id": 274441361, "coordinates": null, "source": "Facebook", "location": "Bancock", "mentions": []}, {"truncated": true, "text": "\u0e08\u0e30\u0e42\u0e1e\u0e2a\u0e15\u0e4c \u0e08\u0e30\u0e01\u0e25\u0e48\u0e32\u0e27\u0e2b\u0e32\u0e43\u0e04\u0e23 \u0e41\u0e21\u0e49\u0e08\u0e30\u0e40\u0e1b\u0e47\u0e19\u0e40\u0e23\u0e37\u0e48\u0e2d\u0e07\u0e08\u0e23\u0e34\u0e07. \u0e01\u0e47\u0e04\u0e27\u0e23\u0e15\u0e49\u0e2d\u0e07\u0e23\u0e30\u0e21\u0e31\u0e14\u0e23\u0e30\u0e27\u0e31\u0e07. \u0e40\u0e1e\u0e23\u0e32\u0e30\u0e2d\u0e32\u0e0a\u0e0d\u0e32\u0e01\u0e23\u0e23\u0e21\u0e17\u0e35\u0e48\u0e04\u0e19\u0e2d\u0e37\u0e48\u0e19\u0e01\u0e48\u0e2d \u0e2d\u0e32\u0e08\u0e44\u0e14\u0e49\u0e23\u0e31\u0e1a\u0e42\u0e17\u0e29\u0e19\u0e49\u0e2d\u0e22\u0e01\u0e27\u0e48\u0e32\u0e04\u0e19\u0e42\u0e1e\u0e2a\u2026", "hashtags": [], "topic": "crime", "tweet_urls": ["https://t.co/U3n0pdxtib"], "date": {"hour": 14, "month": 10, "iso": "2018-10-15T14:06:56", "year": 2018, "day": 15, "minute": 6}, "geo": null, "id": 1051836825419964416, "lang": "th", "emoticons": [], "user_id": 940510818394710018, "coordinates": null, "source": "Twitter for iPhone", "location": "Bancock", "mentions": []}, {"truncated": false, "text": "(\u0e0a\u0e21\u0e04\u0e25\u0e34\u0e1b ) \u0e2b\u0e21\u0e34\u0e48\u0e19\u0e40\u0e1e\u0e25\u0e07\u0e0a\u0e32\u0e15\u0e34\u0e08\u0e35\u0e19\u0e40\u0e1b\u0e47\u0e19\u0e2d\u0e32\u0e0a\u0e0d\u0e32\u0e01\u0e23\u0e23\u0e21 \u0e2a\u0e32\u0e27\u0e04\u0e19\u0e14\u0e31\u0e07\u0e43\u0e19\u0e42\u0e25\u0e01\u0e2d\u0e2d\u0e19\u0e44\u0e25\u0e19\u0e4c\u0e1d\u0e48\u0e32\u0e1d\u0e37\u0e19\u0e44\u0e21\u0e48\u0e23\u0e39\u0e49\u0e15\u0e31\u0e27\u0e02\u0e13\u0e30\u0e44\u0e25\u0e1f\u0e4c\u0e2a\u0e15\u0e23\u0e35\u0e21\u0e21\u0e34\u0e07", "hashtags": [], "topic": "crime", "tweet_urls": ["https://t.co/YUi1CIYRQS"], "date": {"hour": 14, "month": 10, "iso": "2018-10-15T14:00:14", "year": 2018, "day": 15, "minute": 0}, "geo": null, "id": 1051835140928753664, "lang": "th", "emoticons": [], "user_id": 106324785, "coordinates": null, "source": "Facebook", "location": "Bancock", "mentions": []}, {"truncated": false, "text": "(\u0e0a\u0e21\u0e04\u0e25\u0e34\u0e1b ) \u0e2b\u0e21\u0e34\u0e48\u0e19\u0e40\u0e1e\u0e25\u0e07\u0e0a\u0e32\u0e15\u0e34\u0e08\u0e35\u0e19\u0e40\u0e1b\u0e47\u0e19\u0e2d\u0e32\u0e0a\u0e0d\u0e32\u0e01\u0e23\u0e23\u0e21 \u0e2a\u0e32\u0e27\u0e04\u0e19\u0e14\u0e31\u0e07\u0e43\u0e19\u0e42\u0e25\u0e01\u0e2d\u0e2d\u0e19\u0e44\u0e25\u0e19\u0e4c\u0e1d\u0e48\u0e32\u0e1d\u0e37\u0e19\u0e44\u0e21\u0e48\u0e23\u0e39\u0e49\u0e15\u0e31\u0e27\u0e02\u0e13\u0e30\u0e44\u0e25\u0e1f\u0e4c\u0e2a\u0e15\u0e23\u0e35\u0e21\u0e21\u0e34\u0e07", "hashtags": [], "topic": "crime", "tweet_urls": ["https://t.co/CxCtnFV0ee"], "date": {"hour": 14, "month": 10, "iso": "2018-10-15T14:00:09", "year": 2018, "day": 15, "minute": 0}, "geo": null, "id": 1051835118443089921, "lang": "th", "emoticons": [], "user_id": 4628487320, "coordinates": null, "source": "Facebook", "location": "Bancock", "mentions": []}, {"truncated": true, "text": "\u0e15\u0e33\u0e23\u0e27\u0e08\u0e40\u0e23\u0e48\u0e07\u0e25\u0e48\u0e32\u0e21\u0e37\u0e2d\u0e22\u0e34\u0e07\u0e19\u0e31\u0e01\u0e28\u0e36\u0e01\u0e29\u0e32\u0e2d\u0e38\u0e40\u0e17\u0e19\u0e16\u0e27\u0e32\u0e22 \u0e15\u0e23\u0e27\u0e08\u0e2a\u0e2d\u0e1a\u0e1b\u0e23\u0e30\u0e27\u0e31\u0e15\u0e34\u0e2d\u0e32\u0e0a\u0e0d\u0e32\u0e01\u0e23\u0e23\u0e21\u0e22\u0e49\u0e2d\u0e19\u0e2b\u0e25\u0e31\u0e07 \u0e1e\u0e1a\u0e1c\u0e39\u0e49\u0e15\u0e32\u0e22\u0e40\u0e04\u0e22\u0e23\u0e48\u0e27\u0e21\u0e01\u0e48\u0e2d\u0e40\u0e2b\u0e15\u0e38\u0e17\u0e33\u0e23\u0e49\u0e32\u0e22\u0e23\u0e48\u0e32\u0e07\u0e01\u0e32\u0e22\u0e41\u0e25\u0e30\u0e04\u0e23\u0e2d\u0e1a\u0e04\u0e23\u0e2d\u0e07\u0e43\u2026", "hashtags": [], "topic": "crime", "tweet_urls": ["https://t.co/CvGzGVEJ7k"], "date": {"hour": 12, "month": 10, "iso": "2018-10-15T12:10:44", "year": 2018, "day": 15, "minute": 10}, "geo": null, "id": 1051807583256727552, "lang": "th", "emoticons": [], "user_id": 76267146, "coordinates": null, "source": "Twitter Web Client", "location": "Bancock", "mentions": []}, {"truncated": true, "text": "\u0e1b\u0e23\u0e30\u0e40\u0e17\u0e28\u0e17\u0e35\u0e48\u0e21\u0e35\u0e2a\u0e31\u0e14\u0e2a\u0e48\u0e27\u0e19\u0e04\u0e19\u0e44\u0e23\u0e49\u0e28\u0e32\u0e2a\u0e19\u0e32\u0e2a\u0e39\u0e07 \u0e2b\u0e25\u0e32\u0e22\u0e1b\u0e23\u0e30\u0e40\u0e17\u0e28\u0e21\u0e35\u0e2d\u0e31\u0e15\u0e23\u0e32\u0e01\u0e32\u0e23\u0e40\u0e01\u0e34\u0e14\u0e2d\u0e32\u0e0a\u0e0d\u0e32\u0e01\u0e23\u0e23\u0e21\u0e15\u0e48\u0e33 \u0e43\u0e19\u0e02\u0e13\u0e30\u0e17\u0e35\u0e48\u0e2b\u0e25\u0e32\u0e22\u0e1b\u0e23\u0e30\u0e40\u0e17\u0e28\u0e17\u0e35\u0e48\u0e04\u0e19\u0e2a\u0e48\u0e27\u0e19\u0e43\u0e2b\u0e0d\u0e48\u0e21\u0e35\u0e28\u0e32\u0e2a\u0e19\u0e32 \u0e21\u0e35\u0e2d\u0e32\u0e0a\u0e0d\u0e32\u2026", "hashtags": [], "topic": "crime", "tweet_urls": ["https://t.co/JxIZWtGZSu"], "date": {"hour": 9, "month": 10, "iso": "2018-10-15T09:32:29", "year": 2018, "day": 15, "minute": 32}, "geo": null, "id": 1051767757975384064, "lang": "th", "emoticons": [], "user_id": 1009733238330281985, "coordinates": null, "source": "Twitter for Android", "location": "Bancock", "mentions": []}, {"truncated": true, "text": "\u0e23\u0e31\u0e1a\u0e41\u0e02\u0e01\u0e14\u0e49\u0e27\u0e22 \u0e1c\u0e25\u0e44\u0e21\u0e49\u0e1a\u0e49\u0e32\u0e19\u0e46 \u0e41\u0e15\u0e48\u0e21\u0e35\u0e1b\u0e23\u0e30\u0e42\u0e22\u0e0a\u0e19\u0e4c\u0e2a\u0e39\u0e07! \u0e0a\u0e32\u0e27 \u0e23\u0e31\u0e1a\u0e23\u0e2d\u0e07 \u0e1e.\u0e15.\u0e2d.\u0e42\u0e06\u0e29\u0e34\u0e15 \u0e1a\u0e38\u0e0d\u0e17\u0e27\u0e35 \u0e1c\u0e01\u0e01. \u0e2a\u0e19.\u2026", "hashtags": ["#\u0e01\u0e25\u0e49\u0e27\u0e22", "#\u0e0a\u0e38\u0e21\u0e0a\u0e19\u0e27\u0e31\u0e14\u0e44\u0e1c\u0e48\u0e40\u0e07\u0e34\u0e19"], "topic": "crime", "tweet_urls": ["https://t.co/tJy3vDiPEF"], "date": {"hour": 9, "month": 10, "iso": "2018-10-15T09:01:41", "year": 2018, "day": 15, "minute": 1}, "geo": null, "id": 1051760010705825793, "lang": "th", "emoticons": [], "user_id": 1005965704539934726, "coordinates": null, "source": "Twitter for Android", "location": "Bancock", "mentions": []}, {"truncated": true, "text": "\u0e2b\u0e19\u0e38\u0e48\u0e21\u0e2b\u0e37\u0e48\u0e19\u0e1e\u0e32\u0e44\u0e1b\u0e02\u0e48\u0e21\u0e02\u0e37\u0e19\u0e1a\u0e31\u0e07\u0e04\u0e31\u0e1a\u0e01\u0e14\u0e40\u0e07\u0e34\u0e19\u0e15\u0e39\u0e49\u0e40\u0e2d\u0e17\u0e35\u0e40\u0e2d\u0e47\u0e21\u0e2b\u0e25\u0e1a\u0e2b\u0e19\u0e35\u0e25\u0e2d\u0e22\u0e19\u0e27\u0e25\n\n#\u0e2a\u0e22\u0e32\u0e21\u0e23\u0e31\u0e10", "hashtags": ["#siamrathonline", "#\u0e2d\u0e32\u0e0a\u0e0d\u0e32\u0e01\u0e23\u0e23\u0e21", "#\u0e2b\u0e19\u0e38\u0e48\u0e21\u0e2b\u0e37\u0e48\u0e19\u2026"], "topic": "crime", "tweet_urls": ["https://t.co/CguT3NihF4"], "date": {"hour": 8, "month": 10, "iso": "2018-10-15T08:45:14", "year": 2018, "day": 15, "minute": 45}, "geo": null, "id": 1051755867656187909, "lang": "th", "emoticons": [], "user_id": 274441361, "coordinates": null, "source": "Facebook", "location": "Bancock", "mentions": []}]