[{"truncated": true, "text": "It is shocking to me that people would question why such an educated, caring, and hard-working group of people woul\u2026", "hashtags": [], "topic": "unrest", "tweet_urls": ["https://t.co/kGsONhl1dW"], "date": {"hour": 3, "month": 10, "iso": "2018-10-22T03:28:11", "year": 2018, "day": 22, "minute": 28}, "geo": null, "id": 1054212797741973504, "lang": "en", "emoticons": [], "user_id": 533787994, "coordinates": null, "source": "Twitter for iPad", "location": "Bancock", "mentions": []}, {"truncated": true, "text": "Killed terrorist LTTE members too had brothers, sisters, mothers and fathers. That doesn\u2019t mean that the is\u2026", "hashtags": ["#SLArmy"], "topic": "unrest", "tweet_urls": ["https://t.co/VLc49NxP9L"], "date": {"hour": 2, "month": 10, "iso": "2018-10-22T02:48:56", "year": 2018, "day": 22, "minute": 48}, "geo": null, "id": 1054202918537093120, "lang": "en", "emoticons": [], "user_id": 18423283, "coordinates": null, "source": "Twitter for iPhone", "location": "Bancock", "mentions": []}, {"truncated": true, "text": "On point. It also means calling out the comparatively minuscule size of the \u2018counter-protest\u2019 rather than overlooki\u2026", "hashtags": [], "topic": "unrest", "tweet_urls": ["https://t.co/3XHe31vk8u"], "date": {"hour": 11, "month": 10, "iso": "2018-10-21T11:30:53", "year": 2018, "day": 21, "minute": 30}, "geo": null, "id": 1053971884398669824, "lang": "en", "emoticons": [], "user_id": 43153434, "coordinates": null, "source": "Twitter for iPhone", "location": "Bancock", "mentions": []}, {"truncated": true, "text": "Guess BPost doesn't post that there was a protest against him there/#Thailand Prayut: Belgium trip a success\u2026", "hashtags": [], "topic": "unrest", "tweet_urls": ["https://t.co/O1t5ELcdYW"], "date": {"hour": 16, "month": 10, "iso": "2018-10-20T16:48:29", "year": 2018, "day": 20, "minute": 48}, "geo": null, "id": 1053689422489645057, "lang": "en", "emoticons": [], "user_id": 107438849, "coordinates": null, "source": "Facebook", "location": "Bancock", "mentions": []}, {"truncated": false, "text": "\"\u0e04\u0e19\u0e2b\u0e25\u0e32\u0e22\u0e41\u0e2a\u0e19\u0e40\u0e14\u0e34\u0e19\u0e02\u0e1a\u0e27\u0e19\u0e01\u0e25\u0e32\u0e07\u0e25\u0e2d\u0e19\u0e14\u0e2d\u0e19\u0e40\u0e23\u0e35\u0e22\u0e01\u0e23\u0e49\u0e2d\u0e07\u0e43\u0e2b\u0e49\u0e17\u0e33\u0e1b\u0e23\u0e30\u0e0a\u0e32\u0e21\u0e15\u0e34 Brexit \u0e04\u0e23\u0e31\u0e49\u0e07\u0e17\u0e35\u0e48\u0e2a\u0e2d\u0e07!\"", "hashtags": [], "topic": "unrest", "tweet_urls": ["https://t.co/ZL7oPkSYmc"], "date": {"hour": 15, "month": 10, "iso": "2018-10-20T15:20:24", "year": 2018, "day": 20, "minute": 20}, "geo": null, "id": 1053667253445550080, "lang": "th", "emoticons": [], "user_id": 885523627298377729, "coordinates": null, "source": "Facebook", "location": "Bancock", "mentions": []}, {"truncated": true, "text": "Something like Dems/Dr Ford did to destroy a mans life/family! Making a serious\u2026", "hashtags": [], "topic": "unrest", "tweet_urls": ["https://t.co/maY1ihBlF7"], "date": {"hour": 6, "month": 10, "iso": "2018-10-20T06:43:18", "year": 2018, "day": 20, "minute": 43}, "geo": null, "id": 1053537122634760193, "lang": "en", "emoticons": [], "user_id": 780591618042662913, "coordinates": null, "source": "Twitter for iPhone", "location": "Bancock", "mentions": ["@jaydubz1987", "@ESCochrane", "@maggieNYT"]}, {"truncated": true, "text": "is unlikely to return to after threatens if the country faces cris\u2026", "hashtags": ["#Thailand", "#democracy", "#elections.", "#Military", "#coup"], "topic": "unrest", "tweet_urls": ["https://t.co/viD4a1aC0s"], "date": {"hour": 1, "month": 10, "iso": "2018-10-20T01:13:45", "year": 2018, "day": 20, "minute": 13}, "geo": null, "id": 1053454187600592896, "lang": "en", "emoticons": [], "user_id": 143315526, "coordinates": null, "source": "Twitter for iPhone", "location": "Bancock", "mentions": []}, {"truncated": false, "text": "\uff3bLINE\uff3d\n\n&gt; You can't protest and ask me about my purpose.\n&gt; Because I have a lot of questions for you.\n&gt; Deal?", "hashtags": [], "topic": "unrest", "tweet_urls": [], "date": {"hour": 7, "month": 10, "iso": "2018-10-19T07:54:57", "year": 2018, "day": 19, "minute": 54}, "geo": null, "id": 1053192765146771456, "lang": "en", "emoticons": [], "user_id": 1005243081573232641, "coordinates": null, "source": "Twitter for Android", "location": "Bancock", "mentions": ["@ASSERTlV3"]}, {"truncated": false, "text": "Thousands of South Korean taxi drivers protest new carpool\u00a0service", "hashtags": [], "topic": "unrest", "tweet_urls": ["https://t.co/W3M2cnLnzb"], "date": {"hour": 3, "month": 10, "iso": "2018-10-19T03:16:15", "year": 2018, "day": 19, "minute": 16}, "geo": null, "id": 1053122629790507008, "lang": "en", "emoticons": [], "user_id": 934188269020966912, "coordinates": null, "source": "WordPress.com", "location": "Bancock", "mentions": []}, {"truncated": true, "text": "\u0e04\u0e19\u0e2d\u0e40\u0e21\u0e23\u0e34\u0e01\u0e31\u0e19(\u0e1a\u0e32\u0e07\u0e2a\u0e48\u0e27\u0e19) \u0e21\u0e2d\u0e07\u0e27\u0e48\u0e32 \u0e40\u0e2e\u0e19\u0e23\u0e35 \u0e04\u0e34\u0e2a\u0e0b\u0e34\u0e07\u0e40\u0e08\u0e2d\u0e23\u0e4c \u0e2d\u0e14\u0e35\u0e15\u0e23\u0e31\u0e10\u0e21\u0e15\u0e23\u0e35\u0e15\u0e48\u0e32\u0e07\u0e1b\u0e23\u0e30\u0e40\u0e17\u0e28\u0e02\u0e2d\u0e07\u0e2a\u0e2b\u0e23\u0e31\u0e10\u0e2d\u0e40\u0e21\u0e23\u0e34\u0e01\u0e32 \u0e40\u0e1b\u0e47\u0e19 \"\u0e2d\u0e32\u0e0a\u0e0d\u0e32\u0e01\u0e23\u0e2a\u0e07\u0e04\u0e23\u0e32\u0e21\" \u0e44\u0e1b\u0e40\u0e23\u0e35\u0e22\u0e1a\u0e23\u0e49\u0e2d\u0e22\u0e41\u2026", "hashtags": [], "topic": "unrest", "tweet_urls": ["https://t.co/mcmQ5wBLgV"], "date": {"hour": 23, "month": 10, "iso": "2018-10-18T23:58:07", "year": 2018, "day": 18, "minute": 58}, "geo": null, "id": 1053072768277741568, "lang": "th", "emoticons": [], "user_id": 53070824, "coordinates": null, "source": "Facebook", "location": "Bancock", "mentions": []}, {"truncated": true, "text": "\u0e40\u0e21\u0e37\u0e48\u0e2d\u0e01\u0e32\u0e23\u0e40\u0e15\u0e49\u0e19\u0e40\u0e1e\u0e25\u0e07 Dancing King \u0e02\u0e2d\u0e07\u0e19\u0e32\u0e22\u0e01\u0e2f \u0e2b\u0e0d\u0e34\u0e07 \u0e40\u0e17\u0e40\u0e23\u0e0b\u0e48\u0e32 \u0e40\u0e21\u0e22\u0e4c \u0e14\u0e39\u0e40\u0e2b\u0e21\u0e37\u0e2d\u0e19\u0e08\u0e30\u0e44\u0e1b\u0e44\u0e21\u0e48\u0e23\u0e2d\u0e14 \u0e41\u0e15\u0e48\u0e01\u0e32\u0e23\u0e40\u0e15\u0e49\u0e19\u0e40\u0e1e\u0e25\u0e07\u0e19\u0e35\u0e49\u0e40\u0e1e\u0e37\u0e48\u0e2d\u0e1b\u0e23\u0e30\u0e17\u0e49\u0e27\u0e07\u0e02\u0e2d\u0e07\u0e27\u0e34\u0e40\u0e27\u0e35\u0e22\u0e19\u2026", "hashtags": [], "topic": "unrest", "tweet_urls": ["https://t.co/j4VU3kr9Rj"], "date": {"hour": 12, "month": 10, "iso": "2018-10-17T12:50:15", "year": 2018, "day": 17, "minute": 50}, "geo": null, "id": 1052542305465294850, "lang": "th", "emoticons": [], "user_id": 747367167868309505, "coordinates": null, "source": "Twitter Web Client", "location": "Bancock", "mentions": []}, {"truncated": true, "text": "\u201cA 20-year prison sentence for peaceful protest is outrageous. It should not matter if someone is protesting in fav\u2026", "hashtags": [], "topic": "unrest", "tweet_urls": ["https://t.co/rmoIZXoFAW"], "date": {"hour": 4, "month": 10, "iso": "2018-10-17T04:44:17", "year": 2018, "day": 17, "minute": 44}, "geo": null, "id": 1052420008213659648, "lang": "en", "emoticons": [], "user_id": 144615713, "coordinates": null, "source": "Twitter Web Client", "location": "Bancock", "mentions": []}, {"truncated": true, "text": "There may seasonality to this but there's definitely a Chinese preference during the last 6 months to stockpile com\u2026", "hashtags": [], "topic": "unrest", "tweet_urls": ["https://t.co/ifW6MGpahP"], "date": {"hour": 0, "month": 10, "iso": "2018-10-17T00:58:20", "year": 2018, "day": 17, "minute": 58}, "geo": null, "id": 1052363145841242112, "lang": "en", "emoticons": [], "user_id": 1338085675, "coordinates": null, "source": "Twitter Lite", "location": "Bancock", "mentions": []}, {"truncated": true, "text": "50 years ago this day a strong protest for equality took place in 1968 today many still\u2026", "hashtags": ["#Olympicgames,", "#minorities"], "topic": "unrest", "tweet_urls": ["https://t.co/xpJW0rZf7O"], "date": {"hour": 14, "month": 10, "iso": "2018-10-16T14:31:54", "year": 2018, "day": 16, "minute": 31}, "geo": null, "id": 1052205498890510336, "lang": "en", "emoticons": [], "user_id": 274629697, "coordinates": null, "source": "Twitter for Android", "location": "Bancock", "mentions": []}, {"truncated": true, "text": "Most thais are nationalistic. Even when the evidence shows they are wrong, they will kick, scream\u2026", "hashtags": [], "topic": "unrest", "tweet_urls": ["https://t.co/e13uKN3oZY"], "date": {"hour": 11, "month": 10, "iso": "2018-10-16T11:43:10", "year": 2018, "day": 16, "minute": 43}, "geo": null, "id": 1052163036864102400, "lang": "en", "emoticons": [], "user_id": 103451724, "coordinates": null, "source": "Twitter for Android", "location": "Bancock", "mentions": ["@IanYarwood_Law"]}, {"truncated": false, "text": "UTC -7 | THVN \u2014 Hong Kong: thousands protest at plan to build new artificial islands", "hashtags": [], "topic": "unrest", "tweet_urls": ["https://t.co/iQXS8lCGqV"], "date": {"hour": 6, "month": 10, "iso": "2018-10-16T06:02:05", "year": 2018, "day": 16, "minute": 2}, "geo": {"type": "Point", "coordinates": [13.76598429, 100.67705078]}, "id": 1052077198570598402, "lang": "en", "emoticons": [], "user_id": 208056970, "coordinates": {"type": "Point", "coordinates": [100.67705078, 13.76598429]}, "source": "dlvr.it", "location": "Bancock", "mentions": []}, {"truncated": false, "text": "Stigmabase \u2014 Hong Kong: thousands protest at plan to build new artificial islands", "hashtags": [], "topic": "unrest", "tweet_urls": ["https://t.co/38kQcswa6j"], "date": {"hour": 2, "month": 10, "iso": "2018-10-16T02:10:04", "year": 2018, "day": 16, "minute": 10}, "geo": {"type": "Point", "coordinates": [13.86200131, 100.65507813]}, "id": 1052018809597353985, "lang": "en", "emoticons": [], "user_id": 208056970, "coordinates": {"type": "Point", "coordinates": [100.65507813, 13.86200131]}, "source": "dlvr.it", "location": "Bancock", "mentions": []}, {"truncated": false, "text": "Opini\u00f3n: La protesta de los pu\u00f1os en alto en M\u00e9xico 68 \ud83c\udfff", "hashtags": [], "topic": "unrest", "tweet_urls": ["https://t.co/XqdmhTq9IW"], "date": {"hour": 4, "month": 10, "iso": "2018-10-17T04:08:35", "year": 2018, "day": 17, "minute": 8}, "geo": null, "id": 1052411023834132483, "lang": "es", "emoticons": ["\ud83d\ude0d", "\u270a"], "user_id": 2649323170, "coordinates": null, "source": "Twitter for iPad", "location": "Bancock", "mentions": []}, {"truncated": false, "text": "\u0e2d\u0e49\u0e32\u0e27 \u0e25\u0e30\u0e2a\u0e21\u0e31\u0e22\u0e40\u0e2b\u0e21\u0e32\u0e40\u0e08\u0e4b\u0e2d\u0e15\u0e38\u0e07\u0e07\u0e48\u0e30 \u0e17\u0e35\u0e48\u0e21\u0e35\u0e2a\u0e07\u0e04\u0e23\u0e32\u0e21\u0e40\u0e23\u0e37\u0e48\u0e2d\u0e07\u0e0a\u0e32\u0e15\u0e34\u0e1e\u0e31\u0e19\u0e18\u0e38\u0e4c\u0e01\u0e31\u0e19 \u0e21\u0e35\u0e04\u0e19\u0e40\u0e1c\u0e32\u0e15\u0e31\u0e27\u0e40\u0e2d\u0e07\u0e1b\u0e23\u0e30\u0e17\u0e49\u0e27\u0e07\u0e23\u0e31\u0e10\u0e1a\u0e32\u0e25\u0e08\u0e35\u0e19 \u0e41\u0e07 \u0e2b\u0e23\u0e37\u0e2d\u0e27\u0e48\u0e32\u0e40\u0e2d\u0e32\u0e41\u0e04\u0e48\u0e1b\u0e31\u0e08\u0e08\u0e38\u0e1a\u0e31\u0e19 LRT", "hashtags": [], "topic": "unrest", "tweet_urls": [], "date": {"hour": 15, "month": 10, "iso": "2018-10-24T15:58:45", "year": 2018, "day": 24, "minute": 58}, "geo": null, "id": 1055126457024897025, "lang": "th", "emoticons": [], "user_id": 133556582, "coordinates": null, "source": "Twitter Web Client", "location": "Bancock", "mentions": []}, {"truncated": false, "text": "\u0e1b\u0e23\u0e30\u0e17\u0e49\u0e27\u0e07\u0e43\u0e2b\u0e49\u0e2a\u0e27\u0e34\u0e07\u0e21\u0e31\u0e19\u0e23\u0e39\u0e49\u0e40\u0e25\u0e22\u0e04\u0e48\u0e30 \u0e15\u0e49\u0e2d\u0e07\u0e01\u0e32\u0e23 \u0e27\u0e19\u0e27\u0e42\u0e01\u0e1b\u0e34\u0e14\u0e17\u0e49\u0e32\u0e22", "hashtags": ["#WannaOne"], "topic": "unrest", "tweet_urls": [], "date": {"hour": 11, "month": 10, "iso": "2018-10-24T11:32:42", "year": 2018, "day": 24, "minute": 32}, "geo": null, "id": 1055059503874433024, "lang": "th", "emoticons": [], "user_id": 825146845600944128, "coordinates": null, "source": "Twitter for Android", "location": "Bancock", "mentions": []}, {"truncated": false, "text": "\u0e04\u0e32\u0e14\u0e1c\u0e21\u0e25\u0e32\u0e22\u0e18\u0e07\u0e0a\u0e32\u0e15\u0e34\u0e44\u0e1b\u0e1b\u0e23\u0e30\u0e17\u0e49\u0e27\u0e07", "hashtags": [], "topic": "unrest", "tweet_urls": [], "date": {"hour": 2, "month": 10, "iso": "2018-10-24T02:20:00", "year": 2018, "day": 24, "minute": 20}, "geo": null, "id": 1054920411027107840, "lang": "th", "emoticons": [], "user_id": 102056107, "coordinates": null, "source": "Twitter for iPhone", "location": "Bancock", "mentions": ["@arttsada"]}, {"truncated": true, "text": "\u0e04\u0e27\u0e32\u0e22\u0e01\u0e47\u0e04\u0e37\u0e2d\u0e04\u0e27\u0e32\u0e22 555\n1.) \u0e04\u0e27\u0e32\u0e22\u0e44\u0e21\u0e48\u0e23\u0e39\u0e49\u0e27\u0e48\u0e32 \u0e2e\u0e38\u0e19\u0e40\u0e0b\u0e19 \u0e16\u0e39\u0e01\u0e1b\u0e23\u0e30\u0e17\u0e49\u0e27\u0e07\u0e2d\u0e22\u0e48\u0e32\u0e07\u0e2b\u0e19\u0e31\u0e01 \u0e02\u0e13\u0e30\u0e44\u0e1b\u0e1b\u0e23\u0e30\u0e0a\u0e38\u0e21\n2.) \u0e04\u0e27\u0e32\u0e22\u0e44\u0e21\u0e48\u0e23\u0e39\u0e49\u0e27\u0e48\u0e32 \u0e2e\u0e38\u0e19\u0e40\u0e0b\u0e19 \u0e16\u0e39\u0e01\u0e1b\u0e23\u0e30\u0e19\u0e32\u0e21\u0e27\u0e48\u0e32\u0e40\u0e1b\u0e47\u2026", "hashtags": [], "topic": "unrest", "tweet_urls": ["https://t.co/LLbPgMn2sh"], "date": {"hour": 0, "month": 10, "iso": "2018-10-24T00:38:59", "year": 2018, "day": 24, "minute": 38}, "geo": null, "id": 1054894990415941632, "lang": "th", "emoticons": [], "user_id": 927867302166401024, "coordinates": null, "source": "Twitter for Android", "location": "Bancock", "mentions": []}, {"truncated": false, "text": "\u0e2d\u0e14\u0e35\u0e15\u0e23\u0e21\u0e15.\u0e04\u0e25\u0e31\u0e07 \u0e0a\u0e35\u0e49 \u0e1b\u0e21\u0e19\u0e31\u0e01\u0e1a\u0e34\u0e19\u0e1b\u0e23\u0e30\u0e17\u0e49\u0e27\u0e07 \u0e19\u0e31\u0e1a\u0e27\u0e48\u0e32\u0e2d\u0e48\u0e2d\u0e19\u0e2b\u0e31\u0e14 \u0e1a\u0e2d\u0e01\u0e15\u0e49\u0e2d\u0e07\u0e23\u0e30\u0e25\u0e36\u0e01\u0e40\u0e2a\u0e21\u0e2d \u0e25\u0e39\u0e01\u0e04\u0e49\u0e32\u0e21\u0e35\u0e17\u0e32\u0e07\u0e40\u0e25\u0e37\u0e2d\u0e01 \u0e02\u0e49\u0e2d\u0e21\u0e39\u0e25\u0e08\u0e32\u0e01", "hashtags": [], "topic": "unrest", "tweet_urls": ["https://t.co/VP94w8EGLT"], "date": {"hour": 0, "month": 10, "iso": "2018-10-24T00:25:47", "year": 2018, "day": 24, "minute": 25}, "geo": null, "id": 1054891667835125760, "lang": "th", "emoticons": [], "user_id": 539491835, "coordinates": null, "source": "Twitter Web Client", "location": "Bancock", "mentions": ["@\u0e1b\u0e23\u0e30\u0e0a\u0e32\u0e0a\u0e32\u0e15\u0e34"]}, {"truncated": true, "text": "\u0e2d\u0e48\u0e32\u0e19\u0e2b\u0e19\u0e49\u0e32 Twitter \u0e27\u0e31\u0e19\u0e19\u0e35\u0e49\u0e17\u0e30\u0e41\u0e21\u0e48\u0e07\u0e46 \u0e1d\u0e48\u0e32\u0e22\u0e2b\u0e19\u0e36\u0e48\u0e07\u0e1a\u0e2d\u0e01\u0e27\u0e48\u0e32\u0e17\u0e35\u0e48\u0e23\u0e31\u0e10\u0e1a\u0e32\u0e25\u0e17\u0e33\u0e23\u0e31\u0e10\u0e1b\u0e23\u0e30\u0e2b\u0e32\u0e23\u0e19\u0e48\u0e30\u0e44\u0e21\u0e48\u0e43\u0e0a\u0e48\u0e40\u0e1e\u0e23\u0e32\u0e30\u0e40\u0e2a\u0e37\u0e49\u0e2d\u0e41\u0e14\u0e07 \u0e41\u0e15\u0e48\u0e40\u0e1e\u0e23\u0e32\u0e30 \u0e01\u0e1b\u0e1b\u0e2a. \u0e1b\u0e23\u0e30\u0e17\u0e49\u0e27\u0e07....\u2026", "hashtags": [], "topic": "unrest", "tweet_urls": ["https://t.co/up7di575vY"], "date": {"hour": 23, "month": 10, "iso": "2018-10-23T23:51:43", "year": 2018, "day": 23, "minute": 51}, "geo": null, "id": 1054883095671795712, "lang": "th", "emoticons": [], "user_id": 66083224, "coordinates": null, "source": "Twitter for Android", "location": "Bancock", "mentions": []}, {"truncated": false, "text": "\u0e44\u0e21\u0e48\u0e44\u0e14\u0e49\u0e40\u0e16\u0e35\u0e22\u0e07 \u0e40\u0e1e\u0e35\u0e22\u0e07\u0e41\u0e04\u0e48\u0e1b\u0e23\u0e30\u0e17\u0e49\u0e27\u0e07", "hashtags": [], "topic": "unrest", "tweet_urls": [], "date": {"hour": 16, "month": 10, "iso": "2018-10-23T16:27:04", "year": 2018, "day": 23, "minute": 27}, "geo": null, "id": 1054771194581331968, "lang": "th", "emoticons": [], "user_id": 978797503695921152, "coordinates": null, "source": "Twitter for Android", "location": "Bancock", "mentions": []}, {"truncated": false, "text": "\u0e16\u0e49\u0e32\u0e1e\u0e39\u0e14\u0e2d\u0e30\u0e44\u0e23\u0e1c\u0e34\u0e14\u0e2b\u0e39\u0e19\u0e34\u0e14\u0e2b\u0e19\u0e48\u0e2d\u0e22\u0e41\u0e25\u0e49\u0e27\u0e08\u0e30\u0e1b\u0e23\u0e30\u0e17\u0e49\u0e27\u0e07\u0e41\u0e1a\u0e1a\u0e19\u0e35\u0e49\u0e01\u0e47 \u0e2d\u0e31\u0e1e \u0e17\u0e39 \u0e22\u0e39 \u0e08\u0e49\u0e32\u0e32\u0e32 \u0e41\u0e25\u0e49\u0e27\u0e41\u0e15\u0e48\u0e40\u0e25\u0e22\u0e22\u0e22 \u0e40\u0e2b\u0e19\u0e37\u0e48\u0e2d\u0e22\u0e42\u0e27\u0e49\u0e22\u0e22", "hashtags": ["#\u0e40\u0e1a\u0e37\u0e48\u0e2d\u0e15\u0e49\u0e2d\u0e07\u0e21\u0e32\u0e19\u0e31\u0e48\u0e07\u0e07\u0e49\u0e2d\u0e40\u0e2b\u0e21\u0e37\u0e2d\u0e19\u0e01\u0e31\u0e19"], "topic": "unrest", "tweet_urls": [], "date": {"hour": 12, "month": 10, "iso": "2018-10-23T12:27:09", "year": 2018, "day": 23, "minute": 27}, "geo": null, "id": 1054710817248014336, "lang": "th", "emoticons": [], "user_id": 193211321, "coordinates": null, "source": "Twitter for iPhone", "location": "Bancock", "mentions": []}, {"truncated": false, "text": "\u0e21\u0e36\u0e07\u0e40\u0e2d\u0e32\u0e43\u0e1a\u0e40\u0e01\u0e34\u0e14\u0e19\u0e33\u0e1a\u0e48 \u0e04\u0e27\u0e22 \u0e21\u0e35\u0e1a\u0e31\u0e15\u0e23\u0e1b\u0e23\u0e30\u0e0a\u0e32\u0e0a\u0e19\u0e08\u0e30\u0e40\u0e2d\u0e32\u0e17\u0e30\u0e40\u0e1a\u0e35\u0e22\u0e19\u0e1a\u0e49\u0e32\u0e19\u0e14\u0e49\u0e27\u0e22 \u0e1b\u0e23\u0e30\u0e17\u0e49\u0e27\u0e07", "hashtags": ["#\u0e1a\u0e31\u0e01\u0e1e\u0e08\u0e19\u0e4c"], "topic": "unrest", "tweet_urls": [], "date": {"hour": 7, "month": 10, "iso": "2018-10-23T07:03:19", "year": 2018, "day": 23, "minute": 3}, "geo": null, "id": 1054629321908858885, "lang": "th", "emoticons": [], "user_id": 508588506, "coordinates": null, "source": "Facebook", "location": "Bancock", "mentions": []}, {"truncated": false, "text": "\u0e25\u0e2d\u0e07\u0e44\u0e21\u0e48\u0e21\u0e35\u0e21.44 \u0e2a\u0e34 \u0e1b\u0e23\u0e30\u0e0a\u0e32\u0e0a\u0e19\u0e04\u0e07\u0e1b\u0e23\u0e30\u0e17\u0e49\u0e27\u0e07\u0e15\u0e31\u0e49\u0e07\u0e41\u0e15\u0e48\u0e1b\u0e35\u0e41\u0e23\u0e01\u0e41\u0e25\u0e49\u0e27", "hashtags": [], "topic": "unrest", "tweet_urls": ["https://t.co/fvSRjiXwnz"], "date": {"hour": 7, "month": 10, "iso": "2018-10-23T07:01:01", "year": 2018, "day": 23, "minute": 1}, "geo": null, "id": 1054628744579567616, "lang": "th", "emoticons": [], "user_id": 582446382, "coordinates": null, "source": "Twitter for iPhone", "location": "Bancock", "mentions": []}, {"truncated": true, "text": "\u0e42\u0e1b\u0e23\u0e40\u0e08\u0e47\u0e04\u0e40\u0e1a\u0e25\u0e2d\u0e15\u0e49\u0e2d\u0e07\u0e41\u0e04\u0e48\u0e04\u0e39\u0e48\u0e21\u0e32\u0e23\u0e4c\u0e04\u0e41\u0e1a\u0e21\u0e40\u0e17\u0e48\u0e32\u0e19\u0e31\u0e49\u0e19\n\u0e04\u0e39\u0e48\u0e2d\u0e37\u0e48\u0e19\u0e44\u0e25\u0e48\u0e43\u0e2b\u0e49\u0e44\u0e1b\u0e43\u0e0a\u0e49\u0e0a\u0e37\u0e48\u0e2d\u0e2d\u0e37\u0e48\u0e19\u0e2b\u0e49\u0e32\u0e21\u0e43\u0e0a\u0e49\u0e0a\u0e37\u0e48\u0e2d\u0e19\u0e35\u0e49\u0e04\u0e37\u0e2d\u0e44\u0e23?\n\u0e41\u0e25\u0e49\u0e27\u0e16\u0e49\u0e32\u0e2a\u0e21\u0e21\u0e38\u0e15\u0e34\u0e41\u0e1a\u0e21\u0e01\u0e31\u0e1a\u0e1e\u0e35\u0e48\u0e41\u0e08\u0e47\u0e04\u0e21\u0e32\u0e41\u2026", "hashtags": [], "topic": "unrest", "tweet_urls": ["https://t.co/iPerMR5gXy"], "date": {"hour": 6, "month": 10, "iso": "2018-10-23T06:44:36", "year": 2018, "day": 23, "minute": 44}, "geo": null, "id": 1054624613940920320, "lang": "th", "emoticons": [], "user_id": 963601834592972800, "coordinates": null, "source": "Twitter for Android", "location": "Bancock", "mentions": []}, {"truncated": false, "text": "\u0e1e\u0e35\u0e48\u0e2d\u0e31\u0e49\u0e19\u0e1b\u0e23\u0e30\u0e17\u0e49\u0e27\u0e07\u0e41\u0e27\u0e48\u0e27\u0e46 \u0e27\u0e48\u0e32\u0e40\u0e23\u0e32\u0e40\u0e1b\u0e25\u0e48\u0e32\u0e19\u0e30 \u0e40\u0e08\u0e04\u0e2d\u0e30\u0e1e\u0e32\u0e40\u0e23\u0e32\u0e40\u0e2a\u0e35\u0e22\u0e04\u0e19 5555555555 /\u0e44\u0e21\u0e48\u0e21\u0e35\u0e43\u0e04\u0e23\u0e40\u0e0a\u0e37\u0e48\u0e2d\u0e1e\u0e35\u0e48\u0e41\u0e19\u0e48\u0e46", "hashtags": [], "topic": "unrest", "tweet_urls": [], "date": {"hour": 5, "month": 10, "iso": "2018-10-23T05:52:42", "year": 2018, "day": 23, "minute": 52}, "geo": null, "id": 1054611553201209344, "lang": "th", "emoticons": [], "user_id": 928587030019190784, "coordinates": null, "source": "Twitter for Android", "location": "Bancock", "mentions": ["@thanapeace"]}, {"truncated": true, "text": "\u0e17\u0e33\u0e44\u0e21\u0e16\u0e36\u0e07\u0e17\u0e33\u0e01\u0e31\u0e1a\u0e41\u0e21\u0e27\u0e19\u0e49\u0e33\u0e14\u0e49\u0e32\u0e22\u0e22\u0e22\u0e22 T_T \u0e40\u0e1e\u0e34\u0e48\u0e07\u0e40\u0e2b\u0e21\u0e32 3 \u0e40\u0e23\u0e37\u0e48\u0e2d\u0e07 \u0e27\u0e31\u0e19\u0e28\u0e38\u0e01\u0e23\u0e4c-\u0e40\u0e2a\u0e32\u0e23\u0e4c-\u0e2d\u0e32\u0e17\u0e34\u0e15\u0e22\u0e4c\u0e17\u0e35\u0e48\u0e1c\u0e48\u0e32\u0e19\u0e21\u0e32 \u0e27\u0e31\u0e19\u0e19\u0e35\u0e49\u0e40\u0e1b\u0e34\u0e14\u0e40\u0e08\u0e2d SALE 50% \n\n\u0e44\u0e21\u0e48\u0e23\u0e39\u0e49\u0e08\u0e30\u2026", "hashtags": [], "topic": "unrest", "tweet_urls": ["https://t.co/6Q9yCH4K1E"], "date": {"hour": 5, "month": 10, "iso": "2018-10-23T05:20:11", "year": 2018, "day": 23, "minute": 20}, "geo": null, "id": 1054603370210586624, "lang": "th", "emoticons": [], "user_id": 814345312689094656, "coordinates": null, "source": "Twitter Web Client", "location": "Bancock", "mentions": []}, {"truncated": true, "text": "\u0e43\u0e19\u0e02\u0e13\u0e30\u0e17\u0e35\u0e48\u0e1b\u0e23\u0e30\u0e0a\u0e32\u0e01\u0e23\u0e41\u0e23\u0e07\u0e07\u0e32\u0e19\u0e17\u0e35\u0e48\u0e21\u0e35\u0e08\u0e33\u0e19\u0e27\u0e19\u0e25\u0e14\u0e25\u0e07 \u0e0d\u0e35\u0e48\u0e1b\u0e38\u0e48\u0e19\u0e01\u0e47\u0e1e\u0e23\u0e49\u0e2d\u0e21\u0e08\u0e30\u0e23\u0e31\u0e1a\u0e41\u0e23\u0e07\u0e07\u0e32\u0e19\u0e08\u0e32\u0e01\u0e15\u0e48\u0e32\u0e07\u0e1b\u0e23\u0e30\u0e40\u0e17\u0e28\n\u0e41\u0e15\u0e48\u0e17\u0e27\u0e48\u0e32\u0e01\u0e47\u0e21\u0e35\u0e04\u0e19\u0e0d\u0e35\u0e48\u0e1b\u0e38\u0e48\u0e19\u0e08\u0e33\u0e19\u0e27\u0e19\u0e19\u0e36\u0e07 \u0e2d\u0e2d\u0e01\u0e21\u0e32\u0e1b\u0e23\u0e30\u0e17\u0e49\u0e27\u2026", "hashtags": [], "topic": "unrest", "tweet_urls": ["https://t.co/idbr1j216I"], "date": {"hour": 1, "month": 10, "iso": "2018-10-23T01:00:46", "year": 2018, "day": 23, "minute": 0}, "geo": null, "id": 1054538083042017281, "lang": "th", "emoticons": [], "user_id": 224147871, "coordinates": null, "source": "Hootsuite Inc.", "location": "Bancock", "mentions": []}, {"truncated": false, "text": "\u0e40\u0e1b\u0e34\u0e14\u0e04\u0e48\u0e32\u0e43\u0e0a\u0e49\u0e08\u0e48\u0e32\u0e22\u0e08\u0e47\u0e2d\u0e1a\u0e1b\u0e23\u0e30\u0e17\u0e49\u0e27\u0e07\u0e1b\u0e23\u0e30\u0e22\u0e38\u0e17\u0e18\u0e4c\u0e17\u0e35\u0e48\u0e15\u0e1b\u0e17.", "hashtags": [], "topic": "unrest", "tweet_urls": ["https://t.co/DmRukU4UtI"], "date": {"hour": 22, "month": 10, "iso": "2018-10-22T22:39:48", "year": 2018, "day": 22, "minute": 39}, "geo": null, "id": 1054502609283768320, "lang": "th", "emoticons": [], "user_id": 61951074, "coordinates": null, "source": "Twitter Web Client", "location": "Bancock", "mentions": []}, {"truncated": false, "text": "\u0e2b\u0e22\u0e38\u0e14\u0e27\u0e48\u0e30 55555 \u0e1b\u0e23\u0e30\u0e17\u0e49\u0e27\u0e07\u0e43\u0e2b\u0e49\u0e21\u0e36\u0e07\u0e44\u0e07", "hashtags": [], "topic": "unrest", "tweet_urls": [], "date": {"hour": 13, "month": 10, "iso": "2018-10-22T13:20:56", "year": 2018, "day": 22, "minute": 20}, "geo": null, "id": 1054361964254658566, "lang": "th", "emoticons": [], "user_id": 420262296, "coordinates": null, "source": "Twitter for iPhone", "location": "Bancock", "mentions": ["@_mdqx"]}, {"truncated": false, "text": "\u0e1b\u0e23\u0e30\u0e17\u0e49\u0e27\u0e07 \u0e27\u0e31\u0e19\u0e2a\u0e33\u0e04\u0e31\u0e0d\u0e19\u0e30!", "hashtags": [], "topic": "unrest", "tweet_urls": [], "date": {"hour": 12, "month": 10, "iso": "2018-10-22T12:56:47", "year": 2018, "day": 22, "minute": 56}, "geo": null, "id": 1054355890671804418, "lang": "th", "emoticons": [], "user_id": 420262296, "coordinates": null, "source": "Twitter for iPhone", "location": "Bancock", "mentions": ["@_mdqx"]}, {"truncated": true, "text": "\u0e1b\u0e21\u0e2a\u0e31\u0e07\u0e2b\u0e32\u0e23\u0e04\u0e32\u0e0a\u0e2d\u0e08\u0e01\u0e35 \u0e19\u0e31\u0e01\u0e02\u0e48\u0e32\u0e27\u0e0b\u0e32\u0e2d\u0e38\u0e2f \u0e2d\u0e32\u0e08\u0e08\u0e30\u0e16\u0e36\u0e07\u0e02\u0e31\u0e49\u0e19\u0e40\u0e1b\u0e47\u0e19\u0e0a\u0e19\u0e27\u0e19\u0e43\u0e2b\u0e49\u0e1b\u0e23\u0e30\u0e0a\u0e32\u0e0a\u0e19\u0e0b\u0e32\u0e2d\u0e38\u0e2f \u0e2d\u0e2d\u0e01\u0e21\u0e32\u0e1b\u0e23\u0e30\u0e17\u0e49\u0e27\u0e07\u0e23\u0e31\u0e10\u0e1a\u0e32\u0e25 \u0e41\u0e25\u0e30\u0e25\u0e38\u0e01\u0e25\u0e32\u0e21\u0e43\u0e19\u0e23\u0e30\u0e14\u0e31\u0e1a\u0e20\u0e39\u0e21\u0e34\u0e20\u0e32\u0e04\u0e2b\u0e23\u0e37\u0e2d\u0e44\u0e21\u0e48\u2026", "hashtags": [], "topic": "unrest", "tweet_urls": ["https://t.co/2btRW8UpmE"], "date": {"hour": 12, "month": 10, "iso": "2018-10-22T12:31:39", "year": 2018, "day": 22, "minute": 31}, "geo": null, "id": 1054349564684058624, "lang": "th", "emoticons": [], "user_id": 60024721, "coordinates": null, "source": "Twitter for iPhone", "location": "Bancock", "mentions": []}, {"truncated": true, "text": "\u0e44\u0e23\u0e49\u0e40\u0e07\u0e32\u0e19\u0e31\u0e01\u0e1a\u0e34\u0e19\u0e19\u0e31\u0e01\u0e0a\u0e38\u0e21\u0e19\u0e38\u0e21\u0e2b\u0e19\u0e49\u0e32\u0e2a\u0e33\u0e19\u0e31\u0e01\u0e07\u0e32\u0e19\u0e43\u0e2b\u0e0d\u0e48\u0e02\u0e2d\u0e07\u0e01\u0e32\u0e23\u0e1a\u0e34\u0e19\u0e44\u0e17\u0e22 \u0e2b\u0e25\u0e31\u0e07\u0e01\u0e48\u0e2d\u0e19\u0e2b\u0e19\u0e49\u0e32\u0e19\u0e35\u0e49\u0e21\u0e35\u0e19\u0e31\u0e01\u0e1a\u0e34\u0e19\u0e04\u0e19\u0e2b\u0e19\u0e36\u0e48\u0e07\u0e19\u0e31\u0e14\u0e40\u0e1e\u0e37\u0e48\u0e2d\u0e19\u0e23\u0e48\u0e27\u0e21\u0e07\u0e32\u0e19\u0e1b\u0e23\u0e30\u0e17\u0e49\u0e27\u0e07 \u0e14\u0e49\u0e32\u0e19\u0e2a\u0e2b\u0e20\u0e32\u0e1e\u0e2f\u2026", "hashtags": [], "topic": "unrest", "tweet_urls": ["https://t.co/FJ1McvR88B"], "date": {"hour": 11, "month": 10, "iso": "2018-10-22T11:09:15", "year": 2018, "day": 22, "minute": 9}, "geo": null, "id": 1054328825386012672, "lang": "th", "emoticons": [], "user_id": 23032702, "coordinates": null, "source": "Hootsuite Inc.", "location": "Bancock", "mentions": []}, {"truncated": true, "text": "\u0e04\u0e19\u0e17\u0e35\u0e48\u0e40\u0e2a\u0e35\u0e22\u0e2b\u0e32\u0e22\u0e2a\u0e38\u0e14\u0e15\u0e2d\u0e19\u0e19\u0e35\u0e49\u0e01\u0e47\u0e19\u0e31\u0e01\u0e1a\u0e34\u0e19 \u0e22\u0e31\u0e07\u0e08\u0e30\u0e1e\u0e32\u0e01\u0e31\u0e19\u0e2d\u0e2d\u0e01\u0e21\u0e32\u0e1b\u0e23\u0e30\u0e17\u0e49\u0e27\u0e07 \u0e40\u0e2d\u0e32\u0e40\u0e25\u0e22\u0e04\u0e48\u0e30\u0e0b\u0e34\u0e2a \u0e40\u0e2d\u0e32\u0e43\u0e2b\u0e49\u0e40\u0e15\u0e47\u0e21\u0e17\u0e35 \u0e44\u0e21\u0e48\u0e15\u0e49\u0e2d\u0e07\u0e2b\u0e25\u0e31\u0e1a\u0e15\u0e49\u0e2d\u0e07\u0e19\u0e2d\u0e19 \u0e44\u0e1f\u0e25\u0e17\u0e4c\u0e15\u0e48\u0e2d\u0e44\u0e1b\u0e01\u0e47 \u0e14\u0e35\u0e40\u0e25\u2026", "hashtags": [], "topic": "unrest", "tweet_urls": ["https://t.co/YKs8Foee8B"], "date": {"hour": 10, "month": 10, "iso": "2018-10-22T10:40:14", "year": 2018, "day": 22, "minute": 40}, "geo": null, "id": 1054321525786992641, "lang": "th", "emoticons": [], "user_id": 948597989467029504, "coordinates": null, "source": "Twitter for Android", "location": "Bancock", "mentions": []}, {"truncated": true, "text": "\u0e0a\u0e32\u0e27\u0e1a\u0e49\u0e32\u0e19\u0e43\u0e19 \u0e2d.\u0e1b\u0e25\u0e27\u0e01\u0e41\u0e14\u0e07 \u0e08.\u0e23\u0e30\u0e22\u0e2d\u0e07 \u0e23\u0e27\u0e21\u0e15\u0e31\u0e27\u0e1b\u0e23\u0e30\u0e17\u0e49\u0e27\u0e07\u0e42\u0e23\u0e07\u0e07\u0e32\u0e19\u0e02\u0e22\u0e30\u0e43\u0e19\u0e0a\u0e38\u0e21\u0e0a\u0e19 \u0e1e\u0e23\u0e49\u0e2d\u0e21\u0e22\u0e37\u0e48\u0e19\u0e2b\u0e19\u0e31\u0e07\u0e2a\u0e37\u0e2d\u0e43\u0e2b\u0e49\u0e19\u0e32\u0e22\u0e2d\u0e33\u0e40\u0e20\u0e2d\u0e0a\u0e48\u0e27\u0e22\u0e41\u0e01\u0e49\u0e1b\u0e31\u0e0d\u0e2b\u0e32\u0e01\u0e25\u0e34\u0e48\u0e19\u0e40\u0e2b\u0e21\u0e47\u0e19\u0e41\u0e25\u0e30\u0e1d\u0e38\u0e48\u0e19\u0e25\u2026", "hashtags": [], "topic": "unrest", "tweet_urls": ["https://t.co/0DaGK7R2CE"], "date": {"hour": 7, "month": 10, "iso": "2018-10-22T07:14:37", "year": 2018, "day": 22, "minute": 14}, "geo": null, "id": 1054269778347483137, "lang": "th", "emoticons": [], "user_id": 2294029646, "coordinates": null, "source": "Twitter Web Client", "location": "Bancock", "mentions": []}, {"truncated": true, "text": "\u0e2a\u0e16\u0e32\u0e19\u0e35\u0e1a\u0e23\u0e34\u0e01\u0e32\u0e23\u0e19\u0e49\u0e33\u0e21\u0e31\u0e19\u0e1b\u0e23\u0e30\u0e21\u0e32\u0e13 400 \u0e41\u0e2b\u0e48\u0e07 \u0e43\u0e19\u0e01\u0e23\u0e38\u0e07\u0e19\u0e34\u0e27\u0e40\u0e14\u0e25\u0e35\u0e02\u0e2d\u0e07\u0e2d\u0e34\u0e19\u0e40\u0e14\u0e35\u0e22 \u0e1b\u0e34\u0e14\u0e17\u0e33\u0e01\u0e32\u0e23\u0e15\u0e31\u0e49\u0e07\u0e41\u0e15\u0e48\u0e40\u0e27\u0e25\u0e32 06.00 \u0e19.\u0e27\u0e31\u0e19\u0e19\u0e35\u0e49 (22 \u0e15.\u0e04.) \u0e15\u0e32\u0e21\u0e40\u0e27\u0e25\u0e32\u0e17\u0e49\u0e2d\u0e07\u2026", "hashtags": [], "topic": "unrest", "tweet_urls": ["https://t.co/CR8FBFTLIh"], "date": {"hour": 6, "month": 10, "iso": "2018-10-22T06:06:00", "year": 2018, "day": 22, "minute": 6}, "geo": null, "id": 1054252510163066880, "lang": "th", "emoticons": [], "user_id": 65319043, "coordinates": null, "source": "Twitter Web Client", "location": "Bancock", "mentions": []}, {"truncated": true, "text": "\u0e16\u0e49\u0e32\u0e19\u0e31\u0e01\u0e1a\u0e34\u0e19\u0e1b\u0e23\u0e30\u0e17\u0e49\u0e27\u0e07\u0e40\u0e22\u0e2d\u0e30 Strike \u0e19\u0e35\u0e48\u0e01\u0e47\u0e44\u0e25\u0e48\u0e2d\u0e2d\u0e01\u0e41\u0e25\u0e49\u0e27\u0e2b\u0e32\u0e43\u0e2b\u0e21\u0e48\u0e19\u0e48\u0e32\u0e08\u0e30\u0e14\u0e35\u0e01\u0e27\u0e48\u0e32\u0e44\u0e2b\u0e21 cut loss \u0e1b\u0e23\u0e31\u0e1a\u0e17\u0e31\u0e28\u0e19\u0e30\u0e04\u0e15\u0e34\u0e2d\u0e07\u0e04\u0e4c\u0e01\u0e23 \u0e41\u0e25\u0e49\u0e27\u0e04\u0e48\u0e2d\u0e22\u0e01\u0e25\u0e31\u0e1a\u0e21\u0e32\u0e41\u0e1a\u0e1a JAL \u0e40\u2026", "hashtags": [], "topic": "unrest", "tweet_urls": ["https://t.co/8zPizFDkFi"], "date": {"hour": 6, "month": 10, "iso": "2018-10-22T06:00:41", "year": 2018, "day": 22, "minute": 0}, "geo": null, "id": 1054251171664166913, "lang": "th", "emoticons": [], "user_id": 58286693, "coordinates": null, "source": "Twitter for Android", "location": "Bancock", "mentions": []}, {"truncated": false, "text": "\u0e23\u0e27\u0e21\u0e15\u0e31\u0e27\u0e1b\u0e23\u0e30\u0e17\u0e49\u0e27\u0e07 \u0e44\u0e21\u0e48\u0e15\u0e48\u0e32\u0e07\u0e2d\u0e30\u0e44\u0e23\u0e01\u0e31\u0e1a\u0e2d\u0e32\u0e0a\u0e35\u0e1e\u0e04\u0e23\u0e39 \u0e23\u0e27\u0e21\u0e15\u0e31\u0e27\u0e01\u0e31\u0e19\u0e40\u0e1a\u0e35\u0e49\u0e22\u0e27\u0e2b\u0e19\u0e35\u0e49", "hashtags": ["#\u0e01\u0e32\u0e23\u0e1a\u0e34\u0e19\u0e44\u0e17\u0e22"], "topic": "unrest", "tweet_urls": [], "date": {"hour": 5, "month": 10, "iso": "2018-10-22T05:49:24", "year": 2018, "day": 22, "minute": 49}, "geo": null, "id": 1054248332460085251, "lang": "th", "emoticons": [], "user_id": 110440767, "coordinates": null, "source": "Twitter for Android", "location": "Bancock", "mentions": []}, {"truncated": true, "text": "\u0e2b\u0e39\u0e22\u0e22\u0e22\u0e22 \u0e16\u0e49\u0e32\u0e41\u0e15\u0e30\u0e1a\u0e34\u0e19\u0e1f\u0e23\u0e35-\u0e15\u0e31\u0e4b\u0e27\u0e16\u0e39\u0e01\u0e19\u0e35\u0e48\u0e40\u0e15\u0e23\u0e35\u0e22\u0e21\u0e23\u0e31\u0e1a\u0e21\u0e37\u0e2d\u0e01\u0e31\u0e1a\u0e01\u0e32\u0e23\u0e1b\u0e23\u0e30\u0e17\u0e49\u0e27\u0e07\u0e44\u0e14\u0e49\u0e40\u0e25\u0e2d\u0e2d\u0e2d\u0e2d\u0e2d \u0e40\u0e1e\u0e23\u0e32\u0e30\u0e02\u0e19\u0e32\u0e14\u0e2a\u0e27\u0e31\u0e2a\u0e14\u0e34\u0e01\u0e32\u0e23\u0e17\u0e35\u0e48\u0e21\u0e35\u0e15\u0e2d\u0e19\u0e19\u0e35\u0e49\u0e22\u0e31\u0e07\u0e08\u0e30\u0e1e\u0e32\u0e01\u0e31\u0e19\u0e19\u0e31\u0e14\u0e23\u0e27\u0e21\u0e15\u0e31\u0e27\u0e02\u2026", "hashtags": [], "topic": "unrest", "tweet_urls": ["https://t.co/egpLlG4Thb"], "date": {"hour": 5, "month": 10, "iso": "2018-10-22T05:40:02", "year": 2018, "day": 22, "minute": 40}, "geo": null, "id": 1054245975143800833, "lang": "th", "emoticons": [], "user_id": 582446382, "coordinates": null, "source": "Twitter for iPhone", "location": "Bancock", "mentions": []}, {"truncated": false, "text": "\u0e17\u0e19\u0e01\u0e25\u0e34\u0e48\u0e19\u0e44\u0e21\u0e48\u0e44\u0e2b\u0e27! \u0e0a\u0e32\u0e27\u0e1a\u0e49\u0e32\u0e19\u0e16\u0e37\u0e2d\u0e1b\u0e49\u0e32\u0e22\u0e1b\u0e23\u0e30\u0e17\u0e49\u0e27\u0e07\u0e42\u0e23\u0e07\u0e07\u0e32\u0e19\u0e02\u0e22\u0e30\u0e2a\u0e23\u0e49\u0e32\u0e07\u0e04\u0e27\u0e32\u0e21\u0e40\u0e14\u0e37\u0e2d\u0e14\u0e23\u0e49\u0e2d\u0e19\u0e43\u0e19\u0e0a\u0e38\u0e21\u0e0a\u0e19", "hashtags": [], "topic": "unrest", "tweet_urls": ["https://t.co/8wDLTFR9a4"], "date": {"hour": 5, "month": 10, "iso": "2018-10-22T05:28:42", "year": 2018, "day": 22, "minute": 28}, "geo": null, "id": 1054243125986816000, "lang": "th", "emoticons": [], "user_id": 1669994028, "coordinates": null, "source": "Facebook", "location": "Bancock", "mentions": []}, {"truncated": true, "text": "\u0e41\u0e21\u0e48\u0e04\u0e27\u0e07\u0e25\u0e39\u0e01\u0e0a\u0e32\u0e22\u0e27\u0e2d\u0e19\u0e1c\u0e48\u0e32\u0e19\u0e2a\u0e37\u0e48\u0e2d! \u0e16\u0e39\u0e01\u0e42\u0e08\u0e4b\u0e04\u0e27\u0e49\u0e32\u0e1b\u0e37\u0e19\u0e22\u0e34\u0e07-\u0e23\u0e38\u0e21\u0e40\u0e15\u0e30\u0e40\u0e2a\u0e22\u0e2b\u0e19\u0e49\u0e32 \u0e04\u0e14\u0e35\u0e22\u0e31\u0e07\u0e40\u0e07\u0e35\u0e22\u0e1a//\u0e19\u0e31\u0e01\u0e1a\u0e34\u0e19\u0e1b\u0e23\u0e30\u0e17\u0e49\u0e27\u0e07!\u0e15\u0e48\u0e2d\u0e15\u0e49\u0e32\u0e19\u0e1b\u0e21\u0e09\u0e32\u0e27\u0e01\u0e32\u0e23\u0e1a\u0e34\u0e19\u0e44\u0e17\u0e22\u0e1c\u0e39\u0e49\u0e42\u0e14\u0e22\u0e2a\u0e32\u0e23\u0e2a\u0e25\u2026", "hashtags": [], "topic": "unrest", "tweet_urls": ["https://t.co/eZMLzlpWN9"], "date": {"hour": 5, "month": 10, "iso": "2018-10-22T05:11:26", "year": 2018, "day": 22, "minute": 11}, "geo": null, "id": 1054238777844031489, "lang": "th", "emoticons": [], "user_id": 2479547882, "coordinates": null, "source": "Twitter Web Client", "location": "Bancock", "mentions": []}, {"truncated": true, "text": "Good Morning \u0e04\u0e48\u0e30\n\u0e19\u0e48\u0e32\u0e23\u0e31\u0e01\u0e21\u0e32\u0e01\u0e46 \u0e1b\u0e48\u0e32\u0e1b\u0e23\u0e30\u0e17\u0e49\u0e27\u0e07\n\n\u0e20\u0e32\u0e1e\u0e01\u0e32\u0e23\u0e1c\u0e2a\u0e21\u0e1c\u0e2a\u0e32\u0e19\u0e0a\u0e35\u0e27\u0e34\u0e15lifestyle \u0e01\u0e25\u0e38\u0e48\u0e21\u0e2d\u0e32\u0e22\u0e38\u0e27\u0e31\u0e12\u0e19\u0e18\u0e23\u0e23\u0e21 \u0e2d\u0e22\u0e48\u0e32\u0e07\u0e25\u0e07\u0e15\u0e31\u0e27 \u0e14\u0e39\u0e14\u0e35lifely \u0e21\u0e35\u0e23\u0e2a\u0e19\u0e34\u2026", "hashtags": [], "topic": "unrest", "tweet_urls": ["https://t.co/iHaXYMgZ4t"], "date": {"hour": 2, "month": 10, "iso": "2018-10-22T02:38:54", "year": 2018, "day": 22, "minute": 38}, "geo": null, "id": 1054200391376691200, "lang": "th", "emoticons": [], "user_id": 61410373, "coordinates": null, "source": "Facebook", "location": "Bancock", "mentions": []}, {"truncated": false, "text": "\u0e17\u0e27\u0e34\u0e15\u0e40\u0e15\u0e2d\u0e23\u0e23\u0e23\u0e23\u0e23\u0e23\u0e4c \u0e02\u0e2d\u0e1b\u0e23\u0e30\u0e17\u0e49\u0e27\u0e07 \n\n\u0e02 \u0e2d \u0e1f\u0e31 \u0e07 \u0e0a\u0e31\u0e48 \u0e19 \u0e41 \u0e01\u0e49 \u0e04\u0e4d \u0e32 \u0e1c\u0e34 \u0e14 \u0e2b \u0e19\u0e48 \u0e2d \u0e22 \u0e44 \u0e2d \u0e2a\u0e31 \u0e2a \u0e2e\u0e37\u0e2d\u0e2d\u0e2d\u0e2d\u0e2d\u0e2d\u0e2d\u0e2d\u0e2d\u0e2d\u0e2d \u0e1e\u0e34\u0e21\u0e1e\u0e4c\u0e1c\u0e34\u0e14\u0e44\u0e14\u0e49\u0e23\u0e30\u0e23\u0e32\u0e19\u0e15\u0e32\u0e21\u0e32\u0e01", "hashtags": [], "topic": "unrest", "tweet_urls": [], "date": {"hour": 17, "month": 10, "iso": "2018-10-21T17:27:22", "year": 2018, "day": 21, "minute": 27}, "geo": null, "id": 1054061593602928640, "lang": "th", "emoticons": [], "user_id": 3249689844, "coordinates": null, "source": "Twitter for iPad", "location": "Bancock", "mentions": []}, {"truncated": true, "text": "\u0e2d\u0e22\u0e32\u0e01\u0e23\u0e39\u0e49\u0e40\u0e2b\u0e21\u0e37\u0e2d\u0e19\u0e01\u0e31\u0e19\u0e19\u0e30 \u0e27\u0e48\u0e32\u0e16\u0e49\u0e32\u0e1b\u0e25\u0e48\u0e2d\u0e22\u0e43\u0e2b\u0e49\u0e21\u0e35\u0e01\u0e32\u0e23\u0e40\u0e25\u0e37\u0e2d\u0e01\u0e15\u0e31\u0e49\u0e07 \u0e41\u0e25\u0e30\u0e25\u0e38\u0e07\u0e15\u0e39\u0e48\u0e25\u0e07\u0e2a\u0e21\u0e31\u0e04\u0e23 \u0e41\u0e25\u0e49\u0e27\u0e41\u0e01\u0e14\u0e31\u0e19\u0e0a\u0e19\u0e30\u0e02\u0e36\u0e49\u0e19\u0e21\u0e32 \u0e1e\u0e27\u0e01\u0e19\u0e31\u0e01\u0e1b\u0e23\u0e30\u0e0a\u0e32\u0e18\u0e34\u0e1b\u0e44\u0e15\u0e22\u0e17\u0e31\u0e49\u0e07\u0e2b\u0e25\u0e32\u0e22\u0e08\u0e30\u0e22\u0e2d\u0e21\u2026", "hashtags": [], "topic": "unrest", "tweet_urls": ["https://t.co/tQfm7PKk2v"], "date": {"hour": 16, "month": 10, "iso": "2018-10-21T16:45:29", "year": 2018, "day": 21, "minute": 45}, "geo": null, "id": 1054051054675873792, "lang": "th", "emoticons": [], "user_id": 86313214, "coordinates": null, "source": "Twitter for iPhone", "location": "Bancock", "mentions": []}, {"truncated": false, "text": "\u0e02\u0e48\u0e32\u0e27\u0e0a\u0e32\u0e27\u0e43\u0e15\u0e49\u0e1b\u0e23\u0e30\u0e17\u0e49\u0e27\u0e07\u0e2b\u0e19\u0e49\u0e32\u0e28\u0e32\u0e25\u0e32\u0e01\u0e25\u0e32\u0e07\u0e01\u0e23\u0e30\u0e1a\u0e35\u0e48...\u0e44\u0e2d\u0e49\u0e40\u0e17\u0e1e\u0e40\u0e17\u0e37\u0e2d\u0e01\u0e44\u0e21\u0e48\u0e1e\u0e39\u0e14\u0e16\u0e36\u0e07\u0e0b\u0e31\u0e01\u0e04\u0e335556", "hashtags": [], "topic": "unrest", "tweet_urls": [], "date": {"hour": 12, "month": 10, "iso": "2018-10-21T12:38:16", "year": 2018, "day": 21, "minute": 38}, "geo": null, "id": 1053988841760153601, "lang": "th", "emoticons": [], "user_id": 2320807472, "coordinates": null, "source": "Facebook", "location": "Bancock", "mentions": []}, {"truncated": false, "text": "\u0e23\u0e39\u0e49\u0e41\u0e25\u0e49\u0e27\u0e27\u0e48\u0e32\u0e15\u0e49\u0e2d\u0e07\u0e1e\u0e31\u0e01\u0e01\n\u0e23\u0e48\u0e32\u0e07\u0e01\u0e32\u0e22\u0e44\u0e21\u0e48\u0e15\u0e49\u0e2d\u0e07\u0e1b\u0e23\u0e30\u0e17\u0e49\u0e27\u0e07\u0e01\u0e39\u0e02\u0e19\u0e32\u0e14\u0e19\u0e35\u0e49\u0e01\u0e47\u0e44\u0e14\u0e49\n\u0e40\u0e21\u0e19\u0e01\u0e47\u0e21\u0e32 \u0e2e\u0e31\u0e25\u0e42\u0e2b\u0e25\u0e25", "hashtags": [], "topic": "unrest", "tweet_urls": [], "date": {"hour": 10, "month": 10, "iso": "2018-10-21T10:41:00", "year": 2018, "day": 21, "minute": 41}, "geo": null, "id": 1053959329949220864, "lang": "th", "emoticons": ["\ud83d\ude02"], "user_id": 2394735308, "coordinates": null, "source": "Twitter for iPhone", "location": "Bancock", "mentions": []}, {"truncated": false, "text": "\u0e40\u0e1b\u0e34\u0e14\u0e04\u0e48\u0e32\u0e43\u0e0a\u0e49\u0e08\u0e48\u0e32\u0e22\u0e08\u0e47\u0e2d\u0e1a\u0e1b\u0e23\u0e30\u0e17\u0e49\u0e27\u0e07\u0e1b\u0e23\u0e30\u0e22\u0e38\u0e17\u0e18\u0e4c\u0e17\u0e35\u0e48\u0e15\u0e1b\u0e17.", "hashtags": [], "topic": "unrest", "tweet_urls": ["https://t.co/FMCJRt9JXt"], "date": {"hour": 7, "month": 10, "iso": "2018-10-21T07:43:30", "year": 2018, "day": 21, "minute": 43}, "geo": null, "id": 1053914662054424577, "lang": "th", "emoticons": [], "user_id": 177827056, "coordinates": null, "source": "Twitter Web Client", "location": "Bancock", "mentions": []}, {"truncated": false, "text": "\u0e2d\u0e31\u0e07\u0e01\u0e24\u0e29\u0e1b\u0e23\u0e30\u0e17\u0e49\u0e27\u0e07\u0e43\u0e2b\u0e0d\u0e48 \u0e23\u0e49\u0e2d\u0e07\u0e17\u0e33\u0e1b\u0e23\u0e30\u0e0a\u0e32\u0e1e\u0e34\u0e08\u0e32\u0e23\u0e13\u0e4c '\u0e40\u0e1a\u0e23\u0e47\u0e01\u0e0b\u0e34\u0e17' \u0e43\u0e2b\u0e21\u0e48' - The Bangkok Insight", "hashtags": [], "topic": "unrest", "tweet_urls": ["https://t.co/MC88HuLlt3"], "date": {"hour": 4, "month": 10, "iso": "2018-10-21T04:59:23", "year": 2018, "day": 21, "minute": 59}, "geo": null, "id": 1053873357811142656, "lang": "th", "emoticons": [], "user_id": 971247864482598912, "coordinates": null, "source": "Twitter Web Client", "location": "Bancock", "mentions": []}, {"truncated": false, "text": "\u0e2d\u0e31\u0e07\u0e01\u0e24\u0e29\u0e1b\u0e23\u0e30\u0e17\u0e49\u0e27\u0e07\u0e43\u0e2b\u0e0d\u0e48 \u0e23\u0e49\u0e2d\u0e07\u0e17\u0e33\u0e1b\u0e23\u0e30\u0e0a\u0e32\u0e1e\u0e34\u0e08\u0e32\u0e23\u0e13\u0e4c '\u0e40\u0e1a\u0e23\u0e47\u0e01\u0e0b\u0e34\u0e17' \u0e43\u0e2b\u0e21\u0e48 '", "hashtags": [], "topic": "unrest", "tweet_urls": ["https://t.co/mLu8Gvphqg"], "date": {"hour": 4, "month": 10, "iso": "2018-10-21T04:57:43", "year": 2018, "day": 21, "minute": 57}, "geo": null, "id": 1053872937999069184, "lang": "th", "emoticons": [], "user_id": 133631678, "coordinates": null, "source": "Twitter for iPhone", "location": "Bancock", "mentions": []}, {"truncated": true, "text": "\u0e0a\u0e32\u0e27\u0e2d\u0e31\u0e07\u0e01\u0e24\u0e29\u0e2b\u0e25\u0e32\u0e22\u0e1e\u0e31\u0e19\u0e04\u0e19\u0e23\u0e27\u0e21\u0e15\u0e31\u0e27\u0e40\u0e14\u0e34\u0e19\u0e02\u0e1a\u0e27\u0e19\u0e1b\u0e23\u0e30\u0e17\u0e49\u0e27\u0e07 \u0e40\u0e23\u0e35\u0e22\u0e01\u0e23\u0e49\u0e2d\u0e07\u0e43\u0e2b\u0e49\u0e23\u0e31\u0e10\u0e1a\u0e32\u0e25\u0e08\u0e31\u0e14\u0e41\u0e2a\u0e14\u0e07\u0e1b\u0e23\u0e30\u0e0a\u0e32\u0e21\u0e15\u0e34\u0e40\u0e23\u0e37\u0e48\u0e2d\u0e07\u0e01\u0e32\u0e23\u0e16\u0e2d\u0e19\u0e15\u0e31\u0e27\n\n\u0e2d\u0e48\u0e32\u0e19\u0e15\u0e48\u0e2d\u0e44\u0e14\u0e49\u0e17\u0e35\u0e48\u2026", "hashtags": [], "topic": "unrest", "tweet_urls": ["https://t.co/WwkyHE0LKG"], "date": {"hour": 2, "month": 10, "iso": "2018-10-21T02:51:12", "year": 2018, "day": 21, "minute": 51}, "geo": null, "id": 1053841102413881344, "lang": "th", "emoticons": [], "user_id": 76267146, "coordinates": null, "source": "Twitter Web Client", "location": "Bancock", "mentions": []}, {"truncated": true, "text": "\u0e2e\u0e38\u0e19\u0e40\u0e0b\u0e19\u0e01\u0e31\u0e1a\u0e25\u0e39\u0e01\u0e0a\u0e32\u0e22\u0e21\u0e32\u0e1b\u0e23\u0e30\u0e0a\u0e38\u0e21 ASEM \u0e17\u0e35\u0e49\u0e1a\u0e23\u0e31\u0e0b\u0e40\u0e0b\u0e25 \u0e40\u0e21\u0e37\u0e48\u0e2d\u0e27\u0e32\u0e19\u0e40\u0e02\u0e21\u0e23\u0e25\u0e35\u0e49\u0e20\u0e31\u0e22\u0e43\u0e19\u0e22\u0e38\u0e42\u0e23\u0e1b\u0e21\u0e35\u0e17\u0e31\u0e49\u0e07\u0e01\u0e25\u0e38\u0e48\u0e21\u0e17\u0e35\u0e48\u0e44\u0e1b\u0e15\u0e49\u0e2d\u0e19\u0e23\u0e31\u0e1a\u0e41\u0e25\u0e30\u0e44\u0e1b\u0e1b\u2026", "hashtags": [], "topic": "unrest", "tweet_urls": ["https://t.co/Z1giKZQJvt"], "date": {"hour": 17, "month": 10, "iso": "2018-10-20T17:13:46", "year": 2018, "day": 20, "minute": 13}, "geo": null, "id": 1053695783923580929, "lang": "th", "emoticons": [], "user_id": 57586968, "coordinates": null, "source": "Twitter for iPad", "location": "Bancock", "mentions": ["@nattapolc", "@KobkarnL"]}, {"truncated": false, "text": "\u0e27\u0e31\u0e19\u0e19\u0e35\u0e49\u0e40\u0e2b\u0e21\u0e37\u0e2d\u0e19\u0e2d\u0e0b\u0e2d.\u0e21\u0e32\u0e1b\u0e23\u0e30\u0e17\u0e49\u0e27\u0e07\u0e02\u0e2d\u0e17\u0e35\u0e40\u0e0b\u0e2d\u0e23\u0e4c\u0e2d\u0e48\u0e30\u0e30\u0e30 \u0e2d\u0e34\u0e40\u0e27\u0e07555555555555555555555555555555555555555555555555555555555555555555", "hashtags": [], "topic": "unrest", "tweet_urls": [], "date": {"hour": 14, "month": 10, "iso": "2018-10-20T14:38:23", "year": 2018, "day": 20, "minute": 38}, "geo": null, "id": 1053656679819046912, "lang": "th", "emoticons": [], "user_id": 716970280556503040, "coordinates": null, "source": "Twitter for iPhone", "location": "Bancock", "mentions": []}, {"truncated": true, "text": "\u0e19\u0e32\u0e22\u0e01\u0e40\u0e17\u0e28\u0e21\u0e19\u0e15\u0e23\u0e35\u0e01\u0e23\u0e38\u0e07\u0e25\u0e2d\u0e19\u0e14\u0e2d\u0e19 Sadiq Khan \u0e40\u0e02\u0e49\u0e32\u0e23\u0e48\u0e27\u0e21\u0e0a\u0e38\u0e21\u0e19\u0e38\u0e21\u0e1b\u0e23\u0e30\u0e17\u0e49\u0e27\u0e07\u0e15\u0e48\u0e2d\u0e15\u0e49\u0e32\u0e19 \u0e08\u0e30\u0e43\u0e2b\u0e49\u0e17\u0e33\u0e22\u0e31\u0e07\u0e44\u0e07\u0e15\u0e48\u0e2d\u0e14\u0e35\u0e19\u0e30... \n R\u2026", "hashtags": ["#Brexit\n\u0e01\u0e47\u0e1c\u0e48\u0e32\u0e19\u0e42\u0e2b\u0e27\u0e15\u0e44\u0e1b\u0e41\u0e25\u0e49\u0e27"], "topic": "unrest", "tweet_urls": ["https://t.co/FSCEpozoq6"], "date": {"hour": 14, "month": 10, "iso": "2018-10-20T14:34:51", "year": 2018, "day": 20, "minute": 34}, "geo": null, "id": 1053655793331986432, "lang": "th", "emoticons": ["\u00a9"], "user_id": 84185959, "coordinates": null, "source": "Twitter Web Client", "location": "Bancock", "mentions": []}, {"truncated": true, "text": "\u0e43\u0e19\u0e02\u0e13\u0e30\u0e17\u0e35\u0e48\u0e1b\u0e23\u0e30\u0e0a\u0e32\u0e01\u0e23\u0e41\u0e23\u0e07\u0e07\u0e32\u0e19\u0e17\u0e35\u0e48\u0e21\u0e35\u0e08\u0e33\u0e19\u0e27\u0e19\u0e25\u0e14\u0e25\u0e07 \u0e0d\u0e35\u0e48\u0e1b\u0e38\u0e48\u0e19\u0e01\u0e47\u0e1e\u0e23\u0e49\u0e2d\u0e21\u0e08\u0e30\u0e23\u0e31\u0e1a\u0e41\u0e23\u0e07\u0e07\u0e32\u0e19\u0e08\u0e32\u0e01\u0e15\u0e48\u0e32\u0e07\u0e1b\u0e23\u0e30\u0e40\u0e17\u0e28\n\u0e41\u0e15\u0e48\u0e17\u0e27\u0e48\u0e32\u0e01\u0e47\u0e21\u0e35\u0e04\u0e19\u0e0d\u0e35\u0e48\u0e1b\u0e38\u0e48\u0e19\u0e08\u0e33\u0e19\u0e27\u0e19\u0e19\u0e36\u0e07 \u0e2d\u0e2d\u0e01\u0e21\u0e32\u0e1b\u0e23\u0e30\u0e17\u0e49\u0e27\u2026", "hashtags": [], "topic": "unrest", "tweet_urls": ["https://t.co/QY7F8VqdtS"], "date": {"hour": 14, "month": 10, "iso": "2018-10-20T14:00:22", "year": 2018, "day": 20, "minute": 0}, "geo": null, "id": 1053647113324847104, "lang": "th", "emoticons": [], "user_id": 224147871, "coordinates": null, "source": "Hootsuite Inc.", "location": "Bancock", "mentions": []}, {"truncated": false, "text": "\u0e2a\u0e07\u0e2a\u0e31\u0e22\u0e15\u0e49\u0e2d\u0e07\u0e1e\u0e31\u0e01\u0e1c\u0e48\u0e2d\u0e19\u0e41\u0e25\u0e49\u0e27 \u0e23\u0e48\u0e32\u0e07\u0e01\u0e32\u0e22\u0e40\u0e23\u0e34\u0e48\u0e21\u0e1b\u0e23\u0e30\u0e17\u0e49\u0e27\u0e07", "hashtags": [], "topic": "unrest", "tweet_urls": [], "date": {"hour": 13, "month": 10, "iso": "2018-10-20T13:48:56", "year": 2018, "day": 20, "minute": 48}, "geo": null, "id": 1053644238582276096, "lang": "th", "emoticons": ["\ud83d\ude2a"], "user_id": 956172835323461632, "coordinates": null, "source": "Twitter for Android", "location": "Bancock", "mentions": ["@tmttmay"]}, {"truncated": false, "text": "\u0e2d\u0e22\u0e32\u0e01\u0e08\u0e30\u0e1e\u0e32\u0e0a\u0e34\u0e1b\u0e40\u0e1b\u0e2d\u0e23\u0e4c\u0e44\u0e1b\u0e1b\u0e23\u0e30\u0e17\u0e49\u0e27\u0e07\u0e2b\u0e19\u0e49\u0e32\u0e15\u0e36\u0e01 \u0e2b\u0e27\u0e31\u0e07\u0e27\u0e48\u0e32\u0e43\u0e19\u0e1a\u0e31\u0e49\u0e21\u0e08\u0e30\u0e1a\u0e49\u0e32\u0e07\u0e19\u0e30", "hashtags": [], "topic": "unrest", "tweet_urls": [], "date": {"hour": 11, "month": 10, "iso": "2018-10-20T11:58:25", "year": 2018, "day": 20, "minute": 58}, "geo": null, "id": 1053616425863008256, "lang": "th", "emoticons": ["\ud83d\ude02"], "user_id": 310221621, "coordinates": null, "source": "Twitter for Android", "location": "Bancock", "mentions": ["@snnawack"]}, {"truncated": false, "text": "\u0e16\u0e49\u0e32\u0e44\u0e21\u0e48\u0e2d\u0e34\u0e21\u0e41\u0e1e\u0e04\u0e01\u0e47 \u0e1b\u0e23\u0e30\u0e17\u0e49\u0e27\u0e07! \u0e09\u0e31\u0e19\u0e40\u0e0a\u0e37\u0e48\u0e2d\u0e42\u0e0b\u0e27\u0e2d\u0e19\u0e17\u0e33\u0e44\u0e14\u0e49\u0e17\u0e38\u0e01\u0e2d\u0e22\u0e48\u0e32\u0e07\u0e07!!\n#TAEYEON", "hashtags": [], "topic": "unrest", "tweet_urls": [], "date": {"hour": 11, "month": 10, "iso": "2018-10-20T11:44:11", "year": 2018, "day": 20, "minute": 44}, "geo": null, "id": 1053612841486344192, "lang": "th", "emoticons": ["\ud83d\ude01"], "user_id": 765693110974152704, "coordinates": null, "source": "Twitter for Android", "location": "Bancock", "mentions": []}, {"truncated": false, "text": "\u0e41\u0e07... \u0e40\u0e2b\u0e21\u0e37\u0e2d\u0e19\u0e1b\u0e23\u0e30\u0e17\u0e49\u0e27\u0e07\u0e01\u0e31\u0e19\u0e40\u0e25\u0e22 \n\u0e19\u0e48\u0e32\u0e23\u0e31\u0e01", "hashtags": [], "topic": "unrest", "tweet_urls": ["https://t.co/1Zjw4WbnHA"], "date": {"hour": 11, "month": 10, "iso": "2018-10-20T11:17:50", "year": 2018, "day": 20, "minute": 17}, "geo": null, "id": 1053606211331878912, "lang": "th", "emoticons": [], "user_id": 100909123, "coordinates": null, "source": "Twitter for iPhone", "location": "Bancock", "mentions": []}, {"truncated": false, "text": "\u0e17\u0e48\u0e14\u0e46 \u0e01\u0e32\u0e23\u0e4c\u0e14\u0e07\u0e32\u0e19\u0e1e\u0e35\u0e48\u0e40\u0e08\u0e2b\u0e23\u0e37\u0e2d\u0e21\u0e2d\u0e1b\u0e1b\u0e23\u0e30\u0e17\u0e49\u0e27\u0e07", "hashtags": [], "topic": "unrest", "tweet_urls": ["https://t.co/UZ9wvsGJyM"], "date": {"hour": 10, "month": 10, "iso": "2018-10-20T10:45:07", "year": 2018, "day": 20, "minute": 45}, "geo": null, "id": 1053597977485303808, "lang": "th", "emoticons": [], "user_id": 896036580367884291, "coordinates": null, "source": "Twitter for Android", "location": "Bancock", "mentions": []}, {"truncated": false, "text": "\u0e21\u0e32\u0e23\u0e2d\u0e1a\u0e17\u0e35\u0e48\u0e2a\u0e35\u0e48 \u0e01\u0e47\u0e22\u0e31\u0e07\u0e21\u0e35\u0e0a\u0e38\u0e21\u0e19\u0e38\u0e21\u0e1b\u0e23\u0e30\u0e17\u0e49\u0e27\u0e07", "hashtags": [], "topic": "unrest", "tweet_urls": ["https://t.co/uyYq4oVkYA"], "date": {"hour": 9, "month": 10, "iso": "2018-10-20T09:21:15", "year": 2018, "day": 20, "minute": 21}, "geo": null, "id": 1053576871131066368, "lang": "th", "emoticons": ["\ud83d\ude02"], "user_id": 71968813, "coordinates": null, "source": "Twitter for iPhone", "location": "Bancock", "mentions": []}, {"truncated": false, "text": "\u0e40\u0e2b\u0e21\u0e37\u0e2d\u0e19\u0e44\u0e1b\u0e1b\u0e23\u0e30\u0e17\u0e49\u0e27\u0e07555555555555555", "hashtags": [], "topic": "unrest", "tweet_urls": [], "date": {"hour": 8, "month": 10, "iso": "2018-10-20T08:01:07", "year": 2018, "day": 20, "minute": 1}, "geo": null, "id": 1053556706775511040, "lang": "th", "emoticons": [], "user_id": 2734031521, "coordinates": null, "source": "Twitter for Android", "location": "Bancock", "mentions": []}, {"truncated": false, "text": "\u0e04\u0e19\u0e44\u0e1b\u0e1b\u0e23\u0e30\u0e17\u0e49\u0e27\u0e07\u0e19\u0e49\u0e2d\u0e22\u0e21\u0e32\u0e01", "hashtags": [], "topic": "unrest", "tweet_urls": [], "date": {"hour": 7, "month": 10, "iso": "2018-10-20T07:21:01", "year": 2018, "day": 20, "minute": 21}, "geo": null, "id": 1053546616278392832, "lang": "th", "emoticons": [], "user_id": 95980491, "coordinates": null, "source": "Twitter for iPhone", "location": "Bancock", "mentions": ["@CrazyJunta", "@chanida4228"]}, {"truncated": false, "text": "\u0e40\u0e2b\u0e47\u0e19\u0e19\u0e31\u0e01\u0e1a\u0e34\u0e19\u0e40\u0e02\u0e49\u0e32\u0e02\u0e49\u0e32\u0e07\u0e01\u0e31\u0e19\u0e40\u0e2d\u0e07 \u0e41\u0e16\u0e19\u0e39\u0e48\u0e19\u0e19\u0e35\u0e48 \u0e40\u0e2b\u0e21\u0e37\u0e2d\u0e19\u0e41\u0e17\u0e47\u0e01\u0e0b\u0e35\u0e48\u0e23\u0e27\u0e21\u0e01\u0e25\u0e38\u0e48\u0e21\u0e1b\u0e23\u0e30\u0e17\u0e49\u0e27\u0e07\u0e40\u0e25\u0e22", "hashtags": ["#\u0e01\u0e32\u0e23\u0e1a\u0e34\u0e19\u0e44\u0e17\u0e22"], "topic": "unrest", "tweet_urls": [], "date": {"hour": 4, "month": 10, "iso": "2018-10-20T04:53:08", "year": 2018, "day": 20, "minute": 53}, "geo": null, "id": 1053509400130813953, "lang": "th", "emoticons": [], "user_id": 110440767, "coordinates": null, "source": "Twitter for Android", "location": "Bancock", "mentions": []}, {"truncated": true, "text": "\u0e1e\u0e25.\u0e2d.\u0e1e\u0e23\u0e1e\u0e34\u0e1e\u0e31\u0e12\u0e19\u0e4c \u0e40\u0e1a\u0e0d\u0e0d\u0e28\u0e23\u0e35 \u0e1c\u0e39\u0e49\u0e1a\u0e31\u0e0d\u0e0a\u0e32\u0e01\u0e32\u0e23\u0e17\u0e2b\u0e32\u0e23\u0e2a\u0e39\u0e07\u0e2a\u0e38\u0e14 \u0e21\u0e2d\u0e07\u0e2a\u0e16\u0e32\u0e19\u0e01\u0e32\u0e23\u0e13\u0e4c\u0e02\u0e2d\u0e07\u0e1a\u0e49\u0e32\u0e19\u0e40\u0e21\u0e37\u0e2d\u0e07\u0e27\u0e48\u0e32\u0e15\u0e25\u0e2d\u0e14 4 \u0e1b\u0e35\u0e17\u0e35\u0e48\u0e1c\u0e48\u0e32\u0e19\u0e21\u0e32 \u0e1b\u0e23\u0e30\u0e40\u0e17\u0e28\u0e0a\u0e32\u0e15\u0e34\u0e22\u0e31\u0e07\u0e2d\u0e22\u0e39\u0e48\u0e43\u0e19\u0e04\u0e27\u0e32\u0e21\u2026", "hashtags": [], "topic": "unrest", "tweet_urls": ["https://t.co/9tAjcdqixA"], "date": {"hour": 4, "month": 10, "iso": "2018-10-20T04:09:19", "year": 2018, "day": 20, "minute": 9}, "geo": null, "id": 1053498369832714241, "lang": "th", "emoticons": [], "user_id": 91053979, "coordinates": null, "source": "TweetDeck", "location": "Bancock", "mentions": []}, {"truncated": false, "text": "\u0e2d\u0e14\u0e01\u0e32\u0e41\u0e1f\u0e1b\u0e23\u0e30\u0e17\u0e49\u0e27\u0e07\u0e40\u0e25\u0e22", "hashtags": [], "topic": "unrest", "tweet_urls": [], "date": {"hour": 2, "month": 10, "iso": "2018-10-20T02:47:34", "year": 2018, "day": 20, "minute": 47}, "geo": null, "id": 1053477800001265664, "lang": "th", "emoticons": [], "user_id": 903816294167789568, "coordinates": null, "source": "Twitter for Android", "location": "Bancock", "mentions": ["@DeeSaendee"]}, {"truncated": true, "text": "\u0e21\u0e35\u0e08\u0e38\u0e14\u0e19\u0e36\u0e07\u0e17\u0e35\u0e48\u0e40\u0e1f\u0e25\u0e43\u0e19\u0e01\u0e32\u0e23\u0e1e\u0e22\u0e32\u0e22\u0e32\u0e21\u0e2d\u0e49\u0e32\u0e07\u0e2d\u0e34\u0e07\u0e01\u0e32\u0e23\u0e4c\u0e15\u0e39\u0e19\u0e04\u0e37\u0e2d\u0e15\u0e2d\u0e19\u0e08\u0e31\u0e4a\u0e01\u0e08\u0e30\u0e2d\u0e14\u0e2d\u0e32\u0e2b\u0e32\u0e23\u0e1b\u0e23\u0e30\u0e17\u0e49\u0e27\u0e07\u0e41\u0e15\u0e48\u0e2d\u0e32\u0e23\u0e4c\u0e0a\u0e35\u0e48\u0e1e\u0e39\u0e14\u0e27\u0e48\u0e32\u0e04\u0e19\u0e2d\u0e22\u0e48\u0e32\u0e07\u0e19\u0e32\u0e22\u0e01\u0e34\u0e19\u0e15\u0e25\u0e2d\u0e14\u0e40\u0e27\u0e25\u0e32 \u0e43\u0e19\u0e04\u0e2d\u0e21\u0e21\u0e34\u0e04\u0e2d\u0e32\u0e08\u0e08\u2026", "hashtags": [], "topic": "unrest", "tweet_urls": ["https://t.co/RZzMMqWghN"], "date": {"hour": 18, "month": 10, "iso": "2018-10-19T18:57:15", "year": 2018, "day": 19, "minute": 57}, "geo": null, "id": 1053359440798212096, "lang": "th", "emoticons": [], "user_id": 1038478626633576448, "coordinates": null, "source": "Twitter for iPhone", "location": "Bancock", "mentions": []}]