[{"truncated": true, "text": "\"Defense Lawyer Suggests a Thong Equals Consent \u2014 and Ireland Erupts\" by VALERIYA SAFRONOVA via NYT\u2026", "hashtags": [], "topic": "unrest", "tweet_urls": ["https://t.co/XGT8aib2Ux"], "date": {"hour": 23, "month": 11, "iso": "2018-11-15T23:19:29", "year": 2018, "day": 15, "minute": 19}, "geo": null, "id": 1063209905987952642, "lang": "en", "emoticons": [], "user_id": 288050018, "coordinates": null, "source": "IFTTT", "location": "Bancock", "mentions": []}, {"truncated": true, "text": "\"Defense Lawyer Suggests a Thong Equals Consent \u2014 and Ireland Erupts\" by VALERIYA SAFRONOVA via NYT The New York Ti\u2026", "hashtags": [], "topic": "unrest", "tweet_urls": ["https://t.co/FTiENXJorX"], "date": {"hour": 23, "month": 11, "iso": "2018-11-15T23:17:26", "year": 2018, "day": 15, "minute": 17}, "geo": null, "id": 1063209391204311050, "lang": "en", "emoticons": [], "user_id": 288050018, "coordinates": null, "source": "IFTTT", "location": "Bancock", "mentions": []}, {"truncated": true, "text": "Wait till city road south of old st round about is made a one way north bound my protest days fini\u2026", "hashtags": [], "topic": "unrest", "tweet_urls": ["https://t.co/oKRoWpy9oT"], "date": {"hour": 12, "month": 11, "iso": "2018-11-15T12:28:25", "year": 2018, "day": 15, "minute": 28}, "geo": null, "id": 1063046057288966144, "lang": "en", "emoticons": [], "user_id": 1444967203, "coordinates": null, "source": "Twitter for iPhone", "location": "Bancock", "mentions": ["@PaulDDDaughters"]}, {"truncated": true, "text": "We need walk protest every one day from 4 pm till 8 pm march all around with roads close\u2026", "hashtags": [], "topic": "unrest", "tweet_urls": ["https://t.co/J7RGtU7FrG"], "date": {"hour": 11, "month": 11, "iso": "2018-11-15T11:14:19", "year": 2018, "day": 15, "minute": 14}, "geo": null, "id": 1063027410512330753, "lang": "en", "emoticons": [], "user_id": 1444967203, "coordinates": null, "source": "Twitter for iPhone", "location": "Bancock", "mentions": ["@harrywall64", "@ProactiveITA"]}, {"truncated": true, "text": "During rush hour on foot not driving the police control us driving foot pr\u2026", "hashtags": [], "topic": "unrest", "tweet_urls": ["https://t.co/IQcRM1dRYT"], "date": {"hour": 2, "month": 11, "iso": "2018-11-15T02:01:00", "year": 2018, "day": 15, "minute": 1}, "geo": null, "id": 1062888163880919040, "lang": "en", "emoticons": [], "user_id": 1444967203, "coordinates": null, "source": "Twitter for iPhone", "location": "Bancock", "mentions": ["@The_LCDC", "@Sammyscarf", "@dannydervito", "@TfL"]}, {"truncated": false, "text": "Alexandria Ocasio-Cortez Joins Protest Outside Nancy Pelosi\u2019s Washington D.C. Office", "hashtags": [], "topic": "unrest", "tweet_urls": ["https://t.co/vghd2pdMqd"], "date": {"hour": 7, "month": 11, "iso": "2018-11-14T07:31:06", "year": 2018, "day": 14, "minute": 31}, "geo": null, "id": 1062608847380996096, "lang": "en", "emoticons": [], "user_id": 25110386, "coordinates": null, "source": "Twitter Web Client", "location": "Bancock", "mentions": []}, {"truncated": true, "text": "je vais mettre un gilet jaune, meme avec ma voiture Au Gaz , mais rappelons que cette protestation est la protesta\u2026", "hashtags": [], "topic": "unrest", "tweet_urls": ["https://t.co/7Sy6elgONu"], "date": {"hour": 16, "month": 11, "iso": "2018-11-14T16:15:44", "year": 2018, "day": 14, "minute": 15}, "geo": null, "id": 1062740878119190528, "lang": "fr", "emoticons": [], "user_id": 33434180, "coordinates": null, "source": "Twitter Web Client", "location": "Bancock", "mentions": []}, {"truncated": true, "text": "je vais mettre un gilet jaune, meme avec ma voiture Au Gaz , mais rappelons que cette protestation\u2026", "hashtags": [], "topic": "unrest", "tweet_urls": ["https://t.co/Dz06lPHNZE"], "date": {"hour": 16, "month": 11, "iso": "2018-11-14T16:15:26", "year": 2018, "day": 14, "minute": 15}, "geo": null, "id": 1062740800340029440, "lang": "fr", "emoticons": [], "user_id": 33434180, "coordinates": null, "source": "Twitter Web Client", "location": "Bancock", "mentions": ["@ChLECHEVALIER"]}, {"truncated": true, "text": "je vais mettre un gilet jaune, meme avec ma voiture Au Gaz , mais rappelons que cette protestation est la protesta\u2026", "hashtags": [], "topic": "unrest", "tweet_urls": ["https://t.co/HR7DjLiqLb"], "date": {"hour": 16, "month": 11, "iso": "2018-11-14T16:14:01", "year": 2018, "day": 14, "minute": 14}, "geo": null, "id": 1062740444788846592, "lang": "fr", "emoticons": [], "user_id": 33434180, "coordinates": null, "source": "Twitter Web Client", "location": "Bancock", "mentions": []}, {"truncated": true, "text": "je vais mettre un gilet jaune, meme avec\u2026", "hashtags": [], "topic": "unrest", "tweet_urls": ["https://t.co/cecZiGCX9P"], "date": {"hour": 16, "month": 11, "iso": "2018-11-14T16:13:36", "year": 2018, "day": 14, "minute": 13}, "geo": null, "id": 1062740341202145280, "lang": "fr", "emoticons": [], "user_id": 33434180, "coordinates": null, "source": "Twitter Web Client", "location": "Bancock", "mentions": ["@M_Orphelin", "@enmarchefr", "@EPhilippePM", "@FdeRugy", "@Elisabeth_Borne", "@GDarmanin"]}, {"truncated": true, "text": "cher Julien dit Guy, je vais mettre un gilet jaune sur le tableau de bord bien que a Bangkok cela n'aura pas d'impa\u2026", "hashtags": [], "topic": "unrest", "tweet_urls": ["https://t.co/oHG4vfvuiZ"], "date": {"hour": 15, "month": 11, "iso": "2018-11-14T15:47:46", "year": 2018, "day": 14, "minute": 47}, "geo": null, "id": 1062733838919430144, "lang": "fr", "emoticons": [], "user_id": 33434180, "coordinates": null, "source": "Twitter Web Client", "location": "Bancock", "mentions": []}, {"truncated": true, "text": "cher Julien dit Guy, je vais mettre un gilet jaune sur le tableau de bord bien\u2026", "hashtags": [], "topic": "unrest", "tweet_urls": ["https://t.co/iARXNDSfH0"], "date": {"hour": 15, "month": 11, "iso": "2018-11-14T15:47:27", "year": 2018, "day": 14, "minute": 47}, "geo": null, "id": 1062733757298356224, "lang": "fr", "emoticons": [], "user_id": 33434180, "coordinates": null, "source": "Twitter Web Client", "location": "Bancock", "mentions": ["@JulienAubert84", "@ruthelkrief", "@BFMTV"]}, {"truncated": true, "text": "Police on Wednesday morning searched the house of a leading protester against the controversial housing estate for\u2026", "hashtags": [], "topic": "unrest", "tweet_urls": ["https://t.co/GvvRoIRvh3"], "date": {"hour": 12, "month": 11, "iso": "2018-11-14T12:00:06", "year": 2018, "day": 14, "minute": 0}, "geo": null, "id": 1062676542772338688, "lang": "en", "emoticons": [], "user_id": 18921618, "coordinates": null, "source": "Facebook", "location": "Bancock", "mentions": []}, {"truncated": true, "text": "4 \u0e27\u0e34\u0e18\u0e35\u0e17\u0e35\u0e48\u0e17\u0e33\u0e43\u0e2b\u0e49\u0e1e\u0e48\u0e2d\u0e41\u0e21\u0e48\u0e44\u0e21\u0e48\u0e15\u0e34\u0e14\u0e21\u0e37\u0e2d\u0e16\u0e37\u0e2d..\n\u0e40\u0e1c\u0e37\u0e48\u0e2d\u0e27\u0e48\u0e32\u0e08\u0e30\u0e41\u0e01\u0e49\u0e17\u0e31\u0e19\u0e01\u0e48\u0e2d\u0e19\u0e25\u0e39\u0e01 \u0e46 \u0e02\u0e2d\u0e07\u0e40\u0e23\u0e32\u0e08\u0e30\u0e44\u0e1b\u0e40\u0e14\u0e34\u0e19\u0e1b\u0e23\u0e30\u0e17\u0e49\u0e27\u0e07\u0e1a\u0e49\u0e32\u0e07 \n\u0e43\u0e19\u0e23\u0e32\u0e22\u0e01\u0e32\u0e23 \u0e27\u0e31\u0e19\u0e40\u2026", "hashtags": ["#\u0e0a\u0e35\u0e27\u0e34\u0e15\u0e15\u0e34\u0e14Tech"], "topic": "unrest", "tweet_urls": ["https://t.co/vmjqFpKUuv"], "date": {"hour": 12, "month": 11, "iso": "2018-11-16T12:01:03", "year": 2018, "day": 16, "minute": 1}, "geo": null, "id": 1063401557847347200, "lang": "th", "emoticons": [], "user_id": 37950212, "coordinates": null, "source": "Grabyo", "location": "Bancock", "mentions": []}, {"truncated": false, "text": "\u0e2e\u0e37\u0e2d\u0e1b\u0e23\u0e30\u0e17\u0e49\u0e27\u0e07\u0e2b\u0e19\u0e49\u0e32\u0e28\u0e32\u0e25\u0e1f\u0e34\u0e25\u0e34\u0e1b\u0e1b\u0e34\u0e19\u0e2a\u0e4c \u0e2d\u0e19\u0e38\u0e0d\u0e32\u0e15\u0e1b\u0e23\u0e30\u0e01\u0e31\u0e19\u0e15\u0e31\u0e27\u2018\u0e2d\u0e35\u0e40\u0e21\u0e25\u0e14\u0e49\u0e32 \u0e21\u0e32\u0e23\u0e4c\u0e01\u0e2d\u0e2a\u2019", "hashtags": [], "topic": "unrest", "tweet_urls": ["https://t.co/MfaRoqr4ui"], "date": {"hour": 9, "month": 11, "iso": "2018-11-16T09:51:50", "year": 2018, "day": 16, "minute": 51}, "geo": null, "id": 1063369040377274368, "lang": "th", "emoticons": [], "user_id": 1669994028, "coordinates": null, "source": "Facebook", "location": "Bancock", "mentions": []}, {"truncated": false, "text": "\u0e16\u0e49\u0e32\u0e08\u0e30\u0e40\u0e25\u0e37\u0e2d\u0e01\u0e15\u0e31\u0e49\u0e07\u0e40\u0e1e\u0e23\u0e32\u0e30\u0e2a\u0e21\u0e32\u0e0a\u0e34\u0e01\u0e2b\u0e19\u0e49\u0e32\u0e15\u0e32\u0e14\u0e35\u0e25\u0e48\u0e30\u0e01\u0e47.. \u0e16\u0e49\u0e32\u0e21\u0e31\u0e19\u0e0b\u0e49\u0e33\u0e23\u0e2d\u0e22\u0e01\u0e47\u0e2d\u0e22\u0e48\u0e32\u0e2d\u0e2d\u0e01\u0e21\u0e32\u0e1b\u0e23\u0e30\u0e17\u0e49\u0e27\u0e07\u0e01\u0e31\u0e19\u0e19\u0e30\u0e1e\u0e27\u0e01\u0e21\u0e36\u0e07", "hashtags": [], "topic": "unrest", "tweet_urls": [], "date": {"hour": 8, "month": 11, "iso": "2018-11-16T08:37:45", "year": 2018, "day": 16, "minute": 37}, "geo": null, "id": 1063350396842725376, "lang": "th", "emoticons": [], "user_id": 4923888991, "coordinates": null, "source": "Twitter for iPhone", "location": "Bancock", "mentions": []}, {"truncated": false, "text": "\u0e16\u0e37\u0e2d\u0e1b\u0e49\u0e32\u0e22\u0e1b\u0e23\u0e30\u0e17\u0e49\u0e27\u0e07\u0e41\u0e19\u0e48", "hashtags": [], "topic": "unrest", "tweet_urls": [], "date": {"hour": 8, "month": 11, "iso": "2018-11-16T08:35:25", "year": 2018, "day": 16, "minute": 35}, "geo": null, "id": 1063349810487472128, "lang": "th", "emoticons": [], "user_id": 111192182, "coordinates": null, "source": "Twitter for iPhone", "location": "Bancock", "mentions": ["@unjikochan"]}, {"truncated": false, "text": "\u0e2d\u0e31\u0e07\u0e01\u0e24\u0e29\u0e23\u0e30\u0e2a\u0e48\u0e33 \u0e23\u0e21\u0e15. \u0e41\u0e2b\u0e48\u0e25\u0e32\u0e2d\u0e2d\u0e01\u0e1b\u0e23\u0e30\u0e17\u0e49\u0e27\u0e07\u0e40\u0e1a\u0e23\u0e47\u0e01\u0e0b\u0e34\u0e15", "hashtags": [], "topic": "unrest", "tweet_urls": ["https://t.co/HLic4Yx7bO"], "date": {"hour": 8, "month": 11, "iso": "2018-11-16T08:03:33", "year": 2018, "day": 16, "minute": 3}, "geo": null, "id": 1063341789803892736, "lang": "th", "emoticons": [], "user_id": 128787170, "coordinates": null, "source": "IFTTT", "location": "Bancock", "mentions": []}, {"truncated": false, "text": "\"\u0e23\u0e21\u0e27.\u0e01\u0e25\u0e32\u0e42\u0e2b\u0e21\u0e2d\u0e34\u0e2a\u0e23\u0e32\u0e40\u0e2d\u0e25\u0e25\u0e32\u0e2d\u0e2d\u0e01 \u0e1b\u0e23\u0e30\u0e17\u0e49\u0e27\u0e07\u0e2b\u0e22\u0e38\u0e14\u0e22\u0e34\u0e07\u0e09\u0e19\u0e27\u0e19\u0e01\u0e32\u0e0b\u0e48\u0e32\"", "hashtags": [], "topic": "unrest", "tweet_urls": ["https://t.co/atTCqOCBcl"], "date": {"hour": 8, "month": 11, "iso": "2018-11-16T08:00:14", "year": 2018, "day": 16, "minute": 0}, "geo": null, "id": 1063340955066077184, "lang": "th", "emoticons": [], "user_id": 109501449, "coordinates": null, "source": "IFTTT", "location": "Bancock", "mentions": []}, {"truncated": false, "text": "(7.2)\n\"\u0e2b\u0e25\u0e31\u0e01\u0e10\u0e32\u0e19\u0e41\u0e19\u0e48\u0e19\u0e2b\u0e19\u0e32 \u0e2d\u0e32\u0e40\u0e0b\u0e35\u0e48\u0e22\u0e19\u0e44\u0e1b\u0e2b\u0e32\u0e27\u0e31\u0e48\u0e07\u0e08\u0e35\u0e40\u0e16\u0e2d\u0e30\"//\u0e1e\u0e35\u0e48\u0e0b\u0e35\u0e22\u0e34\u0e49\u0e21\u0e2d\u0e48\u0e2d\u0e19\u0e42\u0e22\u0e19\u0e40\u0e2b\u0e21\u0e37\u0e2d\u0e19\u0e40\u0e14\u0e34\u0e21\n\n\"\u0e08\u0e30\u0e2a\u0e48\u0e07\u0e2a\u0e34\u0e19\u0e1a\u0e19\u0e01\u0e31\u0e19\u0e0a\u0e31\u0e14\u0e40\u0e08\u0e19\u0e44\u0e1b\u0e41\u0e25\u0e49\u0e27\u0e42\u0e27\u0e49\u0e22!\"//\u0e1e\u0e35\u0e48\u0e40\u0e2b\u0e22\u0e32\u0e1b\u0e23\u0e30\u0e17\u0e49\u0e27\u0e07", "hashtags": [], "topic": "unrest", "tweet_urls": [], "date": {"hour": 5, "month": 11, "iso": "2018-11-16T05:48:24", "year": 2018, "day": 16, "minute": 48}, "geo": null, "id": 1063307777336995841, "lang": "th", "emoticons": [], "user_id": 875486748, "coordinates": null, "source": "Twitter for Android", "location": "Bancock", "mentions": []}, {"truncated": true, "text": "(7.1)\n//\u0e1e\u0e35\u0e48\u0e0b\u0e35\u0e01\u0e31\u0e1a\u0e2d\u0e32\u0e40\u0e0b\u0e35\u0e48\u0e22\u0e19\u0e17\u0e30\u0e40\u0e25\u0e32\u0e30\u0e01\u0e31\u0e19\n\n\"\u0e40\u0e27\u0e48\u0e22\u0e2d\u0e34\u0e07 \u0e08\u0e30\u0e22\u0e2d\u0e21\u0e08\u0e33\u0e19\u0e19\u0e41\u0e15\u0e48\u0e42\u0e14\u0e22\u0e14\u0e35\u0e2b\u0e23\u0e37\u0e2d\u0e2d\u0e22\u0e32\u0e01\u0e43\u0e2b\u0e49\u0e1e\u0e35\u0e48\u0e0b\u0e49\u0e2d\u0e21\u0e40\u0e23\u0e32\u0e2a\u0e31\u0e01\u0e22\u0e01\u0e01\u0e48\u0e2d\u0e19?\"//\u0e22\u0e34\u0e49\u0e21\u0e2b\u0e27\u0e32\u0e19\u0e2b\u0e31\u0e01\u0e19\u0e34\u0e49\u0e27\u0e01\u0e23\u0e4a\u0e2d\u0e1a\u2026", "hashtags": [], "topic": "unrest", "tweet_urls": ["https://t.co/JjJvkAA3tx"], "date": {"hour": 5, "month": 11, "iso": "2018-11-16T05:47:59", "year": 2018, "day": 16, "minute": 47}, "geo": null, "id": 1063307672592633857, "lang": "th", "emoticons": [], "user_id": 875486748, "coordinates": null, "source": "Twitter for Android", "location": "Bancock", "mentions": []}, {"truncated": true, "text": "\u0e08\u0e31\u0e01\u0e29\u0e4c \u0e1e\u0e31\u0e19\u0e18\u0e38\u0e4c\u0e0a\u0e39\u0e40\u0e1e\u0e0a\u0e23 \u0e1a\u0e2d\u0e01\u0e27\u0e48\u0e32\u0e01\u0e32\u0e23\u0e40\u0e21\u0e37\u0e2d\u0e07\u0e15\u0e31\u0e49\u0e07\u0e2d\u0e22\u0e39\u0e48\u0e1a\u0e19\u0e27\u0e07\u0e08\u0e23\u0e2d\u0e38\u0e1a\u0e32\u0e17\u0e27\u0e4c \u0e04\u0e37\u0e2d\u0e21\u0e35\u0e01\u0e32\u0e23\u0e40\u0e25\u0e37\u0e2d\u0e01\u0e15\u0e31\u0e49\u0e07 \u0e08\u0e32\u0e01\u0e19\u0e31\u0e49\u0e19\u0e01\u0e47\u0e21\u0e35\u0e19\u0e31\u0e01\u0e18\u0e38\u0e23\u0e01\u0e34\u0e08/\u0e19\u0e31\u0e01\u0e01\u0e32\u0e23\u0e40\u0e21\u0e37\u0e2d\u0e07\u0e17\u0e38\u0e08\u0e23\u0e34\u0e15 \u0e08\u0e19\u2026", "hashtags": [], "topic": "unrest", "tweet_urls": ["https://t.co/e2XET0F9bx"], "date": {"hour": 3, "month": 11, "iso": "2018-11-16T03:20:12", "year": 2018, "day": 16, "minute": 20}, "geo": null, "id": 1063270483687133184, "lang": "th", "emoticons": [], "user_id": 3121015171, "coordinates": null, "source": "Twitter for Android", "location": "Bancock", "mentions": []}, {"truncated": false, "text": "\"\u0e0a\u0e38\u0e14\u0e0a\u0e31\u0e49\u0e19\u0e43\u0e19\u0e25\u0e32\u0e22\u0e25\u0e39\u0e01\u0e44\u0e21\u0e49\" \u0e2b\u0e25\u0e31\u0e01\u0e10\u0e32\u0e19\u0e04\u0e14\u0e35\u0e02\u0e48\u0e21\u0e02\u0e37\u0e19\u0e08\u0e38\u0e14\u0e01\u0e23\u0e30\u0e41\u0e2a\u0e1b\u0e23\u0e30\u0e17\u0e49\u0e27\u0e07\u0e43\u0e19\u0e1b\u0e23\u0e30\u0e40\u0e17\u0e28\u0e44\u0e2d\u0e23\u0e4c\u0e41\u0e25\u0e19\u0e14\u0e4c\nhttps://t.co/PE1ZLbUT3E", "hashtags": [], "topic": "unrest", "tweet_urls": [], "date": {"hour": 1, "month": 11, "iso": "2018-11-16T01:40:09", "year": 2018, "day": 16, "minute": 40}, "geo": null, "id": 1063245305078964225, "lang": "th", "emoticons": [], "user_id": 102622686, "coordinates": null, "source": "Twitter for Android", "location": "Bancock", "mentions": []}, {"truncated": false, "text": "\u0e21\u0e31\u0e19\u0e04\u0e07\u0e1b\u0e23\u0e30\u0e17\u0e49\u0e27\u0e07\u0e17\u0e35\u0e48\u0e23\u0e34\u0e2d\u0e32\u0e08\u0e19\u0e2d\u0e01\u0e43\u0e08", "hashtags": [], "topic": "unrest", "tweet_urls": [], "date": {"hour": 1, "month": 11, "iso": "2018-11-16T01:35:58", "year": 2018, "day": 16, "minute": 35}, "geo": null, "id": 1063244253503995904, "lang": "th", "emoticons": [], "user_id": 532893645, "coordinates": null, "source": "Twitter for Android", "location": "Bancock", "mentions": ["@SarapatpiD"]}, {"truncated": false, "text": "\u0e1e\u0e19\u0e31\u0e01\u0e07\u0e32\u0e19\u0e2d\u0e34\u0e15\u0e32\u0e40\u0e25\u0e35\u0e22\u0e19\u0e44\u0e17\u0e22\u0e01\u0e27\u0e48\u0e32 200 \u0e04\u0e19 \u0e1b\u0e23\u0e30\u0e17\u0e49\u0e27\u0e07\u0e04\u0e33\u0e2a\u0e31\u0e48\u0e07\u0e22\u0e49\u0e32\u0e22\u0e40\u0e02\u0e49\u0e32\u0e01\u0e23\u0e38\u0e07", "hashtags": ["#ThaiPBSnews"], "topic": "unrest", "tweet_urls": ["https://t.co/OD7wVnGJIE"], "date": {"hour": 0, "month": 11, "iso": "2018-11-16T00:16:02", "year": 2018, "day": 16, "minute": 16}, "geo": null, "id": 1063224135554281472, "lang": "th", "emoticons": [], "user_id": 2294029646, "coordinates": null, "source": "Twitter Web Client", "location": "Bancock", "mentions": []}, {"truncated": true, "text": "\u0e23\u0e31\u0e10\u0e2a\u0e20\u0e32\u0e2a\u0e2b\u0e23\u0e32\u0e0a\u0e2d\u0e32\u0e13\u0e32\u0e08\u0e31\u0e01\u0e23\u0e42\u0e2b\u0e27\u0e15\u0e23\u0e31\u0e1a\u0e23\u0e48\u0e32\u0e07\u0e02\u0e49\u0e2d\u0e15\u0e01\u0e25\u0e07 Brexit \u0e17\u0e35\u0e48 \u0e40\u0e17\u0e40\u0e23\u0e0b\u0e48\u0e32 \u0e40\u0e21\u0e22\u0e4c \u0e19\u0e32\u0e22\u0e01\u0e23\u0e31\u0e10\u0e21\u0e19\u0e15\u0e23\u0e35\u0e19\u0e33\u0e40\u0e2a\u0e19\u0e2d\u0e40\u0e21\u0e37\u0e48\u0e2d 15 \u0e1e.\u0e22.\u0e41\u0e25\u0e49\u0e27 \u0e02\u0e13\u0e30\u0e17\u0e35\u0e48\u0e1a\u0e23\u0e23\u0e22\u0e32\u0e01\u0e32\u0e28\u0e43\u0e19\u0e2a\u2026", "hashtags": [], "topic": "unrest", "tweet_urls": ["https://t.co/ZgNfDWKzMO"], "date": {"hour": 0, "month": 11, "iso": "2018-11-16T00:16:00", "year": 2018, "day": 16, "minute": 16}, "geo": null, "id": 1063224127308341248, "lang": "th", "emoticons": [], "user_id": 747367167868309505, "coordinates": null, "source": "TweetDeck", "location": "Bancock", "mentions": []}, {"truncated": false, "text": "\u0e1e\u0e25\u0e47\u0e2d\u0e15\u0e19\u0e49\u0e33\u0e40\u0e19\u0e48\u0e32\u0e15\u0e31\u0e49\u0e07\u0e41\u0e15\u0e48\u0e2a\u0e21\u0e31\u0e22\u0e41\u0e21\u0e25\u0e07\u0e2a\u0e32\u0e1a \u0e40\u0e15\u0e35\u0e4a\u0e22\u0e21\u0e01\u0e31\u0e19\u0e1b\u0e23\u0e30\u0e17\u0e49\u0e27\u0e07 \u0e41\u0e25\u0e49\u0e27\u0e01\u0e47\u0e42\u0e22\u0e19\u0e40\u0e07\u0e34\u0e19\u0e43\u0e2b\u0e49", "hashtags": [], "topic": "unrest", "tweet_urls": ["https://t.co/oT5EEGYoQN"], "date": {"hour": 19, "month": 11, "iso": "2018-11-15T19:39:13", "year": 2018, "day": 15, "minute": 39}, "geo": null, "id": 1063154471176306688, "lang": "th", "emoticons": [], "user_id": 1058474415183192064, "coordinates": null, "source": "Twitter Web Client", "location": "Bancock", "mentions": []}, {"truncated": true, "text": "\u0e1a\u0e31\u0e07\u0e04\u0e25\u0e32\u0e40\u0e17\u0e28 : \u0e0a\u0e48\u0e32\u0e07\u0e20\u0e32\u0e1e\u0e17\u0e35\u0e48\u0e16\u0e39\u0e01\u0e15\u0e31\u0e14\u0e2a\u0e34\u0e19\u0e08\u0e33\u0e04\u0e38\u0e01 Shahidul Alam \u0e44\u0e14\u0e49\u0e23\u0e31\u0e1a\u0e01\u0e32\u0e23\u0e1b\u0e23\u0e30\u0e01\u0e31\u0e19\u0e15\u0e31\u0e27\n\u0e0a\u0e48\u0e32\u0e07\u0e20\u0e32\u0e1e\u0e23\u0e30\u0e14\u0e31\u0e1a\u0e04\u0e23\u0e39 \u0e16\u0e39\u0e01\u0e15\u0e33\u0e23\u0e27\u0e08\u0e08\u0e31\u0e1a\u0e01\u0e38\u0e21 \u0e41\u0e25\u0e30\u0e16\u0e39\u0e01\u0e04\u0e38\u0e21\u0e02\u0e31\u0e07 1\u2026", "hashtags": [], "topic": "unrest", "tweet_urls": ["https://t.co/hj1spOGo9j"], "date": {"hour": 15, "month": 11, "iso": "2018-11-15T15:31:56", "year": 2018, "day": 15, "minute": 31}, "geo": null, "id": 1063092243332968449, "lang": "th", "emoticons": [], "user_id": 84185959, "coordinates": null, "source": "Twitter Web Client", "location": "Bancock", "mentions": []}, {"truncated": true, "text": "\u0e41\u0e2d\u0e1a\u0e07\u0e07\u0e01\u0e31\u0e1a\u0e0a\u0e32\u0e27\u0e1a\u0e23\u0e34\u0e17\u0e34\u0e0a\u0e2d\u0e22\u0e39\u0e48\u0e40\u0e2b\u0e21\u0e37\u0e2d\u0e19\u0e01\u0e31\u0e19\u0e19\u0e30 \u0e2d\u0e34\u0e01\u0e25\u0e38\u0e48\u0e21\u0e17\u0e35\u0e48\u0e2d\u0e22\u0e32\u0e01\u0e2d\u0e2d\u0e01\u0e01\u0e47\u0e27\u0e34\u0e08\u0e32\u0e23\u0e13\u0e4c\u0e40\u0e02\u0e32 \u0e1a\u0e2d\u0e01\u0e27\u0e48\u0e32\u0e14\u0e35\u0e25\u0e19\u0e35\u0e49\u0e44\u0e21\u0e48\u0e14\u0e35\u0e42\u0e07\u0e49\u0e19\u0e07\u0e35\u0e49 \u0e17\u0e33\u0e44\u0e21\u0e42\u0e2b\u0e27\u0e15\u0e2d\u0e2d\u0e01\u0e41\u0e25\u0e49\u0e27\u0e41\u0e22\u0e48\u0e25\u0e07\u0e01\u0e27\u0e48\u0e32\u0e15\u0e2d\u0e19\u2026", "hashtags": [], "topic": "unrest", "tweet_urls": ["https://t.co/3a3tECuJtG"], "date": {"hour": 15, "month": 11, "iso": "2018-11-15T15:12:20", "year": 2018, "day": 15, "minute": 12}, "geo": null, "id": 1063087308260302848, "lang": "th", "emoticons": [], "user_id": 845945236773777408, "coordinates": null, "source": "Twitter for Android", "location": "Bancock", "mentions": []}, {"truncated": true, "text": "\u0e40\u0e21\u0e37\u0e48\u0e2d MP \u0e04\u0e19\u0e19\u0e36\u0e07\u0e25\u0e32\u0e2d\u0e2d\u0e01\u0e08\u0e32\u0e01\u0e2a\u0e20\u0e32\u0e40\u0e1e\u0e37\u0e48\u0e2d\u0e40\u0e1b\u0e47\u0e19\u0e01\u0e32\u0e23\u0e1b\u0e23\u0e30\u0e17\u0e49\u0e27\u0e07 Theresa May \u0e2d\u0e22\u0e32\u0e01\u0e43\u0e2b\u0e49\u0e42\u0e1f\u0e01\u0e31\u0e2a\u0e17\u0e35\u0e48\u0e04\u0e2d\u0e21\u0e40\u0e21\u0e49\u0e19\u0e15\u0e4c British Politics \u0e44\u0e21\u0e48\u0e44\u0e14\u0e49 fierce \u0e41\u2026", "hashtags": [], "topic": "unrest", "tweet_urls": ["https://t.co/VAzXL58a0i"], "date": {"hour": 14, "month": 11, "iso": "2018-11-15T14:49:17", "year": 2018, "day": 15, "minute": 49}, "geo": null, "id": 1063081509848895488, "lang": "th", "emoticons": [], "user_id": 845945236773777408, "coordinates": null, "source": "Twitter for Android", "location": "Bancock", "mentions": []}, {"truncated": false, "text": "\u0e41\u0e21\u0e48\u0e04\u0e49\u0e32\u0e22\u0e2d\u0e21\u0e17\u0e38\u0e1a\u0e23\u0e16\u0e1c\u0e25\u0e44\u0e21\u0e49\u0e17\u0e35\u0e48\u0e40\u0e1b\u0e47\u0e19\u0e40\u0e04\u0e23\u0e37\u0e48\u0e2d\u0e07\u0e21\u0e37\u0e2d\u0e17\u0e33\u0e21\u0e32\u0e2b\u0e32\u0e01\u0e34\u0e19\u0e02\u0e2d\u0e07\u0e15\u0e19\u0e40\u0e2d\u0e07..\u0e1b\u0e23\u0e30\u0e17\u0e49\u0e27\u0e07\u0e40\u0e17\u0e28\u0e01\u0e34\u0e08..\u0e04\u0e37\u0e2d Informal sector \u0e2d\u0e32\u0e08\u0e08\u0e30\u0e40\u0e1b\u0e47\u0e19 illegal \u0e41\u0e15\u0e48\u0e44\u0e21\u0e48\u0e43\u0e0a\u0e48 criminal \u0e19\u0e30", "hashtags": [], "topic": "unrest", "tweet_urls": [], "date": {"hour": 12, "month": 11, "iso": "2018-11-15T12:55:29", "year": 2018, "day": 15, "minute": 55}, "geo": null, "id": 1063052871459991553, "lang": "th", "emoticons": [], "user_id": 124060804, "coordinates": null, "source": "Twitter for iPhone", "location": "Bancock", "mentions": []}, {"truncated": false, "text": "\u2018\u0e01\u0e2d\u0e1a\u0e28\u0e31\u0e01\u0e14\u0e34\u0e4c\u2019\u0e1e\u0e1a\u0e19\u0e28. \u0e40\u0e1c\u0e22\u0e17\u0e38\u0e01\u0e02\u0e4c\u0e43\u0e08\u0e40\u0e2b\u0e15\u0e38\u0e1b\u0e23\u0e30\u0e17\u0e49\u0e27\u0e07 \u0e25\u0e31\u0e48\u0e19\u0e01\u0e32\u0e23\u0e40\u0e21\u0e37\u0e2d\u0e07\u0e19\u0e34\u0e48\u0e07 \u0e28\u0e01.\u0e02\u0e31\u0e1a\u0e40\u0e04\u0e25\u0e37\u0e48\u0e2d\u0e19\u0e44\u0e14\u0e49", "hashtags": [], "topic": "unrest", "tweet_urls": ["https://t.co/Sf9h4Rf1w9"], "date": {"hour": 11, "month": 11, "iso": "2018-11-15T11:47:05", "year": 2018, "day": 15, "minute": 47}, "geo": null, "id": 1063035656694226945, "lang": "th", "emoticons": [], "user_id": 1669994028, "coordinates": null, "source": "Facebook", "location": "Bancock", "mentions": []}, {"truncated": true, "text": "\u0e16\u0e49\u0e32\u0e40\u0e2a\u0e32\u0e23\u0e4c\u0e2d\u0e32\u0e17\u0e34\u0e15\u0e22\u0e4c\u0e19\u0e35\u0e49\u0e44\u0e21\u0e48\u0e44\u0e14\u0e49\u0e2b\u0e22\u0e38\u0e14 \u0e08\u0e30\u0e01\u0e25\u0e32\u0e22\u0e40\u0e1b\u0e47\u0e19\u0e40\u0e23\u0e32\u0e17\u0e33\u0e07\u0e32\u0e19\u0e15\u0e34\u0e14\u0e15\u0e48\u0e2d\u0e01\u0e31\u0e19\u0e41\u0e1a\u0e1a\u0e21\u0e32\u0e23\u0e32\u0e18\u0e2d\u0e19\u0e21\u0e32 14 \u0e27\u0e31\u0e19\u0e15\u0e34\u0e14\u0e15\u0e48\u0e2d\u0e01\u0e31\u0e19 \u0e19\u0e35\u0e48\u0e22\u0e31\u0e07\u0e44\u0e21\u0e48\u0e19\u0e31\u0e1a\u0e08\u0e31\u0e19\u0e17\u0e23\u0e4c - \u0e28\u0e38\u0e01\u0e23\u0e4c\u0e2b\u0e19\u0e49\u0e32\u2026", "hashtags": [], "topic": "unrest", "tweet_urls": ["https://t.co/fhVHwt7vWJ"], "date": {"hour": 8, "month": 11, "iso": "2018-11-15T08:30:48", "year": 2018, "day": 15, "minute": 30}, "geo": null, "id": 1062986259063132160, "lang": "th", "emoticons": [], "user_id": 869014112, "coordinates": null, "source": "Twitter for Android", "location": "Bancock", "mentions": []}, {"truncated": false, "text": "\u0e23\u0e39\u0e49\u0e2a\u0e36\u0e01\u0e04\u0e38\u0e49\u0e19\u0e46\u0e40\u0e2b\u0e21\u0e37\u0e2d\u0e19\u0e25\u0e34\u0e40\u0e01\u0e42\u0e23\u0e07\u0e40\u0e01\u0e48\u0e32 \u0e19\u0e31\u0e14\u0e41\u0e19\u0e30\u0e43\u0e2b\u0e49\u0e21\u0e32\u0e1b\u0e23\u0e30\u0e17\u0e49\u0e27\u0e07\u0e41\u0e25\u0e49\u0e27\u0e01\u0e47\u0e42\u0e22\u0e19\u0e40\u0e07\u0e34\u0e19\u0e43\u0e2b\u0e49 \u0e08\u0e1a", "hashtags": [], "topic": "unrest", "tweet_urls": [], "date": {"hour": 7, "month": 11, "iso": "2018-11-15T07:58:58", "year": 2018, "day": 15, "minute": 58}, "geo": null, "id": 1062978250220027905, "lang": "th", "emoticons": [], "user_id": 951089635714723841, "coordinates": null, "source": "TweetDeck", "location": "Bancock", "mentions": []}, {"truncated": false, "text": "\u0e43\u0e2a\u0e48\u0e01\u0e32\u0e07\u0e40\u0e01\u0e07\u0e43\u0e19\u0e25\u0e39\u0e01\u0e44\u0e21\u0e49 \u0e01\u0e47\u0e41\u0e1b\u0e25\u0e27\u0e48\u0e32\u0e2a\u0e21\u0e22\u0e2d\u0e21\u0e41\u0e25\u0e49\u0e27? \u0e2a\u0e32\u0e27\u0e44\u0e2d\u0e23\u0e34\u0e0a\u0e41\u0e2b\u0e48\u0e42\u0e1e\u0e2a\u0e15\u0e4c\u0e2d\u0e31\u0e19\u0e40\u0e14\u0e2d\u0e23\u0e4c\u0e41\u0e27\u0e23\u0e4c\u0e40\u0e0b\u0e47\u0e01\u0e0b\u0e35\u0e48 \u0e1b\u0e23\u0e30\u0e17\u0e49\u0e27\u0e07\u0e28\u0e32\u0e25\u0e22\u0e01\u0e1f\u0e49\u0e2d\u0e07\u0e2b\u0e19\u0e38\u0e48\u0e21\u0e04\u0e14\u0e35\u0e02\u0e48\u0e21\u0e02\u0e37\u0e19", "hashtags": [], "topic": "unrest", "tweet_urls": ["https://t.co/SKu8LhYx46"], "date": {"hour": 6, "month": 11, "iso": "2018-11-15T06:10:07", "year": 2018, "day": 15, "minute": 10}, "geo": null, "id": 1062950855568166912, "lang": "th", "emoticons": [], "user_id": 106324785, "coordinates": null, "source": "Facebook", "location": "Bancock", "mentions": []}, {"truncated": false, "text": "\u0e43\u0e2a\u0e48\u0e01\u0e32\u0e07\u0e40\u0e01\u0e07\u0e43\u0e19\u0e25\u0e39\u0e01\u0e44\u0e21\u0e49 \u0e01\u0e47\u0e41\u0e1b\u0e25\u0e27\u0e48\u0e32\u0e2a\u0e21\u0e22\u0e2d\u0e21\u0e41\u0e25\u0e49\u0e27? \u0e2a\u0e32\u0e27\u0e44\u0e2d\u0e23\u0e34\u0e0a\u0e41\u0e2b\u0e48\u0e42\u0e1e\u0e2a\u0e15\u0e4c\u0e2d\u0e31\u0e19\u0e40\u0e14\u0e2d\u0e23\u0e4c\u0e41\u0e27\u0e23\u0e4c\u0e40\u0e0b\u0e47\u0e01\u0e0b\u0e35\u0e48 \u0e1b\u0e23\u0e30\u0e17\u0e49\u0e27\u0e07\u0e28\u0e32\u0e25\u0e22\u0e01\u0e1f\u0e49\u0e2d\u0e07\u0e2b\u0e19\u0e38\u0e48\u0e21\u0e04\u0e14\u0e35\u0e02\u0e48\u0e21\u0e02\u0e37\u0e19", "hashtags": [], "topic": "unrest", "tweet_urls": ["https://t.co/klVNreS0qm"], "date": {"hour": 6, "month": 11, "iso": "2018-11-15T06:10:06", "year": 2018, "day": 15, "minute": 10}, "geo": null, "id": 1062950852699324417, "lang": "th", "emoticons": [], "user_id": 4628487320, "coordinates": null, "source": "Facebook", "location": "Bancock", "mentions": []}, {"truncated": false, "text": "\"\u0e2d\u0e31\u0e19\u0e40\u0e14\u0e2d\u0e23\u0e4c\u0e41\u0e27\u0e23\u0e4c\"\u0e2b\u0e25\u0e31\u0e01\u0e10\u0e32\u0e19\u0e04\u0e14\u0e35\u0e02\u0e48\u0e21\u0e02\u0e37\u0e19\u0e08\u0e38\u0e14\u0e01\u0e23\u0e30\u0e41\u0e2a\u0e1b\u0e23\u0e30\u0e17\u0e49\u0e27\u0e07\u0e43\u0e19\u0e44\u0e2d\u0e23\u0e4c\u0e41\u0e25\u0e19\u0e14\u0e4c", "hashtags": [], "topic": "unrest", "tweet_urls": ["https://t.co/TgkgHhWT3i"], "date": {"hour": 5, "month": 11, "iso": "2018-11-15T05:23:02", "year": 2018, "day": 15, "minute": 23}, "geo": null, "id": 1062939008525692928, "lang": "th", "emoticons": [], "user_id": 24871506, "coordinates": null, "source": "KomchadluekAutoTweet", "location": "Bancock", "mentions": []}, {"truncated": false, "text": "\u0e1b\u0e25\u0e48\u0e2d\u0e22\u0e40\u0e02\u0e32\u0e40\u0e2b\u0e2d\u0e30 \u0e40\u0e1a\u0e49\u0e1b\u0e32\u0e01\u0e01\u0e31\u0e1a\u0e1e\u0e27\u0e01\u0e1b\u0e23\u0e30\u0e17\u0e49\u0e27\u0e07 \u0e41\u0e15\u0e48\u0e04\u0e25\u0e34\u0e1b\u0e1c\u0e39\u0e49\u0e43\u0e2b\u0e0d\u0e48\u0e1a\u0e49\u0e32\u0e19\u0e14\u0e48\u0e32\u0e2a\u0e38\u0e40\u0e17\u0e1e\u0e2d\u0e31\u0e19\u0e19\u0e31\u0e49\u0e19 \u0e04\u0e37\u0e2d\u0e14\u0e35\u0e22\u0e4c\u0e21\u0e32\u0e01\u0e19\u0e30 \u0e08\u0e33\u0e44\u0e14\u0e49\u0e44\u0e2b\u0e21", "hashtags": [], "topic": "unrest", "tweet_urls": [], "date": {"hour": 1, "month": 11, "iso": "2018-11-15T01:45:08", "year": 2018, "day": 15, "minute": 45}, "geo": null, "id": 1062884170660110336, "lang": "th", "emoticons": [], "user_id": 94476512, "coordinates": null, "source": "Twitter for iPhone", "location": "Bancock", "mentions": ["@Stop_Dadjarit"]}, {"truncated": true, "text": "Ireland \u0e40\u0e2b\u0e22\u0e37\u0e48\u0e2d\u0e02\u0e48\u0e21\u0e02\u0e37\u0e19\u0e16\u0e39\u0e01\u0e15\u0e31\u0e14\u0e2a\u0e34\u0e19\u0e27\u0e48\u0e32\u0e1c\u0e34\u0e14\u0e42\u0e14\u0e22\u0e17\u0e19\u0e32\u0e22(\u0e2b\u0e0d\u0e34\u0e07) \u0e43\u0e0a\u0e49\u0e2b\u0e25\u0e31\u0e01\u0e10\u0e32\u0e19\u0e40\u0e1b\u0e47\u0e19\u0e0a\u0e31\u0e49\u0e19\u0e43\u0e19\u0e17\u0e35\u0e48\u0e40\u0e2b\u0e22\u0e37\u0e48\u0e2d\u0e43\u0e2a\u0e48 (thong \u0e25\u0e39\u0e01\u0e44\u0e21\u0e49) \u0e08\u0e32\u0e01\u0e19\u0e31\u0e49\u0e19\u0e1e\u0e25\u0e40\u0e21\u0e37\u0e2d\u0e07\u0e2d\u0e2d\u0e01\u0e21\u2026", "hashtags": [], "topic": "unrest", "tweet_urls": ["https://t.co/4d6fN34tZY"], "date": {"hour": 1, "month": 11, "iso": "2018-11-15T01:38:24", "year": 2018, "day": 15, "minute": 38}, "geo": null, "id": 1062882478002565121, "lang": "th", "emoticons": [], "user_id": 186522129, "coordinates": null, "source": "Twitter for iPhone", "location": "Bancock", "mentions": []}, {"truncated": false, "text": "\u0e17\u0e33\u0e44\u0e21\u0e44\u0e21\u0e48\u0e44\u0e1b\u0e2d\u0e22\u0e39\u0e48\u0e1d\u0e23\u0e31\u0e48\u0e07\u0e40\u0e28\u0e2a\u0e01\u0e31\u0e1a\u0e44\u0e2d\u0e49\u0e2b\u0e07\u0e2d\u0e01\u0e1c\u0e31\u0e01\u0e25\u0e30 \u0e0a\u0e35\u0e27\u0e34\u0e15\u0e14\u0e35\u0e4a\u0e22\u0e4c\u0e14\u0e35 \u0e44\u0e21\u0e48\u0e21\u0e35\u0e1b\u0e23\u0e30\u0e17\u0e49\u0e27\u0e07\u0e40\u0e25\u0e22\u0e22\u0e22\u0e22", "hashtags": [], "topic": "unrest", "tweet_urls": ["https://t.co/bpDPtSqZ6A"], "date": {"hour": 21, "month": 11, "iso": "2018-11-14T21:39:48", "year": 2018, "day": 14, "minute": 39}, "geo": null, "id": 1062822430723366912, "lang": "th", "emoticons": [], "user_id": 61951074, "coordinates": null, "source": "Twitter Web Client", "location": "Bancock", "mentions": []}, {"truncated": true, "text": "\u0e15\u0e2d\u0e19\u0e44\u0e1b\u0e40\u0e08\u0e2d\u0e40\u0e02\u0e32\u0e1b\u0e23\u0e30\u0e17\u0e49\u0e27\u0e07\u0e17\u0e35\u0e48 East Side Gallery \u0e15\u0e2d\u0e19\u0e19\u0e31\u0e49\u0e19\u0e40\u0e02\u0e32\u0e08\u0e30\u0e23\u0e37\u0e49\u0e2d\u0e01\u0e33\u0e41\u0e1e\u0e07\u0e40\u0e1a\u0e2d\u0e23\u0e4c\u0e25\u0e34\u0e19\u0e40\u0e2d\u0e32\u0e44\u0e1b\u0e17\u0e33\u0e04\u0e2d\u0e19\u0e42\u0e14 \u0e21\u0e35\u0e04\u0e19\u0e1b\u0e23\u0e30\u0e17\u0e49\u0e27\u0e07\u0e44\u0e21\u0e48\u0e43\u0e2b\u0e49\u0e23\u0e37\u0e49\u0e2d \u0e41\u0e25\u0e49\u0e27\u0e21\u0e35\u0e08\u0e31\u0e07\u0e2b\u0e27\u2026", "hashtags": [], "topic": "unrest", "tweet_urls": ["https://t.co/qQucrA7nOs"], "date": {"hour": 16, "month": 11, "iso": "2018-11-14T16:37:22", "year": 2018, "day": 14, "minute": 37}, "geo": null, "id": 1062746323181420544, "lang": "th", "emoticons": [], "user_id": 320519695, "coordinates": null, "source": "Twitter Web Client", "location": "Bancock", "mentions": []}, {"truncated": true, "text": "\u0e41\u0e01\u0e19\u0e19\u0e33\u0e22\u0e32\u0e07\u0e1e\u0e32\u0e23\u0e32\u0e44\u0e21\u0e48\u0e40\u0e0a\u0e37\u0e48\u0e2d \u0e23\u0e31\u0e10\u0e41\u0e01\u0e49\u0e1b\u0e31\u0e0d\u0e2b\u0e32\u0e22\u0e32\u0e07\u0e44\u0e14\u0e49\u0e20\u0e32\u0e22\u0e43\u0e19 7 \u0e27\u0e31\u0e19", "hashtags": ["#\u0e17\u0e35\u0e48\u0e19\u0e35\u0e48ThaiPBS", "#ThaiPBS", "#\u0e23\u0e32\u0e04\u0e32\u0e22\u0e32\u0e07", "#\u0e22\u0e32\u0e07\u0e1e\u0e32\u0e23\u0e32", "#\u0e21\u0e47\u0e2d\u0e1a\u0e2a\u0e27\u0e19\u0e22\u0e32\u0e07", "#\u0e1b\u0e23\u0e30\u0e17\u0e49\u0e27\u0e07\u2026"], "topic": "unrest", "tweet_urls": ["https://t.co/wX0FAqEuIo"], "date": {"hour": 15, "month": 11, "iso": "2018-11-14T15:29:21", "year": 2018, "day": 14, "minute": 29}, "geo": null, "id": 1062729205664923648, "lang": "th", "emoticons": [], "user_id": 136344724, "coordinates": null, "source": "Facebook", "location": "Bancock", "mentions": []}, {"truncated": false, "text": "\u0e17\u0e33\u0e44\u0e21\u0e41\u0e17\u0e47\u0e01\u0e0b\u0e35\u0e48\u0e40\u0e23\u0e35\u0e22\u0e01\u0e25\u0e48\u0e27\u0e07\u0e2b\u0e19\u0e49\u0e32\u0e40\u0e23\u0e35\u0e22\u0e01\u0e22\u0e32\u0e01\u0e08\u0e31\u0e07 \u0e1e\u0e23\u0e38\u0e48\u0e07\u0e19\u0e35\u0e49\u0e21\u0e35\u0e1b\u0e23\u0e30\u0e17\u0e49\u0e27\u0e07\u0e2b\u0e22\u0e38\u0e14\u0e07\u0e32\u0e19\u0e2b\u0e23\u0e2d", "hashtags": [], "topic": "unrest", "tweet_urls": [], "date": {"hour": 15, "month": 11, "iso": "2018-11-14T15:04:37", "year": 2018, "day": 14, "minute": 4}, "geo": null, "id": 1062722979342147584, "lang": "th", "emoticons": [], "user_id": 22708926, "coordinates": null, "source": "Twitter Web Client", "location": "Bancock", "mentions": []}, {"truncated": true, "text": "\u0e01\u0e48\u0e2d\u0e04\u0e27\u0e32\u0e21\u0e27\u0e38\u0e48\u0e19\u0e27\u0e32\u0e22\u0e01\u0e31\u0e19\u0e40\u0e22\u0e2d\u0e30\u0e46 \u0e08\u0e30\u0e44\u0e14\u0e49\u0e40\u0e25\u0e37\u0e48\u0e2d\u0e19\u0e40\u0e25\u0e37\u0e2d\u0e01\u0e15\u0e31\u0e49\u0e07 \u0e1a\u0e49\u0e32\u0e19\u0e40\u0e21\u0e37\u0e2d\u0e07\u0e22\u0e31\u0e07\u0e44\u0e21\u0e48\u0e2a\u0e07\u0e1a \u0e43\u0e2b\u0e49\u0e23\u0e31\u0e14\u0e1a\u0e32\u0e19\u0e19\u0e35\u0e49\u0e2d\u0e22\u0e39\u0e48\u0e15\u0e48\u0e2d \n\u0e0a\u0e32\u0e27\u0e2a\u0e27\u0e19\u0e22\u0e32\u0e07\u0e2d\u0e22\u0e48\u0e32\u0e22\u0e2d\u0e21\u0e41\u0e1e\u0e49 \u0e2d\u0e2d\u0e01\u0e21\u0e32\u0e1b\u0e23\u0e30\u0e17\u0e49\u0e27\u2026", "hashtags": [], "topic": "unrest", "tweet_urls": ["https://t.co/r3ySYJRckJ"], "date": {"hour": 13, "month": 11, "iso": "2018-11-14T13:15:25", "year": 2018, "day": 14, "minute": 15}, "geo": null, "id": 1062695500221050880, "lang": "th", "emoticons": [], "user_id": 3094434642, "coordinates": null, "source": "Facebook", "location": "Bancock", "mentions": []}, {"truncated": false, "text": "\u0e22\u0e01\u0e23\u0e30\u0e14\u0e31\u0e1a\u0e40\u0e1c\u0e32\u0e17\u0e38\u0e01\u0e2d\u0e33\u0e40\u0e20\u0e2d! \u0e0a\u0e32\u0e27\u0e2a\u0e27\u0e19\u0e1b\u0e32\u0e25\u0e4c\u0e21\u0e01\u0e23\u0e30\u0e1a\u0e35\u0e48 \u0e1b\u0e23\u0e30\u0e17\u0e49\u0e27\u0e07\u0e23\u0e31\u0e10\u0e1a\u0e32\u0e25 \u0e40\u0e23\u0e48\u0e07\u0e41\u0e01\u0e49\u0e23\u0e32\u0e04\u0e32\u0e15\u0e01\n\n#Khaosod", "hashtags": ["#\u0e02\u0e48\u0e32\u0e27\u0e2a\u0e14"], "topic": "unrest", "tweet_urls": ["https://t.co/T1WXgyn60I"], "date": {"hour": 12, "month": 11, "iso": "2018-11-14T12:58:08", "year": 2018, "day": 14, "minute": 58}, "geo": null, "id": 1062691149402451968, "lang": "th", "emoticons": [], "user_id": 266946216, "coordinates": null, "source": "Facebook", "location": "Bancock", "mentions": []}, {"truncated": false, "text": "\u0e15\u0e37\u0e48\u0e19\u0e15\u0e35\u0e2a\u0e35\u0e48\u0e15\u0e35\u0e2b\u0e49\u0e32\u0e21\u0e323\u0e27\u0e31\u0e19\u0e15\u0e34\u0e14 \u0e23\u0e48\u0e32\u0e07\u0e01\u0e32\u0e22\u0e40\u0e23\u0e34\u0e48\u0e21\u0e1b\u0e23\u0e30\u0e17\u0e49\u0e27\u0e07\u0e14\u0e49\u0e27\u0e22\u0e2d\u0e32\u0e01\u0e32\u0e23\u0e1b\u0e27\u0e14\u0e2b\u0e31\u0e27\u0e08\u0e35\u0e4a\u0e14\u0e46", "hashtags": ["#\u0e41\u0e01\u0e48\u0e41\u0e25\u0e49\u0e27\u0e2a\u0e34\u0e19\u0e30"], "topic": "unrest", "tweet_urls": [], "date": {"hour": 12, "month": 11, "iso": "2018-11-14T12:38:50", "year": 2018, "day": 14, "minute": 38}, "geo": null, "id": 1062686292088041472, "lang": "th", "emoticons": [], "user_id": 331458220, "coordinates": null, "source": "Twitter for Android", "location": "Bancock", "mentions": []}, {"truncated": false, "text": "\u0e23\u0e16\u0e2b\u0e38\u0e49\u0e21\u0e40\u0e01\u0e23\u0e32\u0e30\u0e40\u0e2d\u0e32\u0e44\u0e27\u0e49\u0e1b\u0e23\u0e32\u0e1a\u0e42\u0e08\u0e23\u0e01\u0e23\u0e30\u0e08\u0e2d\u0e01\u0e17\u0e35\u0e48\u0e1e\u0e48\u0e2d\u0e21\u0e36\u0e07\u0e01\u0e48\u0e2d\u0e40\u0e23\u0e37\u0e48\u0e2d\u0e07\u0e44\u0e27\u0e49\u0e44\u0e07 \u0e2a\u0e48\u0e07 \u0e15\u0e23 \u0e44\u0e1b\u0e2d\u0e38\u0e49\u0e21\u0e01\u0e35\u0e48\u0e04\u0e19 \u0e1e\u0e2d\u0e21\u0e35\u0e1b\u0e23\u0e30\u0e17\u0e49\u0e27\u0e07\u0e41\u0e21\u0e48\u0e07\u0e01\u0e47\u0e17\u0e33\u0e40\u0e25\u0e30\u0e40\u0e17\u0e30 \u0e15\u0e32\u0e22\u0e01\u0e31\u0e19\u0e40\u0e1b\u0e47\u0e19\u0e40\u0e1a\u0e37\u0e2d", "hashtags": [], "topic": "unrest", "tweet_urls": [], "date": {"hour": 11, "month": 11, "iso": "2018-11-14T11:35:56", "year": 2018, "day": 14, "minute": 35}, "geo": null, "id": 1062670461157355523, "lang": "th", "emoticons": [], "user_id": 59092615, "coordinates": null, "source": "Twitter for iPhone", "location": "Bancock", "mentions": []}, {"truncated": false, "text": "3\u0e42\u0e25\u0e23\u0e49\u0e2d\u0e22 ! \u0e0a\u0e32\u0e27\u0e2a\u0e27\u0e19\u0e22\u0e32\u0e07\u0e20\u0e32\u0e04\u0e43\u0e15\u0e49 \u0e40\u0e04\u0e25\u0e37\u0e48\u0e2d\u0e19\u0e02\u0e1a\u0e27\u0e19\u0e23\u0e16\u0e40\u0e1b\u0e34\u0e14\u0e44\u0e1f\u0e01\u0e23\u0e30\u0e1e\u0e23\u0e34\u0e1a\u0e1b\u0e23\u0e30\u0e17\u0e49\u0e27\u0e07\u0e23\u0e32\u0e04\u0e32\u0e15\u0e01 [\u0e04\u0e25\u0e34\u0e1b]", "hashtags": ["#SpringNews", "#\u0e02\u0e48\u0e32\u0e27\u0e08\u0e23\u0e34\u0e07", "#\u0e2a\u0e1b\u0e23\u0e34\u0e07\u0e19\u0e34\u0e27\u0e2a\u0e4c"], "topic": "unrest", "tweet_urls": ["https://t.co/9j741lMKg9"], "date": {"hour": 10, "month": 11, "iso": "2018-11-14T10:21:46", "year": 2018, "day": 14, "minute": 21}, "geo": null, "id": 1062651799994228737, "lang": "th", "emoticons": [], "user_id": 87732915, "coordinates": null, "source": "Twitter Web Client", "location": "Bancock", "mentions": []}, {"truncated": false, "text": "\u0e40\u0e01\u0e25\u0e35\u0e22\u0e14\u0e01\u0e32\u0e23\u0e17\u0e35\u0e48\u0e40\u0e04\u0e23\u0e35\u0e22\u0e14+\u0e19\u0e2d\u0e19\u0e19\u0e49\u0e2d\u0e22 \u0e41\u0e25\u0e49\u0e27\u0e23\u0e48\u0e32\u0e07\u0e01\u0e32\u0e22\u0e1b\u0e23\u0e30\u0e17\u0e49\u0e27\u0e07\u0e14\u0e49\u0e27\u0e22\u0e01\u0e32\u0e23\u0e02\u0e36\u0e49\u0e19\u0e15\u0e38\u0e48\u0e21\u0e1c\u0e37\u0e48\u0e19 \u0e2d\u0e34\u0e0b\u0e31\u0e4a\u0e0b!", "hashtags": [], "topic": "unrest", "tweet_urls": [], "date": {"hour": 9, "month": 11, "iso": "2018-11-14T09:37:36", "year": 2018, "day": 14, "minute": 37}, "geo": null, "id": 1062640681842143232, "lang": "th", "emoticons": [], "user_id": 393814456, "coordinates": null, "source": "Twitter for Android", "location": "Bancock", "mentions": []}, {"truncated": true, "text": "\u0e16\u0e49\u0e32\u0e08\u0e30\u0e44\u0e1b\u0e1b\u0e23\u0e30\u0e17\u0e49\u0e27\u0e07\u0e14\u0e39\u0e14\u0e01\u0e31\u0e0d\u0e0a\u0e32\u0e2b\u0e19\u0e49\u0e32\u0e17\u0e33\u0e40\u0e19\u0e35\u0e22\u0e1a \u0e19\u0e35\u0e48\u0e2d\u0e22\u0e48\u0e32\u0e17\u0e33\u0e40\u0e25\u0e22 \u0e43\u0e2b\u0e49\u0e40\u0e2d\u0e32\u0e01\u0e31\u0e0d\u0e0a\u0e32\u0e44\u0e1b\u0e40\u0e1c\u0e32\u0e14\u0e35\u0e01\u0e27\u0e48\u0e32 \u0e2b\u0e32\u0e21\u0e38\u0e21\u0e14\u0e35\u0e46 \u0e17\u0e35\u0e48\u0e25\u0e21\u0e21\u0e31\u0e19\u0e1e\u0e31\u0e14\u0e40\u0e02\u0e49\u0e32\u0e17\u0e33\u0e40\u0e19\u0e35\u0e22\u0e1a \u0e40\u0e2d\u0e32\u0e1e\u0e31\u0e14\u0e25\u0e21\u0e40\u0e1b\u0e48\u0e32\u2026", "hashtags": [], "topic": "unrest", "tweet_urls": ["https://t.co/NlQXxawGSw"], "date": {"hour": 9, "month": 11, "iso": "2018-11-14T09:01:59", "year": 2018, "day": 14, "minute": 1}, "geo": null, "id": 1062631720954941440, "lang": "th", "emoticons": [], "user_id": 40598873, "coordinates": null, "source": "Facebook", "location": "Bancock", "mentions": []}, {"truncated": true, "text": "\u0e40\u0e08\u0e49\u0e32\u0e2b\u0e19\u0e49\u0e32\u0e17\u0e35\u0e48 \u0e15\u0e23\u0e27\u0e08\u0e04\u0e49\u0e19\u0e02\u0e1a\u0e27\u0e19\u0e01\u0e25\u0e38\u0e48\u0e21\u0e1c\u0e39\u0e49\u0e0a\u0e38\u0e21\u0e19\u0e38\u0e21\u0e0a\u0e32\u0e27\u0e2a\u0e27\u0e19\u0e22\u0e32\u0e07 \u0e17\u0e35\u0e48\u0e1c\u0e48\u0e32\u0e19\u0e14\u0e48\u0e32\u0e19\u0e15\u0e23\u0e27\u0e08 \u0e23\u0e30\u0e2b\u0e27\u0e48\u0e32\u0e07\u0e40\u0e04\u0e25\u0e37\u0e48\u0e2d\u0e19\u0e02\u0e1a\u0e27\u0e19\u0e23\u0e16\u0e02\u0e31\u0e1a\u0e41\u0e2b\u0e48\u0e1b\u0e23\u0e30\u0e17\u0e49\u0e27\u0e07\u0e23\u0e32\u0e04\u0e32\u0e22\u0e32\u0e07\u0e1e\u0e32\u0e23\u0e32\u0e17\u0e35\u0e48\u0e15\u0e01\u0e15\u0e48\u0e33\u2026", "hashtags": [], "topic": "unrest", "tweet_urls": ["https://t.co/nYifECo4y8"], "date": {"hour": 7, "month": 11, "iso": "2018-11-14T07:45:00", "year": 2018, "day": 14, "minute": 45}, "geo": null, "id": 1062612345891971072, "lang": "th", "emoticons": [], "user_id": 37950212, "coordinates": null, "source": "TweetDeck", "location": "Bancock", "mentions": []}, {"truncated": false, "text": "\u0e08\u0e35\u0e19\u0e0a\u0e30\u0e25\u0e2d\u0e01\u0e21.\u0e2d\u0e19\u0e38\u0e0d\u0e32\u0e15\u0e43\u0e0a\u0e49'\u0e19\u0e2d\u0e41\u0e23\u0e14-\u0e01\u0e23\u0e30\u0e14\u0e39\u0e01\u0e40\u0e2a\u0e37\u0e2d'\u0e23\u0e31\u0e01\u0e29\u0e32\u0e42\u0e23\u0e04 \u0e2b\u0e25\u0e31\u0e07\u0e01\u0e25\u0e38\u0e48\u0e21\u0e2d\u0e19\u0e38\u0e23\u0e31\u0e01\u0e29\u0e4c\u0e2a\u0e34\u0e48\u0e07\u0e41\u0e27\u0e14\u0e25\u0e49\u0e2d\u0e21\u0e1b\u0e23\u0e30\u0e17\u0e49\u0e27\u0e07", "hashtags": [], "topic": "unrest", "tweet_urls": ["https://t.co/E0QNBzKnhJ"], "date": {"hour": 7, "month": 11, "iso": "2018-11-14T07:21:57", "year": 2018, "day": 14, "minute": 21}, "geo": null, "id": 1062606547870576640, "lang": "th", "emoticons": [], "user_id": 1669994028, "coordinates": null, "source": "Facebook", "location": "Bancock", "mentions": []}, {"truncated": true, "text": "\u0e40\u0e27\u0e25\u0e32 12.00 \u0e19. \u0e40\u0e01\u0e29\u0e15\u0e23\u0e0a\u0e32\u0e27\u0e2a\u0e27\u0e19\u0e22\u0e32\u0e07\u0e1b\u0e23\u0e30\u0e17\u0e49\u0e27\u0e07\u0e23\u0e32\u0e04\u0e32\u0e22\u0e32\u0e07\u0e15\u0e01\u0e15\u0e48\u0e33 \u0e23\u0e27\u0e21\u0e15\u0e31\u0e27 6 \u0e08\u0e38\u0e14 \u0e21\u0e38\u0e48\u0e07\u0e2b\u0e19\u0e49\u0e32\u0e2a\u0e2b\u0e01\u0e23\u0e13\u0e4c\u0e2a\u0e38\u0e23\u0e32\u0e29\u0e0e\u0e23\u0e4c\u0e18\u0e32\u0e19\u0e35 \u0e08\u0e33\u0e01\u0e31\u0e14 \u0e2b\u0e23\u0e37\u0e2d \u0e42\u0e04\u0e2d\u0e4a\u0e2d\u0e1b \u0e2d.\u0e1e\u0e38\u0e19\u0e1e\u0e34\u0e19\u2026", "hashtags": [], "topic": "unrest", "tweet_urls": ["https://t.co/LpJ08s4Aez"], "date": {"hour": 7, "month": 11, "iso": "2018-11-14T07:01:19", "year": 2018, "day": 14, "minute": 1}, "geo": null, "id": 1062601352302358528, "lang": "th", "emoticons": [], "user_id": 204178776, "coordinates": null, "source": "Twitter Web Client", "location": "Bancock", "mentions": []}, {"truncated": false, "text": "\u0e1b\u0e23\u0e30\u0e17\u0e49\u0e27\u0e07\u0e44\u0e21\u0e48\u0e44\u0e14\u0e49\u0e04\u0e48\u0e30 \u0e1e\u0e34\u0e0b\u0e0b\u0e48\u0e32\u0e21\u0e32\u0e2a\u0e48\u0e07", "hashtags": [], "topic": "unrest", "tweet_urls": ["https://t.co/2ZO8dLZtFj"], "date": {"hour": 5, "month": 11, "iso": "2018-11-14T05:46:34", "year": 2018, "day": 14, "minute": 46}, "geo": null, "id": 1062582541649997827, "lang": "th", "emoticons": [], "user_id": 133556582, "coordinates": null, "source": "Twitter for iPhone", "location": "Bancock", "mentions": []}, {"truncated": false, "text": "\u0e1a\u0e19\u0e0b\u0e31\u0e07\u0e40\u0e21\u0e25\u0e48\u0e2d\u0e19\u0e44\u0e21\u0e48\u0e21\u0e35\u0e2d\u0e34\u0e40\u0e04\u0e49\u0e01\u0e44\u0e14\u0e49\u0e44\u0e07 \u0e02\u0e2d\u0e1b\u0e23\u0e30\u0e17\u0e49\u0e27\u0e07! \u0e2b\u0e23\u0e37\u0e2d\u0e40\u0e21\u0e25\u0e48\u0e2d\u0e19\u0e21\u0e36\u0e07\u0e01\u0e25\u0e31\u0e27\u0e2d\u0e32\u0e2b\u0e32\u0e23\u0e43\u0e19\u0e07\u0e32\u0e19\u0e2b\u0e21\u0e14\u0e40\u0e1e\u0e23\u0e32\u0e30\u0e19\u0e49\u0e2d\u0e07\u0e40\u0e22\u0e21\u0e41\u0e22\u0e48\u0e07\u0e41\u0e14\u0e01\u0e40\u0e2b\u0e23\u0e2d!", "hashtags": [], "topic": "unrest", "tweet_urls": [], "date": {"hour": 2, "month": 11, "iso": "2018-11-14T02:05:08", "year": 2018, "day": 14, "minute": 5}, "geo": null, "id": 1062526815967670272, "lang": "th", "emoticons": [], "user_id": 36612963, "coordinates": null, "source": "Twitter for iPhone", "location": "Bancock", "mentions": []}, {"truncated": false, "text": "\u0e2b\u0e25\u0e31\u0e07\u0e08\u0e32\u0e01\u0e15\u0e01\u0e25\u0e07\u0e2a\u0e07\u0e1a\u0e28\u0e36\u0e01 \u0e0a\u0e32\u0e27\u0e22\u0e34\u0e27\u0e40\u0e1c\u0e32\u0e22\u0e32\u0e07\u0e1b\u0e23\u0e30\u0e17\u0e49\u0e27\u0e07\u0e23\u0e31\u0e10\u0e1a\u0e32\u0e25\u0e2d\u0e34\u0e2a\u0e23\u0e32\u0e40\u0e2d\u0e25 \u0e40\u0e1e\u0e23\u0e32\u0e30\u0e44\u0e21\u0e48\u0e1e\u0e2d\u0e43\u0e08\u0e17\u0e35\u0e48\u0e17\u0e2b\u0e32\u0e23\u0e41\u0e1e\u0e49\u0e43\u0e19\u0e01\u0e32\u0e23\u0e1b\u0e30\u0e17\u0e30\u0e01\u0e31\u0e1a\u0e01\u0e2d\u0e07\u0e01\u0e33\u0e25\u0e31\u0e07\u0e01\u0e32\u0e0b\u0e48\u0e32", "hashtags": [], "topic": "unrest", "tweet_urls": ["https://t.co/ylew1sMyj1"], "date": {"hour": 1, "month": 11, "iso": "2018-11-14T01:31:24", "year": 2018, "day": 14, "minute": 31}, "geo": null, "id": 1062518325769515008, "lang": "th", "emoticons": [], "user_id": 139956381, "coordinates": null, "source": "Twitter Lite", "location": "Bancock", "mentions": []}, {"truncated": true, "text": "(6) \n\u0e01\u0e32\u0e23\u0e40\u0e25\u0e48\u0e32\u0e40\u0e23\u0e37\u0e48\u0e2d\u0e07\u0e08\u0e38\u0e14\u0e1b\u0e23\u0e30\u0e40\u0e14\u0e47\u0e19\u0e44\u0e1b\u0e17\u0e35\u0e48\u0e15\u0e31\u0e27\u0e25\u0e30\u0e04\u0e23\u0e20\u0e31\u0e2a\u0e2a\u0e23 (\u0e2a\u0e27\u0e21\u0e1a\u0e17\u0e1a\u0e32\u0e17\u0e44\u0e14\u0e49\u0e2d\u0e22\u0e48\u0e32\u0e07\u0e22\u0e2d\u0e14\u0e40\u0e22\u0e35\u0e48\u0e22\u0e21\u0e42\u0e14\u0e22 \u0e04\u0e31\u0e17\u0e25\u0e35\u0e22\u0e32 \u0e41\u0e21\u0e04\u0e2d\u0e34\u0e19\u0e17\u0e2d\u0e0a \u0e17\u0e35\u0e48\u0e16\u0e49\u0e32\u0e44\u0e21\u0e48\u0e44\u0e14\u0e49\u0e23\u0e32\u0e07\u0e27\u0e31\u0e25\u0e15\u0e34\u0e14\u2026", "hashtags": [], "topic": "unrest", "tweet_urls": ["https://t.co/jXZkjSIrJJ"], "date": {"hour": 0, "month": 11, "iso": "2018-11-14T00:47:21", "year": 2018, "day": 14, "minute": 47}, "geo": null, "id": 1062507240744083457, "lang": "th", "emoticons": [], "user_id": 1061931318739533824, "coordinates": null, "source": "Twitter for iPhone", "location": "Bancock", "mentions": []}, {"truncated": false, "text": "\u0e14\u0e39\u0e25\u0e35\u0e25\u0e32 \"\u0e21\u0e27\u0e22\u0e40\u0e14\u0e47\u0e01\" \u0e44\u0e2b\u0e27\u0e49\u0e04\u0e23\u0e39\u0e2a\u0e27\u0e22\u0e46\u0e40\u0e15\u0e47\u0e21\u0e44\u0e1b\u0e14\u0e49\u0e27\u0e22\u0e28\u0e34\u0e25\u0e1b\u0e30 \u0e17\u0e48\u0e32\u0e21\u0e01\u0e25\u0e32\u0e07\u0e01\u0e23\u0e30\u0e41\u0e2a\u0e2a\u0e19\u0e31\u0e1a\u0e2a\u0e19\u0e38\u0e19-\u0e04\u0e31\u0e14\u0e04\u0e49\u0e32\u0e19 \"\u0e21\u0e27\u0e22\u0e40\u0e14\u0e47\u0e01\"", "hashtags": ["#Khaosod", "#\u0e02\u0e48\u0e32\u0e27\u0e2a\u0e14"], "topic": "unrest", "tweet_urls": ["https://t.co/NsAPq77Z0M"], "date": {"hour": 7, "month": 11, "iso": "2018-11-16T07:49:11", "year": 2018, "day": 16, "minute": 49}, "geo": null, "id": 1063338174640836608, "lang": "th", "emoticons": [], "user_id": 266946216, "coordinates": null, "source": "Facebook", "location": "Bancock", "mentions": []}, {"truncated": true, "text": "\u0e15\u0e23.\u0e04\u0e38\u0e21\u0e40\u0e08\u0e49\u0e32\u0e02\u0e2d\u0e07\u0e23\u0e49\u0e32\u0e19\u0e40\u0e27\u0e14\u0e14\u0e34\u0e49\u0e07\u0e41\u0e25\u0e30\u0e1c\u0e39\u0e49\u0e08\u0e31\u0e14\u0e01\u0e32\u0e23\u0e23\u0e49\u0e32\u0e19\u0e2b\u0e25\u0e2d\u0e01\u0e02\u0e32\u0e22\u0e41\u0e1e\u0e47\u0e04\u0e40\u0e01\u0e08\u0e41\u0e15\u0e48\u0e07\u0e07\u0e32\u0e19\u0e44\u0e1b\u0e1d\u0e32\u0e01\u0e02\u0e31\u0e07-\u0e04\u0e31\u0e14\u0e04\u0e49\u0e32\u0e19\u0e01\u0e32\u0e23\u0e1b\u0e23\u0e30\u0e01\u0e31\u0e19\u0e15\u0e31\u0e27", "hashtags": [], "topic": "unrest", "tweet_urls": ["https://t.co/Fi774IThxs\u2026", "https://t.co/ze6wxZ6Clh"], "date": {"hour": 6, "month": 11, "iso": "2018-11-16T06:23:32", "year": 2018, "day": 16, "minute": 23}, "geo": null, "id": 1063316620364328960, "lang": "th", "emoticons": [], "user_id": 76267146, "coordinates": null, "source": "Twitter Web Client", "location": "Bancock", "mentions": []}, {"truncated": true, "text": "\u0e0a\u0e32\u0e27\u0e42\u0e23\u0e2e\u0e34\u0e07\u0e0d\u0e32\u0e43\u0e19\u0e1a\u0e31\u0e07\u0e04\u0e25\u0e32\u0e40\u0e17\u0e28\u0e0a\u0e38\u0e21\u0e19\u0e38\u0e21\u0e04\u0e31\u0e14\u0e04\u0e49\u0e32\u0e19\u0e01\u0e32\u0e23\u0e2a\u0e48\u0e07\u0e01\u0e25\u0e31\u0e1a\u0e40\u0e21\u0e35\u0e22\u0e19\u0e21\u0e32", "hashtags": ["#\u0e02\u0e48\u0e32\u0e27PNC\nhttps://t.co/VSXHthefTB\n#js100online\u2026"], "topic": "unrest", "tweet_urls": ["https://t.co/DeBQlIu3UZ"], "date": {"hour": 2, "month": 11, "iso": "2018-11-16T02:38:52", "year": 2018, "day": 16, "minute": 38}, "geo": null, "id": 1063260080668196864, "lang": "th", "emoticons": [], "user_id": 91053979, "coordinates": null, "source": "Twitter Web Client", "location": "Bancock", "mentions": []}, {"truncated": true, "text": "\u201c\u0e28\u0e23\u0e35\u0e2a\u0e38\u0e27\u0e23\u0e23\u0e13\u201d \u0e04\u0e31\u0e14\u0e04\u0e49\u0e32\u0e19\u0e01\u0e32\u0e23\u0e02\u0e36\u0e49\u0e19\u0e40\u0e07\u0e34\u0e19\u0e40\u0e14\u0e37\u0e2d\u0e19\u0e17\u0e2b\u0e32\u0e23\u0e0a\u0e31\u0e49\u0e19\u0e19\u0e32\u0e22\u0e1e\u0e25 \u0e0b\u0e31\u0e14!\u0e44\u0e21\u0e48\u0e25\u0e30\u0e25\u0e32\u0e22 \u0e1b\u0e0a\u0e0a.\u0e17\u0e35\u0e48\u0e23\u0e30\u0e17\u0e21\u0e17\u0e38\u0e01\u0e02\u0e4c\u0e08\u0e32\u0e01\u0e1b\u0e31\u0e0d\u0e2b\u0e32\u0e40\u0e28\u0e23\u0e29\u0e10\u0e01\u0e34\u0e08 \u0e41\u0e19\u0e30\u0e08\u0e31\u0e14\u0e01\u0e32\u0e23\u0e1b\u0e31\u0e0d\u0e2b\u0e32\u0e19\u0e32\u0e22\u0e1e\u0e25\u2026", "hashtags": [], "topic": "unrest", "tweet_urls": ["https://t.co/1PkiuuHeUk"], "date": {"hour": 2, "month": 11, "iso": "2018-11-16T02:31:54", "year": 2018, "day": 16, "minute": 31}, "geo": null, "id": 1063258329504337920, "lang": "th", "emoticons": [], "user_id": 126152117, "coordinates": null, "source": "Twitter for iPhone", "location": "Bancock", "mentions": []}, {"truncated": true, "text": "\u0e2d\u0e14\u0e35\u0e15 \u0e01\u0e1b\u0e1b\u0e2a. \u0e2a\u0e32\u0e23\u0e20\u0e32\u0e1e\u0e2b\u0e25\u0e07\u0e1c\u0e34\u0e14 \u0e15\u0e31\u0e49\u0e07\u0e40\u0e1e\u0e08\u0e19\u0e01\u0e2b\u0e27\u0e35\u0e14\u0e2b\u0e31\u0e01-\u0e15\u0e23\u0e30\u0e1a\u0e31\u0e14\u0e2a\u0e31\u0e15\u0e22\u0e4c\n\n\u0e19\u0e32\u0e22\u0e1b\u0e19\u0e34\u0e18\u0e34\u0e22\u0e31\u0e07\u0e01\u0e25\u0e48\u0e32\u0e27\u0e16\u0e36\u0e07\u0e1c\u0e39\u0e49\u0e21\u0e35\u0e2d\u0e33\u0e19\u0e32\u0e08\u0e17\u0e35\u0e48\u0e40\u0e2a\u0e1e\u2026", "hashtags": [], "topic": "unrest", "tweet_urls": ["https://t.co/V3fMcj377f"], "date": {"hour": 1, "month": 11, "iso": "2018-11-16T01:55:48", "year": 2018, "day": 16, "minute": 55}, "geo": null, "id": 1063249245107445761, "lang": "th", "emoticons": [], "user_id": 69550671, "coordinates": null, "source": "Twitter Web Client", "location": "Bancock", "mentions": ["@jXQExpzHMk7UKzy", "@nsbest"]}, {"truncated": true, "text": "\u0e2d\u0e14\u0e35\u0e15 \u0e01\u0e1b\u0e1b\u0e2a. \u0e2a\u0e32\u0e23\u0e20\u0e32\u0e1e\u0e2b\u0e25\u0e07\u0e1c\u0e34\u0e14 \u0e15\u0e31\u0e49\u0e07\u0e40\u0e1e\u0e08\u0e19\u0e01\u0e2b\u0e27\u0e35\u0e14\u0e2b\u0e31\u0e01-\u0e15\u0e23\u0e30\u0e1a\u0e31\u0e14\u0e2a\u0e31\u0e15\u0e22\u0e4c\n\n\u0e19\u0e32\u0e22\u0e1b\u0e19\u0e34\u0e18\u0e34\u0e22\u0e31\u0e07\u0e01\u0e25\u0e48\u0e32\u0e27\u0e16\u0e36\u0e07\u0e1c\u0e39\u0e49\u0e21\u0e35\u0e2d\u0e33\u0e19\u0e32\u0e08\u0e17\u0e35\u0e48\u0e40\u0e2a\u0e1e\u0e15\u0e34\u0e14\u0e2d\u0e33\u0e19\u0e32\u0e08\u0e41\u0e25\u0e30\u0e1b\u0e01\u0e1b\u0e49\u0e2d\u0e07\u0e1e\u0e27\u0e01\u0e1e\u0e49\u0e2d\u0e07 \u0e02\u2026", "hashtags": [], "topic": "unrest", "tweet_urls": ["https://t.co/Tuu7BnEdfk"], "date": {"hour": 1, "month": 11, "iso": "2018-11-16T01:39:35", "year": 2018, "day": 16, "minute": 39}, "geo": null, "id": 1063245163584090113, "lang": "th", "emoticons": [], "user_id": 69550671, "coordinates": null, "source": "Twitter Web Client", "location": "Bancock", "mentions": []}, {"truncated": false, "text": "\u0e14\u0e39\u0e25\u0e35\u0e25\u0e32 \"\u0e21\u0e27\u0e22\u0e40\u0e14\u0e47\u0e01\" \u0e42\u0e0a\u0e27\u0e4c\u0e44\u0e2b\u0e27\u0e49\u0e04\u0e23\u0e39\u0e2a\u0e27\u0e22\u0e46\u0e40\u0e15\u0e47\u0e21\u0e44\u0e1b\u0e14\u0e49\u0e27\u0e22\u0e28\u0e34\u0e25\u0e1b\u0e30 \u0e17\u0e48\u0e32\u0e21\u0e01\u0e25\u0e32\u0e07\u0e01\u0e23\u0e30\u0e41\u0e2a\u0e2a\u0e19\u0e31\u0e1a\u0e2a\u0e19\u0e38\u0e19-\u0e04\u0e31\u0e14\u0e04\u0e49\u0e32\u0e19 \"\u0e21\u0e27\u0e22\u0e40\u0e14\u0e47\u0e01\"", "hashtags": ["#Khaosod", "#\u0e02\u0e48\u0e32\u0e27\u0e2a\u0e14"], "topic": "unrest", "tweet_urls": ["https://t.co/NsAPq77Z0M"], "date": {"hour": 18, "month": 11, "iso": "2018-11-15T18:37:52", "year": 2018, "day": 15, "minute": 37}, "geo": null, "id": 1063139035458093056, "lang": "th", "emoticons": [], "user_id": 266946216, "coordinates": null, "source": "Facebook", "location": "Bancock", "mentions": []}, {"truncated": true, "text": "\u0e2a.\u0e2a. \u0e17\u0e35\u0e48\u0e42\u0e14\u0e14\u0e40\u0e14\u0e48\u0e19\u0e17\u0e35\u0e48\u0e2a\u0e38\u0e14\u0e43\u0e19\u0e01\u0e32\u0e23\u0e1b\u0e23\u0e30\u0e01\u0e32\u0e28\u0e01\u0e32\u0e23\u0e04\u0e31\u0e14\u0e04\u0e49\u0e32\u0e19 \u0e19\u0e32\u0e22\u0e01\u0e2f \u0e40\u0e21\u0e22\u0e4c \u0e41\u0e1a\u0e1a\u0e2a\u0e38\u0e14 \u0e04\u0e37\u0e2d Jacob Rees-Mogg \u0e1c\u0e39\u0e49\u0e19\u0e33\u0e01\u0e25\u0e38\u0e48\u0e21 Hardy-Brexit Tory: Euro\u2026", "hashtags": [], "topic": "unrest", "tweet_urls": ["https://t.co/3vQ8orMXPx"], "date": {"hour": 17, "month": 11, "iso": "2018-11-15T17:57:04", "year": 2018, "day": 15, "minute": 57}, "geo": null, "id": 1063128765297905664, "lang": "th", "emoticons": [], "user_id": 84185959, "coordinates": null, "source": "Twitter Web Client", "location": "Bancock", "mentions": []}, {"truncated": false, "text": "\u0e22\u0e38\u0e08\u0e21\u0e35\u0e40\u0e21\u0e35\u0e224\u0e04\u0e19\u0e08\u0e31\u0e14\u0e42\u0e14\u0e22\u0e1e\u0e35\u0e48\u0e2a\u0e32\u0e40\u0e2d\u0e07 \u0e21\u0e34\u0e49\u0e19 \u0e40\u0e22\u0e19 \u0e19\u0e32\u0e01 \u0e2a\u0e32 \u0e44\u0e21\u0e48\u0e21\u0e35\u0e43\u0e04\u0e23\u0e04\u0e31\u0e14\u0e04\u0e49\u0e32\u0e19\u0e14\u0e49\u0e27\u0e22 \u0e40\u0e2d\u0e2d\u0e14\u0e355555555555555555", "hashtags": [], "topic": "unrest", "tweet_urls": ["https://t.co/eEuQgFkXl5"], "date": {"hour": 15, "month": 11, "iso": "2018-11-15T15:57:17", "year": 2018, "day": 15, "minute": 57}, "geo": null, "id": 1063098623192223744, "lang": "th", "emoticons": [], "user_id": 280965645, "coordinates": null, "source": "Twitter for iPhone", "location": "Bancock", "mentions": []}, {"truncated": false, "text": "\u0e2a\u0e20\u0e32\u0e1c\u0e39\u0e49\u0e17\u0e23\u0e07\u0e40\u0e01\u0e35\u0e22\u0e23\u0e15\u0e34 \u0e1c\u0e48\u0e32\u0e19\u0e40\u0e2d\u0e07-\u0e04\u0e31\u0e14\u0e04\u0e49\u0e32\u0e19\u0e40\u0e2d\u0e07 \u0e04\u0e27\u0e32\u0e21\u0e42\u0e1b\u0e23\u0e48\u0e07\u0e43\u0e2a\u0e19\u0e35\u0e48 \u0e08\u0e38\u0e01\u0e08\u0e34\u0e01\u0e19\u0e48\u0e32\u0e23\u0e33\u0e04\u0e32\u0e0d!", "hashtags": ["#Khaosod", "#\u0e02\u0e48\u0e32\u0e27\u0e2a\u0e14\u0e01\u0e32\u0e23\u0e40\u0e21\u0e37\u0e2d\u0e07"], "topic": "unrest", "tweet_urls": ["https://t.co/3qtyLNEVmS"], "date": {"hour": 14, "month": 11, "iso": "2018-11-15T14:08:59", "year": 2018, "day": 15, "minute": 8}, "geo": null, "id": 1063071369255018496, "lang": "th", "emoticons": [], "user_id": 266946216, "coordinates": null, "source": "Facebook", "location": "Bancock", "mentions": []}]