[{"truncated": true, "text": "\"It was to protest the company's treatment of women and sexual harassment. This has to do with a recent report abou\u2026", "hashtags": [], "topic": "unrest", "tweet_urls": ["https://t.co/IQHJBcslDW"], "date": {"hour": 17, "month": 11, "iso": "2018-11-02T17:54:43", "year": 2018, "day": 2, "minute": 54}, "geo": null, "id": 1058417131082022912, "lang": "en", "emoticons": [], "user_id": 3141300060, "coordinates": null, "source": "Twitter Web Client", "location": "Bancock", "mentions": []}, {"truncated": true, "text": "Alphabet Inc. (NASDAQ:GOOG) employees all over the world left their desk and walked out in protest - Live Trading N\u2026", "hashtags": [], "topic": "unrest", "tweet_urls": ["https://t.co/t6odiAcGpk"], "date": {"hour": 12, "month": 11, "iso": "2018-11-02T12:50:48", "year": 2018, "day": 2, "minute": 50}, "geo": null, "id": 1058340649991254016, "lang": "en", "emoticons": [], "user_id": 25110386, "coordinates": null, "source": "Twitter Web Client", "location": "Bancock", "mentions": []}, {"truncated": true, "text": "Google employees take to the streets in protest over treatment of female employees --&gt;\n\nThousands of Google LLC emp\u2026", "hashtags": [], "topic": "unrest", "tweet_urls": ["https://t.co/Emxi0kzbUo"], "date": {"hour": 12, "month": 11, "iso": "2018-11-02T12:31:44", "year": 2018, "day": 2, "minute": 31}, "geo": null, "id": 1058335851049074688, "lang": "en", "emoticons": [], "user_id": 22917909, "coordinates": null, "source": "IFTTT", "location": "Bancock", "mentions": []}, {"truncated": false, "text": "Google workers walk out in global protest over\u00a0harassment", "hashtags": [], "topic": "unrest", "tweet_urls": ["https://t.co/2v7abPTnaz"], "date": {"hour": 4, "month": 11, "iso": "2018-11-02T04:11:06", "year": 2018, "day": 2, "minute": 11}, "geo": null, "id": 1058209862897807361, "lang": "en", "emoticons": [], "user_id": 934188269020966912, "coordinates": null, "source": "WordPress.com", "location": "Bancock", "mentions": []}, {"truncated": true, "text": "Isn't this preposterous? To indict a group for just wanting an election this month, seriously Thai justic\u2026", "hashtags": ["#Thailand"], "topic": "unrest", "tweet_urls": ["https://t.co/CSR1an4zyg"], "date": {"hour": 2, "month": 11, "iso": "2018-11-02T02:26:04", "year": 2018, "day": 2, "minute": 26}, "geo": null, "id": 1058183429102034944, "lang": "en", "emoticons": [], "user_id": 107438849, "coordinates": null, "source": "Twitter Web Client", "location": "Bancock", "mentions": []}, {"truncated": true, "text": "Prominent Muay Thai fighters have handed a letter to the Sports Authority of Thailand to protest a new bill which f\u2026", "hashtags": [], "topic": "unrest", "tweet_urls": ["https://t.co/25t10VOsOD"], "date": {"hour": 1, "month": 11, "iso": "2018-11-02T01:00:10", "year": 2018, "day": 2, "minute": 0}, "geo": null, "id": 1058161814209359874, "lang": "en", "emoticons": [], "user_id": 18921618, "coordinates": null, "source": "Facebook", "location": "Bancock", "mentions": []}, {"truncated": false, "text": "Court indicts activists for anti-NCPO protest\u00a0rally", "hashtags": [], "topic": "unrest", "tweet_urls": ["https://t.co/aETuSNeEVv"], "date": {"hour": 21, "month": 11, "iso": "2018-11-01T21:57:32", "year": 2018, "day": 1, "minute": 57}, "geo": null, "id": 1058115850954260483, "lang": "en", "emoticons": [], "user_id": 934188269020966912, "coordinates": null, "source": "WordPress.com", "location": "Bancock", "mentions": []}, {"truncated": true, "text": "In protest against the brutal killings in Assam TMC will organise protest rallies tomorrow (Fri Nov 2) in different\u2026", "hashtags": [], "topic": "unrest", "tweet_urls": ["https://t.co/EWpshLNqSo"], "date": {"hour": 18, "month": 11, "iso": "2018-11-01T18:27:41", "year": 2018, "day": 1, "minute": 27}, "geo": null, "id": 1058063040623583232, "lang": "en", "emoticons": [], "user_id": 992069133687840768, "coordinates": null, "source": "Twitter for iPhone", "location": "Bancock", "mentions": []}, {"truncated": false, "text": "Google\u2019s Employees Prepare to Walk Out in Protest of Company\u2019s Misconduct -", "hashtags": [], "topic": "unrest", "tweet_urls": ["https://t.co/unHQHXuiqj", "https://t.co/h5VaRqUSxN"], "date": {"hour": 10, "month": 11, "iso": "2018-11-01T10:35:50", "year": 2018, "day": 1, "minute": 35}, "geo": null, "id": 1057944297993994241, "lang": "en", "emoticons": [], "user_id": 149817617, "coordinates": null, "source": "kaohoon Breaking", "location": "Bancock", "mentions": []}, {"truncated": true, "text": "Hundreds of employees and contractors in Asia staged brief midday walkouts to protest harassment, racism, i\u2026", "hashtags": ["#Google"], "topic": "unrest", "tweet_urls": ["https://t.co/hlxEDmGmUc"], "date": {"hour": 10, "month": 11, "iso": "2018-11-01T10:13:33", "year": 2018, "day": 1, "minute": 13}, "geo": null, "id": 1057938687600746496, "lang": "en", "emoticons": [], "user_id": 54882986, "coordinates": null, "source": "Twitter Web Client", "location": "Bancock", "mentions": []}, {"truncated": true, "text": "\u0e17\u0e33\u0e44\u0e21\u0e21\u0e4a\u0e32\u0e15\u0e49\u0e2d\u0e07\u0e23\u0e31\u0e1a\u0e1c\u0e34\u0e14\u0e0a\u0e2d\u0e1a\u0e43\u0e19\u0e2a\u0e34\u0e48\u0e07\u0e17\u0e35\u0e48\u0e21\u0e4a\u0e32\u0e44\u0e21\u0e48\u0e44\u0e14\u0e49\u0e17\u0e33 \u0e44\u0e21\u0e48\u0e19\u0e30\u0e21\u0e4a\u0e32\u0e2d\u0e22\u0e48\u0e32\u0e17\u0e33\u0e41\u0e1a\u0e1a\u0e19\u0e35\u0e49 \u0e01\u0e39\u0e4b\u0e40\u0e21\u0e18\u0e04\u0e19\u0e2d\u0e37\u0e48\u0e19\u0e40\u0e02\u0e32\u0e40\u0e14\u0e37\u0e2d\u0e14\u0e23\u0e49\u0e2d\u0e19 \u0e09\u0e31\u0e19\u0e2a\u0e07\u0e2a\u0e32\u0e23\u0e21\u0e4a\u0e32\u0e17\u0e33\u0e44\u0e21 !!!\n\u0e21\u0e4a\u0e32\u0e44\u0e1b\u0e17\u0e33\u0e44\u2026", "hashtags": [], "topic": "unrest", "tweet_urls": ["https://t.co/qe8Pavv0Gt"], "date": {"hour": 14, "month": 11, "iso": "2018-11-02T14:59:37", "year": 2018, "day": 2, "minute": 59}, "geo": null, "id": 1058373067246714881, "lang": "th", "emoticons": [], "user_id": 1040865249216196608, "coordinates": null, "source": "Twitter for Android", "location": "Bancock", "mentions": []}, {"truncated": false, "text": ": \u0e1e\u0e23\u0e49\u0e2d\u0e21\u0e43\u0e08\u0e01\u0e31\u0e19\u0e1b\u0e23\u0e30\u0e17\u0e49\u0e27\u0e07\u0e21\u0e32\u0e01\u0e01\u0e01\u0e01 \u0e1e\u0e31\u0e07\u0e17\u0e38\u0e01\u0e2d\u0e22\u0e48\u0e32\u0e07\u0e07 555", "hashtags": [], "topic": "unrest", "tweet_urls": [], "date": {"hour": 12, "month": 11, "iso": "2018-11-02T12:06:19", "year": 2018, "day": 2, "minute": 6}, "geo": null, "id": 1058329456031391744, "lang": "th", "emoticons": [], "user_id": 178373816, "coordinates": null, "source": "Twitter for iPhone", "location": "Bancock", "mentions": ["@PlumpTiger"]}, {"truncated": false, "text": "\u0e2d\u0e49\u0e32\u0e27 !! \u0e44\u0e14\u0e49\u0e41\u0e08\u0e49\u0e07\u0e40\u0e15\u0e37\u0e2d\u0e19 \u0e15\u0e31\u0e07\u0e15\u0e31\u0e14\u0e02\u0e2d\u0e07\u0e18\u0e19\u0e32\u0e04\u0e32\u0e23\u0e41\u0e25\u0e49\u0e27\u0e43\u0e0a\u0e48\u0e21\u0e31\u0e49\u0e22\u0e04\u0e30 \u0e40\u0e23\u0e32\u0e44\u0e14\u0e49\u0e41\u0e08\u0e49\u0e07\u0e40\u0e15\u0e37\u0e2d\u0e19\u0e15\u0e31\u0e07\u0e15\u0e31\u0e14\u0e41\u0e25\u0e49\u0e27\u0e2d\u0e48\u0e30 \u0e16\u0e49\u0e32\u0e44\u0e21\u0e32\u0e44\u0e14\u0e49\u0e15\u0e31\u0e4b\u0e27 \u0e44\u0e21\u0e48\u0e22\u0e2d\u0e21\u0e40\u0e25\u0e22\u0e19\u0e49\u0e32 \u0e1b\u0e23\u0e30\u0e17\u0e49\u0e27\u0e07:(", "hashtags": [], "topic": "unrest", "tweet_urls": [], "date": {"hour": 12, "month": 11, "iso": "2018-11-02T12:05:55", "year": 2018, "day": 2, "minute": 5}, "geo": null, "id": 1058329354826997760, "lang": "th", "emoticons": [], "user_id": 249672416, "coordinates": null, "source": "Twitter for iPhone", "location": "Bancock", "mentions": ["@MTagza", "@WeLoveSF"]}, {"truncated": false, "text": "\u0e1e\u0e19\u0e31\u0e01\u0e07\u0e32\u0e19\u0e01\u0e39\u0e40\u0e01\u0e34\u0e25\u0e2b\u0e25\u0e32\u0e22\u0e1e\u0e31\u0e19\u0e04\u0e19\u0e2d\u0e2d\u0e01\u0e21\u0e32\u0e1b\u0e23\u0e30\u0e17\u0e49\u0e27\u0e07 \u0e2b\u0e25\u0e31\u0e07\u0e2a\u0e37\u0e48\u0e2d\u0e41\u0e09\u0e27\u0e48\u0e32\u0e1a\u0e23\u0e34\u0e29\u0e31\u0e17\u0e1b\u0e34\u0e14\u0e02\u0e48\u0e32\u0e27\u0e1c\u0e39\u0e49\u0e1a\u0e23\u0e34\u0e2b\u0e32\u0e23\u0e0a\u0e32\u0e22\u0e25\u0e48\u0e27\u0e07\u0e25\u0e30\u0e40\u0e21\u0e34\u0e14\u0e17\u0e32\u0e07\u0e40\u0e1e\u0e28\u0e43\u0e19\u0e17\u0e35\u0e48\u0e17\u0e33\u0e07\u0e32\u0e19\n#Google \nhttps://t.co/Zbwf2QaS35", "hashtags": [], "topic": "unrest", "tweet_urls": [], "date": {"hour": 11, "month": 11, "iso": "2018-11-02T11:15:59", "year": 2018, "day": 2, "minute": 15}, "geo": null, "id": 1058316786670624768, "lang": "th", "emoticons": [], "user_id": 20586159, "coordinates": null, "source": "TweetDeck", "location": "Bancock", "mentions": []}, {"truncated": false, "text": "\u0e23\u0e31\u0e1a\u0e44\u0e21\u0e48\u0e44\u0e14\u0e49 \u0e28\u0e32\u0e25\u0e2a\u0e39\u0e07\u0e43\u0e2b\u0e49\u0e2b\u0e0d\u0e34\u0e07\u0e04\u0e23\u0e34\u0e2a\u0e15\u0e4c\u0e1e\u0e49\u0e19\u0e1c\u0e34\u0e14\u0e2b\u0e21\u0e34\u0e48\u0e19\u0e28\u0e32\u0e2a\u0e19\u0e32 \u0e41\u0e17\u0e19\u0e17\u0e35\u0e48\u0e08\u0e30\u0e41\u0e02\u0e27\u0e19\u0e04\u0e2d \u0e1b\u0e32\u0e01\u0e35\u0e2f\u0e1b\u0e23\u0e30\u0e17\u0e49\u0e27\u0e07\u0e22\u0e37\u0e14\u0e40\u0e22\u0e37\u0e49\u0e2d\u0e27\u0e31\u0e19\u0e17\u0e35\u0e48 3", "hashtags": ["#\u0e04\u0e21\u0e0a\u0e31\u0e14\u0e25\u0e36\u0e01"], "topic": "unrest", "tweet_urls": ["https://t.co/Jz4LXumTbd"], "date": {"hour": 10, "month": 11, "iso": "2018-11-02T10:25:11", "year": 2018, "day": 2, "minute": 25}, "geo": null, "id": 1058304003744940033, "lang": "th", "emoticons": [], "user_id": 106324785, "coordinates": null, "source": "Facebook", "location": "Bancock", "mentions": []}, {"truncated": false, "text": "\u0e23\u0e31\u0e1a\u0e44\u0e21\u0e48\u0e44\u0e14\u0e49 \u0e28\u0e32\u0e25\u0e2a\u0e39\u0e07\u0e43\u0e2b\u0e49\u0e2b\u0e0d\u0e34\u0e07\u0e04\u0e23\u0e34\u0e2a\u0e15\u0e4c\u0e1e\u0e49\u0e19\u0e1c\u0e34\u0e14\u0e2b\u0e21\u0e34\u0e48\u0e19\u0e28\u0e32\u0e2a\u0e19\u0e32 \u0e41\u0e17\u0e19\u0e17\u0e35\u0e48\u0e08\u0e30\u0e41\u0e02\u0e27\u0e19\u0e04\u0e2d \u0e1b\u0e32\u0e01\u0e35\u0e2f\u0e1b\u0e23\u0e30\u0e17\u0e49\u0e27\u0e07\u0e22\u0e37\u0e14\u0e40\u0e22\u0e37\u0e49\u0e2d\u0e27\u0e31\u0e19\u0e17\u0e35\u0e48 3", "hashtags": ["#\u0e04\u0e21\u0e0a\u0e31\u0e14\u0e25\u0e36\u0e01"], "topic": "unrest", "tweet_urls": ["https://t.co/muXBudLHKN"], "date": {"hour": 10, "month": 11, "iso": "2018-11-02T10:25:08", "year": 2018, "day": 2, "minute": 25}, "geo": null, "id": 1058303991145205760, "lang": "th", "emoticons": [], "user_id": 4628487320, "coordinates": null, "source": "Facebook", "location": "Bancock", "mentions": []}, {"truncated": false, "text": "\u0e1e\u0e19\u0e31\u0e01\u0e07\u0e32\u0e19 Google \u0e17\u0e31\u0e48\u0e27\u0e42\u0e25\u0e01 \u201c\u0e1b\u0e23\u0e30\u0e17\u0e49\u0e27\u0e07\u0e2b\u0e22\u0e38\u0e14\u0e07\u0e32\u0e19\u201d \u0e40\u0e2b\u0e15\u0e38\u0e1a\u0e23\u0e34\u0e29\u0e31\u0e17\u0e1b\u0e01\u0e1b\u0e49\u0e2d\u0e07\u0e1c\u0e39\u0e49\u0e16\u0e39\u0e01\u0e01\u0e25\u0e48\u0e32\u0e27\u0e2b\u0e32\u0e04\u0e38\u0e01\u0e04\u0e32\u0e21\u0e17\u0e32\u0e07\u0e40\u0e1e\u0e28", "hashtags": [], "topic": "unrest", "tweet_urls": ["https://t.co/MCiONKNvbp"], "date": {"hour": 9, "month": 11, "iso": "2018-11-02T09:32:25", "year": 2018, "day": 2, "minute": 32}, "geo": null, "id": 1058290726008709120, "lang": "th", "emoticons": [], "user_id": 702386502773444608, "coordinates": null, "source": "IFTTT", "location": "Bancock", "mentions": []}, {"truncated": false, "text": "\u0e1e\u0e19\u0e31\u0e01\u0e07\u0e32\u0e19 Google \u0e17\u0e31\u0e48\u0e27\u0e42\u0e25\u0e01 \u201c\u0e1b\u0e23\u0e30\u0e17\u0e49\u0e27\u0e07\u0e2b\u0e22\u0e38\u0e14\u0e07\u0e32\u0e19\u201d \u0e40\u0e2b\u0e15\u0e38\u0e1a\u0e23\u0e34\u0e29\u0e31\u0e17\u0e1b\u0e01\u0e1b\u0e49\u0e2d\u0e07\u0e1c\u0e39\u0e49\u0e16\u0e39\u0e01\u0e01\u0e25\u0e48\u0e32\u0e27\u0e2b\u0e32\u0e04\u0e38\u0e01\u0e04\u0e32\u0e21\u0e17\u0e32\u0e07\u0e40\u0e1e\u0e28", "hashtags": [], "topic": "unrest", "tweet_urls": ["https://t.co/hDBNRH5kVr"], "date": {"hour": 9, "month": 11, "iso": "2018-11-02T09:06:16", "year": 2018, "day": 2, "minute": 6}, "geo": null, "id": 1058284143832915968, "lang": "th", "emoticons": [], "user_id": 128787170, "coordinates": null, "source": "IFTTT", "location": "Bancock", "mentions": []}, {"truncated": false, "text": "\u0e1e\u0e19\u0e31\u0e01\u0e07\u0e32\u0e19 Google \u0e17\u0e31\u0e48\u0e27\u0e42\u0e25\u0e01 \"\u0e1b\u0e23\u0e30\u0e17\u0e49\u0e27\u0e07\u0e2b\u0e22\u0e38\u0e14\u0e07\u0e32\u0e19\" \u0e40\u0e2b\u0e15\u0e38\u0e1a\u0e23\u0e34\u0e29\u0e31\u0e17\u0e1b\u0e01\u0e1b\u0e49\u0e2d\u0e07\u0e1c\u0e39\u0e49\u0e16\u0e39\u0e01\u0e01\u0e25\u0e48\u0e32\u0e27\u0e2b\u0e32\u0e04\u0e38\u0e01\u0e04\u0e32\u0e21\u0e17\u0e32\u0e07\u0e40\u0e1e\u0e28 -", "hashtags": [], "topic": "unrest", "tweet_urls": ["https://t.co/krYCECC8OF", "https://t.co/CocT0JTjfh"], "date": {"hour": 8, "month": 11, "iso": "2018-11-02T08:54:44", "year": 2018, "day": 2, "minute": 54}, "geo": null, "id": 1058281241470894081, "lang": "th", "emoticons": [], "user_id": 13302042, "coordinates": null, "source": "NextScript_beartai", "location": "Bancock", "mentions": []}, {"truncated": true, "text": "(\u0e04\u0e25\u0e34\u0e1b\u0e02\u0e48\u0e32\u0e27) \u0e1e\u0e19\u0e31\u0e01\u0e07\u0e32\u0e19\u0e01\u0e39\u0e40\u0e01\u0e34\u0e49\u0e25\u0e17\u0e31\u0e48\u0e27\u0e42\u0e25\u0e01\u0e1c\u0e25\u0e30\u0e07\u0e32\u0e19 \u0e1b\u0e23\u0e30\u0e17\u0e49\u0e27\u0e07\u0e1a\u0e23\u0e34\u0e29\u0e31\u0e17\u0e40\u0e23\u0e37\u0e48\u0e2d\u0e07\u0e25\u0e30\u0e40\u0e21\u0e34\u0e14\u0e17\u0e32\u0e07\u0e40\u0e1e\u0e28\n#\u0e04\u0e25\u0e34\u0e1b\u0e40\u0e14\u0e47\u0e14", "hashtags": ["#\u0e04\u0e21\u0e0a\u0e31\u0e14\u0e25\u0e36\u0e01", "#\u0e25\u0e36\u0e01\u0e01\u0e27\u0e48\u0e32\u0e02\u0e48\u0e32\u0e27\u2026"], "topic": "unrest", "tweet_urls": ["https://t.co/HwCIpdOowk"], "date": {"hour": 8, "month": 11, "iso": "2018-11-02T08:30:11", "year": 2018, "day": 2, "minute": 30}, "geo": null, "id": 1058275061444968448, "lang": "th", "emoticons": [], "user_id": 106324785, "coordinates": null, "source": "Facebook", "location": "Bancock", "mentions": []}, {"truncated": true, "text": "(\u0e04\u0e25\u0e34\u0e1b\u0e02\u0e48\u0e32\u0e27) \u0e1e\u0e19\u0e31\u0e01\u0e07\u0e32\u0e19\u0e01\u0e39\u0e40\u0e01\u0e34\u0e49\u0e25\u0e17\u0e31\u0e48\u0e27\u0e42\u0e25\u0e01\u0e1c\u0e25\u0e30\u0e07\u0e32\u0e19 \u0e1b\u0e23\u0e30\u0e17\u0e49\u0e27\u0e07\u0e1a\u0e23\u0e34\u0e29\u0e31\u0e17\u0e40\u0e23\u0e37\u0e48\u0e2d\u0e07\u0e25\u0e30\u0e40\u0e21\u0e34\u0e14\u0e17\u0e32\u0e07\u0e40\u0e1e\u0e28\n#\u0e04\u0e25\u0e34\u0e1b\u0e40\u0e14\u0e47\u0e14", "hashtags": ["#\u0e04\u0e21\u0e0a\u0e31\u0e14\u0e25\u0e36\u0e01", "#\u0e25\u0e36\u0e01\u0e01\u0e27\u0e48\u0e32\u0e02\u0e48\u0e32\u0e27\u2026"], "topic": "unrest", "tweet_urls": ["https://t.co/tQkSRg140s"], "date": {"hour": 8, "month": 11, "iso": "2018-11-02T08:30:10", "year": 2018, "day": 2, "minute": 30}, "geo": null, "id": 1058275057129013248, "lang": "th", "emoticons": [], "user_id": 4628487320, "coordinates": null, "source": "Facebook", "location": "Bancock", "mentions": []}, {"truncated": false, "text": "\u0e40\u0e14\u0e4b\u0e27\u0e27\u0e27\u0e27\u0e27\u0e27....\u0e17\u0e33\u0e44\u0e21\u0e19\u0e49\u0e2d\u0e07\u0e44\u0e21\u0e48\u0e40\u0e04\u0e22\u0e1f\u0e31\u0e07 \u0e1b\u0e23\u0e30\u0e17\u0e49\u0e27\u0e07\u0e07\u0e07\u0e07\u0e07\u0e07....\u0e21\u0e32\u0e41\u0e1a\u0e48\u0e07\u0e40\u0e25\u0e22", "hashtags": [], "topic": "unrest", "tweet_urls": [], "date": {"hour": 8, "month": 11, "iso": "2018-11-02T08:21:11", "year": 2018, "day": 2, "minute": 21}, "geo": null, "id": 1058272797133164545, "lang": "th", "emoticons": [], "user_id": 215165715, "coordinates": null, "source": "Twitter for Android", "location": "Bancock", "mentions": ["@Pg20MVJww3E7U8o", "@Tuewnap"]}, {"truncated": false, "text": "\u0e1e\u0e19\u0e07.\u0e01\u0e39\u0e40\u0e01\u0e34\u0e25\u0e17\u0e31\u0e48\u0e27\u0e42\u0e25\u0e01\u0e1b\u0e23\u0e30\u0e17\u0e49\u0e27\u0e07\u0e1c\u0e39\u0e49\u0e1a\u0e23\u0e34\u0e2b\u0e32\u0e23\u0e01\u0e48\u0e2d\u0e04\u0e14\u0e35\u0e40\u0e0b\u0e47\u0e01\u0e0b\u0e4c\u0e09\u0e32\u0e27", "hashtags": [], "topic": "unrest", "tweet_urls": ["https://t.co/uvby1yhTaF"], "date": {"hour": 8, "month": 11, "iso": "2018-11-02T08:12:38", "year": 2018, "day": 2, "minute": 12}, "geo": null, "id": 1058270645320990720, "lang": "th", "emoticons": [], "user_id": 306804514, "coordinates": null, "source": "Twitter Web Client", "location": "Bancock", "mentions": []}, {"truncated": false, "text": "(\u0e04\u0e25\u0e34\u0e1b\u0e02\u0e48\u0e32\u0e27) \u0e1e\u0e19\u0e31\u0e01\u0e07\u0e32\u0e19\u0e01\u0e39\u0e40\u0e01\u0e34\u0e49\u0e25\u0e17\u0e31\u0e48\u0e27\u0e42\u0e25\u0e01\u0e1c\u0e25\u0e30\u0e07\u0e32\u0e19 \u0e1b\u0e23\u0e30\u0e17\u0e49\u0e27\u0e07\u0e1a\u0e23\u0e34\u0e29\u0e31\u0e17\u0e40\u0e23\u0e37\u0e48\u0e2d\u0e07\u0e25\u0e30\u0e40\u0e21\u0e34\u0e14\u0e17\u0e32\u0e07\u0e40\u0e1e\u0e28", "hashtags": [], "topic": "unrest", "tweet_urls": ["https://t.co/m64Ttm8AQ8"], "date": {"hour": 7, "month": 11, "iso": "2018-11-02T07:23:03", "year": 2018, "day": 2, "minute": 23}, "geo": null, "id": 1058258166830444544, "lang": "th", "emoticons": [], "user_id": 24871506, "coordinates": null, "source": "KomchadluekAutoTweet", "location": "Bancock", "mentions": []}, {"truncated": false, "text": "\"\u0e40\u0e0a\u0e37\u0e48\u0e2d\u0e1a\u0e23\u0e34\u0e29\u0e31\u0e17\u0e1b\u0e34\u0e14\u0e02\u0e48\u0e32\u0e27\u0e09\u0e32\u0e27\u0e1c\u0e39\u0e49\u0e1a\u0e23\u0e34\u0e2b\u0e32\u0e23! \u0e1e\u0e19\u0e31\u0e01\u0e07\u0e32\u0e19 \"\u0e01\u0e39\u0e40\u0e01\u0e34\u0e25\" \u0e17\u0e31\u0e48\u0e27\u0e42\u0e25\u0e01\u0e25\u0e38\u0e01\u0e2e\u0e37\u0e2d\u0e2b\u0e22\u0e38\u0e14\u0e07\u0e32\u0e19\u0e1b\u0e23\u0e30\u0e17\u0e49\u0e27\u0e07\"", "hashtags": [], "topic": "unrest", "tweet_urls": ["https://t.co/GoyDZKAXWj"], "date": {"hour": 7, "month": 11, "iso": "2018-11-02T07:01:33", "year": 2018, "day": 2, "minute": 1}, "geo": null, "id": 1058252759332352001, "lang": "th", "emoticons": [], "user_id": 109501449, "coordinates": null, "source": "IFTTT", "location": "Bancock", "mentions": []}, {"truncated": true, "text": "\u0e1e\u0e19\u0e31\u0e01\u0e07\u0e32\u0e19\u0e01\u0e39\u0e40\u0e01\u0e34\u0e25\u0e17\u0e31\u0e48\u0e27\u0e42\u0e25\u0e01\u0e1c\u0e25\u0e30\u0e07\u0e32\u0e19\u0e1b\u0e23\u0e30\u0e17\u0e49\u0e27\u0e07\u0e04\u0e23\u0e31\u0e49\u0e07\u0e43\u0e2b\u0e0d\u0e48 \u0e40\u0e1e\u0e37\u0e48\u0e2d\u0e41\u0e2a\u0e14\u0e07\u0e04\u0e27\u0e32\u0e21\u0e44\u0e21\u0e48\u0e1e\u0e2d\u0e43\u0e08\u0e27\u0e34\u0e18\u0e35\u0e01\u0e32\u0e23\u0e08\u0e31\u0e14\u0e01\u0e32\u0e23\u0e1b\u0e31\u0e0d\u0e2b\u0e32\u0e25\u0e48\u0e27\u0e07\u0e25\u0e30\u0e40\u0e21\u0e34\u0e14\u0e17\u0e32\u0e07\u0e40\u0e1e\u0e28\u0e20\u0e32\u0e22\u0e43\u0e19\u0e1a\u0e23\u0e34\u0e29\u0e31\u0e17\n\n\u0e2d\u0e48\u0e32\u0e19\u2026", "hashtags": [], "topic": "unrest", "tweet_urls": ["https://t.co/8i8p6sqdVX"], "date": {"hour": 4, "month": 11, "iso": "2018-11-02T04:50:26", "year": 2018, "day": 2, "minute": 50}, "geo": null, "id": 1058219763095154688, "lang": "th", "emoticons": [], "user_id": 76267146, "coordinates": null, "source": "Twitter Web Client", "location": "Bancock", "mentions": []}, {"truncated": false, "text": "\"\u0e1e\u0e19\u0e31\u0e01\u0e07\u0e32\u0e19 Google \u0e1b\u0e23\u0e30\u0e17\u0e49\u0e27\u0e07\u0e17\u0e31\u0e48\u0e27\u0e42\u0e25\u0e01 \u0e44\u0e21\u0e48\u0e1e\u0e2d\u0e43\u0e08\u0e17\u0e35\u0e48\u0e1a\u0e23\u0e34\u0e29\u0e31\u0e17\u0e1b\u0e01\u0e1b\u0e49\u0e2d\u0e07 Andy Rubin \u0e17\u0e31\u0e49\u0e07\u0e17\u0e35\u0e48\u0e40\u0e02\u0e32\u0e04\u0e38\u0e01\u0e04\u0e32\u0e21\u0e40\u0e1e\u0e28\"", "hashtags": ["#tech", "#feedly"], "topic": "unrest", "tweet_urls": ["https://t.co/jIR256HMEm"], "date": {"hour": 4, "month": 11, "iso": "2018-11-02T04:21:37", "year": 2018, "day": 2, "minute": 21}, "geo": null, "id": 1058212509545455618, "lang": "th", "emoticons": [], "user_id": 54854843, "coordinates": null, "source": "Twitter for Android", "location": "Bancock", "mentions": []}, {"truncated": true, "text": "\u0e1e\u0e19\u0e31\u0e01\u0e07\u0e32\u0e19\u0e23\u0e48\u0e27\u0e21\u0e1e\u0e31\u0e19\u0e04\u0e19\u0e02\u0e2d\u0e07\u0e1a\u0e23\u0e34\u0e29\u0e31\u0e17\u0e01\u0e39\u0e40\u0e01\u0e34\u0e25 \u0e2d\u0e34\u0e07\u0e04\u0e4c \u0e17\u0e35\u0e48\u0e1b\u0e23\u0e30\u0e08\u0e33\u0e15\u0e32\u0e21\u0e2a\u0e33\u0e19\u0e31\u0e01\u0e07\u0e32\u0e19\u0e15\u0e48\u0e32\u0e07\u0e46\u0e21\u0e32\u0e01\u0e01\u0e27\u0e48\u0e32 20 \u0e41\u0e2b\u0e48\u0e07\u0e17\u0e31\u0e48\u0e27\u0e42\u0e25\u0e01 \u0e1c\u0e25\u0e30\u0e07\u0e32\u0e19\u0e40\u0e21\u0e37\u0e48\u0e2d\u0e27\u0e31\u0e19\u0e1e\u0e24\u0e2b\u0e31\u0e2a\u0e1a\u0e14\u0e35\u0e17\u0e35\u0e48 1 \u0e1e.\u2026", "hashtags": [], "topic": "unrest", "tweet_urls": ["https://t.co/5IcvcbfkeE"], "date": {"hour": 3, "month": 11, "iso": "2018-11-02T03:48:45", "year": 2018, "day": 2, "minute": 48}, "geo": null, "id": 1058204238235557889, "lang": "th", "emoticons": [], "user_id": 78615520, "coordinates": null, "source": "Buffer", "location": "Bancock", "mentions": []}, {"truncated": false, "text": "\u0e1e\u0e19\u0e31\u0e01\u0e07\u0e32\u0e19 Google \u0e1b\u0e23\u0e30\u0e17\u0e49\u0e27\u0e07\u0e17\u0e31\u0e48\u0e27\u0e42\u0e25\u0e01 \u0e44\u0e21\u0e48\u0e1e\u0e2d\u0e43\u0e08\u0e17\u0e35\u0e48\u0e1a\u0e23\u0e34\u0e29\u0e31\u0e17\u0e1b\u0e01\u0e1b\u0e49\u0e2d\u0e07 Andy Rubin \u0e17\u0e31\u0e49\u0e07\u0e17\u0e35\u0e48\u0e40\u0e02\u0e32\u0e04\u0e38\u0e01\u0e04\u0e32\u0e21\u0e40\u0e1e\u0e28", "hashtags": [], "topic": "unrest", "tweet_urls": ["https://t.co/kQPINNtOcH"], "date": {"hour": 3, "month": 11, "iso": "2018-11-02T03:33:29", "year": 2018, "day": 2, "minute": 33}, "geo": null, "id": 1058200397851082753, "lang": "th", "emoticons": [], "user_id": 702386502773444608, "coordinates": null, "source": "IFTTT", "location": "Bancock", "mentions": []}, {"truncated": true, "text": "2. \u0e1e\u0e19\u0e31\u0e01\u0e07\u0e32\u0e19 Google \u0e17\u0e31\u0e48\u0e27\u0e42\u0e25\u0e01\u0e2b\u0e22\u0e38\u0e14\u0e07\u0e32\u0e19\u0e1b\u0e23\u0e30\u0e17\u0e49\u0e27\u0e07\u0e40\u0e23\u0e35\u0e22\u0e01\u0e23\u0e49\u0e2d\u0e07\u0e40\u0e01\u0e35\u0e48\u0e22\u0e27\u0e01\u0e31\u0e1a\u0e01\u0e32\u0e23\u0e25\u0e48\u0e27\u0e07\u0e25\u0e30\u0e40\u0e21\u0e34\u0e14\u0e17\u0e32\u0e07\u0e40\u0e1e\u0e28\u0e43\u0e19\u0e1a\u0e23\u0e34\u0e29\u0e31\u0e17 \u0e41\u0e25\u0e30\u0e22\u0e38\u0e15\u0e34\u0e01\u0e32\u0e23\u0e14\u0e33\u0e40\u0e19\u0e34\u0e19\u0e04\u0e14\u0e35\u0e15\u0e48\u0e2d\u0e40\u0e2b\u0e22\u0e37\u0e48\u0e2d\u2026", "hashtags": [], "topic": "unrest", "tweet_urls": ["https://t.co/KI1MVJUOV5"], "date": {"hour": 3, "month": 11, "iso": "2018-11-02T03:20:34", "year": 2018, "day": 2, "minute": 20}, "geo": null, "id": 1058197146179158018, "lang": "th", "emoticons": ["\ud83d\udccd"], "user_id": 73859746, "coordinates": null, "source": "Hootsuite Inc.", "location": "Bancock", "mentions": []}, {"truncated": true, "text": "\u0e14\u0e39\u0e2a\u0e01\u0e38\u0e4a\u0e1b\u0e02\u0e48\u0e32\u0e27\u0e02\u0e2d\u0e07\u0e2a\u0e32\u0e22\u0e01\u0e32\u0e23\u0e1a\u0e34\u0e19\u0e2a\u0e34\u0e07\u0e04\u0e4c\u0e42\u0e1b\u0e23\u0e4c\u0e17\u0e35\u0e48\u0e04\u0e23\u0e31\u0e49\u0e07\u0e2b\u0e19\u0e36\u0e48\u0e07\u0e01\u0e47\u0e40\u0e04\u0e22\u0e1b\u0e23\u0e30\u0e2a\u0e1a\u0e27\u0e34\u0e01\u0e24\u0e15\u0e2b\u0e19\u0e31\u0e01\u0e40\u0e2b\u0e21\u0e37\u0e2d\u0e19\u0e17\u0e35\u0e48\u0e01\u0e32\u0e23\u0e1a\u0e34\u0e19\u0e44\u0e17\u0e22\u0e01\u0e33\u0e25\u0e31\u0e07\u0e40\u0e1c\u0e0a\u0e34\u0e0d\u0e2d\u0e22\u0e39\u0e48\u0e15\u0e2d\u0e19\u0e19\u0e35\u0e49 \u0e2a\u0e2b\u0e20\u0e32\u0e1e\u0e19\u0e31\u0e01\u0e1a\u0e34\u0e19\u0e1b\u2026", "hashtags": [], "topic": "unrest", "tweet_urls": ["https://t.co/MIbDJWhBaN"], "date": {"hour": 2, "month": 11, "iso": "2018-11-02T02:26:17", "year": 2018, "day": 2, "minute": 26}, "geo": null, "id": 1058183483258884096, "lang": "th", "emoticons": [], "user_id": 582446382, "coordinates": null, "source": "Twitter for iPhone", "location": "Bancock", "mentions": []}, {"truncated": false, "text": "\u0e1b\u0e23\u0e30\u0e17\u0e49\u0e27\u0e07\u0e17\u0e31\u0e48\u0e27\u0e42\u0e25\u0e01! \u0e1e\u0e19\u0e31\u0e01\u0e07\u0e32\u0e19Google\u0e25\u0e38\u0e01\u0e2e\u0e37\u0e2d\u0e40\u0e2b\u0e15\u0e38\u0e25\u0e48\u0e27\u0e07\u0e25\u0e30\u0e40\u0e21\u0e34\u0e14\u0e17\u0e32\u0e07\u0e40\u0e1e\u0e28", "hashtags": [], "topic": "unrest", "tweet_urls": ["https://t.co/G9heClZljU"], "date": {"hour": 1, "month": 11, "iso": "2018-11-02T01:19:00", "year": 2018, "day": 2, "minute": 19}, "geo": null, "id": 1058166553265418242, "lang": "th", "emoticons": [], "user_id": 1669994028, "coordinates": null, "source": "Facebook", "location": "Bancock", "mentions": []}, {"truncated": false, "text": "\u0e41\u0e1f\u0e19\u0e41\u0e04\u0e21\u0e17\u0e35\u0e48\u0e21\u0e35\u0e04\u0e19\u0e15\u0e30\u0e42\u0e01\u0e19\u0e0a\u0e37\u0e48\u0e2d\u0e0b\u0e32\u0e01\u0e38\u0e23\u0e30\u0e17\u0e35\u0e48\u0e21\u0e34\u0e27\u0e41\u0e1a\u0e07\u0e04\u0e4c\u0e04\u0e37\u0e2d \u0e19\u0e36\u0e01\u0e27\u0e48\u0e32\u0e21\u0e32\u0e1b\u0e23\u0e30\u0e17\u0e49\u0e27\u0e07 5555555555\u200b \u0e41\u0e15\u0e48\u0e40\u0e21\u0e21\u0e40\u0e1a\u0e2d\u0e23\u0e4c\u0e02\u0e33\u0e40\u0e25\u0e22 \u0e19\u0e48\u0e32\u0e23\u0e31\u0e01\u0e14\u0e35", "hashtags": [], "topic": "unrest", "tweet_urls": [], "date": {"hour": 0, "month": 11, "iso": "2018-11-02T00:46:27", "year": 2018, "day": 2, "minute": 46}, "geo": null, "id": 1058158362523721728, "lang": "th", "emoticons": [], "user_id": 769940827, "coordinates": null, "source": "Twitter for Android", "location": "Bancock", "mentions": []}, {"truncated": false, "text": "\u0e1e\u0e19\u0e31\u0e01\u0e07\u0e32\u0e19\u0e01\u0e39\u0e40\u0e01\u0e34\u0e25\u0e17\u0e31\u0e48\u0e27\u0e42\u0e25\u0e01 \u0e19\u0e31\u0e14\u0e2b\u0e22\u0e38\u0e14\u0e07\u0e32\u0e19\u0e1b\u0e23\u0e30\u0e17\u0e49\u0e27\u0e07\u0e1d\u0e48\u0e32\u0e22\u0e1a\u0e23\u0e34\u0e2b\u0e32\u0e23 \u0e43\u0e2b\u0e49\u0e40\u0e23\u0e48\u0e07\u0e41\u0e01\u0e49\u0e1b\u0e31\u0e0d\u0e2b\u0e32\u0e25\u0e48\u0e27\u0e07\u0e25\u0e30\u0e40\u0e21\u0e34\u0e14\u0e17\u0e32\u0e07\u0e40\u0e1e\u0e28", "hashtags": ["#\u0e02\u0e48\u0e32\u0e27PNC"], "topic": "unrest", "tweet_urls": ["https://t.co/mhY75Ng9fV", "https://t.co/yqmd3fxkEI"], "date": {"hour": 14, "month": 11, "iso": "2018-11-01T14:12:20", "year": 2018, "day": 1, "minute": 12}, "geo": null, "id": 1057998780174225409, "lang": "th", "emoticons": [], "user_id": 91053979, "coordinates": null, "source": "Twitter Web Client", "location": "Bancock", "mentions": []}, {"truncated": true, "text": "\u0e15\u0e2d\u0e19\u0e41\u0e23\u0e01\u0e43\u0e2b\u0e49 8/10\n\u0e15\u0e31\u0e14\u0e04\u0e27\u0e32\u0e21\u0e40\u0e01\u0e34\u0e19\u0e08\u0e23\u0e34\u0e07\u0e44\u0e1b 2 \u0e04\u0e30\u0e41\u0e19\u0e19 \n\u0e17\u0e31\u0e49\u0e07\u0e44\u0e21\u0e48\u0e21\u0e35\u0e04\u0e19\u0e17\u0e35\u0e48\u0e1a\u0e49\u0e32\u0e19\u0e44\u0e1b\u0e23\u0e31\u0e1a \n\u0e17\u0e31\u0e49\u0e07\u0e44\u0e21\u0e48\u0e21\u0e35\u0e41\u0e17\u0e01\u0e0b\u0e35\u0e48\u0e1c\u0e48\u0e32\u0e19 \n\u0e17\u0e31\u0e49\u0e07\u0e01\u0e23\u0e30\u0e40\u0e1b\u0e4b\u0e32\u0e40\u0e14\u0e34\u0e19\u0e17\u0e32\u0e07\u0e21\u0e35\u0e43\u0e1a\u0e40\u0e14\u0e35\u0e22\u0e27\u2026", "hashtags": [], "topic": "unrest", "tweet_urls": ["https://t.co/3yWvoQoyOq"], "date": {"hour": 12, "month": 11, "iso": "2018-11-01T12:56:15", "year": 2018, "day": 1, "minute": 56}, "geo": null, "id": 1057979634719965185, "lang": "th", "emoticons": [], "user_id": 1002942714663407616, "coordinates": null, "source": "Twitter for Android", "location": "Bancock", "mentions": []}, {"truncated": false, "text": "\u0e15\u0e2d\u0e19\u0e41\u0e23\u0e01\u0e01\u0e47\u0e40\u0e2d\u0e2d \u0e04\u0e19\u0e07\u0e32\u0e19\u0e44\u0e25\u0e48\u0e1b\u0e23\u0e30\u0e17\u0e49\u0e27\u0e07\u0e19\u0e32\u0e07\u0e40\u0e2d\u0e01\n\u0e14\u0e39\u0e40\u0e1b\u0e47\u0e19\u0e1a\u0e17\u0e17\u0e14\u0e2a\u0e2d\u0e1a\u0e22\u0e34\u0e48\u0e07\u0e43\u0e2b\u0e0d\u0e48 \n\u0e41\u0e15\u0e48\u0e04\u0e34\u0e14\u0e2d\u0e35\u0e01\u0e17\u0e35 \u0e21\u0e36\u0e07\u0e44\u0e25\u0e48\u0e2b\u0e25\u0e32\u0e19\u0e40\u0e08\u0e49\u0e32\u0e02\u0e2d\u0e07\u0e40\u0e14\u0e49\u0e2d \n\u0e44\u0e21\u0e48\u0e01\u0e25\u0e31\u0e27\u0e42\u0e14\u0e19\u0e44\u0e25\u0e48\u0e2d\u0e2d\u0e01\u0e40\u0e2b\u0e23\u0e2d\n#\u0e44\u0e2e\u0e42\u0e0b\u0e2a\u0e30\u0e2d\u0e2d\u0e19", "hashtags": [], "topic": "unrest", "tweet_urls": [], "date": {"hour": 12, "month": 11, "iso": "2018-11-01T12:54:10", "year": 2018, "day": 1, "minute": 54}, "geo": null, "id": 1057979110784286720, "lang": "th", "emoticons": [], "user_id": 1002942714663407616, "coordinates": null, "source": "Twitter for Android", "location": "Bancock", "mentions": []}, {"truncated": false, "text": "\u0e43\u0e08\u0e14\u0e35\u0e08\u0e31\u0e07 \u0e1a\u0e23\u0e34\u0e29\u0e31\u0e17\u0e40\u0e1e\u0e37\u0e48\u0e2d\u0e19\u0e40\u0e23\u0e32\u0e1b\u0e35\u0e01\u0e48\u0e2d\u0e19 \u0e16\u0e48\u0e32\u0e22\u0e23\u0e39\u0e1b\u0e04\u0e19\u0e1b\u0e23\u0e30\u0e17\u0e49\u0e27\u0e07 \u0e44\u0e25\u0e48\u0e2d\u0e2d\u0e01\u0e17\u0e35\u0e2b\u0e25\u0e31\u0e07 \u0e19\u0e32\u0e07\u0e1a\u0e2d\u0e01\u0e23\u0e2d\u0e14\u0e44\u0e1b\u0e19\u0e32\u0e07\u0e44\u0e21\u0e48\u0e44\u0e14\u0e49\u0e44\u0e1b\u0e23\u0e48\u0e27\u0e21\u0e01\u0e31\u0e1a\u0e40\u0e04\u0e49\u0e32", "hashtags": [], "topic": "unrest", "tweet_urls": [], "date": {"hour": 11, "month": 11, "iso": "2018-11-01T11:46:58", "year": 2018, "day": 1, "minute": 46}, "geo": null, "id": 1057962197966479360, "lang": "th", "emoticons": [], "user_id": 64347105, "coordinates": null, "source": "Twitter for iPhone", "location": "Bancock", "mentions": ["@ganblade"]}, {"truncated": false, "text": "\u0e16\u0e49\u0e32\u0e17\u0e35\u0e48\u0e17\u0e33\u0e07\u0e32\u0e19\u0e41\u0e08\u0e01\u0e40\u0e17\u0e48\u0e32\u0e19\u0e35\u0e49 \u0e44\u0e21\u0e48\u0e1b\u0e23\u0e30\u0e17\u0e49\u0e27\u0e07\u0e19\u0e30 \u0e08\u0e30\u0e01\u0e23\u0e32\u0e1a\u0e40\u0e25\u0e22\u0e2b\u0e25\u0e48\u0e30 \u0e44\u0e21\u0e48\u0e40\u0e23\u0e35\u0e22\u0e01\u0e23\u0e49\u0e2d\u0e07\u0e2d\u0e30\u0e44\u0e23\u0e17\u0e31\u0e49\u0e07\u0e19\u0e31\u0e49\u0e19", "hashtags": [], "topic": "unrest", "tweet_urls": ["https://t.co/sKC1LWdWZl"], "date": {"hour": 11, "month": 11, "iso": "2018-11-01T11:36:03", "year": 2018, "day": 1, "minute": 36}, "geo": null, "id": 1057959450554724353, "lang": "th", "emoticons": [], "user_id": 249672416, "coordinates": null, "source": "Twitter for iPhone", "location": "Bancock", "mentions": []}, {"truncated": true, "text": "\"\u0e2d\u0e37\u0e49\u0e2d\u0e2d\u0e2d \u0e2d\u0e32\u0e22\u0e2d\u0e37\u0e14\u0e41\u0e2d\u0e49\u0e21\u0e2d\u0e49\u0e32\u0e2d\u0e34--\"\n(\u0e2d\u0e22\u0e48\u0e32\u0e22\u0e37\u0e14\u0e41\u0e01\u0e49\u0e02\u0e49\u0e32\u0e2a\u0e34)\n\n\u0e40\u0e02\u0e32\u0e40\u0e2d\u0e48\u0e22\u0e40\u0e2b\u0e21\u0e37\u0e2d\u0e19\u0e1b\u0e23\u0e30\u0e17\u0e49\u0e27\u0e07\u0e2d\u0e2d\u0e01\u0e21\u0e32\u0e40\u0e21\u0e37\u0e48\u0e2d\u0e41\u0e1d\u0e14\u0e02\u0e2d\u0e07\u0e15\u0e19\u0e22\u0e37\u0e14\u0e41\u0e01\u0e49\u0e21\u0e15\u0e19\u0e2d\u0e2d\u0e01\u0e41\u0e25\u0e30\u0e1a\u0e35\u2026", "hashtags": [], "topic": "unrest", "tweet_urls": ["https://t.co/7GXIEJKPH6"], "date": {"hour": 11, "month": 11, "iso": "2018-11-01T11:17:39", "year": 2018, "day": 1, "minute": 17}, "geo": null, "id": 1057954818050842625, "lang": "th", "emoticons": [], "user_id": 980703920119996416, "coordinates": null, "source": "Twitter Web Client", "location": "Bancock", "mentions": ["@Kreacher_bot"]}, {"truncated": true, "text": "\u0e1e\u0e19\u0e31\u0e01\u0e07\u0e32\u0e19\u0e01\u0e39\u0e40\u0e01\u0e34\u0e25\u0e1c\u0e25\u0e30\u0e07\u0e32\u0e19\u0e1b\u0e23\u0e30\u0e17\u0e49\u0e27\u0e07\u0e1a\u0e23\u0e34\u0e29\u0e31\u0e17\u0e08\u0e48\u0e32\u0e22\u0e40\u0e07\u0e34\u0e19\u0e43\u0e2b\u0e49\u0e2d\u0e14\u0e35\u0e15\u0e1c\u0e39\u0e49\u0e1a\u0e23\u0e34\u0e2b\u0e32\u0e23\u0e42\u0e14\u0e19\u0e04\u0e14\u0e35\u0e17\u0e32\u0e07\u0e40\u0e1e\u0e28\nhttps://t.co/9aC7WqAEk0\n#PPTVHD36", "hashtags": ["#PPTVNews\u2026"], "topic": "unrest", "tweet_urls": ["https://t.co/XaO5BkreDP"], "date": {"hour": 11, "month": 11, "iso": "2018-11-01T11:14:10", "year": 2018, "day": 1, "minute": 14}, "geo": null, "id": 1057953942959607809, "lang": "th", "emoticons": [], "user_id": 1877783624, "coordinates": null, "source": "Twitter Web Client", "location": "Bancock", "mentions": []}, {"truncated": true, "text": "2. \"\u0e2d\u0e22\u0e48\u0e32\u0e17\u0e33\" \u0e04\u0e37\u0e2d\u0e22\u0e31\u0e07\u0e44\u0e07? \u0e07\u0e32\u0e19\u0e2b\u0e19\u0e31\u0e01\u0e2b\u0e21\u0e2d\u0e40\u0e25\u0e22\u0e44\u0e21\u0e48\u0e2d\u0e22\u0e39\u0e48\u0e40\u0e27\u0e23\u0e44\u0e21\u0e48\u0e17\u0e33\u0e07\u0e32\u0e19\u0e21\u0e31\u0e19\u0e41\u0e25\u0e49\u0e27 \u0e04\u0e19\u0e44\u0e02\u0e49\u0e08\u0e30\u0e15\u0e32\u0e22\u0e01\u0e47\u0e23\u0e2d\u0e44\u0e1b \u0e07\u0e35\u0e49\u0e40\u0e2b\u0e23\u0e2d? \u0e2b\u0e21\u0e2d\u0e17\u0e33\u0e44\u0e21\u0e48\u0e44\u0e14\u0e49\u0e2b\u0e23\u0e2d\u0e01 \u0e2a\u0e38\u0e14\u0e17\u0e49\u0e32\u0e22\u0e01\u0e47\u0e15\u0e49\u2026", "hashtags": [], "topic": "unrest", "tweet_urls": ["https://t.co/Tixt4A6Hsb"], "date": {"hour": 10, "month": 11, "iso": "2018-11-01T10:30:47", "year": 2018, "day": 1, "minute": 30}, "geo": null, "id": 1057943025651859456, "lang": "th", "emoticons": [], "user_id": 567013442, "coordinates": null, "source": "Twitter for iPhone", "location": "Bancock", "mentions": []}, {"truncated": false, "text": "\u0e04\u0e31\u0e14\u0e04\u0e49\u0e32\u0e19\u0e01\u0e32\u0e23\u0e01\u0e48\u0e2d\u0e2a\u0e23\u0e49\u0e32\u0e07\u0e04\u0e2d\u0e19\u0e42\u0e14\u0e2a\u0e39\u0e07\u0e15\u0e34\u0e14\u0e1e\u0e34\u0e1e\u0e34\u0e18\u0e20\u0e31\u0e13\u0e11\u0e4c\u0e1e\u0e23\u0e30\u0e15\u0e33\u0e2b\u0e19\u0e31\u0e01\u0e1b\u0e25\u0e32\u0e22\u0e40\u0e19\u0e34\u0e19 \u0e2a\u0e16\u0e32\u0e19\u0e17\u0e35\u0e48\u0e2d\u0e19\u0e38\u0e23\u0e31\u0e01\u0e29\u0e4c\u0e21\u0e23\u0e14\u0e01\u0e17\u0e32\u0e07\u0e27\u0e31\u0e12\u0e19\u0e18\u0e23\u0e23\u0e21 \u0e1c\u0e48\u0e32\u0e19", "hashtags": [], "topic": "unrest", "tweet_urls": ["https://t.co/k1w4YedPaB"], "date": {"hour": 3, "month": 11, "iso": "2018-11-03T03:27:19", "year": 2018, "day": 3, "minute": 27}, "geo": null, "id": 1058561230003101697, "lang": "th", "emoticons": [], "user_id": 329458927, "coordinates": null, "source": "Twitter for iPhone", "location": "Bancock", "mentions": ["@ChangeThailand"]}, {"truncated": true, "text": "7 \u0e40\u0e14\u0e37\u0e2d\u0e19 \u0e19\u0e32\u0e1f\u0e34\u0e19\u0e15\u0e31\u0e14\u0e2a\u0e34\u0e19\u0e43\u0e08\u0e2a\u0e27\u0e21\u0e2e\u0e34\u0e0d\u0e32\u0e1a\u0e44\u0e1b\u0e42\u0e23\u0e07\u0e40\u0e23\u0e35\u0e22\u0e19 \u0e17\u0e48\u0e32\u0e21\u0e01\u0e25\u0e32\u0e07\u0e40\u0e2a\u0e35\u0e22\u0e07\u0e04\u0e31\u0e14\u0e04\u0e49\u0e32\u0e19\u0e17\u0e31\u0e49\u0e07\u0e08\u0e32\u0e01\u0e04\u0e23\u0e2d\u0e1a\u0e04\u0e23\u0e31\u0e27\u0e41\u0e25\u0e30\u0e04\u0e19\u0e23\u0e2d\u2026", "hashtags": ["#repost\n\n\u0e2b\u0e25\u0e31\u0e07\u0e40\u0e02\u0e49\u0e32\u0e23\u0e31\u0e1a\u0e2d\u0e34\u0e2a\u0e25\u0e32\u0e21\u0e44\u0e14\u0e49\u0e23\u0e32\u0e27"], "topic": "unrest", "tweet_urls": ["https://t.co/y3cWJVgGKG"], "date": {"hour": 13, "month": 11, "iso": "2018-11-02T13:27:48", "year": 2018, "day": 2, "minute": 27}, "geo": null, "id": 1058349962562461703, "lang": "th", "emoticons": [], "user_id": 221724593, "coordinates": null, "source": "Facebook", "location": "Bancock", "mentions": []}, {"truncated": true, "text": "\u0e41\u0e25\u0e49\u0e27\u0e1b\u0e32\u0e01\u0e1a\u0e2d\u0e01\u0e19\u0e35\u0e48\u0e2d\u0e35\u0e01\u0e2d\u0e22\u0e48\u0e32\u0e07\u0e44\u0e1b\u0e1e\u0e39\u0e14\u0e01\u0e31\u0e1a\u0e04\u0e19\u0e2d\u0e37\u0e48\u0e19\u0e2d\u0e35\u0e01\u0e2d\u0e22\u0e48\u0e32\u0e07 \u0e04\u0e37\u0e2d\u0e2d\u0e22\u0e48\u0e32\u0e21\u0e322\u0e2b\u0e19\u0e49\u0e32\u0e44\u0e14\u0e49\u0e1b\u0e30 \u0e41\u0e25\u0e49\u0e27\u0e17\u0e35\u0e48\u0e17\u0e33\u0e2d\u0e22\u0e39\u0e48\u0e04\u0e34\u0e14\u0e27\u0e48\u0e32\u0e14\u0e35\u0e41\u0e25\u0e49\u0e27\u0e2b\u0e23\u0e2d \u0e02\u0e2d\u0e2d\u0e19\u0e38\u0e0d\u0e32\u0e15\u0e43\u0e04\u0e23 \u0e02\u0e2d\u0e2d\u0e19\u0e38\u0e0d\u0e32\u0e15\u0e15\u0e31\u2026", "hashtags": [], "topic": "unrest", "tweet_urls": ["https://t.co/DiPcoLzGla"], "date": {"hour": 13, "month": 11, "iso": "2018-11-02T13:07:02", "year": 2018, "day": 2, "minute": 7}, "geo": null, "id": 1058344733272006656, "lang": "th", "emoticons": [], "user_id": 769161073018548228, "coordinates": null, "source": "Twitter for iPhone", "location": "Bancock", "mentions": []}]