[{"truncated": true, "text": "\"\u0e1a\u0e34\u0e4a\u0e01\u0e15\u0e39\u0e48\" \u0e1e\u0e2d\u0e43\u0e08\u0e1c\u0e25\u0e04\u0e30\u0e41\u0e19\u0e19\u0e04\u0e27\u0e32\u0e21\u0e22\u0e32\u0e01\u0e07\u0e48\u0e32\u0e22\u0e43\u0e19\u0e01\u0e32\u0e23\u0e17\u0e33\u0e18\u0e38\u0e23\u0e01\u0e34\u0e08\u0e44\u0e17\u0e22 \u0e2b\u0e23\u0e37\u0e2d Doing Business 2019 \u0e17\u0e35\u0e48\u0e23\u0e32\u0e22\u0e07\u0e32\u0e19\u0e42\u0e14\u0e22\u0e18\u0e19\u0e32\u0e04\u0e32\u0e23\u0e42\u0e25\u0e01\u0e25\u0e48\u0e32\u0e2a\u0e38\u0e14 \u0e42\u0e14\u0e22\u0e1b\u0e23\u0e30\u0e40\u0e17\u0e28\u0e44\u0e17\u0e22\u2026", "hashtags": [], "topic": "politics", "tweet_urls": ["https://t.co/0cUY42zez9"], "date": {"hour": 1, "month": 11, "iso": "2018-11-03T01:37:12", "year": 2018, "day": 3, "minute": 37}, "geo": null, "id": 1058533522074329089, "lang": "th", "emoticons": [], "user_id": 2479547882, "coordinates": null, "source": "Facebook", "location": "Bancock", "mentions": []}, {"truncated": true, "text": "Asia: Politics Sri Lanka\nConstitutional crisis : Speaker tells President 125 MPs want Parliament summoned immediate\u2026", "hashtags": [], "topic": "politics", "tweet_urls": ["https://t.co/QUzjFTSl7y"], "date": {"hour": 1, "month": 11, "iso": "2018-11-03T01:37:05", "year": 2018, "day": 3, "minute": 37}, "geo": null, "id": 1058533489606254592, "lang": "en", "emoticons": [], "user_id": 111504976, "coordinates": null, "source": "Facebook", "location": "Bancock", "mentions": []}, {"truncated": false, "text": "\u0e2b\u0e48\u0e27\u0e07\u0e17\u0e2b\u0e32\u0e23\u0e17\u0e35\u0e48\u0e40\u0e25\u0e37\u0e2d\u0e01\u0e15\u0e32\u0e21\u0e04\u0e33\u0e2a\u0e31\u0e48\u0e07\u0e19\u0e32\u0e22\u0e40\u0e16\u0e2d\u0e30\nhttps://t.co/liIGkk0VSI", "hashtags": [], "topic": "politics", "tweet_urls": [], "date": {"hour": 1, "month": 11, "iso": "2018-11-03T01:15:59", "year": 2018, "day": 3, "minute": 15}, "geo": null, "id": 1058528179420225536, "lang": "th", "emoticons": [], "user_id": 138356573, "coordinates": null, "source": "Twitter for Android", "location": "Bancock", "mentions": []}, {"truncated": true, "text": "In other words, the system crash due to failure to adjust the system's time zone, from British time (GMT)\u2026", "hashtags": ["#Thailand"], "topic": "politics", "tweet_urls": ["https://t.co/rs54Xfeszf"], "date": {"hour": 0, "month": 11, "iso": "2018-11-03T00:24:31", "year": 2018, "day": 3, "minute": 24}, "geo": null, "id": 1058515228374138880, "lang": "en", "emoticons": [], "user_id": 107438849, "coordinates": null, "source": "Facebook", "location": "Bancock", "mentions": []}, {"truncated": true, "text": "\u0e40\u0e2d\u0e4a\u0e32! \u0e15\u0e39\u0e01\u0e47\u0e19\u0e36\u0e01\u0e27\u0e48\u0e32\u0e40\u0e1e\u0e08\u0e14\u0e31\u0e01... \u0e02\u0e2d\u0e07\u0e08\u0e23\u0e34\u0e07\u0e40\u0e23\u0e2d\u0e30 \n\n\u0e44\u0e21\u0e48\u0e23\u0e39\u0e49\u0e08\u0e31\u0e01\u0e44\u0e2d\u0e41\u0e1e\u0e14 ? \u0e23\u0e38\u0e21\u0e14\u0e48\u0e32\u0e2b\u0e0d\u0e34\u0e07\u0e2b\u0e19\u0e48\u0e2d\u0e22\u0e43\u0e19\u0e01\u0e25\u0e38\u0e48\u0e21 \u0e01\u0e1b\u0e1b\u0e2a. \u0e27\u0e48\u0e32\u0e40\u0e02\u0e35\u0e22\u0e19\u0e2b\u0e19\u0e31\u0e07\u0e2a\u0e37\u0e2d\u0e1a\u0e19\u0e1b\u0e01\u0e1e\u0e25\u0e32\u0e2a\u0e15\u0e34\u0e01\u2026", "hashtags": [], "topic": "politics", "tweet_urls": ["https://t.co/LKg8nxT4P9"], "date": {"hour": 23, "month": 11, "iso": "2018-11-02T23:37:47", "year": 2018, "day": 2, "minute": 37}, "geo": null, "id": 1058503467155644416, "lang": "th", "emoticons": ["\ud83d\ude0f", "\ud83e\udd14"], "user_id": 5886462, "coordinates": null, "source": "Twitter Web Client", "location": "Bancock", "mentions": []}, {"truncated": false, "text": "Supreme Court refuses to block kids\u2019 climate lawsuit against U.S. government", "hashtags": [], "topic": "politics", "tweet_urls": ["https://t.co/BP2XuG113q"], "date": {"hour": 23, "month": 11, "iso": "2018-11-02T23:29:55", "year": 2018, "day": 2, "minute": 29}, "geo": null, "id": 1058501486936698880, "lang": "en", "emoticons": [], "user_id": 204768774, "coordinates": null, "source": "Twitter Web Client", "location": "Bancock", "mentions": []}, {"truncated": false, "text": "Judge denies Trump\u2019s request for stay in emoluments case", "hashtags": [], "topic": "politics", "tweet_urls": ["https://t.co/3y3OfE0IDI"], "date": {"hour": 19, "month": 11, "iso": "2018-11-02T19:58:50", "year": 2018, "day": 2, "minute": 58}, "geo": null, "id": 1058448368639201281, "lang": "en", "emoticons": [], "user_id": 204768774, "coordinates": null, "source": "Twitter Web Client", "location": "Bancock", "mentions": []}, {"truncated": true, "text": "You should build your library and keep out of politics. By not following this long tradition\u2026", "hashtags": [], "topic": "politics", "tweet_urls": ["https://t.co/kZepuB1xpk"], "date": {"hour": 19, "month": 11, "iso": "2018-11-02T19:08:09", "year": 2018, "day": 2, "minute": 8}, "geo": null, "id": 1058435614649966593, "lang": "en", "emoticons": [], "user_id": 401328634, "coordinates": null, "source": "Twitter for Android", "location": "Bancock", "mentions": ["@FoxNews", "@BarackObama"]}, {"truncated": true, "text": "People discuss politics, economics, foreign policy, etc. using GDP and other figures as if they forget that there a\u2026", "hashtags": [], "topic": "politics", "tweet_urls": ["https://t.co/KfRfEkCzY6"], "date": {"hour": 15, "month": 11, "iso": "2018-11-02T15:21:01", "year": 2018, "day": 2, "minute": 21}, "geo": null, "id": 1058378453068800000, "lang": "en", "emoticons": [], "user_id": 866618807837577217, "coordinates": null, "source": "Twitter for iPhone", "location": "Bancock", "mentions": []}, {"truncated": false, "text": "\u0e2d\u0e35\u0e22\u0e39\u0e2b\u0e48\u0e27\u0e07\u0e40\u0e25\u0e37\u0e2d\u0e01\u0e15\u0e31\u0e49\u0e07\u0e44\u0e17\u0e22! \n\n#\u0e02\u0e48\u0e32\u0e27\u0e2a\u0e14", "hashtags": ["#\u0e02\u0e48\u0e32\u0e27\u0e2a\u0e14\u0e01\u0e32\u0e23\u0e40\u0e21\u0e37\u0e2d\u0e07"], "topic": "politics", "tweet_urls": ["https://t.co/1UJ6ZHKsUM"], "date": {"hour": 14, "month": 11, "iso": "2018-11-02T14:12:58", "year": 2018, "day": 2, "minute": 12}, "geo": null, "id": 1058361328937578501, "lang": "th", "emoticons": [], "user_id": 266946216, "coordinates": null, "source": "Facebook", "location": "Bancock", "mentions": []}, {"truncated": false, "text": "\u0e40\u0e02\u0e35\u0e22\u0e19\u0e2b\u0e19\u0e31\u0e07\u0e2a\u0e37\u0e2d\u0e1a\u0e19\u0e1b\u0e01\u0e1e\u0e25\u0e32\u0e2a\u0e15\u0e34\u0e01\n\n#\u0e02\u0e48\u0e32\u0e27\u0e2a\u0e14", "hashtags": ["#\u0e02\u0e48\u0e32\u0e27\u0e2a\u0e14\u0e01\u0e32\u0e23\u0e40\u0e21\u0e37\u0e2d\u0e07"], "topic": "politics", "tweet_urls": ["https://t.co/C5ec0iXPWi"], "date": {"hour": 14, "month": 11, "iso": "2018-11-02T14:00:48", "year": 2018, "day": 2, "minute": 0}, "geo": null, "id": 1058358264000274432, "lang": "th", "emoticons": [], "user_id": 266946216, "coordinates": null, "source": "Facebook", "location": "Bancock", "mentions": []}, {"truncated": false, "text": "\u0e2e\u0e34\u0e27\u0e41\u0e21\u0e19\u0e44\u0e23\u0e15\u0e4c\u0e27\u0e2d\u0e15\u0e0a\u0e4c \u0e44\u0e21\u0e48\u0e2a\u0e19\u0e23\u0e31\u0e10\u0e1a\u0e32\u0e25-\u0e04\u0e2a\u0e0a.\u0e01\u0e35\u0e14\u0e01\u0e31\u0e19 \u0e2a\u0e48\u0e07\u0e2b\u0e19\u0e31\u0e07\u0e2a\u0e37\u0e2d\u0e40\u0e0a\u0e34\u0e0d\u2018\u0e2a\u0e2b\u0e23\u0e31\u0e10-\u0e2d\u0e35\u0e22\u0e39\u2019 \u0e08\u0e31\u0e1a\u0e15\u0e32\u0e40\u0e25\u0e37\u0e2d\u0e01\u0e15\u0e31\u0e49\u0e07\u0e2a.\u0e2a. \u0e02\u0e49\u0e2d\u0e21\u0e39\u0e25\u0e08\u0e32\u0e01", "hashtags": [], "topic": "politics", "tweet_urls": ["https://t.co/tdv9YTXRmk"], "date": {"hour": 13, "month": 11, "iso": "2018-11-02T13:58:14", "year": 2018, "day": 2, "minute": 58}, "geo": null, "id": 1058357617985089536, "lang": "th", "emoticons": [], "user_id": 69550671, "coordinates": null, "source": "Twitter Web Client", "location": "Bancock", "mentions": ["@\u0e02\u0e48\u0e32\u0e27\u0e2a\u0e14"]}, {"truncated": false, "text": "'\u0e1a\u0e34\u0e4a\u0e01\u0e15\u0e39\u0e48'\u0e0a\u0e35\u0e49\u0e2b\u0e22\u0e38\u0e14\u0e27\u0e32\u0e17\u0e01\u0e23\u0e23\u0e21\u0e41\u0e07\u0e48\u0e25\u0e1a \u0e1b\u0e31\u0e14\u0e40\u0e2d\u0e37\u0e49\u0e2d\u0e1b\u0e23\u0e30\u0e42\u0e22\u0e0a\u0e19\u0e4c\u0e18\u0e38\u0e23\u0e01\u0e34\u0e08\u0e43\u0e2b\u0e0d\u0e48", "hashtags": ["#\u0e19\u0e32\u0e22\u0e01\u0e2f", "#\u0e28\u0e32\u0e2a\u0e15\u0e23\u0e4c\u0e1e\u0e23\u0e30\u0e23\u0e32\u0e0a\u0e32", "#\u0e40\u0e14\u0e25\u0e34\u0e19\u0e34\u0e27\u0e2a\u0e4c\u0e2d\u0e2d\u0e19\u0e44\u0e25\u0e19\u0e4c"], "topic": "politics", "tweet_urls": ["https://t.co/Dwr3sFzdxL"], "date": {"hour": 13, "month": 11, "iso": "2018-11-02T13:58:00", "year": 2018, "day": 2, "minute": 58}, "geo": null, "id": 1058357561391542274, "lang": "th", "emoticons": [], "user_id": 145931392, "coordinates": null, "source": "Hootsuite", "location": "Bancock", "mentions": []}, {"truncated": false, "text": "\u0e19\u0e32\u0e22\u0e01\u0e2f\u0e1a\u0e2d\u0e01\u0e43\u0e01\u0e25\u0e49\u0e25\u0e15.\u0e2d\u0e22\u0e48\u0e32\u0e27\u0e38\u0e48\u0e19\u0e27\u0e32\u0e22\u0e2a\u0e23\u0e49\u0e32\u0e07\u0e2a\u0e31\u0e1a\u0e2a\u0e19", "hashtags": ["#INNNEWS", "#\u0e2a\u0e33\u0e19\u0e31\u0e01\u0e02\u0e48\u0e32\u0e27INN", "#SMSINN"], "topic": "politics", "tweet_urls": ["https://t.co/In4YUJ9JLR"], "date": {"hour": 13, "month": 11, "iso": "2018-11-02T13:56:34", "year": 2018, "day": 2, "minute": 56}, "geo": null, "id": 1058357201528532992, "lang": "th", "emoticons": [], "user_id": 47619730, "coordinates": null, "source": "Twitter Web Client", "location": "Bancock", "mentions": []}, {"truncated": true, "text": "Theres nothing like both. Tell biya occupational terrorists to leave Ambazonia. Root cause UNGA Res 1608 whic\u2026", "hashtags": [], "topic": "politics", "tweet_urls": ["https://t.co/CWAydXz372"], "date": {"hour": 13, "month": 11, "iso": "2018-11-02T13:27:12", "year": 2018, "day": 2, "minute": 27}, "geo": null, "id": 1058349809306808325, "lang": "en", "emoticons": [], "user_id": 838333583840305152, "coordinates": null, "source": "Twitter for Android", "location": "Bancock", "mentions": ["@USUN"]}, {"truncated": false, "text": "\u0e01\u0e25\u0e31\u0e27 ... \u2018\u0e19\u0e04\u0e23\u2019 \u0e16\u0e32\u0e21 \u2018\u0e04\u0e2a\u0e0a.\u2019 \u0e15\u0e31\u0e49\u0e07\u0e43\u0e08\u0e08\u0e30\u0e42\u0e01\u0e07\u0e2b\u0e23\u0e37\u0e2d \u0e16\u0e36\u0e07\u0e01\u0e25\u0e31\u0e27\u0e01\u0e32\u0e23\u0e2a\u0e31\u0e07\u0e40\u0e01\u0e15\u0e01\u0e32\u0e23\u0e13\u0e4c\u0e40\u0e25\u0e37\u0e2d\u0e01\u0e15\u0e31\u0e49\u0e07\u0e02\u0e2d\u0e07\u0e15\u0e48\u0e32\u0e07\u0e0a\u0e32\u0e15\u0e34 via", "hashtags": [], "topic": "politics", "tweet_urls": ["https://t.co/llCCVoBxlq"], "date": {"hour": 13, "month": 11, "iso": "2018-11-02T13:17:48", "year": 2018, "day": 2, "minute": 17}, "geo": null, "id": 1058347445573246978, "lang": "th", "emoticons": [], "user_id": 554918064, "coordinates": null, "source": "Twitter Web Client", "location": "Bancock", "mentions": ["@\u0e21\u0e15\u0e34\u0e0a\u0e19\u0e2d\u0e2d\u0e19\u0e44\u0e25\u0e19\u0e4c"]}, {"truncated": false, "text": "\u0e09\u0e30\u0e42\u0e04\u0e23\u0e07\u0e01\u0e32\u0e23\u0e44\u0e17\u0e22\u0e19\u0e34\u0e22\u0e21\u0e2f \u0e44\u0e21\u0e48\u0e0a\u0e48\u0e27\u0e22\u0e41\u0e01\u0e49\u0e17\u0e38\u0e01\u0e02\u0e4c\u0e04\u0e19\u0e43\u0e15\u0e49\n\n#\u0e02\u0e48\u0e32\u0e27\u0e2a\u0e14", "hashtags": ["#\u0e02\u0e48\u0e32\u0e27\u0e2a\u0e14\u0e01\u0e32\u0e23\u0e40\u0e21\u0e37\u0e2d\u0e07"], "topic": "politics", "tweet_urls": ["https://t.co/MQyAv2D9bY"], "date": {"hour": 12, "month": 11, "iso": "2018-11-02T12:50:05", "year": 2018, "day": 2, "minute": 50}, "geo": null, "id": 1058340470827282434, "lang": "th", "emoticons": [], "user_id": 266946216, "coordinates": null, "source": "Facebook", "location": "Bancock", "mentions": []}, {"truncated": false, "text": "\u0e2b\u0e0d\u0e34\u0e07\u0e2b\u0e19\u0e48\u0e2d\u0e22 \u0e22\u0e01\u0e17\u0e31\u0e1e\u0e40\u0e1e\u0e37\u0e48\u0e2d\u0e44\u0e17\u0e22 \u0e25\u0e38\u0e22\u0e2a\u0e32\u0e22\u0e44\u0e2b\u0e21\n\n#\u0e02\u0e48\u0e32\u0e27\u0e2a\u0e14", "hashtags": ["#\u0e02\u0e48\u0e32\u0e27\u0e2a\u0e14\u0e01\u0e32\u0e23\u0e40\u0e21\u0e37\u0e2d\u0e07"], "topic": "politics", "tweet_urls": ["https://t.co/KgL8MACmLv"], "date": {"hour": 12, "month": 11, "iso": "2018-11-02T12:40:04", "year": 2018, "day": 2, "minute": 40}, "geo": null, "id": 1058337947789942784, "lang": "th", "emoticons": [], "user_id": 266946216, "coordinates": null, "source": "Facebook", "location": "Bancock", "mentions": []}, {"truncated": true, "text": "CGTN-Dialogues:onNov.,2nd. Brazil Politics matters which do not pay any attentions for such a long time. Since fore\u2026", "hashtags": [], "topic": "politics", "tweet_urls": ["https://t.co/H3yKmy7WX1"], "date": {"hour": 12, "month": 11, "iso": "2018-11-02T12:09:50", "year": 2018, "day": 2, "minute": 9}, "geo": null, "id": 1058330340744286208, "lang": "en", "emoticons": [], "user_id": 890936186130137088, "coordinates": null, "source": "Twitter for iPad", "location": "Bancock", "mentions": []}, {"truncated": false, "text": "\u201c\u0e0a\u0e31\u0e0a \u0e40\u0e15\u0e32\u0e1b\u0e39\u0e19\u201d \u0e19\u0e31\u0e48\u0e07 \u0e1e\u0e23\u0e23\u0e04\u0e1e\u0e25\u0e31\u0e07\u0e17\u0e49\u0e2d\u0e07\u0e16\u0e34\u0e48\u0e19\u0e44\u0e17 \u201c\u0e1f\u0e34\u0e25\u0e4c\u0e21\u201d \u0e19\u0e31\u0e48\u0e07\u0e23\u0e2d\u0e07\u0e42\u0e06\u0e29\u0e01\n\n#\u0e02\u0e48\u0e32\u0e27\u0e2a\u0e14", "hashtags": ["#\u0e02\u0e48\u0e32\u0e27\u0e2a\u0e14\u0e01\u0e32\u0e23\u0e40\u0e21\u0e37\u0e2d\u0e07"], "topic": "politics", "tweet_urls": ["https://t.co/hrRRHpIxNb"], "date": {"hour": 11, "month": 11, "iso": "2018-11-02T11:55:08", "year": 2018, "day": 2, "minute": 55}, "geo": null, "id": 1058326641431048192, "lang": "th", "emoticons": [], "user_id": 266946216, "coordinates": null, "source": "Facebook", "location": "Bancock", "mentions": []}, {"truncated": false, "text": "\"\u0e2a\u0e38\u0e40\u0e17\u0e1e\" \u0e1a\u0e38\u0e01\u0e04\u0e32\u0e23\u0e27\u0e30\u0e41\u0e1c\u0e48\u0e19\u0e14\u0e34\u0e19\u0e40\u0e21\u0e37\u0e2d\u0e07\u0e08\u0e31\u0e19\u0e17\u0e19\u0e4c \u0e22\u0e49\u0e33\u0e44\u0e21\u0e48\u0e44\u0e14\u0e49\u0e2b\u0e32\u0e40\u0e2a\u0e35\u0e22\u0e07\u0e21\u0e32\u0e2b\u0e32\u0e2a\u0e21\u0e32\u0e0a\u0e34\u0e01\u0e1e\u0e23\u0e23\u0e04 [\u0e04\u0e25\u0e34\u0e1b]", "hashtags": ["#\u0e02\u0e48\u0e32\u0e27\u0e08\u0e23\u0e34\u0e07", "#\u0e2a\u0e1b\u0e23\u0e34\u0e07\u0e19\u0e34\u0e27\u0e2a\u0e4c", "#Springnews"], "topic": "politics", "tweet_urls": ["https://t.co/94Wo4GYOch"], "date": {"hour": 11, "month": 11, "iso": "2018-11-02T11:41:35", "year": 2018, "day": 2, "minute": 41}, "geo": null, "id": 1058323229293432832, "lang": "th", "emoticons": [], "user_id": 87732915, "coordinates": null, "source": "Twitter Web Client", "location": "Bancock", "mentions": []}, {"truncated": true, "text": "\"\u0e40\u0e1e\u0e37\u0e48\u0e2d\u0e44\u0e17\u0e22\" \u0e08\u0e35\u0e49 \u0e23\u0e31\u0e10\u0e41\u0e01\u0e49\u0e1b\u0e31\u0e0d\u0e2b\u0e32\u0e27\u0e34\u0e01\u0e24\u0e15\u0e34\u0e02\u0e22\u0e30\u0e17\u0e30\u0e40\u0e25\u0e44\u0e17\u0e22\n\nhttps://t.co/6Dycp1smnw\n\nhttps://t.co/uNPmDiP1zM\u2026", "hashtags": [], "topic": "politics", "tweet_urls": ["https://t.co/oAixW4UtL0"], "date": {"hour": 11, "month": 11, "iso": "2018-11-02T11:40:58", "year": 2018, "day": 2, "minute": 40}, "geo": null, "id": 1058323073408020480, "lang": "th", "emoticons": [], "user_id": 310073110, "coordinates": null, "source": "Twitter for iPhone", "location": "Bancock", "mentions": []}, {"truncated": false, "text": "\u0e2e\u0e34\u0e27\u0e41\u0e21\u0e19\u0e44\u0e23\u0e15\u0e4c\u0e27\u0e2d\u0e15\u0e0a\u0e4c \u0e44\u0e21\u0e48\u0e2a\u0e19\u0e23\u0e31\u0e10\u0e1a\u0e32\u0e25-\u0e04\u0e2a\u0e0a.\u0e01\u0e35\u0e14\u0e01\u0e31\u0e19 \n\n#\u0e02\u0e48\u0e32\u0e27\u0e2a\u0e14", "hashtags": ["#\u0e02\u0e48\u0e32\u0e27\u0e2a\u0e14\u0e01\u0e32\u0e23\u0e40\u0e21\u0e37\u0e2d\u0e07"], "topic": "politics", "tweet_urls": ["https://t.co/ltS9IWWB3U"], "date": {"hour": 11, "month": 11, "iso": "2018-11-02T11:35:10", "year": 2018, "day": 2, "minute": 35}, "geo": null, "id": 1058321617527300096, "lang": "th", "emoticons": [], "user_id": 266946216, "coordinates": null, "source": "Facebook", "location": "Bancock", "mentions": []}, {"truncated": false, "text": "\u0e44\u0e21\u0e48\u0e43\u0e0a\u0e48\u0e41\u0e04\u0e48\u0e2b\u0e21\u0e2d\u0e14\u0e39! '\u0e1a\u0e34\u0e4a\u0e01\u0e1b\u0e49\u0e2d\u0e21'\u0e1a\u0e2d\u0e01 \u0e43\u0e04\u0e23\u0e46\u0e01\u0e47\u0e2d\u0e22\u0e32\u0e01\u0e43\u0e2b\u0e49 \u201c\u0e1a\u0e34\u0e4a\u0e01\u0e15\u0e39\u0e48\u201d\u0e2d\u0e22\u0e39\u0e48\u0e19\u0e32\u0e19", "hashtags": [], "topic": "politics", "tweet_urls": ["https://t.co/ildWxjoruv"], "date": {"hour": 10, "month": 11, "iso": "2018-11-02T10:01:14", "year": 2018, "day": 2, "minute": 1}, "geo": null, "id": 1058297978115551233, "lang": "th", "emoticons": [], "user_id": 420176957, "coordinates": null, "source": "Facebook", "location": "Bancock", "mentions": []}, {"truncated": false, "text": "\u0e2a\u0e2d\u0e1a\u0e19\u0e32\u0e2c\u0e34\u0e01\u0e32\u0e2b\u0e23\u0e39 \u201c\u0e1a\u0e34\u0e4a\u0e01\u0e1b\u0e49\u0e2d\u0e21\u201d \u0e1b.\u0e1b.\u0e0a. \u0e02\u0e2d\u0e40\u0e27\u0e25\u0e32\u0e2d\u0e35\u0e01\u0e44\u0e21\u0e48\u0e19\u0e32\u0e19 \n\n#\u0e02\u0e48\u0e32\u0e27\u0e2a\u0e14", "hashtags": ["#\u0e02\u0e48\u0e32\u0e27\u0e2a\u0e14\u0e01\u0e32\u0e23\u0e40\u0e21\u0e37\u0e2d\u0e07"], "topic": "politics", "tweet_urls": ["https://t.co/PqQ6PcxER0"], "date": {"hour": 9, "month": 11, "iso": "2018-11-02T09:46:00", "year": 2018, "day": 2, "minute": 46}, "geo": null, "id": 1058294144387375109, "lang": "th", "emoticons": [], "user_id": 266946216, "coordinates": null, "source": "Facebook", "location": "Bancock", "mentions": []}, {"truncated": false, "text": "\"\u0e1b.\u0e1b.\u0e0a.\"\u0e22\u0e49\u0e33\"\u0e40\u0e21\u0e35\u0e22\u0e19\u0e2d\u0e01\u0e2a\u0e21\u0e23\u0e2a-\u0e01\u0e34\u0e4a\u0e01\" \u0e15\u0e49\u0e2d\u0e07\u0e22\u0e37\u0e48\u0e19\u0e1a\u0e31\u0e0d\u0e0a\u0e35\u0e17\u0e23\u0e31\u0e1e\u0e22\u0e4c\u0e2a\u0e34\u0e19", "hashtags": ["#\u0e1b.\u0e1b.\u0e0a.", "#\u0e22\u0e37\u0e48\u0e19\u0e1a\u0e31\u0e0d\u0e0a\u0e35\u0e17\u0e23\u0e31\u0e1e\u0e22\u0e4c\u0e2a\u0e34\u0e19", "#\u0e40\u0e14\u0e25\u0e34\u0e19\u0e34\u0e27\u0e2a\u0e4c\u0e2d\u0e2d\u0e19\u0e44\u0e25\u0e19\u0e4c"], "topic": "politics", "tweet_urls": ["https://t.co/qImhtrA8Cw"], "date": {"hour": 9, "month": 11, "iso": "2018-11-02T09:40:24", "year": 2018, "day": 2, "minute": 40}, "geo": null, "id": 1058292731947220992, "lang": "th", "emoticons": [], "user_id": 145931392, "coordinates": null, "source": "Hootsuite", "location": "Bancock", "mentions": []}, {"truncated": true, "text": "\u0e28\u0e32\u0e2a\u0e19\u0e32\u0e40\u0e1b\u0e47\u0e19\u0e15\u0e31\u0e27\u0e41\u0e1b\u0e23\u0e17\u0e35\u0e48\u0e17\u0e33\u0e19\u0e32\u0e22\u0e1e\u0e23\u0e23\u0e04\u0e01\u0e32\u0e23\u0e40\u0e21\u0e37\u0e2d\u0e07\u0e17\u0e35\u0e48\u0e04\u0e19\u0e2d\u0e40\u0e21\u0e23\u0e34\u0e01\u0e31\u0e19\u0e08\u0e30\u0e40\u0e25\u0e37\u0e2d\u0e01\u0e44\u0e14\u0e49\u0e14\u0e35\u0e17\u0e35\u0e48\u0e2a\u0e38\u0e14 The Economist | All politics is identity politic\u2026", "hashtags": [], "topic": "politics", "tweet_urls": ["https://t.co/AH5yI2GXfe"], "date": {"hour": 9, "month": 11, "iso": "2018-11-02T09:28:04", "year": 2018, "day": 2, "minute": 28}, "geo": null, "id": 1058289630720606208, "lang": "th", "emoticons": [], "user_id": 25768358, "coordinates": null, "source": "Twitter for iPhone", "location": "Bancock", "mentions": []}, {"truncated": false, "text": "\u0e1b.\u0e1b.\u0e0a. \u0e22\u0e31\u0e19 \u0e40\u0e01\u0e13\u0e11\u0e4c\u0e22\u0e37\u0e48\u0e19\u0e1a\u0e31\u0e0d\u0e0a\u0e35\u0e17\u0e23\u0e31\u0e1e\u0e22\u0e4c\u0e2a\u0e34\u0e19\u0e43\u0e2b\u0e21\u0e48 \u0e44\u0e21\u0e48\u0e40\u0e27\u0e49\u0e19\u0e1c\u0e31\u0e27\u0e40\u0e21\u0e35\u0e22 \u0e19\u0e2d\u0e01\u0e2a\u0e21\u0e23\u0e2a \n\n#\u0e02\u0e48\u0e32\u0e27\u0e2a\u0e14", "hashtags": ["#\u0e02\u0e48\u0e32\u0e27\u0e2a\u0e14\u0e01\u0e32\u0e23\u0e40\u0e21\u0e37\u0e2d\u0e07"], "topic": "politics", "tweet_urls": ["https://t.co/vXc0ceEnGm"], "date": {"hour": 9, "month": 11, "iso": "2018-11-02T09:24:56", "year": 2018, "day": 2, "minute": 24}, "geo": null, "id": 1058288840568320000, "lang": "th", "emoticons": [], "user_id": 266946216, "coordinates": null, "source": "Facebook", "location": "Bancock", "mentions": []}, {"truncated": true, "text": "I\u2019m just gonna say it. From now on all political discourse in Thailand should be conducted in rhyme. If you can\u2019t r\u2026", "hashtags": [], "topic": "politics", "tweet_urls": ["https://t.co/oPei4sNmal"], "date": {"hour": 9, "month": 11, "iso": "2018-11-02T09:07:23", "year": 2018, "day": 2, "minute": 7}, "geo": null, "id": 1058284424129695744, "lang": "en", "emoticons": [], "user_id": 188038594, "coordinates": null, "source": "Twitter for iPhone", "location": "Bancock", "mentions": []}, {"truncated": false, "text": "\u0e2a\u0e38\u0e40\u0e17\u0e1e\u0e1e\u0e1a\u0e0a\u0e32\u0e27\u0e08\u0e31\u0e19\u0e17\u0e4c \u0e41\u0e1f\u0e19\u0e04\u0e25\u0e31\u0e1a\u0e40\u0e1b\u0e48\u0e32\u0e19\u0e01\u0e2b\u0e27\u0e35\u0e14 \u0e41\u0e08\u0e01\u0e02\u0e19\u0e21\u0e01\u0e25\u0e49\u0e27\u0e22\u0e15\u0e49\u0e2d\u0e19\u0e23\u0e31\u0e1a\n\n#\u0e02\u0e48\u0e32\u0e27\u0e2a\u0e14", "hashtags": ["#\u0e02\u0e48\u0e32\u0e27\u0e2a\u0e14\u0e01\u0e32\u0e23\u0e40\u0e21\u0e37\u0e2d\u0e07"], "topic": "politics", "tweet_urls": ["https://t.co/ICkQbe0B2a"], "date": {"hour": 8, "month": 11, "iso": "2018-11-02T08:57:49", "year": 2018, "day": 2, "minute": 57}, "geo": null, "id": 1058282017006055424, "lang": "th", "emoticons": [], "user_id": 266946216, "coordinates": null, "source": "Facebook", "location": "Bancock", "mentions": []}, {"truncated": false, "text": "\u0e1b.\u0e1b.\u0e0a.\u0e22\u0e31\u0e19 \u0e40\u0e01\u0e13\u0e11\u0e4c\u0e43\u0e2b\u0e21\u0e48 \u0e22\u0e37\u0e48\u0e19\u0e1a\u0e31\u0e0d\u0e0a\u0e35\u0e17\u0e23\u0e31\u0e1e\u0e22\u0e4c\u0e2a\u0e34\u0e19 \u0e44\u0e21\u0e48\u0e40\u0e27\u0e49\u0e19\u0e1c\u0e31\u0e27-\u0e40\u0e21\u0e35\u0e22 \u0e19\u0e2d\u0e01\u0e2a\u0e21\u0e23\u0e2a \u0e02\u0e39\u0e48 \u0e15\u0e23\u0e27\u0e08\u0e2a\u0e2d\u0e1a\u0e44\u0e21\u0e48\u0e22\u0e32\u0e01", "hashtags": [], "topic": "politics", "tweet_urls": ["https://t.co/NQUHvGQUFp"], "date": {"hour": 7, "month": 11, "iso": "2018-11-02T07:35:45", "year": 2018, "day": 2, "minute": 35}, "geo": null, "id": 1058261363837960192, "lang": "th", "emoticons": [], "user_id": 5202411, "coordinates": null, "source": "Facebook", "location": "Bancock", "mentions": []}, {"truncated": false, "text": "\"\u0e1a\u0e34\u0e4a\u0e01\u0e1b\u0e49\u0e2d\u0e21\" \u0e1b\u0e31\u0e14\u0e19\u0e31\u0e01\u0e01\u0e32\u0e23\u0e40\u0e21\u0e37\u0e2d\u0e07\u0e40\u0e2d\u0e35\u0e48\u0e22\u0e27 \"\u0e22\u0e32\u0e40\u0e2a\u0e1e\u0e15\u0e34\u0e14\" \u0e17\u0e30\u0e25\u0e31\u0e01\u0e0a\u0e48\u0e27\u0e07\u0e43\u0e01\u0e25\u0e49 \"\u0e40\u0e25\u0e37\u0e2d\u0e01\u0e15\u0e31\u0e49\u0e07\"", "hashtags": ["#\u0e02\u0e48\u0e32\u0e27\u0e08\u0e23\u0e34\u0e07", "#\u0e2a\u0e1b\u0e23\u0e34\u0e07\u0e19\u0e34\u0e27\u0e2a\u0e4c", "#Springnews"], "topic": "politics", "tweet_urls": ["https://t.co/NHEzeSqatb"], "date": {"hour": 7, "month": 11, "iso": "2018-11-02T07:32:45", "year": 2018, "day": 2, "minute": 32}, "geo": null, "id": 1058260609559457793, "lang": "th", "emoticons": [], "user_id": 87732915, "coordinates": null, "source": "Twitter Web Client", "location": "Bancock", "mentions": []}, {"truncated": true, "text": "Asia: GDP Viet Nam\nPM: Viet Nam GDP would reach $2.5 trillion and per capita income of $18,000 by 2045 - VietNam Ne\u2026", "hashtags": [], "topic": "politics", "tweet_urls": ["https://t.co/VCoQHeKqU9"], "date": {"hour": 7, "month": 11, "iso": "2018-11-02T07:30:19", "year": 2018, "day": 2, "minute": 30}, "geo": null, "id": 1058259998592004097, "lang": "en", "emoticons": [], "user_id": 111504976, "coordinates": null, "source": "Facebook", "location": "Bancock", "mentions": []}, {"truncated": false, "text": "\u0e21\u0e32\u0e14\u0e39\u0e04\u0e38\u0e13\u0e2a\u0e21\u0e1a\u0e31\u0e15\u0e34\u0e41\u0e25\u0e30\u0e20\u0e32\u0e23\u0e01\u0e34\u0e08\u0e02\u0e2d\u0e07\u0e40\u0e2e\u0e25\u0e34\u0e04\u0e2d\u0e1b\u0e40\u0e15\u0e2d\u0e23\u0e4c\u0e41\u0e1a\u0e1a\u0e2d\u0e40\u0e19\u0e01\u0e1b\u0e23\u0e30\u0e2a\u0e07\u0e04\u0e4c", "hashtags": ["#AW139"], "topic": "politics", "tweet_urls": ["https://t.co/dIxDac2iKo"], "date": {"hour": 7, "month": 11, "iso": "2018-11-02T07:27:19", "year": 2018, "day": 2, "minute": 27}, "geo": null, "id": 1058259242522599424, "lang": "th", "emoticons": [], "user_id": 2479547882, "coordinates": null, "source": "Facebook", "location": "Bancock", "mentions": []}, {"truncated": true, "text": "Industry 4.0 requires for labour strategy - Society - Vietnam News | Politics, Business, Economy, Society, Life, Sp\u2026", "hashtags": [], "topic": "politics", "tweet_urls": ["https://t.co/07lVCSvIqF"], "date": {"hour": 7, "month": 11, "iso": "2018-11-02T07:10:48", "year": 2018, "day": 2, "minute": 10}, "geo": null, "id": 1058255086466478081, "lang": "en", "emoticons": [], "user_id": 3283054495, "coordinates": null, "source": "Twitter Web Client", "location": "Bancock", "mentions": []}, {"truncated": false, "text": "\"\u0e1b\u0e1b\u0e0a. \u0e1b\u0e23\u0e30\u0e01\u0e32\u0e28\u0e43\u0e2b\u0e49\u0e02\u0e49\u0e32\u0e23\u0e32\u0e0a\u0e01\u0e32\u0e23\u0e01\u0e32\u0e23\u0e40\u0e21\u0e37\u0e2d\u0e07-\u0e1a\u0e34\u0e4a\u0e01\u0e17\u0e2b\u0e32\u0e23-\u0e1e\u0e25\u0e40\u0e23\u0e37\u0e2d\u0e19 \u0e22\u0e37\u0e48\u0e19\u0e1a\u0e31\u0e0d\u0e0a\u0e35\u0e17\u0e23\u0e31\u0e1e\u0e2a\u0e34\u0e19 \u0e2b\u0e19\u0e35\u0e49\u0e2a\u0e34\u0e19\"", "hashtags": [], "topic": "politics", "tweet_urls": ["https://t.co/Jl7n2tYW9t"], "date": {"hour": 7, "month": 11, "iso": "2018-11-02T07:01:01", "year": 2018, "day": 2, "minute": 1}, "geo": null, "id": 1058252622342180864, "lang": "th", "emoticons": [], "user_id": 109501449, "coordinates": null, "source": "IFTTT", "location": "Bancock", "mentions": []}, {"truncated": false, "text": "\"\u2018\u0e1b\u0e23\u0e30\u0e22\u0e38\u0e17\u0e18\u0e4c\u2019 \u0e0a\u0e35\u0e49\u0e19\u0e32\u0e22\u0e01\u0e2f \u0e43\u0e19\u0e2d\u0e19\u0e32\u0e04\u0e15\u0e2d\u0e32\u0e08\u0e44\u0e21\u0e48\u0e43\u0e0a\u0e48\u0e04\u0e19\u0e40\u0e14\u0e34\u0e21\"", "hashtags": [], "topic": "politics", "tweet_urls": ["https://t.co/DvWrtk5ADJ"], "date": {"hour": 7, "month": 11, "iso": "2018-11-02T07:01:00", "year": 2018, "day": 2, "minute": 1}, "geo": null, "id": 1058252619691347969, "lang": "th", "emoticons": [], "user_id": 109501449, "coordinates": null, "source": "IFTTT", "location": "Bancock", "mentions": []}, {"truncated": false, "text": "\"\u0e19\u0e32\u0e22\u0e01\u0e2f\u0e42\u0e1e\u0e2a\u0e15\u0e4c\u0e40\u0e1f\u0e0b\u0e1a\u0e38\u0e4a\u0e01 \u201c\u0e2d\u0e22\u0e32\u0e01\u0e02\u0e2d\u0e43\u0e2b\u0e49\u0e17\u0e38\u0e01\u0e04\u0e19\u0e23\u0e48\u0e27\u0e21\u0e21\u0e37\u0e2d\u0e23\u0e48\u0e27\u0e21\u0e43\u0e08 \u0e44\u0e21\u0e48\u0e41\u0e1a\u0e48\u0e07\u0e41\u0e22\u0e01\u201d\"", "hashtags": [], "topic": "politics", "tweet_urls": ["https://t.co/mGFPCyjuNZ"], "date": {"hour": 7, "month": 11, "iso": "2018-11-02T07:00:59", "year": 2018, "day": 2, "minute": 0}, "geo": null, "id": 1058252617208348673, "lang": "th", "emoticons": [], "user_id": 109501449, "coordinates": null, "source": "IFTTT", "location": "Bancock", "mentions": []}, {"truncated": false, "text": "\u0e2d\u0e19\u0e32\u0e21\u0e31\u0e22\u0e42\u0e25\u0e01\u0e23\u0e31\u0e1a\u0e23\u0e2d\u0e07\u0e22\u0e32\u0e15\u0e49\u0e32\u0e19\u0e44\u0e27\u0e23\u0e31\u0e2a\u0e40\u0e2d\u0e14\u0e2a\u0e4c\u0e44\u0e17\u0e22 \u0e23\u0e32\u0e22\u0e41\u0e23\u0e01\u0e2d\u0e32\u0e40\u0e0b\u0e35\u0e22\u0e19 \u0e40\u0e14\u0e25\u0e34\u0e19\u0e34\u0e27\u0e2a\u0e4c\u0e2d\u0e2d\u0e19\u0e44\u0e25\u0e19\u0e4c", "hashtags": ["#\u0e2d\u0e07\u0e04\u0e4c\u0e01\u0e32\u0e23\u0e2d\u0e19\u0e32\u0e21\u0e31\u0e22\u0e42\u0e25\u0e01", "#\u0e40\u0e2d\u0e14\u0e2a\u0e4c", "#\u0e40\u0e14\u0e25\u0e34\u0e19\u0e34\u0e27\u0e2a\u0e4c"], "topic": "politics", "tweet_urls": ["https://t.co/dtDXJZDpVn"], "date": {"hour": 6, "month": 11, "iso": "2018-11-02T06:45:13", "year": 2018, "day": 2, "minute": 45}, "geo": null, "id": 1058248647756808199, "lang": "th", "emoticons": [], "user_id": 145931392, "coordinates": null, "source": "Hootsuite", "location": "Bancock", "mentions": []}, {"truncated": false, "text": "\u0e01\u0e25\u0e32\u0e42\u0e2b\u0e21 \u201c\u0e0b\u0e31\u0e14 \u201c\u0e28\u0e23\u0e35\u0e2a\u0e38\u0e27\u0e23\u0e23\u0e13\u201d \u0e02\u0e49\u0e2d\u0e21\u0e39\u0e25\u0e21\u0e31\u0e48\u0e27 \u0e2e.\u0e41\u0e1e\u0e07\n\n#\u0e02\u0e48\u0e32\u0e27\u0e2a\u0e14", "hashtags": ["#\u0e02\u0e48\u0e32\u0e27\u0e2a\u0e14\u0e01\u0e32\u0e23\u0e40\u0e21\u0e37\u0e2d\u0e07"], "topic": "politics", "tweet_urls": ["https://t.co/UeLhyhSfbA"], "date": {"hour": 6, "month": 11, "iso": "2018-11-02T06:36:30", "year": 2018, "day": 2, "minute": 36}, "geo": null, "id": 1058246455033393152, "lang": "th", "emoticons": [], "user_id": 266946216, "coordinates": null, "source": "Facebook", "location": "Bancock", "mentions": []}, {"truncated": false, "text": "\"\u0e1a\u0e34\u0e4a\u0e01\u0e1b\u0e49\u0e2d\u0e21\"\u0e22\u0e31\u0e19\u0e40\u0e2e\u0e25\u0e34\u0e04\u0e2d\u0e1b\u0e40\u0e15\u0e2d\u0e23\u0e4c\u0e44\u0e21\u0e48\u0e41\u0e1e\u0e07 \u0e41\u0e08\u0e07\u0e2d\u0e2d\u0e1f\u0e0a\u0e31\u0e48\u0e19\u0e15\u0e48\u0e32\u0e07\u0e01\u0e31\u0e19", "hashtags": ["#\u0e1a\u0e34\u0e4a\u0e01\u0e1b\u0e49\u0e2d\u0e21", "#\u0e40\u0e2e\u0e25\u0e34\u0e04\u0e2d\u0e1b\u0e40\u0e15\u0e2d\u0e23\u0e4c", "#\u0e40\u0e14\u0e25\u0e34\u0e19\u0e34\u0e27\u0e2a\u0e4c\u0e2d\u0e2d\u0e19\u0e44\u0e25\u0e19\u0e4c"], "topic": "politics", "tweet_urls": ["https://t.co/BkdQrNFMI6"], "date": {"hour": 5, "month": 11, "iso": "2018-11-02T05:52:38", "year": 2018, "day": 2, "minute": 52}, "geo": null, "id": 1058235414085955586, "lang": "th", "emoticons": [], "user_id": 145931392, "coordinates": null, "source": "Hootsuite", "location": "Bancock", "mentions": []}, {"truncated": false, "text": "\u0e01\u0e2b.\u0e41\u0e08\u0e07\u0e01\u0e2d\u0e07\u0e17\u0e31\u0e1e\u0e0b\u0e37\u0e49\u0e2d \u0e2e. \u0e04\u0e19\u0e25\u0e30\u0e41\u0e1a\u0e1a\u0e01\u0e31\u0e1a\"\u0e40\u0e08\u0e49\u0e32\u0e2a\u0e31\u0e27\u0e27\u0e34\u0e0a\u0e31\u0e22\"", "hashtags": ["#\u0e2a\u0e33\u0e19\u0e31\u0e01\u0e02\u0e48\u0e32\u0e27INN", "#SMSINN"], "topic": "politics", "tweet_urls": ["https://t.co/IdsxMpXIMz\n#INNNEWS"], "date": {"hour": 5, "month": 11, "iso": "2018-11-02T05:46:02", "year": 2018, "day": 2, "minute": 46}, "geo": null, "id": 1058233753850458112, "lang": "th", "emoticons": [], "user_id": 47619730, "coordinates": null, "source": "Twitter Web Client", "location": "Bancock", "mentions": []}, {"truncated": false, "text": "\u0e41\u0e19\u0e27\u0e23\u0e1a\u0e44\u0e0b\u0e40\u0e1a\u0e2d\u0e23\u0e4c", "hashtags": ["#\u0e15\u0e39\u0e48\u0e14\u0e34\u0e08\u0e34\u0e17\u0e49\u0e25", "#INNNEWS", "#\u0e2a\u0e33\u0e19\u0e31\u0e01\u0e02\u0e48\u0e32\u0e27INN", "#SMSINN"], "topic": "politics", "tweet_urls": ["https://t.co/dH6C3jSP5L\n\n#\u0e15\u0e39\u0e48\u0e14\u0e34\u0e08\u0e34\u0e17\u0e49\u0e25"], "date": {"hour": 5, "month": 11, "iso": "2018-11-02T05:22:20", "year": 2018, "day": 2, "minute": 22}, "geo": null, "id": 1058227788514086912, "lang": "th", "emoticons": [], "user_id": 47619730, "coordinates": null, "source": "Twitter Web Client", "location": "Bancock", "mentions": []}, {"truncated": false, "text": "\u201c\u0e42\u0e0b\u0e40\u0e0a\u0e35\u0e22\u0e25\u201d\u0e2d\u0e32\u0e27\u0e38\u0e18\u0e21\u0e2b\u0e32\u0e1b\u0e23\u0e30\u0e25\u0e31\u0e22\u0e40\u0e1e\u0e37\u0e48\u0e2d\u0e44\u0e17\u0e22-\u0e2d\u0e19\u0e32\u0e04\u0e15\u0e43\u0e2b\u0e21\u0e48!", "hashtags": ["#\u0e2a\u0e33\u0e19\u0e31\u0e01\u0e02\u0e48\u0e32\u0e27INN", "#SMSINN"], "topic": "politics", "tweet_urls": ["https://t.co/XCNOeYDj7g\n\n#INNNEWS"], "date": {"hour": 5, "month": 11, "iso": "2018-11-02T05:21:09", "year": 2018, "day": 2, "minute": 21}, "geo": null, "id": 1058227492211683329, "lang": "th", "emoticons": [], "user_id": 47619730, "coordinates": null, "source": "Twitter Web Client", "location": "Bancock", "mentions": []}, {"truncated": true, "text": "\u0e08\u0e32\u0e01\u0e17\u0e48\u0e32\u0e17\u0e35\u0e02\u0e36\u0e07\u0e02\u0e31\u0e07\u0e17\u0e35\u0e48\u0e40\u0e1b\u0e25\u0e35\u0e48\u0e22\u0e19\u0e44\u0e1b\u0e2d\u0e22\u0e48\u0e32\u0e07\u0e0a\u0e31\u0e14\u0e40\u0e08\u0e19\u0e02\u0e2d\u0e07 \"\u0e1a\u0e34\u0e4a\u0e01\u0e15\u0e39\u0e48\" \u0e20\u0e32\u0e22\u0e2b\u0e25\u0e31\u0e07\u0e44\u0e14\u0e49\u0e1b\u0e23\u0e30\u0e01\u0e32\u0e28\u0e15\u0e31\u0e27\u0e27\u0e48\u0e32 \"\u0e2a\u0e19\u0e43\u0e08\u0e01\u0e32\u0e23\u0e40\u0e21\u0e37\u0e2d\u0e07\" \u0e40\u0e21\u0e37\u0e48\u0e2d\u0e27\u0e31\u0e19\u0e17\u0e35\u0e48 24 \u0e01.\u0e22.2561 \u0e08\u0e32\u2026", "hashtags": [], "topic": "politics", "tweet_urls": ["https://t.co/sz8fXtYeor"], "date": {"hour": 5, "month": 11, "iso": "2018-11-02T05:20:50", "year": 2018, "day": 2, "minute": 20}, "geo": null, "id": 1058227412222132224, "lang": "th", "emoticons": [], "user_id": 2479547882, "coordinates": null, "source": "Facebook", "location": "Bancock", "mentions": []}, {"truncated": false, "text": "\u0e04\u0e19\u0e44\u0e17\u0e22\u0e15\u0e49\u0e2d\u0e07\u0e44\u0e21\u0e48\u0e41\u0e1a\u0e48\u0e07\u0e41\u0e22\u0e01 '\u0e1a\u0e34\u0e4a\u0e01\u0e15\u0e39\u0e48' \u0e42\u0e1e\u0e2a\u0e15\u0e4c \u0e43\u0e0a\u0e49\u0e04\u0e27\u0e32\u0e21\u0e40\u0e2b\u0e47\u0e19\u0e15\u0e48\u0e32\u0e07\u0e21\u0e32\u0e23\u0e48\u0e27\u0e21\u0e1e\u0e31\u0e12\u0e19\u0e32\u0e1b\u0e23\u0e30\u0e40\u0e17\u0e28", "hashtags": ["#\u0e02\u0e48\u0e32\u0e27\u0e2a\u0e14", "#\u0e1a\u0e34\u0e4a\u0e01\u0e15\u0e39\u0e48"], "topic": "politics", "tweet_urls": ["https://t.co/WBrgk93OU9"], "date": {"hour": 4, "month": 11, "iso": "2018-11-02T04:57:17", "year": 2018, "day": 2, "minute": 57}, "geo": null, "id": 1058221484005457926, "lang": "th", "emoticons": [], "user_id": 266946216, "coordinates": null, "source": "Facebook", "location": "Bancock", "mentions": []}, {"truncated": false, "text": "\u201c\u0e1e\u0e34\u0e0a\u0e31\u0e22\u201d\u0e2b\u0e27\u0e31\u0e48\u0e19\u0e04\u0e33\u0e1e\u0e39\u0e14\u201d\u0e2a\u0e21\u0e04\u0e34\u0e14\u201d\u0e17\u0e33\u0e25\u0e32\u0e22\u0e40\u0e0a\u0e37\u0e48\u0e2d\u0e21\u0e31\u0e48\u0e19\u0e15\u0e1b\u0e17.", "hashtags": [], "topic": "politics", "tweet_urls": ["https://t.co/OCgF3JUhIe"], "date": {"hour": 4, "month": 11, "iso": "2018-11-02T04:52:35", "year": 2018, "day": 2, "minute": 52}, "geo": null, "id": 1058220301996056576, "lang": "th", "emoticons": [], "user_id": 213533791, "coordinates": null, "source": "Twitter for iPhone", "location": "Bancock", "mentions": []}, {"truncated": false, "text": "\"\u0e1a\u0e34\u0e4a\u0e01\u0e1b\u0e49\u0e2d\u0e21\" \u0e41\u0e08\u0e07\u0e2e.\u0e01\u0e2d\u0e07\u0e17\u0e31\u0e1e\u0e15\u0e48\u0e32\u0e07\u0e08\u0e32\u0e01\u0e02\u0e2d\u0e07 \"\u0e40\u0e08\u0e49\u0e32\u0e2a\u0e31\u0e27\u0e27\u0e34\u0e0a\u0e31\u0e22\" [\u0e04\u0e25\u0e34\u0e1b]", "hashtags": [], "topic": "politics", "tweet_urls": ["https://t.co/1nn90FMpXK"], "date": {"hour": 4, "month": 11, "iso": "2018-11-02T04:29:22", "year": 2018, "day": 2, "minute": 29}, "geo": null, "id": 1058214458139402240, "lang": "th", "emoticons": [], "user_id": 103560431, "coordinates": null, "source": "Twitter for Android", "location": "Bancock", "mentions": []}, {"truncated": false, "text": "\"\u0e1a\u0e34\u0e4a\u0e01\u0e1b\u0e49\u0e2d\u0e21\" \u0e41\u0e08\u0e07\u0e2e.\u0e01\u0e2d\u0e07\u0e17\u0e31\u0e1e\u0e15\u0e48\u0e32\u0e07\u0e08\u0e32\u0e01\u0e02\u0e2d\u0e07 \"\u0e40\u0e08\u0e49\u0e32\u0e2a\u0e31\u0e27\u0e27\u0e34\u0e0a\u0e31\u0e22\" [\u0e04\u0e25\u0e34\u0e1b]", "hashtags": ["#\u0e02\u0e48\u0e32\u0e27\u0e08\u0e23\u0e34\u0e07", "#\u0e2a\u0e1b\u0e23\u0e34\u0e07\u0e19\u0e34\u0e27\u0e2a\u0e4c", "#Springnews"], "topic": "politics", "tweet_urls": ["https://t.co/voAk1S3pPA"], "date": {"hour": 4, "month": 11, "iso": "2018-11-02T04:25:59", "year": 2018, "day": 2, "minute": 25}, "geo": null, "id": 1058213608063004672, "lang": "th", "emoticons": [], "user_id": 87732915, "coordinates": null, "source": "Twitter Web Client", "location": "Bancock", "mentions": []}, {"truncated": false, "text": "\u201c\u0e19\u0e34\u0e1e\u0e34\u0e0f\u0e10\u0e4c\u201d\u0e14\u0e35\u0e43\u0e08\u0e2a\u0e21\u0e32\u0e0a\u0e34\u0e01\u0e15\u0e37\u0e48\u0e19\u0e15\u0e31\u0e27\u0e21\u0e35\u0e2a\u0e48\u0e27\u0e19\u0e23\u0e48\u0e27\u0e21\u0e42\u0e2b\u0e27\u0e15\u0e2b\u0e19.\nhttps://t.co/D4k5Y0klQI", "hashtags": ["#\u0e2a\u0e33\u0e19\u0e31\u0e01\u0e02\u0e48\u0e32\u0e27INN", "#SMSINN"], "topic": "politics", "tweet_urls": ["https://t.co/JH5W8MlVMa"], "date": {"hour": 4, "month": 11, "iso": "2018-11-02T04:10:58", "year": 2018, "day": 2, "minute": 10}, "geo": null, "id": 1058209828382769152, "lang": "th", "emoticons": [], "user_id": 47619730, "coordinates": null, "source": "Twitter Web Client", "location": "Bancock", "mentions": []}, {"truncated": true, "text": "Asia: Politics\nMalaca\u00f1ang Palace has slammed as \u201cerroneous\u201d the claim of former National Anti-Poverty Commission he\u2026", "hashtags": [], "topic": "politics", "tweet_urls": ["https://t.co/C7dENpbINk"], "date": {"hour": 4, "month": 11, "iso": "2018-11-02T04:03:46", "year": 2018, "day": 2, "minute": 3}, "geo": null, "id": 1058208017857069056, "lang": "en", "emoticons": [], "user_id": 111504976, "coordinates": null, "source": "Facebook", "location": "Bancock", "mentions": []}, {"truncated": false, "text": "\u0e19\u0e32\u0e22\u0e01\u0e2fFB\u0e02\u0e2d\u0e17\u0e38\u0e01\u0e04\u0e19\u0e23\u0e48\u0e27\u0e21\u0e21\u0e37\u0e2d\u0e23\u0e48\u0e27\u0e21\u0e43\u0e08\u0e44\u0e21\u0e48\u0e41\u0e1a\u0e48\u0e07\u0e41\u0e22\u0e01", "hashtags": ["#INNNEWS", "#\u0e2a\u0e33\u0e19\u0e31\u0e01\u0e02\u0e48\u0e32\u0e27INN", "#SMSINN"], "topic": "politics", "tweet_urls": ["https://t.co/Y23iLJsjGV"], "date": {"hour": 3, "month": 11, "iso": "2018-11-02T03:54:07", "year": 2018, "day": 2, "minute": 54}, "geo": null, "id": 1058205587136106497, "lang": "th", "emoticons": [], "user_id": 47619730, "coordinates": null, "source": "Twitter Web Client", "location": "Bancock", "mentions": []}, {"truncated": true, "text": "Politics remain a guessing game in Thailand but the election looks like it's actually coming in Feb or not later th\u2026", "hashtags": [], "topic": "politics", "tweet_urls": ["https://t.co/FCqZMzvUAp"], "date": {"hour": 3, "month": 11, "iso": "2018-11-02T03:41:08", "year": 2018, "day": 2, "minute": 41}, "geo": null, "id": 1058202319538421761, "lang": "en", "emoticons": [], "user_id": 1881908887, "coordinates": null, "source": "Twitter for Android", "location": "Bancock", "mentions": []}, {"truncated": false, "text": "\u201c\u0e42\u0e2d\u0e4a\u0e04\u201d\u0e40\u0e23\u0e34\u0e48\u0e21\u0e41\u0e25\u0e49\u0e27!\u0e02\u0e38\u0e14\u0e04\u0e25\u0e34\u0e1b\u0e27\u0e34\u0e2a\u0e31\u0e22\u0e17\u0e31\u0e28\u0e19\u0e4c\u0e1e\u0e48\u0e2d\u0e02\u0e48\u0e21\u201c\u0e1a\u0e34\u0e4a\u0e01\u0e15\u0e39\u0e48\u201d", "hashtags": ["#\u0e2a\u0e33\u0e19\u0e31\u0e01\u0e02\u0e48\u0e32\u0e27INN", "#SMSINN"], "topic": "politics", "tweet_urls": ["https://t.co/FYGWL1CCRf\n#INNNEWS"], "date": {"hour": 3, "month": 11, "iso": "2018-11-02T03:28:13", "year": 2018, "day": 2, "minute": 28}, "geo": null, "id": 1058199068864798720, "lang": "th", "emoticons": [], "user_id": 47619730, "coordinates": null, "source": "Twitter Web Client", "location": "Bancock", "mentions": []}, {"truncated": false, "text": "\u0e23\u0e30\u0e1a\u0e1a\u0e25\u0e48\u0e21 ! \u0e40\u0e25\u0e37\u0e48\u0e2d\u0e19\u0e2b\u0e22\u0e31\u0e48\u0e07\u0e40\u0e2a\u0e35\u0e22\u0e07\u0e2b\u0e31\u0e27\u0e2b\u0e19\u0e49\u0e32 \u0e1b\u0e0a\u0e1b. \u0e0b\u0e31\u0e14\u0e43\u0e04\u0e23\u0e15\u0e49\u0e19\u0e40\u0e2b\u0e15\u0e38\n#\u0e02\u0e48\u0e32\u0e27\u0e08\u0e23\u0e34\u0e07", "hashtags": ["#\u0e2a\u0e1b\u0e23\u0e34\u0e07\u0e19\u0e34\u0e27\u0e2a\u0e4c", "#Springnews\nhttps://t.co/lzPhpKaYr0"], "topic": "politics", "tweet_urls": [], "date": {"hour": 3, "month": 11, "iso": "2018-11-02T03:12:58", "year": 2018, "day": 2, "minute": 12}, "geo": null, "id": 1058195232473247744, "lang": "th", "emoticons": [], "user_id": 87732915, "coordinates": null, "source": "Twitter Web Client", "location": "Bancock", "mentions": []}, {"truncated": false, "text": "\u0e01\u0e23\u0e13\u0e35\u0e15\u0e31\u0e27\u0e2d\u0e22\u0e48\u0e32\u0e07 \u2018\u0e01\u0e32\u0e23\u0e23\u0e38\u0e21\u0e17\u0e36\u0e49\u0e07\u0e07\u0e1a\u0e1b\u0e23\u0e30\u0e21\u0e32\u0e13\u0e41\u0e1c\u0e48\u0e19\u0e14\u0e34\u0e19\u2019 \u0e02\u0e2d\u0e07\u0e02\u0e49\u0e32\u0e23\u0e32\u0e0a\u0e01\u0e32\u0e23\u0e1b\u0e23\u0e30\u0e08\u0e33 \u0e2d\u0e22\u0e48\u0e32\u0e07\u0e16\u0e39\u0e01\u0e15\u0e49\u0e2d\u0e07\u0e15\u0e32\u0e21\u0e01\u0e0e\u0e2b\u0e21\u0e32\u0e22 ... via", "hashtags": [], "topic": "politics", "tweet_urls": ["https://t.co/deZo13eIaj"], "date": {"hour": 2, "month": 11, "iso": "2018-11-02T02:35:38", "year": 2018, "day": 2, "minute": 35}, "geo": null, "id": 1058185838146666496, "lang": "th", "emoticons": [], "user_id": 554918064, "coordinates": null, "source": "Twitter Web Client", "location": "Bancock", "mentions": ["@\u0e21\u0e15\u0e34\u0e0a\u0e19\u0e2d\u0e2d\u0e19\u0e44\u0e25\u0e19\u0e4c"]}, {"truncated": true, "text": "Isn't this preposterous? To indict a group for just wanting an election this month, seriously Thai justic\u2026", "hashtags": ["#Thailand"], "topic": "politics", "tweet_urls": ["https://t.co/CSR1an4zyg"], "date": {"hour": 2, "month": 11, "iso": "2018-11-02T02:26:04", "year": 2018, "day": 2, "minute": 26}, "geo": null, "id": 1058183429102034944, "lang": "en", "emoticons": [], "user_id": 107438849, "coordinates": null, "source": "Twitter Web Client", "location": "Bancock", "mentions": []}, {"truncated": false, "text": "\u201c\u0e1e\u0e34\u0e0a\u0e31\u0e22\u201d \u0e40\u0e15\u0e37\u0e2d\u0e19 \u201c\u0e2a\u0e21\u0e04\u0e34\u0e14\u201d \u0e1a\u0e2d\u0e01\u0e19\u0e32\u0e22\u0e01\u0e2f\u0e2b\u0e25\u0e31\u0e07\u0e40\u0e25\u0e37\u0e2d\u0e01\u0e15\u0e31\u0e49\u0e07\u0e2b\u0e19\u0e49\u0e32\u0e04\u0e25\u0e49\u0e32\u0e22\u0e04\u0e19\u0e40\u0e14\u0e34\u0e21\u0e17\u0e33\u0e25\u0e32\u0e22\u0e04\u0e27\u0e32\u0e21\u0e40\u0e0a\u0e37\u0e48\u0e2d\u0e21\u0e31\u0e48\u0e19 via", "hashtags": [], "topic": "politics", "tweet_urls": ["https://t.co/G9zKFsrND7"], "date": {"hour": 2, "month": 11, "iso": "2018-11-02T02:22:17", "year": 2018, "day": 2, "minute": 22}, "geo": null, "id": 1058182479561973760, "lang": "th", "emoticons": [], "user_id": 213533791, "coordinates": null, "source": "Twitter for iPhone", "location": "Bancock", "mentions": ["@\u0e02\u0e48\u0e32\u0e27\u0e2a\u0e14"]}, {"truncated": false, "text": "\u201c\u0e2a\u0e21\u0e04\u0e34\u0e14\u201d\u0e40\u0e23\u0e48\u0e07\u0e40\u0e01\u0e21\u0e01\u0e48\u0e2d\u0e19\u0e40\u0e25\u0e37\u0e2d\u0e01\u0e15\u0e31\u0e49\u0e07 \u0e42\u0e23\u0e14\u0e42\u0e0a\u0e27\u0e4c\u0e14\u0e36\u0e07\u0e17\u0e38\u0e19\u0e08\u0e35\u0e19\u0e1b\u0e31\u0e4a\u0e21\u0e40\u0e28\u0e23\u0e29\u0e10\u0e01\u0e34\u0e08-\u0e2a\u0e48\u0e07\u0e2d\u0e2d\u0e01 \u0e02\u0e49\u0e2d\u0e21\u0e39\u0e25\u0e08\u0e32\u0e01", "hashtags": [], "topic": "politics", "tweet_urls": ["https://t.co/Mu5Bi2Ar2H"], "date": {"hour": 2, "month": 11, "iso": "2018-11-02T02:15:50", "year": 2018, "day": 2, "minute": 15}, "geo": null, "id": 1058180854495637509, "lang": "th", "emoticons": [], "user_id": 539491835, "coordinates": null, "source": "Twitter Web Client", "location": "Bancock", "mentions": ["@\u0e1b\u0e23\u0e30\u0e0a\u0e32\u0e0a\u0e32\u0e15\u0e34"]}, {"truncated": true, "text": "\u0e2a\u0e20\u0e32\u0e1e\u201c\u0e2b\u0e21\u0e14\u0e23\u0e32\u0e04\u0e32-\u0e2a\u0e34\u0e49\u0e19\u0e2a\u0e20\u0e32\u0e1e\u201d\u0e02\u0e2d\u0e07\u201c\u0e2a\u0e38\u0e40\u0e17\u0e1e\u201d \u201c\u0e25\u0e38\u0e07\u0e15\u0e39\u0e48\u201d\u0e15\u0e49\u0e2d\u0e07\u0e14\u0e39\u0e44\u0e27\u0e49\u0e40\u0e1b\u0e47\u0e19\u0e40\u0e22\u0e35\u0e48\u0e22\u0e07 \u0e22\u0e31\u0e07\u0e21\u0e35\u0e42\u0e2d\u0e01\u0e32\u0e2a\u0e17\u0e33\u0e40\u0e23\u0e37\u0e48\u0e2d\u0e07\u0e14\u0e35\u0e46\u0e43\u0e2b\u0e49\u0e1b\u0e23\u0e30\u0e40\u0e17\u0e28\u0e15\u0e49\u0e2d\u0e07\u0e44\u0e21\u0e48\u0e1b\u0e25\u0e48\u0e2d\u0e22\u0e43\u0e2b\u0e49\u201c\u0e40\u0e2a\u0e35\u0e22\u0e02\u0e2d\u0e07\u201d\u2026", "hashtags": [], "topic": "politics", "tweet_urls": ["https://t.co/8urkNtYKvR"], "date": {"hour": 1, "month": 11, "iso": "2018-11-02T01:48:30", "year": 2018, "day": 2, "minute": 48}, "geo": null, "id": 1058173976935952384, "lang": "th", "emoticons": [], "user_id": 554918064, "coordinates": null, "source": "Twitter Web Client", "location": "Bancock", "mentions": []}, {"truncated": false, "text": "Asia: Politics Thailand\nPoll restrictions to be \u2018relaxed by next month\u2019\nhttps://t.co/gFRtueO6aq", "hashtags": [], "topic": "politics", "tweet_urls": ["https://t.co/gFRtueO6aq"], "date": {"hour": 1, "month": 11, "iso": "2018-11-02T01:36:10", "year": 2018, "day": 2, "minute": 36}, "geo": null, "id": 1058170873897603072, "lang": "en", "emoticons": [], "user_id": 111504976, "coordinates": null, "source": "Facebook", "location": "Bancock", "mentions": []}, {"truncated": false, "text": "\u201c\u0e28\u0e23\u0e35\u0e2a\u0e38\u0e27\u0e23\u0e23\u0e13\u201d \u0e41\u0e09! \u0e01\u0e2d\u0e07\u0e17\u0e31\u0e1e\u0e1a\u0e01 \u0e0b\u0e37\u0e49\u0e2d\u0e2e. \u0e23\u0e38\u0e48\u0e19\u0e40\u0e01\u0e48\u0e32\u0e01\u0e27\u0e48\u0e32 \u2018\u0e40\u0e08\u0e49\u0e32\u0e2a\u0e31\u0e27\u0e27\u0e34\u0e0a\u0e31\u0e22\u2019 \u0e41\u0e15\u0e48\u0e41\u0e1e\u0e07\u0e21\u0e32\u0e01\u0e01\u0e27\u0e48\u0e322\u0e40\u0e17\u0e48\u0e32! \u0e02\u0e49\u0e2d\u0e21\u0e39\u0e25\u0e08\u0e32\u0e01", "hashtags": [], "topic": "politics", "tweet_urls": ["https://t.co/QWJSQLDeXb"], "date": {"hour": 1, "month": 11, "iso": "2018-11-02T01:25:51", "year": 2018, "day": 2, "minute": 25}, "geo": null, "id": 1058168277078142976, "lang": "th", "emoticons": [], "user_id": 539491835, "coordinates": null, "source": "Twitter Web Client", "location": "Bancock", "mentions": ["@\u0e02\u0e48\u0e32\u0e27\u0e2a\u0e14"]}, {"truncated": false, "text": "Trump: \u201cI always wanna tell the truth. When I can, I tell the truth.\u201d\nhttps://t.co/1vya9uiaQ2", "hashtags": [], "topic": "politics", "tweet_urls": [], "date": {"hour": 1, "month": 11, "iso": "2018-11-02T01:23:10", "year": 2018, "day": 2, "minute": 23}, "geo": null, "id": 1058167601698729984, "lang": "en", "emoticons": [], "user_id": 23569016, "coordinates": null, "source": "Twitter for iPhone", "location": "Bancock", "mentions": []}, {"truncated": false, "text": "Prayut declines to react to his deputy Somkid\u2019s remark that next prime minister will be \u2018similar to current one\u2019.", "hashtags": [], "topic": "politics", "tweet_urls": ["https://t.co/Za69o36oUw"], "date": {"hour": 1, "month": 11, "iso": "2018-11-02T01:20:10", "year": 2018, "day": 2, "minute": 20}, "geo": null, "id": 1058166843914010627, "lang": "en", "emoticons": [], "user_id": 18921618, "coordinates": null, "source": "Facebook", "location": "Bancock", "mentions": []}, {"truncated": false, "text": "\u0e01\u0e01\u0e15.\u0e19\u0e31\u0e14\u0e1e\u0e23\u0e23\u0e04\u0e16\u0e01\u0e1b\u0e21\u0e01\u0e21.22\u0e1e.\u0e22.\u0e22\u0e31\u0e19\u0e23\u0e31\u0e1a\u0e23\u0e2d\u0e07\u0e17\u0e31\u0e19\u0e01\u0e23\u0e2d\u0e1a-\u0e40\u0e02\u0e15\u0e25\u0e15.\u0e40\u0e2a\u0e23\u0e47\u0e08\u0e2d\u0e32\u0e17\u0e34\u0e15\u0e22\u0e4c\u0e2b\u0e19\u0e49\u0e32", "hashtags": ["#INNNEWS", "#\u0e2a\u0e33\u0e19\u0e31\u0e01\u0e02\u0e48\u0e32\u0e27INN", "#SMSINN"], "topic": "politics", "tweet_urls": ["https://t.co/J7hbuSJUgM"], "date": {"hour": 0, "month": 11, "iso": "2018-11-02T00:32:36", "year": 2018, "day": 2, "minute": 32}, "geo": null, "id": 1058154876780204033, "lang": "th", "emoticons": [], "user_id": 47619730, "coordinates": null, "source": "Twitter Web Client", "location": "Bancock", "mentions": []}, {"truncated": true, "text": "\u2022 \u0e01\u0e32\u0e23\u0e40\u0e21\u0e37\u0e2d\u0e07 &amp; \u0e40\u0e25\u0e37\u0e2d\u0e01\u0e15\u0e31\u0e49\u0e07\n\u0e2a\u0e38\u0e40\u0e17\u0e1e \u0e04\u0e27\u0e07\u0e41\u0e01\u0e19\u0e19\u0e33 \u0e01\u0e1b\u0e1b\u0e2a.\u0e44\u0e2b\u0e27\u0e49\u0e28\u0e32\u0e25\u0e1e\u0e23\u0e30\u0e40\u0e08\u0e49\u0e32\u0e15\u0e32\u0e01 \u0e40\u0e21\u0e37\u0e2d\u0e07\u0e08\u0e31\u0e19\u0e17\u0e4c \u0e19\u0e49\u0e2d\u0e21\u0e19\u0e33\u0e41\u0e19\u0e27\u0e17\u0e32\u0e07\u0e01\u0e2d\u0e1a\u0e01\u0e39\u0e49\u0e1a\u0e49\u0e32\u0e19\u0e40\u0e21\u0e37\u0e2d\u0e07\u2026", "hashtags": [], "topic": "politics", "tweet_urls": ["https://t.co/sOoZon71DW"], "date": {"hour": 0, "month": 11, "iso": "2018-11-02T00:23:35", "year": 2018, "day": 2, "minute": 23}, "geo": null, "id": 1058152604335669251, "lang": "th", "emoticons": [], "user_id": 115301812, "coordinates": null, "source": "Facebook", "location": "Bancock", "mentions": []}, {"truncated": false, "text": "(two)\u2022 \u0e40\u0e23\u0e35\u0e22\u0e19\u0e20\u0e32\u0e29\u0e32\u0e08\u0e32\u0e01\u0e02\u0e48\u0e32\u0e27\nPoll restrictions to be \u2018relaxed by next month\u2019", "hashtags": [], "topic": "politics", "tweet_urls": ["https://t.co/EST9y1TP49", "https://t.co/EST9y1TP49"], "date": {"hour": 0, "month": 11, "iso": "2018-11-02T00:13:28", "year": 2018, "day": 2, "minute": 13}, "geo": null, "id": 1058150060905484288, "lang": "en", "emoticons": [], "user_id": 115301812, "coordinates": null, "source": "Facebook", "location": "Bancock", "mentions": []}, {"truncated": false, "text": "Stigmabase \u2014 Can Hong Kong's activists for self-determination get a second chance in politics?", "hashtags": [], "topic": "politics", "tweet_urls": ["https://t.co/m3l2Z7W4sl"], "date": {"hour": 0, "month": 11, "iso": "2018-11-02T00:04:04", "year": 2018, "day": 2, "minute": 4}, "geo": {"type": "Point", "coordinates": [13.86200131, 100.65507813]}, "id": 1058147693166350336, "lang": "en", "emoticons": [], "user_id": 208056970, "coordinates": {"type": "Point", "coordinates": [100.65507813, 13.86200131]}, "source": "dlvr.it", "location": "Bancock", "mentions": []}, {"truncated": false, "text": "Energy Department Says U.S. Is Now World\u2018s Top Oil Producer via", "hashtags": [], "topic": "politics", "tweet_urls": ["https://t.co/KffhweWyhG"], "date": {"hour": 23, "month": 11, "iso": "2018-11-01T23:55:44", "year": 2018, "day": 1, "minute": 55}, "geo": null, "id": 1058145596488409088, "lang": "en", "emoticons": [], "user_id": 128811299, "coordinates": null, "source": "Twitter Web Client", "location": "Bancock", "mentions": ["@BreitbartNews"]}, {"truncated": true, "text": "in North Dakota determined to disenfranchise Native Americans who don\u2019t live on mapped roads. They hav\u2026", "hashtags": ["#Republicans"], "topic": "politics", "tweet_urls": ["https://t.co/HlDHQwluuD"], "date": {"hour": 23, "month": 11, "iso": "2018-11-01T23:26:38", "year": 2018, "day": 1, "minute": 26}, "geo": null, "id": 1058138273858564096, "lang": "en", "emoticons": [], "user_id": 134773255, "coordinates": null, "source": "Twitter for iPad", "location": "Bancock", "mentions": []}, {"truncated": true, "text": "So brave. An important message on assisted dying. She should have had the right to live longer. Te\u2026", "hashtags": [], "topic": "politics", "tweet_urls": ["https://t.co/oEvbfCQocM"], "date": {"hour": 20, "month": 11, "iso": "2018-11-01T20:50:03", "year": 2018, "day": 1, "minute": 50}, "geo": null, "id": 1058098869203017729, "lang": "en", "emoticons": [], "user_id": 20660848, "coordinates": null, "source": "Twitter Web Client", "location": "Bancock", "mentions": ["@juliedabrusin"]}, {"truncated": true, "text": "FM says the junta doesn't \"forbid or remove rights excessively to the point where it affects the majorit\u2026", "hashtags": ["#Thailand:"], "topic": "politics", "tweet_urls": ["https://t.co/lhCINpQeW4"], "date": {"hour": 17, "month": 11, "iso": "2018-11-01T17:18:25", "year": 2018, "day": 1, "minute": 18}, "geo": null, "id": 1058045610002006016, "lang": "en", "emoticons": [], "user_id": 2638514444, "coordinates": null, "source": "Twitter Web Client", "location": "Bancock", "mentions": []}, {"truncated": false, "text": "\u0e19\u0e34\u0e27\u0e2a\u0e4c\u0e23\u0e39\u0e21\u0e27\u0e34\u0e40\u0e04\u0e23\u0e32\u0e30\u0e2b\u0e4c : \u0e1e\u0e25\u0e34\u0e01\u0e40\u0e01\u0e21 \u201c\u0e40\u0e1e\u0e37\u0e48\u0e2d\u0e44\u0e17\u0e22\u201d \u0e22\u0e38\u0e1a\u0e1e\u0e23\u0e23\u0e04-\u201c\u0e04\u0e27\u0e48\u0e33\u0e1a\u0e32\u0e15\u0e23\u201d\u0e40\u0e25\u0e37\u0e2d\u0e01\u0e15\u0e31\u0e49\u0e07 \u0e02\u0e49\u0e2d\u0e21\u0e39\u0e25\u0e08\u0e32\u0e01", "hashtags": [], "topic": "politics", "tweet_urls": ["https://t.co/WJgxn6K1tV"], "date": {"hour": 15, "month": 11, "iso": "2018-11-01T15:18:52", "year": 2018, "day": 1, "minute": 18}, "geo": null, "id": 1058015521809911808, "lang": "th", "emoticons": [], "user_id": 69550671, "coordinates": null, "source": "Twitter Web Client", "location": "Bancock", "mentions": ["@\u0e21\u0e15\u0e34\u0e0a\u0e19\u0e2d\u0e2d\u0e19\u0e44\u0e25\u0e19\u0e4c"]}, {"truncated": false, "text": "\u0e1e\u0e34\u0e29\u0e1b\u0e25\u0e32\u0e01\u0e31\u0e14\u0e17\u0e33\u0e23\u0e21\u0e27.\u0e40\u0e01\u0e29\u0e15\u0e23\u0e2f\u0e09\u0e38\u0e19 \u0e40\u0e2b\u0e15\u0e38\u0e16\u0e39\u0e01\u0e08\u0e27\u0e01'\u0e07\u0e21\u0e2b\u0e2d\u0e22-\u0e07\u0e21\u0e1b\u0e39'", "hashtags": ["#\u0e40\u0e2a\u0e19\u0e2d\u0e1b\u0e25\u0e32\u0e01\u0e31\u0e14\u0e40\u0e1b\u0e47\u0e19\u0e2a\u0e31\u0e15\u0e27\u0e4c\u0e19\u0e49\u0e33\u0e1b\u0e23\u0e30\u0e08\u0e33\u0e0a\u0e32\u0e15\u0e34", "#\u0e01\u0e24\u0e29\u0e0f\u0e32\u0e1a\u0e38\u0e0d\u0e23\u0e32\u0e0a", "#\u0e40\u0e14\u0e25\u0e34\u0e19\u0e34\u0e27\u0e2a\u0e4c"], "topic": "politics", "tweet_urls": ["https://t.co/twJBFOUEiN"], "date": {"hour": 15, "month": 11, "iso": "2018-11-01T15:13:37", "year": 2018, "day": 1, "minute": 13}, "geo": null, "id": 1058014203670421506, "lang": "th", "emoticons": [], "user_id": 145931392, "coordinates": null, "source": "Hootsuite", "location": "Bancock", "mentions": []}, {"truncated": false, "text": "'\u0e23.10'\u0e42\u0e1b\u0e23\u0e14\u0e40\u0e01\u0e25\u0e49\u0e32\u0e2f\u0e41\u0e15\u0e48\u0e07\u0e15\u0e31\u0e49\u0e07 \u0e19\u0e32\u0e22\u0e15\u0e23.\u0e23\u0e32\u0e0a\u0e2d\u0e07\u0e04\u0e23\u0e31\u0e01\u0e29\u0e4c\u0e43\u0e19\u0e1e\u0e23\u0e30\u0e2d\u0e07\u0e04\u0e4c", "hashtags": ["#\u0e43\u0e19\u0e2b\u0e25\u0e27\u0e07\u0e23\u0e31\u0e0a\u0e01\u0e32\u0e25\u0e17\u0e35\u0e4810", "#\u0e41\u0e15\u0e48\u0e07\u0e15\u0e31\u0e49\u0e07\u0e19\u0e32\u0e22\u0e15\u0e33\u0e23\u0e27\u0e08\u0e23\u0e32\u0e0a\u0e2d\u0e07\u0e04\u0e23\u0e31\u0e01\u0e29\u0e4c", "#\u0e40\u0e14\u0e25\u0e34\u0e19\u0e34\u0e27\u0e2a\u0e4c"], "topic": "politics", "tweet_urls": ["https://t.co/aOpiFPd4Rt"], "date": {"hour": 15, "month": 11, "iso": "2018-11-01T15:00:34", "year": 2018, "day": 1, "minute": 0}, "geo": null, "id": 1058010917156331520, "lang": "th", "emoticons": [], "user_id": 145931392, "coordinates": null, "source": "Hootsuite", "location": "Bancock", "mentions": []}, {"truncated": true, "text": "Trump\u2019s adversaries in business were so much more formidable than what he\u2019s dealing with in politics and\u2026", "hashtags": [], "topic": "politics", "tweet_urls": ["https://t.co/9VtGYeIQUN"], "date": {"hour": 14, "month": 11, "iso": "2018-11-01T14:44:31", "year": 2018, "day": 1, "minute": 44}, "geo": null, "id": 1058006880537038848, "lang": "en", "emoticons": [], "user_id": 15853955, "coordinates": null, "source": "Twitter for iPhone", "location": "Bancock", "mentions": ["@nspector4"]}, {"truncated": true, "text": "FINALLY! And how apt that his news breaks on the same day the NCA declares that, ahem, organised crime is a bigger\u2026", "hashtags": [], "topic": "politics", "tweet_urls": ["https://t.co/gyGjwBcBck"], "date": {"hour": 14, "month": 11, "iso": "2018-11-01T14:35:45", "year": 2018, "day": 1, "minute": 35}, "geo": null, "id": 1058004672672227330, "lang": "en", "emoticons": [], "user_id": 43153434, "coordinates": null, "source": "Twitter for iPhone", "location": "Bancock", "mentions": []}, {"truncated": false, "text": "\u0e40\u0e23\u0e35\u0e22\u0e01\u0e41\u0e02\u0e01\u0e43\u0e2b\u0e49\u0e04\u0e19\u0e44\u0e1b\u0e2b\u0e32\u0e02\u0e49\u0e2d\u0e21\u0e39\u0e25 6 \u0e15\u0e38\u0e25\u0e32\u0e2d\u0e35\u0e01\u0e41\u0e25\u0e49\u0e27\u0e04\u0e23\u0e31\u0e1a\u0e17\u0e48\u0e32\u0e19\nhttps://t.co/V6vUVdTO1t", "hashtags": [], "topic": "politics", "tweet_urls": [], "date": {"hour": 14, "month": 11, "iso": "2018-11-01T14:32:22", "year": 2018, "day": 1, "minute": 32}, "geo": null, "id": 1058003822608506882, "lang": "th", "emoticons": [], "user_id": 138356573, "coordinates": null, "source": "Twitter for Android", "location": "Bancock", "mentions": []}, {"truncated": true, "text": "\u0e23\u0e32\u0e0a\u0e01\u0e34\u0e08\u0e08\u0e32\u0e2f\u0e1b\u0e23\u0e30\u0e01\u0e32\u0e28\u0e1b.\u0e1b.\u0e0a. \u0e1a\u0e34\u0e4a\u0e01\u0e02\u0e23\u0e01.\u0e15\u0e49\u0e2d\u0e07\u0e22\u0e37\u0e48\u0e19\u0e1a\u0e31\u0e0d\u0e0a\u0e35\u0e17\u0e23\u0e31\u0e1e\u0e22\u0e4c\u0e2a\u0e34\u0e19", "hashtags": ["#\u0e23\u0e32\u0e0a\u0e01\u0e34\u0e08\u0e08\u0e32\u0e19\u0e38\u0e40\u0e1a\u0e01\u0e29\u0e32", "#\u0e1b\u0e23\u0e30\u0e01\u0e32\u0e28\u0e1b\u0e1b\u0e0a\u2026"], "topic": "politics", "tweet_urls": ["https://t.co/DcITpHaI8V", "https://t.co/9kUbsEEJei"], "date": {"hour": 14, "month": 11, "iso": "2018-11-01T14:32:21", "year": 2018, "day": 1, "minute": 32}, "geo": null, "id": 1058003818179428352, "lang": "th", "emoticons": [], "user_id": 145931392, "coordinates": null, "source": "Hootsuite", "location": "Bancock", "mentions": []}, {"truncated": true, "text": "\u0e41\u0e04\u0e48\u0e19\u0e35\u0e49\u0e22\u0e31\u0e07\u0e17\u0e33\u0e44\u0e21\u0e48\u0e23\u0e2d\u0e14\u0e40\u0e25\u0e22 \u0e1a\u0e23\u0e34\u0e2b\u0e32\u0e23\u0e1b\u0e23\u0e30\u0e40\u0e17\u0e28\u0e08\u0e30\u0e44\u0e2b\u0e27\u0e40\u0e2b\u0e23\u0e2d // \u0e25\u0e48\u0e21\u0e1b\u0e32\u0e01\u0e2d\u0e48\u0e32\u0e27! \u0e1b\u0e23\u0e30\u0e0a\u0e32\u0e18\u0e34\u0e1b\u0e31\u0e15\u0e22\u0e4c\u0e40\u0e25\u0e37\u0e2d\u0e01\u0e2b\u0e19.\u0e1e\u0e23\u0e23\u0e04\u0e1e\u0e31\u0e07 \u0e40\u0e1e\u0e23\u0e32\u0e30\u0e25\u0e37\u0e21\u0e15\u0e31\u0e49\u0e07\u0e40\u0e27\u0e25\u0e32\u0e40\u0e04\u0e23\u0e37\u0e48\u0e2d\u0e07\u0e25\u0e07\u0e04\u0e30\u0e41\u0e19\u2026", "hashtags": [], "topic": "politics", "tweet_urls": ["https://t.co/elJP4Tfl7X"], "date": {"hour": 14, "month": 11, "iso": "2018-11-01T14:19:24", "year": 2018, "day": 1, "minute": 19}, "geo": null, "id": 1058000559993610240, "lang": "th", "emoticons": [], "user_id": 25768358, "coordinates": null, "source": "Twitter for iPhone", "location": "Bancock", "mentions": []}, {"truncated": true, "text": "\u0e41\u0e2a\u0e14\u0e07\u0e27\u0e48\u0e32\u0e17\u0e35\u0e48\u0e1c\u0e48\u0e32\u0e19\u0e21\u0e32 \u0e01\u0e1b\u0e1b\u0e2a. \u0e1b\u0e23\u0e30\u0e22\u0e38\u0e17\u0e18\u0e4c\u0e41\u0e25\u0e30 \u0e04\u0e2a\u0e0a. \u0e25\u0e49\u0e21\u0e40\u0e2b\u0e25\u0e27\u0e43\u0e19\u0e01\u0e32\u0e23\u0e01\u0e2d\u0e1a\u0e01\u0e39\u0e49\u0e1a\u0e49\u0e32\u0e19\u0e40\u0e21\u0e37\u0e2d\u0e07 &gt;\n\n\u0e2a\u0e38\u0e40\u0e17\u0e1e \u0e04\u0e27\u0e07\u0e41\u0e01\u0e19\u0e19\u0e33 \u0e01\u0e1b\u0e1b\u0e2a.\u0e44\u0e2b\u0e27\u0e49\u0e28\u0e32\u0e25\u0e1e\u0e23\u0e30\u0e40\u0e08\u0e49\u0e32\u0e15\u0e32\u0e01 \u0e40\u0e21\u0e37\u0e2d\u0e07\u2026", "hashtags": [], "topic": "politics", "tweet_urls": ["https://t.co/PlfcBrElSm"], "date": {"hour": 13, "month": 11, "iso": "2018-11-01T13:52:40", "year": 2018, "day": 1, "minute": 52}, "geo": null, "id": 1057993832199929856, "lang": "th", "emoticons": [], "user_id": 69550671, "coordinates": null, "source": "Twitter Web Client", "location": "Bancock", "mentions": []}, {"truncated": true, "text": "\u0e02\u0e2d\u0e07\u0e40\u0e2d\u0e01\u0e0a\u0e19\u0e0b\u0e37\u0e49\u0e2d\u0e40\u0e1b\u0e47\u0e19\u0e40\u0e04\u0e23\u0e37\u0e48\u0e2d\u0e07\u0e40\u0e1b\u0e25\u0e48\u0e32 \u0e2a\u0e48\u0e27\u0e19\u0e02\u0e2d\u0e07\u0e01\u0e2d\u0e07\u0e17\u0e31\u0e1e\u0e21\u0e35\u0e2d\u0e2d\u0e1f\u0e0a\u0e31\u0e48\u0e19\u0e40\u0e2a\u0e23\u0e34\u0e21\u0e23\u0e27\u0e21\u0e17\u0e31\u0e49\u0e07\u0e23\u0e30\u0e1a\u0e1a\u0e1d\u0e36\u0e01\u0e1a\u0e34\u0e19 \u0e22\u0e37\u0e19\u0e22\u0e31\u0e19\u0e23\u0e32\u0e04\u0e32\u0e44\u0e21\u0e48\u0e41\u0e1e\u0e07\n\n#\u0e40\u0e2e\u0e25\u0e34\u0e04\u0e2d\u0e1b\u0e40\u0e15\u0e2d\u0e23\u0e4c", "hashtags": ["#\u0e01\u0e2d\u0e07\u0e17\u0e31\u0e1e\u0e1a\u0e01\u2026"], "topic": "politics", "tweet_urls": ["https://t.co/Y4eIm6d5B3"], "date": {"hour": 13, "month": 11, "iso": "2018-11-01T13:20:16", "year": 2018, "day": 1, "minute": 20}, "geo": null, "id": 1057985675553722370, "lang": "th", "emoticons": [], "user_id": 2479547882, "coordinates": null, "source": "Facebook", "location": "Bancock", "mentions": []}, {"truncated": false, "text": "\u0e15\u0e2d\u0e41\u0e2b\u0e25", "hashtags": [], "topic": "politics", "tweet_urls": ["https://t.co/JNroipV0D6"], "date": {"hour": 12, "month": 11, "iso": "2018-11-01T12:24:00", "year": 2018, "day": 1, "minute": 24}, "geo": null, "id": 1057971516577468419, "lang": "th", "emoticons": [], "user_id": 83377020, "coordinates": null, "source": "Twitter for Android", "location": "Bancock", "mentions": []}, {"truncated": false, "text": "\u0e01\u0e23\u0e30\u0e1c\u0e21\u0e19\u0e35\u0e48\u0e01\u0e23\u0e30\u0e08\u0e48\u0e32\u0e07\u0e40\u0e25\u0e22\u0e04\u0e23\u0e31\u0e1a\u0e17\u0e48\u0e32\u0e19", "hashtags": [], "topic": "politics", "tweet_urls": ["https://t.co/1D7dUsE9ej"], "date": {"hour": 12, "month": 11, "iso": "2018-11-01T12:21:02", "year": 2018, "day": 1, "minute": 21}, "geo": null, "id": 1057970769060229123, "lang": "th", "emoticons": [], "user_id": 340844186, "coordinates": null, "source": "Facebook", "location": "Bancock", "mentions": []}, {"truncated": false, "text": "\u0e1c\u0e1a.\u0e17\u0e1a. \u0e25\u0e31\u0e48\u0e19\u0e23\u0e32\u0e04\u0e32 \u0e2e. AW 139 - AW 149 \u0e44\u0e21\u0e48\u0e41\u0e1e\u0e07\u0e0b\u0e37\u0e49\u0e2d\u0e1e\u0e23\u0e49\u0e2d\u0e21\u0e40\u0e04\u0e23\u0e37\u0e48\u0e2d\u0e07\u0e0b\u0e34\u0e21\u0e39\u0e40\u0e23\u0e40\u0e15\u0e2d\u0e23\u0e4c", "hashtags": ["#\u0e02\u0e48\u0e32\u0e27\u0e08\u0e23\u0e34\u0e07", "#\u0e2a\u0e1b\u0e23\u0e34\u0e07\u0e19\u0e34\u0e27\u0e2a\u0e4c", "#Springnews\n"], "topic": "politics", "tweet_urls": ["https://t.co/FsTfvhz6OI"], "date": {"hour": 11, "month": 11, "iso": "2018-11-01T11:53:36", "year": 2018, "day": 1, "minute": 53}, "geo": null, "id": 1057963864988368896, "lang": "th", "emoticons": [], "user_id": 87732915, "coordinates": null, "source": "Twitter Web Client", "location": "Bancock", "mentions": []}, {"truncated": false, "text": "\u0e17\u0e33\u0e44\u0e21 \u0e08\u0e36\u0e07\u0e0b\u0e37\u0e49\u0e2d\u0e41\u0e1e\u0e07\u0e01\u0e27\u0e48\u0e32 \u0e52 \u0e40\u0e17\u0e48\u0e32? / \u201c\u0e28\u0e23\u0e35\u0e2a\u0e38\u0e27\u0e23\u0e23\u0e13\u201d \u0e41\u0e09! \u0e01\u0e2d\u0e07\u0e17\u0e31\u0e1e\u0e1a\u0e01 \u0e0b\u0e37\u0e49\u0e2d\u0e2e. \u0e23\u0e38\u0e48\u0e19\u0e40\u0e01\u0e48\u0e32\u0e01\u0e27\u0e48\u0e32 \u2018\u0e40\u0e08\u0e49\u0e32\u0e2a\u0e31\u0e27\u0e27\u0e34\u0e0a\u0e31\u0e22\u2019 \u0e41\u0e15\u0e48\u0e41\u0e1e\u0e07\u0e21\u0e32\u0e01\u0e01\u0e27\u0e48\u0e322\u0e40\u0e17\u0e48\u0e32!", "hashtags": [], "topic": "politics", "tweet_urls": ["https://t.co/v1k0AmGPAG"], "date": {"hour": 11, "month": 11, "iso": "2018-11-01T11:32:06", "year": 2018, "day": 1, "minute": 32}, "geo": null, "id": 1057958455644803072, "lang": "th", "emoticons": [], "user_id": 14213571, "coordinates": null, "source": "Facebook", "location": "Bancock", "mentions": []}, {"truncated": false, "text": "\"\u0e1a\u0e34\u0e4a\u0e01\u0e41\u0e14\u0e07\" \u0e02\u0e2d\u0e41\u0e08\u0e07! \u0e17\u0e33\u0e44\u0e21\u0e15\u0e49\u0e2d\u0e07\u0e0b\u0e37\u0e49\u0e2d \u0e2e. \u0e43\u0e19\u0e23\u0e32\u0e04\u0e32\u0e17\u0e35\u0e48\u0e41\u0e1e\u0e07\u0e01\u0e27\u0e48\u0e32 \u0e40\u0e1c\u0e22 \"\u0e17\u0e35\u0e48\u0e2d\u0e37\u0e48\u0e19\u0e40\u0e02\u0e32\u0e01\u0e47\u0e0b\u0e37\u0e49\u0e2d\u0e01\u0e31\u0e19\u0e41\u0e1a\u0e1a\u0e19\u0e35\u0e49...\"\n\n#\u0e02\u0e48\u0e32\u0e27\u0e2a\u0e14", "hashtags": ["#\u0e01\u0e32\u0e23\u0e40\u0e21\u0e37\u0e2d\u0e07", "#Khaosod\n\nhttps://t.co/MY1HspvsUu"], "topic": "politics", "tweet_urls": [], "date": {"hour": 11, "month": 11, "iso": "2018-11-01T11:30:35", "year": 2018, "day": 1, "minute": 30}, "geo": null, "id": 1057958074118418440, "lang": "th", "emoticons": [], "user_id": 266946216, "coordinates": null, "source": "Twitter Web Client", "location": "Bancock", "mentions": []}, {"truncated": false, "text": "\u2018\u0e27\u0e35\u0e23\u0e30 \u0e2a\u0e21\u0e04\u0e27\u0e32\u0e21\u0e04\u0e34\u0e14\u2019 \u0e08\u0e35\u0e49 \u2018\u0e1a\u0e34\u0e4a\u0e01\u0e15\u0e39\u0e48\u2019 \u0e2a\u0e2d\u0e1a\u0e0b\u0e37\u0e49\u0e2d \u0e2e.\u0e17\u0e2b\u0e32\u0e23\u0e41\u0e1e\u0e07 \u0e01\u0e27\u0e48\u0e32\u0e40\u0e08\u0e49\u0e32\u0e2a\u0e31\u0e27\u0e27\u0e34\u0e0a\u0e31\u0e22 \u0e17\u0e27\u0e07\u0e2a\u0e31\u0e0d\u0e0d\u0e32\u0e2a\u0e32\u0e07\u0e17\u0e38\u0e08\u0e23\u0e34\u0e15", "hashtags": [], "topic": "politics", "tweet_urls": ["https://t.co/wj16tHpjNU"], "date": {"hour": 11, "month": 11, "iso": "2018-11-01T11:21:09", "year": 2018, "day": 1, "minute": 21}, "geo": null, "id": 1057955698741403650, "lang": "th", "emoticons": [], "user_id": 422177951, "coordinates": null, "source": "Twitter for Android", "location": "Bancock", "mentions": []}, {"truncated": true, "text": "Good news for democracy ...? Censorship of whatever those in power deem \"disinformation.\"\n\nGuy Verhofstadt reminds\u2026", "hashtags": [], "topic": "politics", "tweet_urls": ["https://t.co/rhNSP4DnXy"], "date": {"hour": 11, "month": 11, "iso": "2018-11-01T11:10:14", "year": 2018, "day": 1, "minute": 10}, "geo": null, "id": 1057952951099043840, "lang": "en", "emoticons": [], "user_id": 2254255724, "coordinates": null, "source": "Twitter for Android", "location": "Bancock", "mentions": []}, {"truncated": true, "text": "Where I come from, \"blue\" represents the Right... You seem as ignorant about Britis\u2026", "hashtags": [], "topic": "politics", "tweet_urls": ["https://t.co/Z1u9SD1ODR"], "date": {"hour": 11, "month": 11, "iso": "2018-11-01T11:09:29", "year": 2018, "day": 1, "minute": 9}, "geo": null, "id": 1057952765056413696, "lang": "en", "emoticons": [], "user_id": 67336097, "coordinates": null, "source": "Twitter for Android", "location": "Bancock", "mentions": ["@cryptosporideum", "@IngrahamAngle"]}, {"truncated": true, "text": "Ignorant. Brexit is not Left vs Right. The socialist leader of the Opposition is pro-Brexit. Stick t\u2026", "hashtags": [], "topic": "politics", "tweet_urls": ["https://t.co/OX7rrmwEj4"], "date": {"hour": 10, "month": 11, "iso": "2018-11-01T10:55:49", "year": 2018, "day": 1, "minute": 55}, "geo": null, "id": 1057949324225667073, "lang": "en", "emoticons": [], "user_id": 67336097, "coordinates": null, "source": "Twitter for Android", "location": "Bancock", "mentions": ["@IngrahamAngle"]}, {"truncated": true, "text": "\u2018She told MPs the Home Office could not be blamed because Apple \"won't release the upgrade we need in order for it\u2026", "hashtags": [], "topic": "politics", "tweet_urls": ["https://t.co/DKI4SO5BDf"], "date": {"hour": 10, "month": 11, "iso": "2018-11-01T10:37:44", "year": 2018, "day": 1, "minute": 37}, "geo": null, "id": 1057944773384790016, "lang": "en", "emoticons": [], "user_id": 43153434, "coordinates": null, "source": "Twitter for iPhone", "location": "Bancock", "mentions": []}, {"truncated": true, "text": "Democrats have one story. Racist, dog whistle blabbing blabbing blabbing\n\nRepeat\n\nRepeat\n\nRepeat\n\nThank gawd they h\u2026", "hashtags": [], "topic": "politics", "tweet_urls": ["https://t.co/57Zy241cRq"], "date": {"hour": 10, "month": 11, "iso": "2018-11-01T10:33:32", "year": 2018, "day": 1, "minute": 33}, "geo": null, "id": 1057943719314243584, "lang": "en", "emoticons": [], "user_id": 4670661451, "coordinates": null, "source": "Twitter for Android", "location": "Bancock", "mentions": []}, {"truncated": false, "text": "\u0e40\u0e2b\u0e47\u0e19\u0e43\u0e08\u0e25\u0e38\u0e07\u0e1a\u0e49\u0e32\u0e07 \"\u0e1a\u0e34\u0e4a\u0e01\u0e15\u0e39\u0e48\" \u0e25\u0e31\u0e48\u0e19\u0e44\u0e21\u0e48\u0e40\u0e04\u0e22\u0e1b\u0e34\u0e14\u0e01\u0e31\u0e49\u0e19\u0e04\u0e27\u0e32\u0e21\u0e04\u0e34\u0e14\u0e40\u0e2b\u0e47\u0e19 \u0e15\u0e49\u0e2d\u0e07\u0e2d\u0e2d\u0e01\u0e42\u0e23\u0e07\u0e40\u0e15\u0e37\u0e2d\u0e19\u0e01\u0e23\u0e30\u0e17\u0e1a\u0e17\u0e33\u0e07\u0e32\u0e19", "hashtags": ["#\u0e02\u0e48\u0e32\u0e27\u0e08\u0e23\u0e34\u0e07", "#\u0e2a\u0e1b\u0e23\u0e34\u0e07\u0e19\u0e34\u0e27\u0e2a\u0e4c", "#Springnews\n"], "topic": "politics", "tweet_urls": ["https://t.co/4teNnbWJu1"], "date": {"hour": 10, "month": 11, "iso": "2018-11-01T10:21:36", "year": 2018, "day": 1, "minute": 21}, "geo": null, "id": 1057940713629872129, "lang": "th", "emoticons": [], "user_id": 87732915, "coordinates": null, "source": "Twitter Web Client", "location": "Bancock", "mentions": []}, {"truncated": true, "text": "'Misogyny' to become criminalized in the UK soon. That includes 'whistling' and 'making advances' towards women. No\u2026", "hashtags": [], "topic": "politics", "tweet_urls": ["https://t.co/hiSsuJvIPm"], "date": {"hour": 9, "month": 11, "iso": "2018-11-01T09:40:16", "year": 2018, "day": 1, "minute": 40}, "geo": null, "id": 1057930312481595392, "lang": "en", "emoticons": [], "user_id": 3240321962, "coordinates": null, "source": "Twitter for iPhone", "location": "Bancock", "mentions": []}, {"truncated": false, "text": "\u0e2d\u0e31\u0e22\u0e01\u0e32\u0e23\u0e2a\u0e31\u0e48\u0e07\u0e1f\u0e49\u0e2d\u0e07 \" 9 \u0e41\u0e01\u0e19\u0e19\u0e33\u0e04\u0e19\u0e2d\u0e22\u0e32\u0e01\u0e40\u0e25\u0e37\u0e2d\u0e01\u0e15\u0e31\u0e49\u0e07\" \u0e2b\u0e19\u0e49\u0e32\u0e2a\u0e01\u0e32\u0e22\u0e27\u0e2d\u0e25\u0e4c\u0e04\u0e2b\u0e49\u0e32\u0e07\u0e40\u0e2d\u0e47\u0e21\u0e1a\u0e35\u0e40\u0e04\u0e40\u0e0b\u0e47\u0e19\u0e40\u0e15\u0e2d\u0e23\u0e4c", "hashtags": ["#\u0e02\u0e48\u0e32\u0e27\u0e08\u0e23\u0e34\u0e07", "#\u0e2a\u0e1b\u0e23\u0e34\u0e07\u0e19\u0e34\u0e27\u0e2a\u0e4c", "#Springnews\n"], "topic": "politics", "tweet_urls": ["https://t.co/UVrryEoU1P"], "date": {"hour": 8, "month": 11, "iso": "2018-11-01T08:12:26", "year": 2018, "day": 1, "minute": 12}, "geo": null, "id": 1057908209069916161, "lang": "th", "emoticons": [], "user_id": 87732915, "coordinates": null, "source": "Twitter Web Client", "location": "Bancock", "mentions": []}, {"truncated": false, "text": "\u0e2a\u0e21\u0e32\u0e0a\u0e34\u0e01\u0e2a\u0e19\u0e0a. \u0e40\u0e2a\u0e19\u0e2d\u0e22\u0e01\u0e42\u0e21\u0e40\u0e14\u0e25\u0e22\u0e38\u0e42\u0e23\u0e1b \u0e40\u0e1b\u0e25\u0e35\u0e48\u0e22\u0e19\u0e23\u0e31\u0e10\u0e21\u0e19\u0e15\u0e23\u0e35\u0e17\u0e38\u0e01\u0e1b\u0e35 \u0e02\u0e31\u0e1a\u0e40\u0e04\u0e25\u0e37\u0e48\u0e2d\u0e19\u0e1b\u0e0e\u0e34\u0e23\u0e39\u0e1b", "hashtags": ["#\u0e02\u0e48\u0e32\u0e27\u0e08\u0e23\u0e34\u0e07", "#\u0e2a\u0e1b\u0e23\u0e34\u0e07\u0e19\u0e34\u0e27\u0e2a\u0e4c", "#Springnews\n"], "topic": "politics", "tweet_urls": ["https://t.co/264GEy4Kka"], "date": {"hour": 7, "month": 11, "iso": "2018-11-01T07:54:57", "year": 2018, "day": 1, "minute": 54}, "geo": null, "id": 1057903807491784705, "lang": "th", "emoticons": [], "user_id": 87732915, "coordinates": null, "source": "Twitter Web Client", "location": "Bancock", "mentions": []}, {"truncated": true, "text": "This is a clearly attempt that the military will cheat the next election result by flooding the vote with the vote\u2026", "hashtags": [], "topic": "politics", "tweet_urls": ["https://t.co/e35kt1XFw7"], "date": {"hour": 7, "month": 11, "iso": "2018-11-01T07:54:18", "year": 2018, "day": 1, "minute": 54}, "geo": null, "id": 1057903646032125952, "lang": "en", "emoticons": [], "user_id": 69516894, "coordinates": null, "source": "Facebook", "location": "Bancock", "mentions": []}, {"truncated": false, "text": "\u0e01\u0e01\u0e15.\u0e1b\u0e23\u0e30\u0e0a\u0e38\u0e21\u0e0a\u0e35\u0e49\u0e41\u0e08\u0e07\u0e40\u0e1e\u0e37\u0e48\u0e2d\u0e40\u0e15\u0e23\u0e35\u0e22\u0e21\u0e04\u0e27\u0e32\u0e21\u0e1e\u0e23\u0e49\u0e2d\u0e21 \u0e43\u0e19\u0e01\u0e32\u0e23\u0e40\u0e25\u0e37\u0e2d\u0e01\u0e2a\u0e21\u0e32\u0e0a\u0e34\u0e01\u0e27\u0e38\u0e12\u0e34\u0e2a\u0e20\u0e32", "hashtags": ["#\u0e02\u0e48\u0e32\u0e27\u0e08\u0e23\u0e34\u0e07", "#\u0e2a\u0e1b\u0e23\u0e34\u0e07\u0e19\u0e34\u0e27\u0e2a\u0e4c", "#Springnews"], "topic": "politics", "tweet_urls": ["https://t.co/AUFlKL1Hbu"], "date": {"hour": 7, "month": 11, "iso": "2018-11-01T07:49:57", "year": 2018, "day": 1, "minute": 49}, "geo": null, "id": 1057902550886735872, "lang": "th", "emoticons": [], "user_id": 87732915, "coordinates": null, "source": "Twitter Web Client", "location": "Bancock", "mentions": []}, {"truncated": false, "text": "\u0e40\u0e25\u0e37\u0e48\u0e2d\u0e19\u0e2b\u0e22\u0e31\u0e48\u0e07\u0e40\u0e2a\u0e35\u0e22\u0e07\u0e40\u0e25\u0e37\u0e2d\u0e01\u0e2b\u0e31\u0e27\u0e2b\u0e19\u0e49\u0e32\u0e1e\u0e23\u0e23\u0e04\u0e1b\u0e0a\u0e1b. \u0e40\u0e1b\u0e47\u0e19\u0e27\u0e31\u0e19\u0e17\u0e35\u0e48 9 \u0e1e.\u0e22.", "hashtags": ["#\u0e02\u0e48\u0e32\u0e27\u0e08\u0e23\u0e34\u0e07", "#\u0e2a\u0e1b\u0e23\u0e34\u0e07\u0e19\u0e34\u0e27\u0e2a\u0e4c", "#Springnews"], "topic": "politics", "tweet_urls": ["https://t.co/hgvHYT4zcs"], "date": {"hour": 7, "month": 11, "iso": "2018-11-01T07:49:48", "year": 2018, "day": 1, "minute": 49}, "geo": null, "id": 1057902513599373312, "lang": "th", "emoticons": [], "user_id": 87732915, "coordinates": null, "source": "Twitter Web Client", "location": "Bancock", "mentions": []}, {"truncated": false, "text": "\"\u0e41\u0e25\u0e49\u0e27\u0e09\u0e31\u0e19\u0e40\u0e25\u0e37\u0e2d\u0e01\u0e2d\u0e30\u0e44\u0e23\u0e44\u0e14\u0e49\u0e44\u0e2b\u0e21?.....\"\n\n#\u0e02\u0e48\u0e32\u0e27\u0e2a\u0e14 \n\nhttps://t.co/XRiJ5bM41G", "hashtags": ["#\u0e01\u0e32\u0e23\u0e40\u0e21\u0e37\u0e2d\u0e07", "#\u0e40\u0e25\u0e37\u0e2d\u0e01\u0e15\u0e31\u0e49\u0e07", "#\u0e1b\u0e23\u0e30\u0e0a\u0e32\u0e18\u0e34\u0e1b\u0e31\u0e15\u0e22\u0e4c", "#Khaosod"], "topic": "politics", "tweet_urls": [], "date": {"hour": 7, "month": 11, "iso": "2018-11-01T07:23:53", "year": 2018, "day": 1, "minute": 23}, "geo": null, "id": 1057895990399660032, "lang": "th", "emoticons": [], "user_id": 266946216, "coordinates": null, "source": "Twitter Web Client", "location": "Bancock", "mentions": []}, {"truncated": false, "text": "\"\u0e2b\u0e22\u0e31\u0e48\u0e07\u0e40\u0e2a\u0e35\u0e22\u0e07 \u0e2b\u0e19.\u0e1b\u0e23\u0e30\u0e0a\u0e32\u0e18\u0e34\u0e1b\u0e31\u0e15\u0e22\u0e4c\u0e2a\u0e30\u0e14\u0e38\u0e14! \u0e15\u0e49\u0e2d\u0e07\u0e40\u0e25\u0e37\u0e48\u0e2d\u0e19\u0e44\u0e1b 9 \u0e1e.\u0e22. \u0e40\u0e2b\u0e15\u0e38\u0e23\u0e30\u0e1a\u0e1a\u0e02\u0e31\u0e14\u0e02\u0e49\u0e2d\u0e07\"", "hashtags": [], "topic": "politics", "tweet_urls": ["https://t.co/2UIa0XE3lN"], "date": {"hour": 7, "month": 11, "iso": "2018-11-01T07:01:06", "year": 2018, "day": 1, "minute": 1}, "geo": null, "id": 1057890257893502976, "lang": "th", "emoticons": [], "user_id": 109501449, "coordinates": null, "source": "IFTTT", "location": "Bancock", "mentions": []}, {"truncated": false, "text": "\"\u0e28\u0e32\u0e25\u0e0e\u0e35\u0e01\u0e32\u0e1e\u0e34\u0e1e\u0e32\u0e01\u0e29\u0e32\u0e22\u0e37\u0e19 \u0e22\u0e01\u0e1f\u0e49\u0e2d\u0e07 \u0e21\u0e31\u0e25\u0e25\u0e34\u0e01\u0e32 \u0e2b\u0e21\u0e34\u0e48\u0e19 \u0e22\u0e34\u0e48\u0e07\u0e25\u0e31\u0e01\u0e29\u0e13\u0e4c \u0e04\u0e14\u0e35 \u0e27.5\u0e42\u0e1f\u0e23\u0e4c\u0e0b\u0e35\u0e0b\u0e31\u0e48\u0e19\u0e2a\u0e4c\"", "hashtags": [], "topic": "politics", "tweet_urls": ["https://t.co/lv3NMxXake"], "date": {"hour": 7, "month": 11, "iso": "2018-11-01T07:01:06", "year": 2018, "day": 1, "minute": 1}, "geo": null, "id": 1057890255091699713, "lang": "th", "emoticons": [], "user_id": 109501449, "coordinates": null, "source": "IFTTT", "location": "Bancock", "mentions": []}, {"truncated": false, "text": "\"\u0e28\u0e32\u0e25 \u0e23\u0e18\u0e19. \u0e21\u0e35\u0e21\u0e15\u0e34 \u0e43\u0e2b\u0e49 \u0e14\u0e2d\u0e19 \u0e1b\u0e23\u0e21\u0e31\u0e15\u0e16\u0e4c\u0e27\u0e34\u0e19\u0e31\u0e22 \u0e19\u0e31\u0e48\u0e07 \u0e23\u0e21\u0e27.\u0e15\u0e48\u0e32\u0e07\u0e1b\u0e23\u0e30\u0e40\u0e17\u0e28\u0e15\u0e48\u0e2d \u0e40\u0e2b\u0e15\u0e38\u0e44\u0e21\u0e48\u0e02\u0e32\u0e14\u0e04\u0e38\u0e13\u0e2a\u0e21\u0e1a\u0e31\u0e15\u0e34\"", "hashtags": [], "topic": "politics", "tweet_urls": ["https://t.co/oOoMSJdZkj"], "date": {"hour": 7, "month": 11, "iso": "2018-11-01T07:01:05", "year": 2018, "day": 1, "minute": 1}, "geo": null, "id": 1057890253254615040, "lang": "th", "emoticons": [], "user_id": 109501449, "coordinates": null, "source": "IFTTT", "location": "Bancock", "mentions": []}, {"truncated": false, "text": "\"\u0e19\u0e32\u0e22\u0e01\u0e2f \u0e44\u0e21\u0e48\u0e02\u0e27\u0e32\u0e07\u0e40\u0e2a\u0e23\u0e35\u0e01\u0e31\u0e0d\u0e0a\u0e32 \u0e2b\u0e32\u0e01\u0e27\u0e34\u0e08\u0e31\u0e22\u0e23\u0e31\u0e01\u0e29\u0e32\u0e42\u0e23\u0e04\u0e44\u0e14\u0e49 \u0e22\u0e31\u0e19\u0e44\u0e21\u0e48\u0e40\u0e04\u0e22\u0e04\u0e34\u0e14\u0e2d\u0e2d\u0e01\u0e01\u0e0e\u0e04\u0e38\u0e21\u0e1b\u0e23\u0e30\u0e0a\u0e32\u0e0a\u0e19\"", "hashtags": [], "topic": "politics", "tweet_urls": ["https://t.co/RTZWF8uzhS"], "date": {"hour": 7, "month": 11, "iso": "2018-11-01T07:01:04", "year": 2018, "day": 1, "minute": 1}, "geo": null, "id": 1057890250381582336, "lang": "th", "emoticons": [], "user_id": 109501449, "coordinates": null, "source": "IFTTT", "location": "Bancock", "mentions": []}, {"truncated": false, "text": "\"\u0e2a\u0e38\u0e40\u0e17\u0e1e! \u0e40\u0e08\u0e2d\u0e0a\u0e32\u0e22\u0e1a\u0e38\u0e01\u0e0a\u0e39\u0e1b\u0e49\u0e32\u0e22 \u201cLIAR LIAR\u201d \u0e43\u0e2a\u0e48 \u0e40\u0e08\u0e49\u0e32\u0e15\u0e31\u0e27\u0e16\u0e32\u0e21\u0e01\u0e25\u0e31\u0e1a\u0e40\u0e02\u0e32\u0e08\u0e49\u0e32\u0e07\u0e04\u0e38\u0e13\u0e21\u0e32\u0e40\u0e17\u0e48\u0e32\u0e44\u0e2b\u0e23\u0e48\"", "hashtags": [], "topic": "politics", "tweet_urls": ["https://t.co/Y7y9hb6O54"], "date": {"hour": 7, "month": 11, "iso": "2018-11-01T07:01:04", "year": 2018, "day": 1, "minute": 1}, "geo": null, "id": 1057890247328055296, "lang": "th", "emoticons": [], "user_id": 109501449, "coordinates": null, "source": "IFTTT", "location": "Bancock", "mentions": []}, {"truncated": false, "text": "\"\u0e42\u0e06\u0e29\u0e01\u0e01\u0e25\u0e32\u0e42\u0e2b\u0e21 \u0e02\u0e49\u0e2d\u0e07\u0e43\u0e08? \u0e40\u0e2b\u0e15\u0e38\u0e01\u0e32\u0e23\u0e13\u0e4c 6 \u0e15.\u0e04.19 \u0e42\u0e1c\u0e25\u0e48\u0e43\u0e19 MV \u2018\u0e1b\u0e23\u0e30\u0e40\u0e17\u0e28\u0e01\u0e39\u0e21\u0e35\u2019\"", "hashtags": [], "topic": "politics", "tweet_urls": ["https://t.co/PNT43Muhoy"], "date": {"hour": 7, "month": 11, "iso": "2018-11-01T07:01:03", "year": 2018, "day": 1, "minute": 1}, "geo": null, "id": 1057890245499408386, "lang": "th", "emoticons": [], "user_id": 109501449, "coordinates": null, "source": "IFTTT", "location": "Bancock", "mentions": []}, {"truncated": false, "text": "\"\u0e2a\u0e38\u0e40\u0e17\u0e1e \u0e42\u0e1e\u0e2a\u0e15\u0e4c\u0e04\u0e19\u0e1b\u0e48\u0e27\u0e19\u0e40\u0e14\u0e34\u0e19\u0e04\u0e32\u0e23\u0e27\u0e30\u0e41\u0e1c\u0e48\u0e19\u0e14\u0e34\u0e19 \u0e40\u0e1b\u0e47\u0e19\u0e01\u0e25\u0e38\u0e48\u0e21\u0e04\u0e19\u0e16\u0e39\u0e01\u0e27\u0e48\u0e32\u0e08\u0e49\u0e32\u0e07\u0e21\u0e32\u0e43\u0e2b\u0e49\u0e01\u0e48\u0e2d\u0e01\u0e27\u0e19\"", "hashtags": [], "topic": "politics", "tweet_urls": ["https://t.co/OXT7X2WrcQ"], "date": {"hour": 7, "month": 11, "iso": "2018-11-01T07:01:03", "year": 2018, "day": 1, "minute": 1}, "geo": null, "id": 1057890242617884673, "lang": "th", "emoticons": [], "user_id": 109501449, "coordinates": null, "source": "IFTTT", "location": "Bancock", "mentions": []}, {"truncated": false, "text": "\"\u0e23\u0e16\u0e44\u0e1f\u0e17\u0e32\u0e07\u0e04\u0e39\u0e48\u0e40\u0e2a\u0e49\u0e19\u0e17\u0e32\u0e07\u0e40\u0e0a\u0e35\u0e22\u0e07\u0e23\u0e32\u0e22\u0e40\u0e23\u0e34\u0e48\u0e21\u0e01\u0e48\u0e2d\u0e2a\u0e23\u0e49\u0e32\u0e07\u0e1b\u0e35 63 \u0e41\u0e25\u0e49\u0e27\u0e40\u0e2a\u0e23\u0e47\u0e08\u0e20\u0e32\u0e22\u0e43\u0e19\u0e1b\u0e35 65\"", "hashtags": [], "topic": "politics", "tweet_urls": ["https://t.co/uxbnJmECxE"], "date": {"hour": 7, "month": 11, "iso": "2018-11-01T07:01:02", "year": 2018, "day": 1, "minute": 1}, "geo": null, "id": 1057890239010738176, "lang": "th", "emoticons": [], "user_id": 109501449, "coordinates": null, "source": "IFTTT", "location": "Bancock", "mentions": []}, {"truncated": true, "text": "International observers have been part of the election 4 times previously/#Thailand After Nakorn, f\u2026", "hashtags": ["#ThaiElection19"], "topic": "politics", "tweet_urls": ["https://t.co/RC9g16JmBT"], "date": {"hour": 6, "month": 11, "iso": "2018-11-01T06:57:01", "year": 2018, "day": 1, "minute": 57}, "geo": null, "id": 1057889230087548928, "lang": "en", "emoticons": [], "user_id": 107438849, "coordinates": null, "source": "Twitter Web Client", "location": "Bancock", "mentions": []}, {"truncated": false, "text": "\u0e2d\u0e32\u0e08\u0e44\u0e21\u0e48\u0e43\u0e0a\u0e48\u0e04\u0e19\u0e40\u0e14\u0e35\u0e22\u0e27\u0e01\u0e31\u0e19 \"\u0e1a\u0e34\u0e4a\u0e01\u0e15\u0e39\u0e48\" - \"\u0e1a\u0e34\u0e4a\u0e01\u0e1b\u0e49\u0e2d\u0e21\" \u0e22\u0e34\u0e49\u0e21\u0e23\u0e31\u0e1a\u0e01\u0e23\u0e30\u0e41\u0e2a\u0e19\u0e32\u0e22\u0e01\u0e2f\u0e43\u0e2b\u0e21\u0e48\u0e08\u0e30\u0e2b\u0e19\u0e49\u0e32\u0e04\u0e25\u0e49\u0e32\u0e22\u0e40\u0e14\u0e34\u0e21", "hashtags": ["#\u0e02\u0e48\u0e32\u0e27\u0e08\u0e23\u0e34\u0e07", "#\u0e2a\u0e1b\u0e23\u0e34\u0e07\u0e19\u0e34\u0e27\u0e2a\u0e4c", "#Springnews\n"], "topic": "politics", "tweet_urls": ["https://t.co/m7Mwu6eQa9"], "date": {"hour": 6, "month": 11, "iso": "2018-11-01T06:42:26", "year": 2018, "day": 1, "minute": 42}, "geo": null, "id": 1057885558582632448, "lang": "th", "emoticons": [], "user_id": 87732915, "coordinates": null, "source": "Twitter Web Client", "location": "Bancock", "mentions": []}, {"truncated": false, "text": "\u201c\u0e28\u0e23\u0e35\u0e2a\u0e38\u0e27\u0e23\u0e23\u0e13\u201d \u0e41\u0e09! \u0e01\u0e2d\u0e07\u0e17\u0e31\u0e1e\u0e1a\u0e01 \u0e0b\u0e37\u0e49\u0e2d\u0e2e. \u0e23\u0e38\u0e48\u0e19\u0e40\u0e14\u0e35\u0e22\u0e27\u0e01\u0e31\u0e1a \u2018\u0e40\u0e08\u0e49\u0e32\u0e2a\u0e31\u0e27\u0e27\u0e34\u0e0a\u0e31\u0e22\u2019 \u0e41\u0e15\u0e48\u0e41\u0e1e\u0e07\u0e21\u0e32\u0e01\u0e01\u0e27\u0e48\u0e322\u0e40\u0e17\u0e48\u0e32! via", "hashtags": [], "topic": "politics", "tweet_urls": ["https://t.co/YDIZzv7Yiz"], "date": {"hour": 6, "month": 11, "iso": "2018-11-01T06:39:33", "year": 2018, "day": 1, "minute": 39}, "geo": null, "id": 1057884834364776449, "lang": "th", "emoticons": [], "user_id": 323085549, "coordinates": null, "source": "Twitter Web Client", "location": "Bancock", "mentions": ["@\u0e02\u0e48\u0e32\u0e27\u0e2a\u0e14"]}, {"truncated": true, "text": "\u0e2d\u0e22\u0e32\u0e01\u0e43\u0e2b\u0e49\u0e08\u0e32\u0e19\u0e08\u0e31\u0e01\u0e29\u0e4c\u0e2d\u0e2d\u0e01\u0e21\u0e32\u0e40\u0e14\u0e34\u0e19\u0e01\u0e30\u0e25\u0e38\u0e07\u0e01\u0e33\u0e19\u0e27\u0e22\u0e08\u0e31\u0e07\u0e40\u0e25\u0e22\u0e02\u0e48\u0e30\u0e16\u0e16\u0e16\n\n\u0e14\u0e23.\u0e08\u0e31\u0e01\u0e29\u0e4c 5 \u0e43\u0e1a \u0e23\u0e48\u0e32\u0e22\u0e01\u0e25\u0e2d\u0e19 \u0e0b\u0e31\u0e14\u0e01\u0e25\u0e38\u0e48\u0e21\u0e1b\u0e48\u0e27\u0e19\u0e40\u0e17\u0e37\u0e2d\u0e01 \u0e40\u0e14\u0e34\u0e19\u0e04\u0e32\u0e23\u0e27\u0e30\u0e41\u0e1c\u0e48\u0e19\u0e14\u0e34\u0e19 \u201c\u0e1e\u0e27\u0e01\u0e2b\u0e19\u0e49\u0e32\u2026", "hashtags": [], "topic": "politics", "tweet_urls": ["https://t.co/HFVvCBjFTE"], "date": {"hour": 6, "month": 11, "iso": "2018-11-01T06:36:02", "year": 2018, "day": 1, "minute": 36}, "geo": null, "id": 1057883949379149824, "lang": "th", "emoticons": ["\ud83d\ude01"], "user_id": 123805296, "coordinates": null, "source": "Twitter Web Client", "location": "Bancock", "mentions": []}, {"truncated": false, "text": "\u0e1b\u0e23\u0e30\u0e27\u0e34\u0e15\u0e23 \u0e43\u0e2b\u0e49\u0e04\u0e21\u0e19\u0e32\u0e04\u0e21\u0e1e\u0e34\u0e08\u0e32\u0e23\u0e13\u0e32\u0e14\u0e49\u0e27\u0e22\u0e40\u0e2b\u0e15\u0e38\u0e1c\u0e25 \u0e2b\u0e25\u0e31\u0e07\u0e41\u0e17\u0e47\u0e01\u0e0b\u0e35\u0e48\u0e02\u0e2d\u0e02\u0e36\u0e49\u0e19\u0e23\u0e32\u0e04\u0e32 via", "hashtags": [], "topic": "politics", "tweet_urls": ["https://t.co/Q8oN0p8wW5"], "date": {"hour": 6, "month": 11, "iso": "2018-11-01T06:35:19", "year": 2018, "day": 1, "minute": 35}, "geo": null, "id": 1057883766478188544, "lang": "th", "emoticons": [], "user_id": 323085549, "coordinates": null, "source": "Twitter Web Client", "location": "Bancock", "mentions": ["@\u0e21\u0e15\u0e34\u0e0a\u0e19\u0e2d\u0e2d\u0e19\u0e44\u0e25\u0e19\u0e4c"]}, {"truncated": false, "text": "\u0e1b\u0e48\u0e27\u0e19\u0e25\u0e38\u0e07\u0e01\u0e33\u0e19\u0e31\u0e19 \u0e08\u0e19 \"\u0e14\u0e23.\u0e08\u0e31\u0e01\u0e29\u0e4c 5 \u0e43\u0e1a\" \u0e22\u0e31\u0e07\u0e17\u0e19\u0e44\u0e21\u0e48\u0e44\u0e14\u0e49!!!\n\n#\u0e02\u0e48\u0e32\u0e27\u0e2a\u0e14", "hashtags": ["#\u0e01\u0e32\u0e23\u0e40\u0e21\u0e37\u0e2d\u0e07", "#\u0e08\u0e31\u0e01\u0e29\u0e4c5\u0e43\u0e1a\n\nhttps://t.co/pz87WHzYFW"], "topic": "politics", "tweet_urls": [], "date": {"hour": 6, "month": 11, "iso": "2018-11-01T06:21:20", "year": 2018, "day": 1, "minute": 21}, "geo": null, "id": 1057880250581843969, "lang": "th", "emoticons": [], "user_id": 266946216, "coordinates": null, "source": "Twitter Web Client", "location": "Bancock", "mentions": []}, {"truncated": true, "text": "Foreign Minister says international election observers are not needed for the upcoming poll. No mention o\u2026", "hashtags": ["#Thailand"], "topic": "politics", "tweet_urls": ["https://t.co/emENET23xx"], "date": {"hour": 6, "month": 11, "iso": "2018-11-01T06:18:20", "year": 2018, "day": 1, "minute": 18}, "geo": null, "id": 1057879494508240897, "lang": "en", "emoticons": [], "user_id": 108385229, "coordinates": null, "source": "Twitter Web Client", "location": "Bancock", "mentions": []}, {"truncated": false, "text": "\u0e01\u0e30\u0e25\u0e32\u0e42\u0e2b\u0e21\u0e2d\u0e2d\u0e01\u0e15\u0e31\u0e27\u0e40\u0e2d\u0e07\u0e40\u0e25\u0e22\u0e08\u0e49\u0e32 \u0e42\u0e06\u0e29\u0e01\u0e01\u0e25\u0e32\u0e42\u0e2b\u0e21 \u0e08\u0e35\u0e49\u0e2a\u0e2d\u0e1a MV\u0e1b\u0e23\u0e30\u0e40\u0e17\u0e28\u0e01\u0e39\u0e21\u0e35 \u0e21\u0e35\u0e09\u0e32\u0e01 6\u0e15\u0e38\u0e25\u0e32 \u0e40\u0e01\u0e49\u0e32\u0e2d\u0e35\u0e49\u0e1f\u0e32\u0e14\u0e28\u0e1e", "hashtags": ["#\u0e1b\u0e23\u0e30\u0e40\u0e17\u0e28\u0e01\u0e39\u0e21\u0e35\n\n\u0e22\u0e31\u0e07\u0e44\u0e21\u0e48\u0e08\u0e1a!"], "topic": "politics", "tweet_urls": ["https://t.co/tYZJ9RnPiN"], "date": {"hour": 6, "month": 11, "iso": "2018-11-01T06:17:06", "year": 2018, "day": 1, "minute": 17}, "geo": null, "id": 1057879183546699776, "lang": "th", "emoticons": [], "user_id": 123805296, "coordinates": null, "source": "Twitter Web Client", "location": "Bancock", "mentions": []}, {"truncated": false, "text": "\u0e19\u0e49\u0e33\u0e25\u0e14\u0e15\u0e2d\u0e1c\u0e38\u0e14 ... \u201c\u0e28\u0e23\u0e35\u0e2a\u0e38\u0e27\u0e23\u0e23\u0e13\u201d \u0e41\u0e09! \u0e01\u0e2d\u0e07\u0e17\u0e31\u0e1e\u0e1a\u0e01 \u0e0b\u0e37\u0e49\u0e2d \u0e2e. \u0e23\u0e38\u0e48\u0e19\u0e40\u0e14\u0e35\u0e22\u0e27\u0e01\u0e31\u0e1a \u2018\u0e40\u0e08\u0e49\u0e32\u0e2a\u0e31\u0e27\u0e27\u0e34\u0e0a\u0e31\u0e22\u2019 \u0e41\u0e15\u0e48\u0e41\u0e1e\u0e07\u0e21\u0e32\u0e01\u0e01\u0e27\u0e48\u0e32 2 \u0e40\u0e17\u0e48\u0e32!", "hashtags": ["#\u0e2a\u0e48\u0e27\u0e19\u0e15\u0e48\u0e32\u0e07\nhttps://t.co/YlpvsUZ9lY"], "topic": "politics", "tweet_urls": [], "date": {"hour": 6, "month": 11, "iso": "2018-11-01T06:03:09", "year": 2018, "day": 1, "minute": 3}, "geo": null, "id": 1057875673887326209, "lang": "th", "emoticons": [], "user_id": 554918064, "coordinates": null, "source": "Twitter Web Client", "location": "Bancock", "mentions": []}, {"truncated": false, "text": "\u201c\u0e28\u0e23\u0e35\u0e2a\u0e38\u0e27\u0e23\u0e23\u0e13\u201d \u0e41\u0e09! \u0e01\u0e2d\u0e07\u0e17\u0e31\u0e1e\u0e1a\u0e01 \u0e0b\u0e37\u0e49\u0e2d\u0e2e. \u0e23\u0e38\u0e48\u0e19\u0e40\u0e14\u0e35\u0e22\u0e27\u0e01\u0e31\u0e1a \u2018\u0e40\u0e08\u0e49\u0e32\u0e2a\u0e31\u0e27\u0e27\u0e34\u0e0a\u0e31\u0e22\u2019 \u0e41\u0e15\u0e48\u0e41\u0e1e\u0e07\u0e21\u0e32\u0e01\u0e01\u0e27\u0e48\u0e322\u0e40\u0e17\u0e48\u0e32! \u0e02\u0e49\u0e2d\u0e21\u0e39\u0e25\u0e08\u0e32\u0e01", "hashtags": [], "topic": "politics", "tweet_urls": ["https://t.co/9QQjkpJDyF"], "date": {"hour": 5, "month": 11, "iso": "2018-11-01T05:45:19", "year": 2018, "day": 1, "minute": 45}, "geo": null, "id": 1057871184128225281, "lang": "th", "emoticons": [], "user_id": 69550671, "coordinates": null, "source": "Twitter Web Client", "location": "Bancock", "mentions": ["@\u0e02\u0e48\u0e32\u0e27\u0e2a\u0e14"]}, {"truncated": false, "text": "FM Says Thailand Doesn\u2019t Need Foreign Election Observers via", "hashtags": [], "topic": "politics", "tweet_urls": ["https://t.co/cp2DUh8rtc"], "date": {"hour": 5, "month": 11, "iso": "2018-11-01T05:31:12", "year": 2018, "day": 1, "minute": 31}, "geo": null, "id": 1057867633079463936, "lang": "en", "emoticons": [], "user_id": 83897686, "coordinates": null, "source": "Twitter Web Client", "location": "Bancock", "mentions": ["@KhaosodEnglish"]}, {"truncated": false, "text": "\u0e40\u0e2d\u0e34\u0e48\u0e21", "hashtags": [], "topic": "politics", "tweet_urls": ["https://t.co/hj5uRZGPNg"], "date": {"hour": 5, "month": 11, "iso": "2018-11-01T05:27:08", "year": 2018, "day": 1, "minute": 27}, "geo": null, "id": 1057866609266749440, "lang": "th", "emoticons": [], "user_id": 196479138, "coordinates": null, "source": "IFTTT", "location": "Bancock", "mentions": []}, {"truncated": true, "text": "\u0e1c\u0e25'\u0e40\u0e14\u0e25\u0e34\u0e19\u0e34\u0e27\u0e2a\u0e4c\u0e42\u0e1e\u0e25'\u0e04\u0e23\u0e31\u0e49\u0e07\u0e17\u0e35\u0e482 '\u0e21\u0e32\u0e23\u0e4c\u0e04'\u0e19\u0e33\u0e2b\u0e22\u0e31\u0e48\u0e07\u0e40\u0e2a\u0e35\u0e22\u0e07\u0e2b\u0e31\u0e27\u0e2b\u0e19\u0e49\u0e32\u0e1b\u0e0a\u0e1b.", "hashtags": ["#\u0e40\u0e14\u0e25\u0e34\u0e19\u0e34\u0e27\u0e2a\u0e4c\u0e42\u0e1e\u0e25", "#\u0e21\u0e32\u0e23\u0e4c\u0e04\u0e19\u0e33\u0e2b\u0e22\u0e31\u0e48\u0e07\u0e40\u0e2a\u0e35\u0e22\u0e07\u2026"], "topic": "politics", "tweet_urls": ["https://t.co/0bFInMwDok", "https://t.co/we3JrEmN3m"], "date": {"hour": 5, "month": 11, "iso": "2018-11-01T05:13:24", "year": 2018, "day": 1, "minute": 13}, "geo": null, "id": 1057863153634156544, "lang": "th", "emoticons": [], "user_id": 145931392, "coordinates": null, "source": "Hootsuite", "location": "Bancock", "mentions": []}, {"truncated": false, "text": "\u201c\u0e1b\u0e23\u0e30\u0e27\u0e34\u0e15\u0e23\u201d\u0e22\u0e34\u0e49\u0e21\u201d\u0e2a\u0e21\u0e04\u0e34\u0e14\u201d\u0e1e\u0e39\u0e14\u0e19\u0e32\u0e22\u0e01\u0e43\u0e2b\u0e21\u0e48\u0e2b\u0e19\u0e49\u0e32\u0e40\u0e14\u0e34\u0e21\u0e2d\u0e38\u0e1a\u0e0a\u0e48\u0e27\u0e22\u0e07\u0e32\u0e19", "hashtags": ["#\u0e2a\u0e33\u0e19\u0e31\u0e01\u0e02\u0e48\u0e32\u0e27INN", "#SMSINN"], "topic": "politics", "tweet_urls": ["https://t.co/LIeV6Ks7ra\n\n#INNNEWS"], "date": {"hour": 5, "month": 11, "iso": "2018-11-01T05:12:50", "year": 2018, "day": 1, "minute": 12}, "geo": null, "id": 1057863011904315392, "lang": "th", "emoticons": [], "user_id": 47619730, "coordinates": null, "source": "Twitter Web Client", "location": "Bancock", "mentions": []}, {"truncated": false, "text": "FM Says Thailand Doesn\u2019t Need Foreign Election Observers", "hashtags": [], "topic": "politics", "tweet_urls": ["https://t.co/zEMyn0RlST"], "date": {"hour": 5, "month": 11, "iso": "2018-11-01T05:07:37", "year": 2018, "day": 1, "minute": 7}, "geo": null, "id": 1057861696650305536, "lang": "en", "emoticons": [], "user_id": 1376852185, "coordinates": null, "source": "Twitter Web Client", "location": "Bancock", "mentions": []}, {"truncated": false, "text": "\u201c\u0e1b\u0e23\u0e30\u0e22\u0e38\u0e17\u0e18\u0e4c\u201d\u0e40\u0e25\u0e35\u0e48\u0e22\u0e07\u0e15\u0e2d\u0e1a\u0e19\u0e32\u0e22\u0e01\u0e43\u0e2b\u0e21\u0e48\u0e2b\u0e19\u0e49\u0e32\u0e40\u0e14\u0e34\u0e21\u0e1a\u0e2d\u0e01\u0e2d\u0e32\u0e08\u0e44\u0e21\u0e48\u0e43\u0e0a\u0e48\u0e04\u0e19\u0e40\u0e14\u0e35\u0e22\u0e27\u0e01\u0e31\u0e19", "hashtags": ["#INNNEWS", "#\u0e2a\u0e33\u0e19\u0e31\u0e01\u0e02\u0e48\u0e32\u0e27INN", "#SMSINN"], "topic": "politics", "tweet_urls": ["https://t.co/TVavc0IrUy"], "date": {"hour": 5, "month": 11, "iso": "2018-11-01T05:03:30", "year": 2018, "day": 1, "minute": 3}, "geo": null, "id": 1057860663249268736, "lang": "th", "emoticons": [], "user_id": 47619730, "coordinates": null, "source": "Twitter Web Client", "location": "Bancock", "mentions": []}, {"truncated": false, "text": "\"\u0e01\u0e2d\u0e07\u0e17\u0e31\u0e1e\u0e1a\u0e01\" \u0e0b\u0e37\u0e49\u0e2d\u0e40\u0e2e\u0e25\u0e34\u0e04\u0e2d\u0e1b\u0e40\u0e15\u0e2d\u0e23\u0e4c \u0e23\u0e38\u0e48\u0e19\u0e40\u0e14\u0e35\u0e22\u0e27\u0e01\u0e31\u0e1a \"\u0e40\u0e08\u0e49\u0e32\u0e2a\u0e31\u0e27\u0e27\u0e34\u0e0a\u0e31\u0e22\" \u0e41\u0e15\u0e48\u0e41\u0e1e\u0e07\u0e01\u0e27\u0e48\u0e32 2 \u0e40\u0e17\u0e48\u0e32!!!\n\n#\u0e02\u0e48\u0e32\u0e27\u0e2a\u0e14", "hashtags": ["#Khaosod\nhttps://t.co/7uQW5jmpyv"], "topic": "politics", "tweet_urls": [], "date": {"hour": 3, "month": 11, "iso": "2018-11-01T03:56:25", "year": 2018, "day": 1, "minute": 56}, "geo": null, "id": 1057843778403237888, "lang": "th", "emoticons": [], "user_id": 266946216, "coordinates": null, "source": "Twitter Web Client", "location": "Bancock", "mentions": []}, {"truncated": true, "text": "THE CONSTITUTIONAL Court ruled yesterday that Foreign Minister Don Pramudwinai can retain his Cabinet seat, as his\u2026", "hashtags": [], "topic": "politics", "tweet_urls": ["https://t.co/lsOArShuxG"], "date": {"hour": 3, "month": 11, "iso": "2018-11-01T03:20:07", "year": 2018, "day": 1, "minute": 20}, "geo": null, "id": 1057834645868359680, "lang": "en", "emoticons": [], "user_id": 18921618, "coordinates": null, "source": "Facebook", "location": "Bancock", "mentions": []}, {"truncated": false, "text": "\u0e04\u0e2a\u0e0a.\u0e22\u0e31\u0e19\u0e44\u0e21\u0e48\u0e21\u0e35\u0e2a\u0e34\u0e48\u0e07\u0e1a\u0e48\u0e07\u0e0a\u0e35\u0e49\u0e1c\u0e34\u0e14\u0e1b\u0e01\u0e15\u0e34-\u0e40\u0e1b\u0e47\u0e19\u0e44\u0e1b\u0e15\u0e32\u0e21\u0e42\u0e23\u0e14\u0e41\u0e21\u0e1b", "hashtags": ["#INNNEWS", "#\u0e2a\u0e33\u0e19\u0e31\u0e01\u0e02\u0e48\u0e32\u0e27INN", "#SMSINN"], "topic": "politics", "tweet_urls": ["https://t.co/I1w1OV6Bvy"], "date": {"hour": 2, "month": 11, "iso": "2018-11-01T02:46:14", "year": 2018, "day": 1, "minute": 46}, "geo": null, "id": 1057826117820633088, "lang": "th", "emoticons": [], "user_id": 47619730, "coordinates": null, "source": "Twitter Web Client", "location": "Bancock", "mentions": []}, {"truncated": true, "text": "A rap video criticizing the gov't that won't go away, &amp; a government that can't let it go. Defense Minister calls o\u2026", "hashtags": [], "topic": "politics", "tweet_urls": ["https://t.co/dJ76o77auc"], "date": {"hour": 2, "month": 11, "iso": "2018-11-01T02:45:10", "year": 2018, "day": 1, "minute": 45}, "geo": null, "id": 1057825846877020160, "lang": "en", "emoticons": [], "user_id": 108385229, "coordinates": null, "source": "Twitter Web Client", "location": "Bancock", "mentions": []}, {"truncated": false, "text": "How do you even blow \u00a314k on a three-day trip!?", "hashtags": [], "topic": "politics", "tweet_urls": ["https://t.co/1hSzOpigco"], "date": {"hour": 2, "month": 11, "iso": "2018-11-01T02:43:05", "year": 2018, "day": 1, "minute": 43}, "geo": null, "id": 1057825326154170368, "lang": "en", "emoticons": [], "user_id": 43153434, "coordinates": null, "source": "Twitter for iPhone", "location": "Bancock", "mentions": []}, {"truncated": true, "text": "(four)\u2022 \u0e40\u0e23\u0e35\u0e22\u0e19\u0e20\u0e32\u0e29\u0e32\u0e08\u0e32\u0e01\u0e02\u0e48\u0e32\u0e27\nDon cleared to retain Cabinet post as court says wife complied with shareholdings rule\u2026", "hashtags": [], "topic": "politics", "tweet_urls": ["https://t.co/kGSKUCn5Vy"], "date": {"hour": 2, "month": 11, "iso": "2018-11-01T02:42:42", "year": 2018, "day": 1, "minute": 42}, "geo": null, "id": 1057825229865594880, "lang": "en", "emoticons": [], "user_id": 115301812, "coordinates": null, "source": "Facebook", "location": "Bancock", "mentions": []}, {"truncated": false, "text": "\u2018\u0e14\u0e2d\u0e19\u2019 \u0e25\u0e31\u0e48\u0e19 \u0e15\u0e48\u0e32\u0e07\u0e0a\u0e32\u0e15\u0e34\u0e21\u0e32\u0e14\u0e39 \u0e40\u0e25\u0e37\u0e2d\u0e01\u0e15\u0e31\u0e49\u0e07 \u0e44\u0e21\u0e48\u0e40\u0e1b\u0e47\u0e19\u0e21\u0e07\u0e04\u0e25 \u0e44\u0e17\u0e22\u0e21\u0e35\u0e28\u0e31\u0e01\u0e14\u0e34\u0e4c\u0e28\u0e23\u0e35 \u0e44\u0e21\u0e48\u0e43\u0e0a\u0e48\u0e1b\u0e23\u0e30\u0e40\u0e17\u0e28\u0e21\u0e35\u0e1b\u0e31\u0e0d\u0e2b\u0e32 via", "hashtags": [], "topic": "politics", "tweet_urls": ["https://t.co/RHQ4Gnjz52"], "date": {"hour": 2, "month": 11, "iso": "2018-11-01T02:33:17", "year": 2018, "day": 1, "minute": 33}, "geo": null, "id": 1057822860134113280, "lang": "th", "emoticons": [], "user_id": 392635612, "coordinates": null, "source": "Twitter for iPhone", "location": "Bancock", "mentions": ["@\u0e02\u0e48\u0e32\u0e27\u0e2a\u0e14"]}, {"truncated": false, "text": "09.00 INDEX \u0e20\u0e32\u0e1e\u0e21\u0e27\u0e25\u0e21\u0e2b\u0e32\u0e1b\u0e23\u0e30\u0e0a\u0e32\u0e0a\u0e19 \u0e20\u0e32\u0e1e\u0e1b\u0e0f\u0e34\u0e23\u0e39\u0e1b \u0e01\u0e48\u0e2d\u0e19\u0e40\u0e25\u0e37\u0e2d\u0e01\u0e15\u0e31\u0e49\u0e07 \u0e02\u0e49\u0e2d\u0e21\u0e39\u0e25\u0e08\u0e32\u0e01", "hashtags": [], "topic": "politics", "tweet_urls": ["https://t.co/wjkqcBUSvL"], "date": {"hour": 2, "month": 11, "iso": "2018-11-01T02:30:12", "year": 2018, "day": 1, "minute": 30}, "geo": null, "id": 1057822083583926273, "lang": "th", "emoticons": [], "user_id": 539491835, "coordinates": null, "source": "Twitter Web Client", "location": "Bancock", "mentions": ["@\u0e21\u0e15\u0e34\u0e0a\u0e19\u0e2d\u0e2d\u0e19\u0e44\u0e25\u0e19\u0e4c"]}, {"truncated": false, "text": "\"\u0e44\u0e2d\u0e15\u0e34\u0e21\"\u0e21\u0e2d\u0e07\"\u0e1b\u0e23\u0e30\u0e40\u0e17\u0e28\u0e01\u0e39\u0e21\u0e35\"\u0e40\u0e1b\u0e47\u0e19\u0e2a\u0e34\u0e17\u0e18\u0e34\u0e40\u0e2a\u0e23\u0e35\u0e20\u0e32\u0e1e\u0e17\u0e35\u0e48\u0e04\u0e27\u0e23\u0e21\u0e35...", "hashtags": ["#\u0e40\u0e14\u0e25\u0e34\u0e19\u0e34\u0e27\u0e2a\u0e4c"], "topic": "politics", "tweet_urls": ["https://t.co/PCHQAXxSEY"], "date": {"hour": 2, "month": 11, "iso": "2018-11-01T02:24:07", "year": 2018, "day": 1, "minute": 24}, "geo": null, "id": 1057820553480990721, "lang": "th", "emoticons": [], "user_id": 145931392, "coordinates": null, "source": "Hootsuite", "location": "Bancock", "mentions": []}, {"truncated": false, "text": "Au Br\u00e9sil, apr\u00e8s 1 semaine il recrute des snippers. J'appelle \u00e7a une volont\u00e9 politique d'efficacit\u00e9.", "hashtags": [], "topic": "politics", "tweet_urls": [], "date": {"hour": 20, "month": 11, "iso": "2018-11-01T20:39:49", "year": 2018, "day": 1, "minute": 39}, "geo": null, "id": 1058096291664674816, "lang": "fr", "emoticons": [], "user_id": 816160180664573952, "coordinates": null, "source": "Twitter for Android", "location": "Bancock", "mentions": ["@ornella_ventura", "@aninave"]}, {"truncated": false, "text": "Le g\u00e9n\u00e9ral en chef am\u00e9ricain en Afghanistan vis\u00e9 par un attentat \u00e0\u00a0Kandahar", "hashtags": [], "topic": "politics", "tweet_urls": ["https://t.co/OUANMNe85p"], "date": {"hour": 15, "month": 11, "iso": "2018-11-01T15:06:12", "year": 2018, "day": 1, "minute": 6}, "geo": null, "id": 1058012338127884290, "lang": "fr", "emoticons": [], "user_id": 1949018696, "coordinates": null, "source": "WordPress.com", "location": "Bancock", "mentions": []}, {"truncated": false, "text": "\u092f\u0939 \u092c\u093f\u0932 \u0935\u093f\u092a\u0915\u094d\u0937 \u0915\u0947 \u0917\u0932\u0947 \u0915\u0940 \u092b\u093e\u0902\u0938 \u092c\u0928\u0928\u0947 \u0935\u093e\u0932\u093e \u0939\u0948\u0964\n\u0930\u093e\u091c\u0928\u0940\u0924\u093f \u0914\u0930 \u092e\u0902\u0936\u093e \u0926\u094b\u0928\u094b\u0902 \u091c\u0928\u0924\u093e \u0926\u0947\u0916 \u0932\u0947\u0917\u0940\u0964", "hashtags": [], "topic": "politics", "tweet_urls": [], "date": {"hour": 15, "month": 11, "iso": "2018-11-01T15:39:35", "year": 2018, "day": 1, "minute": 39}, "geo": null, "id": 1058020739175989248, "lang": "hi", "emoticons": [], "user_id": 817271280109924353, "coordinates": null, "source": "Twitter for Android", "location": "Bancock", "mentions": ["@manakgupta", "@MadhuTripat14"]}]