[{"truncated": false, "text": "College councils protest NACC\u2019s asset\u00a0rule", "hashtags": [], "topic": "unrest", "tweet_urls": ["https://t.co/KBRzTGOAq4"], "date": {"hour": 1, "month": 11, "iso": "2018-11-09T01:49:03", "year": 2018, "day": 9, "minute": 49}, "geo": null, "id": 1060710830503800833, "lang": "en", "emoticons": [], "user_id": 934188269020966912, "coordinates": null, "source": "WordPress.com", "location": "Bancock", "mentions": []}, {"truncated": true, "text": "I suspect Rosenstein and Francisco might both resign in protest (and should). That would be helpful in clarifying t\u2026", "hashtags": [], "topic": "unrest", "tweet_urls": ["https://t.co/zLOIOmtTct"], "date": {"hour": 19, "month": 11, "iso": "2018-11-08T19:45:01", "year": 2018, "day": 8, "minute": 45}, "geo": null, "id": 1060619218079514624, "lang": "en", "emoticons": [], "user_id": 95222570, "coordinates": null, "source": "Twitter for iPhone", "location": "Bancock", "mentions": []}, {"truncated": true, "text": "Please learn the difference between news and opinion. This is an opinion piece on a lawsuit against IFC.\u2026", "hashtags": [], "topic": "unrest", "tweet_urls": ["https://t.co/0fiqu3HtrL"], "date": {"hour": 13, "month": 11, "iso": "2018-11-08T13:24:45", "year": 2018, "day": 8, "minute": 24}, "geo": null, "id": 1060523520159928320, "lang": "en", "emoticons": [], "user_id": 54882986, "coordinates": null, "source": "Twitter for iPhone", "location": "Bancock", "mentions": ["@jaigoluki"]}, {"truncated": false, "text": "\u201cProtest songs can still make a difference,\u201d Mellencamp said of the track. One hopes!", "hashtags": [], "topic": "unrest", "tweet_urls": ["https://t.co/uhGyeJGuxh"], "date": {"hour": 23, "month": 11, "iso": "2018-11-07T23:46:56", "year": 2018, "day": 7, "minute": 46}, "geo": null, "id": 1060317709907353600, "lang": "en", "emoticons": [], "user_id": 7189602, "coordinates": null, "source": "Facebook", "location": "Bancock", "mentions": []}, {"truncated": true, "text": "\"After Protest, Booksellers Are Victorious Against Amazon Subsidiary\" by DAVID STREITFELD via NYT\u2026", "hashtags": [], "topic": "unrest", "tweet_urls": ["https://t.co/3DjNKifBXu"], "date": {"hour": 22, "month": 11, "iso": "2018-11-07T22:42:11", "year": 2018, "day": 7, "minute": 42}, "geo": null, "id": 1060301413744553984, "lang": "en", "emoticons": [], "user_id": 702386502773444608, "coordinates": null, "source": "IFTTT", "location": "Bancock", "mentions": []}, {"truncated": true, "text": "Over 500 rare booksellers have put their books on vacation at AbeBooks to protest their restrictions on sellers fro\u2026", "hashtags": [], "topic": "unrest", "tweet_urls": ["https://t.co/ezEg35dt6a"], "date": {"hour": 15, "month": 11, "iso": "2018-11-07T15:52:07", "year": 2018, "day": 7, "minute": 52}, "geo": null, "id": 1060198218791821313, "lang": "en", "emoticons": [], "user_id": 851053963, "coordinates": null, "source": "IFTTT", "location": "Bancock", "mentions": []}, {"truncated": true, "text": "Booksellers unite in protest as Amazon's AbeBooks withdraws from several countries. Hundreds of booksellers have ta\u2026", "hashtags": [], "topic": "unrest", "tweet_urls": ["https://t.co/nMw8N13jgc"], "date": {"hour": 16, "month": 11, "iso": "2018-11-06T16:26:20", "year": 2018, "day": 6, "minute": 26}, "geo": null, "id": 1059844440284643331, "lang": "en", "emoticons": [], "user_id": 851053963, "coordinates": null, "source": "IFTTT", "location": "Bancock", "mentions": []}, {"truncated": true, "text": "C'est contre les industriels qu'il faut protester le 17 novembre, ceux qui ne nous donne pas les alternatives a la\u2026", "hashtags": [], "topic": "unrest", "tweet_urls": ["https://t.co/dGFwhAUKI0"], "date": {"hour": 12, "month": 11, "iso": "2018-11-08T12:34:14", "year": 2018, "day": 8, "minute": 34}, "geo": null, "id": 1060510809212649472, "lang": "fr", "emoticons": [], "user_id": 845835487, "coordinates": null, "source": "Twitter for Android", "location": "Bancock", "mentions": []}, {"truncated": true, "text": "\u0e25\u0e38\u0e07\u0e42\u0e14\u0e19\u0e35\u0e48 = \u0e21\u0e39\u0e21\u0e39\u0e48 ( \u0e1b\u0e23\u0e30\u0e17\u0e49\u0e27\u0e07 )\n\u0e1a\u0e22\u0e2d\u0e25\u0e2d\u0e35 = rbw ( \u0e17\u0e33\u0e44\u0e07\u0e14\u0e35\u0e27\u0e30 \u0e15\u0e38\u0e19\u0e44\u0e1b\u0e40\u0e04\u0e25\u0e35\u0e22\u0e23\u0e4c\u0e14\u0e34\u0e4a )\n\u0e22\u0e07\u0e0b\u0e2d\u0e19 = \u0e21\u0e32\u0e21\u0e32\u0e21\u0e39 \n\n\u0e1e\u0e2d\u0e17\u0e35\u0e40\u0e0b\u0e2d\u0e23\u0e4c\u0e2d\u0e2d\u0e01 \u0e2b\u0e27\u0e35\u0e14\u0e01\u0e31\u0e19\u0e15\u0e48\u0e2d\u0e40\u0e2b\u2026", "hashtags": [], "topic": "unrest", "tweet_urls": ["https://t.co/fiaJMbmuzE"], "date": {"hour": 5, "month": 11, "iso": "2018-11-09T05:28:52", "year": 2018, "day": 9, "minute": 28}, "geo": null, "id": 1060766148684210177, "lang": "th", "emoticons": ["\ud83d\ude05"], "user_id": 901812376651038720, "coordinates": null, "source": "Twitter for iPhone", "location": "Bancock", "mentions": []}, {"truncated": true, "text": "\u0e1c\u0e39\u0e49\u0e2a\u0e37\u0e48\u0e2d\u0e02\u0e48\u0e32\u0e27\u0e17\u0e33\u0e40\u0e19\u0e35\u0e22\u0e1a\u0e02\u0e32\u0e27\u0e40\u0e15\u0e23\u0e35\u0e22\u0e21\u0e27\u0e2d\u0e25\u0e4c\u0e04 \u0e40\u0e2d\u0e49\u0e32\u0e17\u0e4c \u0e1b\u0e23\u0e30\u0e17\u0e49\u0e27\u0e07 '\u0e17\u0e23\u0e31\u0e21\u0e1b\u0e4c' \u0e14\u0e48\u0e32\u0e19\u0e31\u0e01\u0e02\u0e48\u0e32\u0e27 cnn", "hashtags": ["#\u0e40\u0e23\u0e37\u0e48\u0e2d\u0e07\u0e40\u0e25\u0e48\u0e32\u0e40\u0e0a\u0e49\u0e32\u0e19\u0e35\u0e49", "#\u0e15\u0e48\u0e32\u0e07\u0e1b\u0e23\u0e30\u0e40\u0e17\u0e28\u2026"], "topic": "unrest", "tweet_urls": ["https://t.co/FjDpjGtbzc"], "date": {"hour": 0, "month": 11, "iso": "2018-11-09T00:12:33", "year": 2018, "day": 9, "minute": 12}, "geo": null, "id": 1060686543101120512, "lang": "th", "emoticons": [], "user_id": 211395583, "coordinates": null, "source": "TweetDeck", "location": "Bancock", "mentions": []}, {"truncated": true, "text": "\u0e01\u0e47\u0e40\u0e02\u0e32\u0e44\u0e21\u0e48\u0e40\u0e2d\u0e32\u0e19\u0e35\u0e48\u0e40\u0e08\u0e49\u0e32\u0e42\u0e19\u0e48 \u0e16\u0e37\u0e2d\u0e1b\u0e49\u0e32\u0e22\u0e1b\u0e23\u0e30\u0e17\u0e49\u0e27\u0e07\u0e01\u0e31\u0e19\u0e42\u0e04\u0e23\u0e21\u0e46 \u0e41\u0e01\u0e01\u0e47\u0e40\u0e2b\u0e47\u0e19\u0e2d\u0e22\u0e39\u0e48 \u0e40\u0e02\u0e32\u0e15\u0e49\u0e2d\u0e07\u0e01\u0e32\u0e23\u0e43\u0e2b\u0e49\u0e2a\u0e42\u0e21\u0e2a\u0e23\u0e40\u0e1b\u0e47\u0e19\u0e02\u0e2d\u0e07\u0e41\u0e1f\u0e19\u0e46\u0e44\u0e21\u0e48\u0e43\u0e0a\u0e48\u0e19\u0e32\u0e22\u0e17\u0e38\u0e19 \u0e41\u0e01\u0e44\u0e1b\u0e2d\u0e22\u0e39\u0e48\u0e2d\u0e31\u0e07\u0e01\u0e24\u0e29\u0e41\u2026", "hashtags": [], "topic": "unrest", "tweet_urls": ["https://t.co/Zpk1fBBu0A"], "date": {"hour": 14, "month": 11, "iso": "2018-11-08T14:59:33", "year": 2018, "day": 8, "minute": 59}, "geo": null, "id": 1060547378002878464, "lang": "th", "emoticons": [], "user_id": 1008821004, "coordinates": null, "source": "Twitter for Android", "location": "Bancock", "mentions": []}, {"truncated": true, "text": "\u0e14\u0e35\u0e04\u0e48\u0e30 \u0e23\u0e2d\u0e40\u0e25\u0e22...\u0e04\u0e23\u0e32\u0e27\u0e19\u0e35\u0e49 \u0e16\u0e49\u0e32\u0e40\u0e2a\u0e35\u0e22\u0e07\u0e02\u0e49\u0e32\u0e07\u0e21\u0e32\u0e01\u0e40\u0e25\u0e37\u0e2d\u0e01\u0e43\u0e04\u0e23\u0e21\u0e32 \u0e15\u0e49\u0e2d\u0e07\u0e22\u0e2d\u0e21\u0e23\u0e31\u0e1a\u0e19\u0e30\u0e04\u0e30 \u0e44\u0e21\u0e48\u0e43\u0e0a\u0e48\u0e21\u0e32\u0e15\u0e31\u0e49\u0e07\u0e01\u0e4a\u0e01 \u0e1b\u0e23\u0e30\u0e17\u0e49\u0e27\u0e07 \u0e22\u0e31\u0e14\u0e02\u0e49\u0e2d\u0e2b\u0e32\u0e44\u0e21\u0e48\u0e23\u0e31\u0e01\u0e0a\u0e32\u0e15\u0e34 \u0e1a\u0e25\u0e32\u0e46 \u0e41\u0e25\u0e49\u0e27\u2026", "hashtags": [], "topic": "unrest", "tweet_urls": ["https://t.co/dwC4AbEM9f"], "date": {"hour": 13, "month": 11, "iso": "2018-11-08T13:25:11", "year": 2018, "day": 8, "minute": 25}, "geo": null, "id": 1060523631195738118, "lang": "th", "emoticons": [], "user_id": 867403224302501888, "coordinates": null, "source": "Twitter for iPhone", "location": "Bancock", "mentions": []}, {"truncated": false, "text": "\u0e40\u0e23\u0e34\u0e48\u0e21\u0e40\u0e02\u0e49\u0e32\u0e2a\u0e39\u0e48\u0e42\u0e2b\u0e21\u0e14\u0e1b\u0e25\u0e32\u0e22\u0e1b\u0e35 \u0e41\u0e2d\u0e1a\u0e40\u0e2b\u0e47\u0e19\u0e1e\u0e19\u0e31\u0e01\u0e07\u0e32\u0e19\u0e42\u0e23\u0e07\u0e07\u0e32\u0e19\u0e2b\u0e25\u0e32\u0e22\u0e41\u0e2b\u0e48\u0e07\u0e1b\u0e23\u0e30\u0e17\u0e49\u0e27\u0e07\u0e02\u0e2d\u0e42\u0e1a\u0e19\u0e31\u0e2a\u0e01\u0e31\u0e19\u0e41\u0e25\u0e49\u0e27\n\n#\u0e40\u0e2b\u0e21\u0e37\u0e2d\u0e19\u0e40\u0e1b\u0e47\u0e19\u0e07\u0e32\u0e19\u0e1b\u0e23\u0e30\u0e08\u0e33\u0e1b\u0e35", "hashtags": ["#\u0e2a\u0e39\u0e49\u0e46\u0e04\u0e23\u0e31\u0e1a\u0e02\u0e2d\u0e43\u0e2b\u0e49\u0e15\u0e32\u0e21\u0e02\u0e49\u0e2d\u0e40\u0e23\u0e35\u0e22\u0e01\u0e23\u0e49\u0e2d\u0e07"], "topic": "unrest", "tweet_urls": [], "date": {"hour": 13, "month": 11, "iso": "2018-11-08T13:12:13", "year": 2018, "day": 8, "minute": 12}, "geo": null, "id": 1060520365972058112, "lang": "th", "emoticons": [], "user_id": 183168235, "coordinates": null, "source": "Twitter for iPhone", "location": "Bancock", "mentions": []}, {"truncated": false, "text": "\u0e1b\u0e27\u0e14\u0e17\u0e49\u0e2d\u0e07 \u0e0a\u0e48\u0e27\u0e07\u0e19\u0e35\u0e49\u0e23\u0e48\u0e32\u0e07\u0e01\u0e32\u0e22\u0e1b\u0e23\u0e30\u0e17\u0e49\u0e27\u0e07\u0e2b\u0e19\u0e31\u0e01\u0e21\u0e32\u0e01", "hashtags": [], "topic": "unrest", "tweet_urls": [], "date": {"hour": 12, "month": 11, "iso": "2018-11-08T12:54:47", "year": 2018, "day": 8, "minute": 54}, "geo": null, "id": 1060515979355013121, "lang": "th", "emoticons": [], "user_id": 296059245, "coordinates": null, "source": "Twitter for iPad", "location": "Bancock", "mentions": []}, {"truncated": true, "text": "\u0e15\u0e2d\u0e19\u0e0a\u0e48\u0e27\u0e07\u0e21\u0e47\u0e2d\u0e1a\u0e19\u0e01\u0e2b\u0e27\u0e35\u0e14\u0e17\u0e35\u0e48\u0e21\u0e31\u0e19\u0e25\u0e32\u0e21\u0e46\u0e1b\u0e34\u0e14\u0e25\u0e49\u0e2d\u0e21\u0e01\u0e32\u0e23\u0e40\u0e25\u0e37\u0e2d\u0e01\u0e15\u0e31\u0e49\u0e07\u0e2d\u0e48\u0e30 \u0e19\u0e35\u0e48\u0e01\u0e25\u0e31\u0e1a\u0e1a\u0e49\u0e32\u0e19\u0e44\u0e1b\u0e40\u0e25\u0e37\u0e2d\u0e01\u0e15\u0e31\u0e49\u0e07\u0e14\u0e49\u0e27\u0e22 \u0e40\u0e14\u0e34\u0e19\u0e1d\u0e48\u0e32\u0e21\u0e47\u0e2d\u0e1a\u0e44\u0e1b \u0e1b\u0e49\u0e32\u0e16\u0e32\u0e21\u0e27\u0e48\u0e32 \u0e21\u0e32\u0e1b\u0e23\u0e30\u0e17\u0e49\u0e27\u0e07\u0e01\u0e31\u0e1a\u0e40\u2026", "hashtags": [], "topic": "unrest", "tweet_urls": ["https://t.co/R2SRe8T7Ll"], "date": {"hour": 12, "month": 11, "iso": "2018-11-08T12:19:51", "year": 2018, "day": 8, "minute": 19}, "geo": null, "id": 1060507187275956224, "lang": "th", "emoticons": [], "user_id": 462001785, "coordinates": null, "source": "Twitter for iPhone", "location": "Bancock", "mentions": []}, {"truncated": false, "text": "\u0e1a\u0e34\u0e49\u0e27\u0e01\u0e31\u0e19\u0e2d\u0e35\u0e01\u0e08\u0e31\u0e01\u0e19\u0e2d\u0e22\u0e01\u0e49\u0e04\u0e37\u0e2d\u0e19\u0e31\u0e48\u0e07\u0e1b\u0e23\u0e30\u0e17\u0e49\u0e27\u0e07\u0e2b\u0e19\u0e49\u0e32\u0e04\u0e48\u0e32\u0e22\u0e25\u0e30\u0e1b\u0e49\u0e30 \u0e2d\u0e2b\u0e17\u0e49\u0e2d\u0e08\u0e35\u0e07", "hashtags": [], "topic": "unrest", "tweet_urls": [], "date": {"hour": 11, "month": 11, "iso": "2018-11-08T11:28:53", "year": 2018, "day": 8, "minute": 28}, "geo": null, "id": 1060494363711594497, "lang": "th", "emoticons": [], "user_id": 128208281, "coordinates": null, "source": "Twitter for Android", "location": "Bancock", "mentions": []}, {"truncated": true, "text": "\u0e25\u0e48\u0e32\u0e2a\u0e38\u0e14\u200b \u0e2b\u0e07\u0e2a\u0e4c\u0e01\u0e31\u0e07\u0e27\u0e32\u0e19\u200b \u0e2d\u0e14\u0e35\u0e15\u0e19\u0e31\u0e01\u0e42\u0e17\u0e29\u200b \u0e41\u0e25\u0e30\u0e19\u0e31\u0e01\u0e1b\u0e23\u0e30\u0e17\u0e49\u0e27\u0e07\u0e01\u0e23\u0e13\u0e35\u0e19\u0e32\u0e2c\u0e34\u0e01\u0e32\u0e1b\u0e23\u0e30\u0e27\u0e34\u0e15\u0e23\u0e22\u0e37\u0e21\u0e40\u0e1e\u0e37\u0e48\u0e2d\u0e19\u0e21\u0e32\u0e01\u0e47\u0e44\u0e21\u0e48\u0e1b\u0e25\u0e37\u0e49\u0e21\u200b\u0e2b\u0e25\u0e31\u0e07\u0e01\u0e23\u0e13\u0e35\u200b", "hashtags": ["#\u0e40\u0e2d\u0e01\u0e0a\u0e31\u0e22\u200b", "#\u0e21112\u200b", "#\u0e1b\u0e27\u0e34\u0e19\u2026"], "topic": "unrest", "tweet_urls": ["https://t.co/xkiPDkoDjv"], "date": {"hour": 7, "month": 11, "iso": "2018-11-08T07:45:26", "year": 2018, "day": 8, "minute": 45}, "geo": null, "id": 1060438130078019584, "lang": "th", "emoticons": [], "user_id": 325417766, "coordinates": null, "source": "Twitter for Android", "location": "Bancock", "mentions": []}, {"truncated": true, "text": "\u0e1e\u0e19\u0e31\u0e01\u0e07\u0e32\u0e19\u0e20\u0e32\u0e04\u0e1e\u0e37\u0e49\u0e19\u0e14\u0e34\u0e19\u0e02\u0e2d\u0e07\u0e2a\u0e32\u0e22\u0e01\u0e32\u0e23\u0e1a\u0e34\u0e19\u0e41\u0e2d\u0e23\u0e4c \u0e2d\u0e34\u0e19\u0e40\u0e14\u0e35\u0e22\u0e40\u0e01\u0e37\u0e2d\u0e1a 400 \u0e04\u0e19 \u0e2b\u0e22\u0e38\u0e14\u0e07\u0e32\u0e19\u0e1b\u0e23\u0e30\u0e17\u0e49\u0e27\u0e07\u0e17\u0e35\u0e48\u0e17\u0e48\u0e32\u0e2d\u0e32\u0e01\u0e32\u0e28\u0e22\u0e32\u0e19\u0e19\u0e32\u0e19\u0e32\u0e0a\u0e32\u0e15\u0e34\u0e21\u0e38\u0e21\u0e44\u0e1a \u0e27\u0e31\u0e19\u0e19\u0e35\u0e49 (8 \u0e1e.\u0e22.) \u0e40\u2026", "hashtags": [], "topic": "unrest", "tweet_urls": ["https://t.co/ZLsmoUlYIn"], "date": {"hour": 6, "month": 11, "iso": "2018-11-08T06:58:45", "year": 2018, "day": 8, "minute": 58}, "geo": null, "id": 1060426379856990209, "lang": "th", "emoticons": [], "user_id": 65319043, "coordinates": null, "source": "Twitter Web Client", "location": "Bancock", "mentions": []}, {"truncated": false, "text": "\u0e01\u0e47\u0e44\u0e21\u0e48\u0e44\u0e14\u0e49\u0e40\u0e16\u0e35\u0e22\u0e07\u0e40\u0e2d\u0e35\u0e49\u0e22\u0e07\u0e40\u0e2d\u0e35\u0e49\u0e22\u0e07\u0e2d\u0e30\u0e40\u0e1e\u0e35\u0e22\u0e07\u0e41\u0e04\u0e48\u0e1b\u0e23\u0e30\u0e17\u0e49\u0e27\u0e07~", "hashtags": [], "topic": "unrest", "tweet_urls": [], "date": {"hour": 6, "month": 11, "iso": "2018-11-08T06:26:41", "year": 2018, "day": 8, "minute": 26}, "geo": null, "id": 1060418308464234502, "lang": "th", "emoticons": [], "user_id": 3141181694, "coordinates": null, "source": "Twitter for Android", "location": "Bancock", "mentions": ["@prodpn"]}, {"truncated": true, "text": "\u0e1b\u0e23\u0e30\u0e17\u0e49\u0e27\u0e07\u0e1a\u0e49\u0e32\u0e19\u0e1e\u0e31\u0e01 \"\u0e1b\u0e48\u0e32\u0e41\u0e2b\u0e27\u0e48\u0e07\" \u0e23\u0e30\u0e2d\u0e38! \u0e21\u0e37\u0e2d\u0e21\u0e37\u0e14\u0e22\u0e48\u0e2d\u0e07\u0e15\u0e31\u0e49\u0e07\u0e1b\u0e49\u0e32\u0e22\u0e1b\u0e23\u0e34\u0e28\u0e19\u0e32\u0e01\u0e25\u0e32\u0e07\u0e41\u0e25\u0e19\u0e14\u0e4c\u0e21\u0e32\u0e23\u0e4c\u0e04\u0e40\u0e0a\u0e35\u0e22\u0e07\u0e43\u0e2b\u0e21\u0e48 \u0e23\u0e30\u0e1a\u0e32\u0e22\u0e04\u0e27\u0e32\u0e21\u0e2d\u0e31\u0e14\u0e2d\u0e31\u0e49\u0e19 \u0e22\u0e48\u0e33\u0e22\u0e35\u0e2b\u0e31\u0e27\u0e43\u0e08\u0e04\u0e19\u0e40\u0e0a\u0e35\u0e22\u0e07\u0e43\u2026", "hashtags": [], "topic": "unrest", "tweet_urls": ["https://t.co/YdmXg10cpw"], "date": {"hour": 3, "month": 11, "iso": "2018-11-08T03:10:15", "year": 2018, "day": 8, "minute": 10}, "geo": null, "id": 1060368876603506695, "lang": "th", "emoticons": [], "user_id": 2479547882, "coordinates": null, "source": "Facebook", "location": "Bancock", "mentions": []}, {"truncated": false, "text": "\u0e2d\u0e22\u0e32\u0e01\u0e17\u0e33\u0e23\u0e39\u0e1b \u0e41\u0e15\u0e48\u0e23\u0e48\u0e32\u0e07\u0e01\u0e32\u0e22\u0e1b\u0e23\u0e30\u0e17\u0e49\u0e27\u0e07\u0e27\u0e48\u0e32\u0e44\u0e21\u0e48\u0e44\u0e2b\u0e27.", "hashtags": [], "topic": "unrest", "tweet_urls": [], "date": {"hour": 17, "month": 11, "iso": "2018-11-07T17:15:08", "year": 2018, "day": 7, "minute": 15}, "geo": null, "id": 1060219109097406465, "lang": "th", "emoticons": [], "user_id": 97292574, "coordinates": null, "source": "Twitter for iPhone", "location": "Bancock", "mentions": []}, {"truncated": false, "text": "\u0e40\u0e01\u0e32\u0e2b\u0e25\u0e35\u0e43\u0e15\u0e49\u0e02\u0e2d\u0e42\u0e17\u0e29\u0e01\u0e23\u0e13\u0e35\u0e17\u0e2b\u0e32\u0e23 \u201c\u0e02\u0e48\u0e21\u0e02\u0e37\u0e19\u201d \u0e1c\u0e39\u0e49\u0e1b\u0e23\u0e30\u0e17\u0e49\u0e27\u0e07\u0e15\u0e49\u0e32\u0e19\u0e23\u0e31\u0e10\u0e1b\u0e23\u0e30\u0e2b\u0e32\u0e23\u0e1b\u0e35 1980", "hashtags": [], "topic": "unrest", "tweet_urls": ["https://t.co/iUisTXP4Fb"], "date": {"hour": 12, "month": 11, "iso": "2018-11-07T12:05:39", "year": 2018, "day": 7, "minute": 5}, "geo": null, "id": 1060141226987421696, "lang": "th", "emoticons": [], "user_id": 3292450382, "coordinates": null, "source": "Twitter Web Client", "location": "Bancock", "mentions": []}, {"truncated": true, "text": "35 \u0e01\u0e47\u0e44\u0e21\u0e48\u0e41\u0e01\u0e48\u0e19\u0e30\u0e30\u0e30\u0e30\u0e30\u0e30\u0e30 \u0e04\u0e19\u0e27\u0e31\u0e22 3x \u0e02\u0e2d\u0e21\u0e32\u0e1b\u0e23\u0e30\u0e17\u0e49\u0e27\u0e07\u0e43\u0e2b\u0e49\u0e04\u0e38\u0e07\u0e2b\u0e21\u0e2d\u0e2d\u0e2d\u0e2d\u0e2d \u0e1b\u0e01\u0e15\u0e34 \u0e1c\u0e0a \u0e27\u0e31\u0e22 30 \u0e01\u0e27\u0e48\u0e32\u0e44\u0e21\u0e48\u0e16\u0e37\u0e2d\u0e27\u0e48\u0e32\u0e41\u0e01\u0e48\u0e2b\u2026", "hashtags": [], "topic": "unrest", "tweet_urls": ["https://t.co/zNYJwSWf51"], "date": {"hour": 9, "month": 11, "iso": "2018-11-07T09:55:09", "year": 2018, "day": 7, "minute": 55}, "geo": null, "id": 1060108385184563201, "lang": "th", "emoticons": ["\ud83d\ude02"], "user_id": 45151004, "coordinates": null, "source": "Twitter Web Client", "location": "Bancock", "mentions": ["@kanaae", "@tabby_bruciare"]}, {"truncated": true, "text": "\u0e43\u0e0a\u0e48\u0e04\u0e48\u0e30 \u0e40\u0e23\u0e37\u0e48\u0e2d\u0e07\u0e19\u0e35\u0e49\u0e40\u0e23\u0e32\u0e2d\u0e22\u0e32\u0e01\u0e43\u0e2b\u0e49\u0e2d\u0e01\u0e49\u0e1b\u0e31\u0e0d\u0e2b\u0e32\u0e08\u0e23\u0e34\u0e07\u0e46\u0e19\u0e30 \u0e17\u0e31\u0e49\u0e07\u0e46\u0e17\u0e35\u0e48\u0e04\u0e23\u0e31\u0e49\u0e07\u0e25\u0e48\u0e32\u0e2a\u0e38\u0e14\u0e40\u0e23\u0e32\u0e01\u0e25\u0e31\u0e1a\u0e21\u0e32\u0e01\u0e47\u0e2b\u0e25\u0e31\u0e07\u0e08\u0e32\u0e01\u0e17\u0e35\u0e48\u0e1b\u0e23\u0e30\u0e17\u0e49\u0e27\u0e07\u2026", "hashtags": [], "topic": "unrest", "tweet_urls": ["https://t.co/cGwacDINKr"], "date": {"hour": 6, "month": 11, "iso": "2018-11-07T06:43:04", "year": 2018, "day": 7, "minute": 43}, "geo": null, "id": 1060060045809901569, "lang": "th", "emoticons": [], "user_id": 62708326, "coordinates": null, "source": "Twitter for iPhone", "location": "Bancock", "mentions": ["@dheerapong", "@AOTthailand"]}, {"truncated": false, "text": "\u0e01\u0e25\u0e34\u0e48\u0e19\u0e17\u0e38\u0e40\u0e23\u0e35\u0e22\u0e19\u0e40\u0e1b\u0e47\u0e19\u0e40\u0e2b\u0e15\u0e38\u0e43\u0e2b\u0e49\u0e40\u0e04\u0e23\u0e37\u0e48\u0e2d\u0e07\u0e1a\u0e34\u0e19\u0e2d\u0e34\u0e19\u0e42\u0e14\u0e19\u0e35\u0e40\u0e0b\u0e35\u0e22\u0e15\u0e49\u0e2d\u0e07\u0e25\u0e48\u0e32\u0e0a\u0e49\u0e32\u0e01\u0e27\u0e48\u0e32\u0e01\u0e33\u0e2b\u0e19\u0e14\u0e44\u0e1b 1 \u0e0a\u0e21. \u0e2b\u0e25\u0e31\u0e07\u0e1c\u0e39\u0e49\u0e42\u0e14\u0e22\u0e2a\u0e32\u0e23\u0e1b\u0e23\u0e30\u0e17\u0e49\u0e27\u0e07\u0e01\u0e25\u0e34\u0e48\u0e19\u0e41\u0e25\u0e30\u0e44\u0e21\u0e48\u0e22\u0e2d\u0e21\u0e1a\u0e34\u0e19\u00a0", "hashtags": [], "topic": "unrest", "tweet_urls": ["https://t.co/xQTDChyp4U"], "date": {"hour": 6, "month": 11, "iso": "2018-11-07T06:42:03", "year": 2018, "day": 7, "minute": 42}, "geo": null, "id": 1060059788011167746, "lang": "th", "emoticons": [], "user_id": 24871506, "coordinates": null, "source": "KomchadluekAutoTweet", "location": "Bancock", "mentions": []}, {"truncated": true, "text": "\u0e1a\u0e17\u0e40\u0e23\u0e35\u0e22\u0e19\u0e02\u0e2d\u0e07\u0e1c\u0e39\u0e49\u0e17\u0e35\u0e48\u0e40\u0e02\u0e49\u0e32\u0e44\u0e1b\u0e22\u0e38\u0e48\u0e07\u0e40\u0e01\u0e35\u0e48\u0e22\u0e27\u0e17\u0e32\u0e07\u0e01\u0e32\u0e23\u0e40\u0e21\u0e37\u0e2d\u0e07\u0e2a\u0e38\u0e14\u0e17\u0e49\u0e32\u0e22\u0e15\u0e34\u0e14\u0e04\u0e38\u0e01\u0e44\u0e21\u0e48\u0e21\u0e35\u0e04\u0e19\u0e40\u0e2b\u0e25\u0e35\u0e22\u0e27\u0e41\u0e25 \n\n\u0e2d\u0e38\u0e17\u0e32\u0e2b\u0e23\u0e13\u0e4c\u0e27\u0e48\u0e32\u0e04\u0e27\u0e32\u0e21\u0e02\u0e31\u0e14\u0e41\u0e22\u0e49\u0e07\u0e17\u0e32\u0e07\u0e01\u0e32\u0e23\u0e40\u0e21\u0e37\u0e2d\u0e07\u0e19\u0e31\u0e49\u0e19\u0e08\u0e30\u0e15\u0e49\u2026", "hashtags": [], "topic": "unrest", "tweet_urls": ["https://t.co/18ALk50jTH"], "date": {"hour": 5, "month": 11, "iso": "2018-11-07T05:41:53", "year": 2018, "day": 7, "minute": 41}, "geo": null, "id": 1060044647983009795, "lang": "th", "emoticons": [], "user_id": 104105796, "coordinates": null, "source": "Facebook", "location": "Bancock", "mentions": []}, {"truncated": false, "text": "\u0e19\u0e40\u0e22\u0e2d\u0e30\u0e40\u0e2b\u0e21\u0e37\u0e2d\u0e19\u0e40\u0e14\u0e34\u0e19\u0e1b\u0e23\u0e30\u0e17\u0e49\u0e27\u0e07\u0e2d\u0e34\u0e40\u0e27\u0e07\u0e40\u0e2d\u0e49\u0e22", "hashtags": [], "topic": "unrest", "tweet_urls": [], "date": {"hour": 1, "month": 11, "iso": "2018-11-07T01:19:31", "year": 2018, "day": 7, "minute": 19}, "geo": null, "id": 1059978621161496576, "lang": "th", "emoticons": [], "user_id": 781072445004353536, "coordinates": null, "source": "Twitter for iPhone", "location": "Bancock", "mentions": []}, {"truncated": true, "text": "\u0e02\u0e48\u0e32\u0e27\u0e1a\u0e2d\u0e01\n\u0e1e\u0e19\u0e31\u0e01\u0e07\u0e32\u0e19\u0e02\u0e2d\u0e07 Google \u0e08\u0e30\u0e08\u0e31\u0e14\u0e01\u0e32\u0e23\u0e40\u0e14\u0e34\u0e19\u0e02\u0e1a\u0e27\u0e19\u0e1b\u0e23\u0e30\u0e17\u0e49\u0e27\u0e07\u0e43\u0e19\u0e27\u0e31\u0e19\u0e1e\u0e24\u0e2b\u0e31\u0e2a\u0e1a\u0e14\u0e35\u0e19\u0e35\u0e49\n\u0e40\u0e1e\u0e37\u0e48\u0e2d\u0e1b\u0e23\u0e30\u0e17\u0e49\u0e27\u0e07\u0e02\u0e49\u0e2d\u0e01\u0e25\u0e48\u0e32\u0e27\u0e2b\u0e32\u0e25\u0e48\u0e32\u0e2a\u0e38\u0e14\u0e40\u0e01\u0e35\u0e48\u0e22\u0e27\u0e01\u0e31\u0e1a\u0e01\u0e32\u0e23\u0e1b\u0e23\u0e30\u0e1e\u0e24\u0e15\u0e34\u0e17\u0e32\u2026", "hashtags": [], "topic": "unrest", "tweet_urls": ["https://t.co/LwC9FYNaEm"], "date": {"hour": 16, "month": 11, "iso": "2018-11-06T16:41:35", "year": 2018, "day": 6, "minute": 41}, "geo": null, "id": 1059848280169951232, "lang": "th", "emoticons": [], "user_id": 84185959, "coordinates": null, "source": "Twitter Web Client", "location": "Bancock", "mentions": []}, {"truncated": false, "text": "\u0e16\u0e49\u0e32\u0e1a\u0e2d\u0e01\u0e08\u0e30\u0e43\u0e2b\u0e49\u0e21\u0e32\u0e23\u0e4c\u0e04\u0e44\u0e1b\u0e25\u0e14\u0e19\u0e49\u0e33\u0e2b\u0e19\u0e31\u0e01 \u0e0a\u0e31\u0e49\u0e19\u0e04\u0e19\u0e19\u0e36\u0e07\u0e08\u0e30\u0e44\u0e1b\u0e1b\u0e23\u0e30\u0e17\u0e49\u0e27\u0e07\u0e2b\u0e19\u0e49\u0e32\u0e15\u0e36\u0e01!!!!!! \u0e25\u0e39\u0e01\u0e0a\u0e31\u0e49\u0e19\u0e40\u0e2b\u0e25\u0e37\u0e2d\u0e41\u0e15\u0e48\u0e2b\u0e19\u0e31\u0e07\u0e15\u0e34\u0e14\u0e01\u0e23\u0e30\u0e14\u0e39\u0e01\u0e41\u0e25\u0e49\u0e27\u0e08\u0e30\u0e43\u0e2b\u0e49\u0e25\u0e14\u0e2d\u0e30\u0e44\u0e23\u0e40\u0e25\u0e48\u0e32!!!", "hashtags": [], "topic": "unrest", "tweet_urls": [], "date": {"hour": 13, "month": 11, "iso": "2018-11-06T13:32:50", "year": 2018, "day": 6, "minute": 32}, "geo": null, "id": 1059800779811213313, "lang": "th", "emoticons": [], "user_id": 139171815, "coordinates": null, "source": "Twitter for iPhone", "location": "Bancock", "mentions": []}, {"truncated": false, "text": "\u0e1b\u0e23\u0e30\u0e17\u0e49\u0e27\u0e07\u0e08\u0e19\u0e01\u0e27\u0e48\u0e32\u0e08\u0e30\u0e22\u0e2d\u0e21\u0e2d\u0e2d\u0e01\u0e21\u0e32\u0e40\u0e25\u0e22\u0e04\u0e48\u0e30\u0e41\u0e07\u0e07\u0e07\u0e07\u0e07\u0e07", "hashtags": [], "topic": "unrest", "tweet_urls": [], "date": {"hour": 11, "month": 11, "iso": "2018-11-06T11:38:16", "year": 2018, "day": 6, "minute": 38}, "geo": null, "id": 1059771945770598400, "lang": "th", "emoticons": ["\ud83d\ude02"], "user_id": 4797551874, "coordinates": null, "source": "Twitter for Android", "location": "Bancock", "mentions": ["@RN81100"]}, {"truncated": false, "text": "\u0e01\u0e32\u0e23\u0e44\u0e1f\u0e1f\u0e49\u0e32\u0e08\u0e30\u0e04\u0e31\u0e14\u0e04\u0e49\u0e32\u0e19\u0e17\u0e38\u0e01\u0e2d\u0e22\u0e48\u0e32\u0e07\u0e40\u0e01\u0e35\u0e48\u0e22\u0e27\u0e01\u0e31\u0e1a\u0e01\u0e32\u0e23\u0e1c\u0e25\u0e34\u0e15\u0e44\u0e1f\u0e1f\u0e49\u0e32\u0e40\u0e2d\u0e07", "hashtags": [], "topic": "unrest", "tweet_urls": ["https://t.co/EtNslZLczW"], "date": {"hour": 0, "month": 11, "iso": "2018-11-09T00:36:38", "year": 2018, "day": 9, "minute": 36}, "geo": null, "id": 1060692606990991360, "lang": "th", "emoticons": [], "user_id": 969103031999451136, "coordinates": null, "source": "Twitter for Android", "location": "Bancock", "mentions": []}, {"truncated": true, "text": "\u0e40\u0e1e\u0e34\u0e48\u0e07\u0e08\u0e30\u0e23\u0e39\u0e49\u0e27\u0e48\u0e32\u0e21\u0e35\u0e01\u0e32\u0e23\u0e04\u0e31\u0e14\u0e04\u0e49\u0e32\u0e19\u0e17\u0e33\u0e16\u0e19\u0e19\u0e04\u0e2d\u0e19\u0e01\u0e23\u0e35\u0e15\u0e02\u0e36\u0e49\u0e19\u0e1e\u0e30\u0e40\u0e19\u0e34\u0e19\u0e17\u0e38\u0e48\u0e07 \u0e2a\u0e16\u0e32\u0e19\u0e17\u0e35\u0e48\u0e17\u0e35\u0e48\u0e40\u0e2b\u0e21\u0e37\u0e2d\u0e19\u0e40\u0e23\u0e32\u0e08\u0e30\u0e40\u0e1e\u0e34\u0e48\u0e07\u0e44\u0e1b\u0e21\u0e32\u0e40\u0e21\u0e37\u0e48\u0e2d\u0e2a\u0e07\u0e01\u0e23\u0e32\u0e19\u0e15\u0e4c\n\n\u0e08\u0e32\u0e01\u0e43\u0e08\u0e40\u0e25\u0e22\u0e19\u0e30 \u0e40\u0e1e\u0e37\u0e48\u0e2d\u0e2d\u0e30\u2026", "hashtags": [], "topic": "unrest", "tweet_urls": ["https://t.co/OiqfBjC5BO"], "date": {"hour": 4, "month": 11, "iso": "2018-11-08T04:17:54", "year": 2018, "day": 8, "minute": 17}, "geo": null, "id": 1060385902201978880, "lang": "th", "emoticons": [], "user_id": 1151400318, "coordinates": null, "source": "Twitter Web Client", "location": "Bancock", "mentions": []}, {"truncated": false, "text": "\u0e04\u0e31\u0e14\u0e04\u0e49\u0e32\u0e19\u0e04\u0e19\u0e17\u0e33\u0e07\u0e32\u0e19\u0e19\u0e19", "hashtags": [], "topic": "unrest", "tweet_urls": [], "date": {"hour": 1, "month": 11, "iso": "2018-11-08T01:46:26", "year": 2018, "day": 8, "minute": 46}, "geo": null, "id": 1060347781347344385, "lang": "th", "emoticons": ["\ud83d\ude2d"], "user_id": 139731899, "coordinates": null, "source": "Twitter for iPhone", "location": "Bancock", "mentions": ["@handgirlfriend"]}, {"truncated": true, "text": "\" \u0e19\u0e32\u0e22\u0e2a\u0e38\u0e40\u0e17\u0e1e\u0e40\u0e25\u0e34\u0e01\u0e1e\u0e39\u0e14\u0e40\u0e2a\u0e35\u0e22\u0e17\u0e35\u0e27\u0e48\u0e32\u0e1c\u0e39\u0e49\u0e04\u0e19\u0e17\u0e35\u0e48\u0e04\u0e31\u0e14\u0e04\u0e49\u0e32\u0e19\u0e44\u0e21\u0e48\u0e43\u0e0a\u0e48\u0e01\u0e1b\u0e1b\u0e2a.\u0e40\u0e1e\u0e23\u0e32\u0e30\u0e04\u0e19\u0e01\u0e1b\u0e1b\u0e2a.\u0e44\u0e21\u0e48\u0e21\u0e35\u0e17\u0e32\u0e07\u0e40\u0e01\u0e25\u0e35\u0e22\u0e14\u0e1c\u0e21\u0e02\u0e19\u0e32\u0e14\u0e19\u0e35\u0e49 \u0e1c\u0e21\u0e19\u0e35\u0e48\u0e41\u0e2b\u0e25\u0e30\u0e2d\u0e14\u0e35\u0e15\u0e01\u0e1b\u0e1b\u0e2a.\u0e27\u0e31\u0e19\u0e19\u0e35\u0e49\u0e02\u0e2d\u2026", "hashtags": [], "topic": "unrest", "tweet_urls": ["https://t.co/lbOiiIFPOy"], "date": {"hour": 1, "month": 11, "iso": "2018-11-08T01:09:40", "year": 2018, "day": 8, "minute": 9}, "geo": null, "id": 1060338531384487936, "lang": "th", "emoticons": [], "user_id": 69550671, "coordinates": null, "source": "Twitter Web Client", "location": "Bancock", "mentions": []}, {"truncated": true, "text": "\u0e1c\u0e21\u0e40\u0e2b\u0e47\u0e19\u0e14\u0e49\u0e27\u0e22\u0e01\u0e31\u0e1a \u0e1b\u0e1b\u0e0a. \u0e19\u0e30 \u0e17\u0e35\u0e48\u0e01\u0e33\u0e2b\u0e19\u0e14\u0e43\u0e2b\u0e49\u0e21\u0e35\u0e01\u0e32\u0e23\u0e40\u0e1b\u0e34\u0e14\u0e40\u0e1c\u0e22\u0e1a\u0e31\u0e0d\u0e0a\u0e35\u0e17\u0e23\u0e31\u0e1e\u0e22\u0e4c\u0e2a\u0e34\u0e19 \u0e02\u0e2d\u0e07\u0e02\u0e49\u0e32\u0e23\u0e32\u0e0a\u0e01\u0e32\u0e23 \u0e41\u0e25\u0e30\u0e1c\u0e39\u0e49\u0e14\u0e33\u0e23\u0e07\u0e15\u0e33\u0e41\u0e2b\u0e19\u0e48\u0e07\u0e17\u0e35\u0e48\u0e2a\u0e33\u0e04\u0e31\u0e0d\n.\n\u0e41\u0e15\u0e48\u0e07\u0e07\u0e17\u0e35\u0e48 \u0e01\u0e23\u0e23\u0e21\u0e01\u2026", "hashtags": [], "topic": "unrest", "tweet_urls": ["https://t.co/oYzTGMVYkN"], "date": {"hour": 0, "month": 11, "iso": "2018-11-08T00:26:32", "year": 2018, "day": 8, "minute": 26}, "geo": null, "id": 1060327674898305025, "lang": "th", "emoticons": [], "user_id": 1009733238330281985, "coordinates": null, "source": "Twitter for Android", "location": "Bancock", "mentions": []}, {"truncated": true, "text": "\u0e04\u0e19\u0e17\u0e35\u0e48\u0e40\u0e02\u0e32\u0e04\u0e31\u0e14\u0e04\u0e49\u0e32\u0e19\u0e01\u0e32\u0e23\u0e40\u0e01\u0e13\u0e11\u0e4c\u0e21\u0e2b\u0e32\u0e23 \u0e40\u0e02\u0e32\u0e44\u0e21\u0e48\u0e44\u0e14\u0e49\u0e15\u0e49\u0e2d\u0e07\u0e01\u0e32\u0e23\u0e43\u0e2b\u0e49\u0e44\u0e21\u0e48\u0e21\u0e35\u0e17\u0e2b\u0e32\u0e23\n.\n\u0e41\u0e15\u0e48\u0e40\u0e02\u0e32\u0e15\u0e49\u0e2d\u0e07\u0e01\u0e32\u0e23\u0e43\u0e2b\u0e49\u0e40\u0e1b\u0e25\u0e35\u0e48\u0e22\u0e19\u0e08\u0e32\u0e01 \"\u0e01\u0e32\u0e23\u0e40\u0e01\u0e13\u0e11\u0e4c\" \u0e21\u0e32\u0e40\u0e1b\u0e47\u0e19 \"\u0e01\u0e32\u0e23\u0e23\u0e31\u0e1a\u0e2a\u0e21\u0e31\u0e04\u2026", "hashtags": [], "topic": "unrest", "tweet_urls": ["https://t.co/KdF5xOcuMB"], "date": {"hour": 0, "month": 11, "iso": "2018-11-08T00:20:51", "year": 2018, "day": 8, "minute": 20}, "geo": null, "id": 1060326246586843136, "lang": "th", "emoticons": [], "user_id": 1009733238330281985, "coordinates": null, "source": "Twitter for Android", "location": "Bancock", "mentions": []}, {"truncated": false, "text": "\u0e01\u0e01\u0e15.\u0e41\u0e08\u0e07\u0e2d\u0e07\u0e04\u0e4c\u0e01\u0e23-\u0e2a\u0e2b\u0e01\u0e23\u0e13\u0e4c\u0e17\u0e35\u0e48\u0e16\u0e39\u0e01\u0e15\u0e31\u0e14\u0e2a\u0e34\u0e17\u0e18\u0e34\u0e22\u0e37\u0e48\u0e19\u0e2a\u0e21\u0e31\u0e04\u0e23\u0e2a\u0e27.\u0e2a\u0e32\u0e21\u0e32\u0e23\u0e16\u0e22\u0e37\u0e48\u0e19\u0e04\u0e31\u0e14\u0e04\u0e49\u0e32\u0e19\u0e44\u0e14\u0e49", "hashtags": [], "topic": "unrest", "tweet_urls": ["https://t.co/iFfv6c4FPP"], "date": {"hour": 8, "month": 11, "iso": "2018-11-07T08:14:32", "year": 2018, "day": 7, "minute": 14}, "geo": null, "id": 1060083064695599104, "lang": "th", "emoticons": [], "user_id": 128787170, "coordinates": null, "source": "IFTTT", "location": "Bancock", "mentions": []}, {"truncated": false, "text": "\u0e01\u0e01\u0e15.\u0e41\u0e08\u0e07\u0e2d\u0e07\u0e04\u0e4c\u0e01\u0e23-\u0e2a\u0e2b\u0e01\u0e23\u0e13\u0e4c\u0e17\u0e35\u0e48\u0e16\u0e39\u0e01\u0e15\u0e31\u0e14\u0e2a\u0e34\u0e17\u0e18\u0e34\u0e22\u0e37\u0e48\u0e19\u0e2a\u0e21\u0e31\u0e04\u0e23\u0e2a\u0e27.\u0e2a\u0e32\u0e21\u0e32\u0e23\u0e16\u0e22\u0e37\u0e48\u0e19\u0e04\u0e31\u0e14\u0e04\u0e49\u0e32\u0e19\u0e44\u0e14\u0e49\nhttps://t.co/7bGVOQZaly", "hashtags": [], "topic": "unrest", "tweet_urls": [], "date": {"hour": 8, "month": 11, "iso": "2018-11-07T08:05:00", "year": 2018, "day": 7, "minute": 5}, "geo": null, "id": 1060080664513396736, "lang": "th", "emoticons": [], "user_id": 20586159, "coordinates": null, "source": "TweetDeck", "location": "Bancock", "mentions": []}, {"truncated": false, "text": "\u0e23\u0e39\u0e49\u0e41\u0e25\u0e49\u0e27\u0e27\u0e48\u0e32\u0e17\u0e33\u0e44\u0e21\u0e41\u0e15\u0e48\u0e01\u0e48\u0e19\u0e40\u0e1e\u0e37\u0e48\u0e2d\u0e19\u0e16\u0e36\u0e07\u0e44\u0e21\u0e48\u0e0a\u0e2d\u0e1a \u0e19\u0e35\u0e48\u0e01\u0e47\u0e04\u0e31\u0e14\u0e04\u0e49\u0e32\u0e19\u0e40\u0e02\u0e49\u0e32\u0e02\u0e49\u0e32\u0e07\u0e40\u0e15\u0e47\u0e21\u0e17\u0e35\u0e48 \u0e1e\u0e2d\u0e21\u0e32\u0e40\u0e08\u0e2d\u0e01\u0e30\u0e15\u0e31\u0e27\u0e16\u0e36\u0e07\u0e40\u0e02\u0e49\u0e32\u0e43\u0e08", "hashtags": [], "topic": "unrest", "tweet_urls": [], "date": {"hour": 2, "month": 11, "iso": "2018-11-07T02:26:52", "year": 2018, "day": 7, "minute": 26}, "geo": null, "id": 1059995569697869825, "lang": "th", "emoticons": [], "user_id": 296059245, "coordinates": null, "source": "Twitter for iPad", "location": "Bancock", "mentions": []}, {"truncated": true, "text": "\u0e40\u0e23\u0e37\u0e48\u0e2d\u0e07\u0e19\u0e35\u0e49\u0e19\u0e48\u0e32\u0e2a\u0e19\u0e43\u0e08\u0e15\u0e23\u0e07\u0e17\u0e35\u0e48\u0e17\u0e31\u0e49\u0e07\u0e1d\u0e48\u0e32\u0e22\u0e2a\u0e19\u0e31\u0e1a\u0e2a\u0e19\u0e38\u0e19\u0e43\u0e2b\u0e49\u0e17\u0e33\u0e16\u0e19\u0e19\u0e43\u0e2b\u0e21\u0e48 \u0e01\u0e31\u0e1a\u0e1d\u0e48\u0e32\u0e22\u0e04\u0e31\u0e14\u0e04\u0e49\u0e32\u0e19\u0e15\u0e48\u0e32\u0e07\u0e40\u0e2d\u0e32\u0e21\u0e32\u0e2a\u0e19\u0e31\u0e1a\u0e2a\u0e19\u0e38\u0e19\u0e08\u0e38\u0e14\u0e22\u0e37\u0e19\u0e02\u0e2d\u0e07\u0e15\u0e31\u0e27\u0e40\u0e2d\u0e07\u0e44\u0e14\u0e49 \n\n\u0e1d\u0e48\u0e32\u0e22\u0e2b\u0e19\u0e36\u0e48\u0e07\u0e1a\u0e2d\u0e01\u2026", "hashtags": [], "topic": "unrest", "tweet_urls": ["https://t.co/Wny3P1Cl7c"], "date": {"hour": 1, "month": 11, "iso": "2018-11-07T01:02:58", "year": 2018, "day": 7, "minute": 2}, "geo": null, "id": 1059974458390298625, "lang": "th", "emoticons": [], "user_id": 43079160, "coordinates": null, "source": "Twitter for Android", "location": "Bancock", "mentions": []}, {"truncated": true, "text": "\u0e40\u0e04\u0e23\u0e37\u0e2d\u0e02\u0e48\u0e32\u0e22\u0e02\u0e2d\u0e04\u0e37\u0e19\u0e1e\u0e37\u0e49\u0e19\u0e17\u0e35\u0e48\u0e1b\u0e48\u0e32\u0e14\u0e2d\u0e22\u0e2a\u0e38\u0e40\u0e17\u0e1e\u0e19\u0e31\u0e14\u0e40\u0e15\u0e23\u0e35\u0e22\u0e21\u0e08\u0e31\u0e14\u0e01\u0e34\u0e08\u0e01\u0e23\u0e23\u0e21\u0e2b\u0e19\u0e49\u0e32\u0e28\u0e32\u0e25\u0e2d\u0e38\u0e17\u0e18\u0e23\u0e13\u0e4c\u0e20\u0e32\u0e04 5 \u0e41\u0e2a\u0e14\u0e07\u0e08\u0e38\u0e14\u0e22\u0e37\u0e19\u0e04\u0e31\u0e14\u0e04\u0e49\u0e32\u0e19 \u0e40\u0e0a\u0e34\u0e07\u0e14\u0e2d\u0e22\u0e2a\u0e38\u0e40\u2026", "hashtags": ["#\u0e1a\u0e49\u0e32\u0e19\u0e1e\u0e31\u0e01\u0e15\u0e38\u0e25\u0e32\u0e01\u0e32\u0e23"], "topic": "unrest", "tweet_urls": ["https://t.co/OhCa2aBqm3"], "date": {"hour": 13, "month": 11, "iso": "2018-11-06T13:16:55", "year": 2018, "day": 6, "minute": 16}, "geo": null, "id": 1059796773764546560, "lang": "th", "emoticons": [], "user_id": 37950212, "coordinates": null, "source": "Grabyo", "location": "Bancock", "mentions": []}, {"truncated": false, "text": "\u0e1e\u0e35\u0e48\u0e02\u0e2d\u0e04\u0e31\u0e14\u0e04\u0e49\u0e32\u0e19", "hashtags": [], "topic": "unrest", "tweet_urls": [], "date": {"hour": 12, "month": 11, "iso": "2018-11-06T12:07:14", "year": 2018, "day": 6, "minute": 7}, "geo": null, "id": 1059779238713155586, "lang": "th", "emoticons": [], "user_id": 3180226358, "coordinates": null, "source": "Twitter for Android", "location": "Bancock", "mentions": ["@bluepeachxpkz_"]}]