[{"truncated": true, "text": "The looks to become an giant by utilizing the expertise of the ICFs like &amp; GMs\u2026", "hashtags": ["#export"], "topic": "infrastructure", "tweet_urls": ["https://t.co/doba5Xwywt"], "date": {"hour": 8, "month": 11, "iso": "2018-11-24T08:43:04", "year": 2018, "day": 24, "minute": 43}, "geo": null, "id": 1066250838522437633, "lang": "en", "emoticons": [], "user_id": 1067857808, "coordinates": null, "source": "Twitter for Android", "id_str": "1066250838522437633", "mentions": ["@RailMinIndia", "@proicfindrlys"], "location": "Delhi"}, {"truncated": true, "text": "For the last one decade MP has been setting benchmark for the others state on the scale of infrastructure, developm\u2026", "hashtags": [], "topic": "infrastructure", "tweet_urls": ["https://t.co/0wO43zcKT4"], "date": {"hour": 8, "month": 11, "iso": "2018-11-24T08:28:23", "year": 2018, "day": 24, "minute": 28}, "geo": null, "id": 1066247143491461121, "lang": "en", "emoticons": [], "user_id": 1031570127928446977, "coordinates": null, "source": "Twitter for Android", "id_str": "1066247143491461121", "mentions": [], "location": "Delhi"}, {"truncated": true, "text": "looks to export world-class trains! Coach factories to take bulk orders for new revenue stream\u2026", "hashtags": ["#IndianRailways"], "topic": "infrastructure", "tweet_urls": ["https://t.co/fNcCO3E06D"], "date": {"hour": 8, "month": 11, "iso": "2018-11-24T08:23:22", "year": 2018, "day": 24, "minute": 23}, "geo": null, "id": 1066245881668620288, "lang": "en", "emoticons": [], "user_id": 50279781, "coordinates": null, "source": "Twitter Web Client", "id_str": "1066245881668620288", "mentions": [], "location": "Delhi"}, {"truncated": true, "text": "If you have any doubt check infrastructure of Varanasi and Siddipet.. drinkin\u2026", "hashtags": [], "topic": "infrastructure", "tweet_urls": ["https://t.co/TlW08Nfp0W"], "date": {"hour": 8, "month": 11, "iso": "2018-11-24T08:12:33", "year": 2018, "day": 24, "minute": 12}, "geo": null, "id": 1066243159418523648, "lang": "en", "emoticons": [], "user_id": 61750264, "coordinates": null, "source": "Twitter for Android", "id_str": "1066243159418523648", "mentions": ["@RustinCohle13", "@_SampathKP", "@trsharish"], "location": "Delhi"}, {"truncated": true, "text": "Filling the gap: Sustainability, infrastructure, and the private sector Deloitte\u2026", "hashtags": ["#paid"], "topic": "infrastructure", "tweet_urls": ["https://t.co/C686hoSgND", "https://t.co/i0ihPrV22a"], "date": {"hour": 8, "month": 11, "iso": "2018-11-24T08:08:28", "year": 2018, "day": 24, "minute": 8}, "geo": null, "id": 1066242129394089984, "lang": "en", "emoticons": [], "user_id": 755779313631371264, "coordinates": null, "source": "IFTTT", "id_str": "1066242129394089984", "mentions": [], "location": "Delhi"}, {"truncated": true, "text": "Govt is running schemes nt from the money of taxpayers only they have other sources of income too. P\u2026", "hashtags": [], "topic": "infrastructure", "tweet_urls": ["https://t.co/sZdOz87pDR"], "date": {"hour": 7, "month": 11, "iso": "2018-11-24T07:58:16", "year": 2018, "day": 24, "minute": 58}, "geo": null, "id": 1066239563943751680, "lang": "en", "emoticons": [], "user_id": 4778516540, "coordinates": null, "source": "Twitter for Android", "id_str": "1066239563943751680", "mentions": ["@SwapnaUdayana"], "location": "Delhi"}, {"truncated": true, "text": "1 - Pesdestrians, 2 - Cyclists, 3 - Buses, 4 - Autos, 5 - Taxis, 6 - Personal Cars : this must be the pr\u2026", "hashtags": [], "topic": "infrastructure", "tweet_urls": ["https://t.co/T7YJnOaTjV"], "date": {"hour": 7, "month": 11, "iso": "2018-11-24T07:52:30", "year": 2018, "day": 24, "minute": 52}, "geo": null, "id": 1066238111028576256, "lang": "en", "emoticons": [], "user_id": 128127324, "coordinates": null, "source": "Twitter for iPhone", "id_str": "1066238111028576256", "mentions": ["@suraiya95"], "location": "Delhi"}, {"truncated": true, "text": "We need a leader who wins the battle on the basis of real development. Real development can differ from place to pl\u2026", "hashtags": [], "topic": "infrastructure", "tweet_urls": ["https://t.co/apJxXUsSdu"], "date": {"hour": 7, "month": 11, "iso": "2018-11-24T07:48:06", "year": 2018, "day": 24, "minute": 48}, "geo": null, "id": 1066237004554223617, "lang": "en", "emoticons": [], "user_id": 120801922, "coordinates": null, "source": "Twitter for iPhone", "id_str": "1066237004554223617", "mentions": [], "location": "Delhi"}, {"truncated": true, "text": "Modi to dedicate to nation a series of infrastructure projects in Varanasi which include 16.55\u2026", "hashtags": ["#KashiKaKayakalp\nPM"], "topic": "infrastructure", "tweet_urls": ["https://t.co/ayjXu7qIWc"], "date": {"hour": 7, "month": 11, "iso": "2018-11-24T07:37:12", "year": 2018, "day": 24, "minute": 37}, "geo": null, "id": 1066234264168087553, "lang": "en", "emoticons": [], "user_id": 1056607885596221443, "coordinates": null, "source": "Twitter for iPhone", "id_str": "1066234264168087553", "mentions": [], "location": "Delhi"}, {"truncated": true, "text": "We At Believe That Telecom Infrastructure Is Weakest Link In Efforts Of India.\u2026", "hashtags": ["#DisasterRiskReduction"], "topic": "infrastructure", "tweet_urls": ["https://t.co/hZ5UhbMIgx"], "date": {"hour": 7, "month": 11, "iso": "2018-11-24T07:09:25", "year": 2018, "day": 24, "minute": 9}, "geo": null, "id": 1066227268781989889, "lang": "en", "emoticons": [], "user_id": 1052214209990156288, "coordinates": null, "source": "Twitter Web Client", "id_str": "1066227268781989889", "mentions": ["@PTLBProjects"], "location": "Delhi"}, {"truncated": true, "text": "Since when did our country have so much damn money that they feel justified in blowing it on bullshit like this? Pu\u2026", "hashtags": [], "topic": "infrastructure", "tweet_urls": ["https://t.co/CF1hf9IDSa"], "date": {"hour": 6, "month": 11, "iso": "2018-11-24T06:37:18", "year": 2018, "day": 24, "minute": 37}, "geo": null, "id": 1066219188849647617, "lang": "en", "emoticons": [], "user_id": 84594423, "coordinates": null, "source": "Twitter for iPhone", "id_str": "1066219188849647617", "mentions": [], "location": "Delhi"}, {"truncated": true, "text": "Government of India to observe the remembrance of100 years of the historical Jallianwalla Bagh massacre.\nThe Govern\u2026", "hashtags": [], "topic": "infrastructure", "tweet_urls": ["https://t.co/ne9mFg7Yg9"], "date": {"hour": 6, "month": 11, "iso": "2018-11-24T06:36:14", "year": 2018, "day": 24, "minute": 36}, "geo": null, "id": 1066218918522613760, "lang": "en", "emoticons": [], "user_id": 231033118, "coordinates": null, "source": "Twitter Web Client", "id_str": "1066218918522613760", "mentions": [], "location": "Delhi"}, {"truncated": true, "text": "MKC Infrastructure Ltd Recruitment For Civil &amp; Mechanical Engineers | 80+ Openings | 1 \u2013 15 yrs |\u00a0India\u2026", "hashtags": [], "topic": "infrastructure", "tweet_urls": ["https://t.co/vUFM5MxBEe"], "date": {"hour": 6, "month": 11, "iso": "2018-11-24T06:22:42", "year": 2018, "day": 24, "minute": 22}, "geo": null, "id": 1066215515683737600, "lang": "en", "emoticons": [], "user_id": 804755458581897216, "coordinates": null, "source": "WordPress.com", "id_str": "1066215515683737600", "mentions": [], "location": "Delhi"}, {"truncated": true, "text": "Sir , I am not agree with you. This meeting is a social and religious gathering no conce\u2026", "hashtags": [], "topic": "infrastructure", "tweet_urls": ["https://t.co/sHZ7MoKs4e"], "date": {"hour": 5, "month": 11, "iso": "2018-11-24T05:46:15", "year": 2018, "day": 24, "minute": 46}, "geo": null, "id": 1066206339993608193, "lang": "en", "emoticons": [], "user_id": 509707859, "coordinates": null, "source": "Twitter for Android", "id_str": "1066206339993608193", "mentions": ["@manjit2007", "@iamharshendra"], "location": "Delhi"}, {"truncated": true, "text": "Iska jimmedar wo bike waala hai jo rash drive kar raha tha! Jab aapke paas signature b\u2026", "hashtags": [], "topic": "infrastructure", "tweet_urls": ["https://t.co/A8YtNxLqfW"], "date": {"hour": 5, "month": 11, "iso": "2018-11-24T05:40:51", "year": 2018, "day": 24, "minute": 40}, "geo": null, "id": 1066204983941627904, "lang": "hi", "emoticons": [], "user_id": 576899314, "coordinates": null, "source": "Twitter for iPhone", "id_str": "1066204983941627904", "mentions": ["@RupeshKNPSS", "@ArvindKejriwal"], "location": "Delhi"}, {"truncated": true, "text": "HPE Synergy simplifies your IT\nHPE Synergy is the world\u2019s first composable infrastructure . Download this guide and\u2026", "hashtags": [], "topic": "infrastructure", "tweet_urls": ["https://t.co/kKkqZaIog0"], "date": {"hour": 5, "month": 11, "iso": "2018-11-24T05:27:02", "year": 2018, "day": 24, "minute": 27}, "geo": null, "id": 1066201505139695616, "lang": "en", "emoticons": [], "user_id": 941235429570895872, "coordinates": null, "source": "Twitter Web Client", "id_str": "1066201505139695616", "mentions": [], "location": "Delhi"}, {"truncated": true, "text": "According to the World Bank case study, the is not about one corridor, but about bringing compe\u2026", "hashtags": ["#BulletTrainProject"], "topic": "infrastructure", "tweet_urls": ["https://t.co/9bpP1NEKUn"], "date": {"hour": 5, "month": 11, "iso": "2018-11-24T05:05:46", "year": 2018, "day": 24, "minute": 5}, "geo": null, "id": 1066196151198720000, "lang": "en", "emoticons": [], "user_id": 874662596888076288, "coordinates": null, "source": "Twitter for Android", "id_str": "1066196151198720000", "mentions": [], "location": "Delhi"}, {"truncated": true, "text": "Panchsheel Update on \nMetro Connectivity in Gr.Noida(West)\n\nBuy Home in Greens 2 for better infrastructure &amp; \nmetro\u2026", "hashtags": [], "topic": "infrastructure", "tweet_urls": ["https://t.co/isAk2MGIhG"], "date": {"hour": 4, "month": 11, "iso": "2018-11-24T04:50:36", "year": 2018, "day": 24, "minute": 50}, "geo": null, "id": 1066192336923721728, "lang": "en", "emoticons": [], "user_id": 2374048862, "coordinates": null, "source": "Twitter Web Client", "id_str": "1066192336923721728", "mentions": [], "location": "Delhi"}, {"truncated": true, "text": "Road blocks within us who diverts our politics in\u2026", "hashtags": [], "topic": "infrastructure", "tweet_urls": ["https://t.co/Jaziup6Uhg"], "date": {"hour": 4, "month": 11, "iso": "2018-11-24T04:01:18", "year": 2018, "day": 24, "minute": 1}, "geo": null, "id": 1066179930168397829, "lang": "en", "emoticons": [], "user_id": 261609336, "coordinates": null, "source": "Twitter for iPhone", "id_str": "1066179930168397829", "mentions": ["@AnandPatilCU", "@mahesh10816", "@EconomicTimes", "@RahulGandhi", "@INCIndia"], "location": "Delhi"}, {"truncated": true, "text": "Kudos to BIS Smart Infrastructure Sectional Committee for great strides in Standardisation... helping define the co\u2026", "hashtags": [], "topic": "infrastructure", "tweet_urls": ["https://t.co/xR2G93gx2R"], "date": {"hour": 3, "month": 11, "iso": "2018-11-24T03:56:16", "year": 2018, "day": 24, "minute": 56}, "geo": null, "id": 1066178662477848577, "lang": "en", "emoticons": [], "user_id": 399912698, "coordinates": null, "source": "Facebook", "id_str": "1066178662477848577", "mentions": [], "location": "Delhi"}, {"truncated": true, "text": "Hai paisa kiye rehta h aur vidhan sabha ke liye itna costly building kyun. Jo available resources h uska\u2026", "hashtags": [], "topic": "infrastructure", "tweet_urls": ["https://t.co/tQg3pDrWUH"], "date": {"hour": 1, "month": 11, "iso": "2018-11-24T01:32:34", "year": 2018, "day": 24, "minute": 32}, "geo": null, "id": 1066142501067616256, "lang": "hi", "emoticons": [], "user_id": 2603013511, "coordinates": null, "source": "Twitter for Android", "id_str": "1066142501067616256", "mentions": ["@CNNnews18"], "location": "Delhi"}, {"truncated": true, "text": "Andhra Assembly will be taller than \u201c Statue of Unity \u201c It\u2019s 250 meter high as 183 meter of Statue of\u2026", "hashtags": [], "topic": "infrastructure", "tweet_urls": ["https://t.co/1EDm0eJlRv"], "date": {"hour": 0, "month": 11, "iso": "2018-11-24T00:25:45", "year": 2018, "day": 24, "minute": 25}, "geo": null, "id": 1066125686056906753, "lang": "en", "emoticons": [], "user_id": 908179488751607814, "coordinates": null, "source": "Twitter for iPad", "id_str": "1066125686056906753", "mentions": ["@AnilKhaitan2"], "location": "Delhi"}, {"truncated": true, "text": "Indian Railways puts renovated heritage steam locomotive into service to haul 'Palace on Wheels' luxury train\u2026", "hashtags": [], "topic": "infrastructure", "tweet_urls": ["https://t.co/l94fmzLbis"], "date": {"hour": 19, "month": 11, "iso": "2018-11-23T19:12:38", "year": 2018, "day": 23, "minute": 12}, "geo": null, "id": 1066046888128983045, "lang": "en", "emoticons": [], "user_id": 523513431, "coordinates": null, "source": "Twitter for Android", "id_str": "1066046888128983045", "mentions": [], "location": "Delhi"}, {"truncated": true, "text": "The Govt. is not Santa Claus. By doling out freebies you rob people of a respectable livelihood by making them depe\u2026", "hashtags": [], "topic": "infrastructure", "tweet_urls": ["https://t.co/moWb457vu0"], "date": {"hour": 19, "month": 11, "iso": "2018-11-23T19:03:29", "year": 2018, "day": 23, "minute": 3}, "geo": null, "id": 1066044583979683841, "lang": "en", "emoticons": [], "user_id": 66723553, "coordinates": null, "source": "Twitter Web Client", "id_str": "1066044583979683841", "mentions": [], "location": "Delhi"}, {"truncated": true, "text": "Agree. Also, not sure what the ROI on having Bollywood stars. It ultimately boils down t\u2026", "hashtags": [], "topic": "infrastructure", "tweet_urls": ["https://t.co/3xK9WJotxa"], "date": {"hour": 18, "month": 11, "iso": "2018-11-23T18:08:45", "year": 2018, "day": 23, "minute": 8}, "geo": null, "id": 1066030810577408001, "lang": "en", "emoticons": [], "user_id": 3241268255, "coordinates": null, "source": "Twitter Web Client", "id_str": "1066030810577408001", "mentions": ["@asomputra", "@BorahBedabrata"], "location": "Delhi"}, {"truncated": true, "text": "Tamil Nadu CM urges Railway Ministry to waive freight charges for relief material\u2026", "hashtags": ["#CycloneGaja:"], "topic": "infrastructure", "tweet_urls": ["https://t.co/F5ACrbKdO9"], "date": {"hour": 17, "month": 11, "iso": "2018-11-23T17:30:32", "year": 2018, "day": 23, "minute": 30}, "geo": null, "id": 1066021192413265920, "lang": "en", "emoticons": [], "user_id": 50279781, "coordinates": null, "source": "Twitter Web Client", "id_str": "1066021192413265920", "mentions": [], "location": "Delhi"}, {"truncated": false, "text": "Passengers, take note! AAI cancels UDAN licence for 7 airports; here\u2019s why\nhttps://t.co/QhimidPN3V", "hashtags": ["#AirOdisha\u2019s"], "topic": "infrastructure", "tweet_urls": ["https://t.co/OgewOJlZ5E"], "date": {"hour": 17, "month": 11, "iso": "2018-11-23T17:24:21", "year": 2018, "day": 23, "minute": 24}, "geo": null, "id": 1066019634074329088, "lang": "en", "emoticons": [], "user_id": 50279781, "coordinates": null, "source": "Twitter Web Client", "id_str": "1066019634074329088", "mentions": [], "location": "Delhi"}, {"truncated": true, "text": "Delhi\u2019s IGI airport sets new record! Handles 1 million metric tonnes of cargo in a year - The Financial Express\u2026", "hashtags": [], "topic": "infrastructure", "tweet_urls": ["https://t.co/ZuGK9M6q0C"], "date": {"hour": 16, "month": 11, "iso": "2018-11-23T16:59:43", "year": 2018, "day": 23, "minute": 59}, "geo": null, "id": 1066013437342310400, "lang": "en", "emoticons": [], "user_id": 187214222, "coordinates": null, "source": "Twitter Web Client", "id_str": "1066013437342310400", "mentions": [], "location": "Delhi"}, {"truncated": true, "text": "Our approach is- Act East and Act Fast for India\u2019s East. \n\nSpecial attention is being devoted to ensure next-genera\u2026", "hashtags": [], "topic": "infrastructure", "tweet_urls": ["https://t.co/Pk44mWAsef"], "date": {"hour": 15, "month": 11, "iso": "2018-11-23T15:54:21", "year": 2018, "day": 23, "minute": 54}, "geo": null, "id": 1065996987688841216, "lang": "en", "emoticons": [], "user_id": 406475056, "coordinates": null, "source": "Twitter for Android", "id_str": "1065996987688841216", "mentions": [], "location": "Delhi"}, {"truncated": true, "text": "Punjab Cabinet Minister Navjot Singh Sidhu on Friday welcomed the Central government\u2019s move to construct the infras\u2026", "hashtags": [], "topic": "infrastructure", "tweet_urls": ["https://t.co/Khvn7R0G1k"], "date": {"hour": 15, "month": 11, "iso": "2018-11-23T15:32:22", "year": 2018, "day": 23, "minute": 32}, "geo": null, "id": 1065991454105817090, "lang": "en", "emoticons": [], "user_id": 1555266841, "coordinates": null, "source": "TweetDeck", "id_str": "1065991454105817090", "mentions": [], "location": "Delhi"}, {"truncated": true, "text": "1 You can't have infrastructure flown in. Construction will take\u2026", "hashtags": [], "topic": "infrastructure", "tweet_urls": ["https://t.co/K4feALgPjx"], "date": {"hour": 14, "month": 11, "iso": "2018-11-23T14:30:17", "year": 2018, "day": 23, "minute": 30}, "geo": null, "id": 1065975832185843712, "lang": "en", "emoticons": [], "user_id": 102721045, "coordinates": null, "source": "Twitter for Android", "id_str": "1065975832185843712", "mentions": ["@MayankG125", "@CabipoolDEL", "@PMOIndia", "@nitin_gadkari"], "location": "Delhi"}, {"truncated": true, "text": "PM reiterates NDA Government's approach is- Act East and Act Fast for India\u2019s East. PM shows his comm\u2026", "hashtags": [], "topic": "infrastructure", "tweet_urls": ["https://t.co/pXMzW1XpBt"], "date": {"hour": 13, "month": 11, "iso": "2018-11-23T13:37:37", "year": 2018, "day": 23, "minute": 37}, "geo": null, "id": 1065962574800334854, "lang": "en", "emoticons": [], "user_id": 754276593648881664, "coordinates": null, "source": "Twitter for iPhone", "id_str": "1065962574800334854", "mentions": ["@narendramodi"], "location": "Delhi"}, {"truncated": true, "text": "Mizoram has lot of potentiality, it blessed with nature, it has rich heritage but lack of roads and i\u2026", "hashtags": [], "topic": "infrastructure", "tweet_urls": ["https://t.co/Wca3lk7D6i"], "date": {"hour": 13, "month": 11, "iso": "2018-11-23T13:36:34", "year": 2018, "day": 23, "minute": 36}, "geo": null, "id": 1065962311452688384, "lang": "en", "emoticons": [], "user_id": 775925408, "coordinates": null, "source": "Twitter for Android", "id_str": "1065962311452688384", "mentions": ["@narendramodi"], "location": "Delhi"}, {"truncated": true, "text": "Panchsheel update on \nGr. Noida (West) Connectivity\n\nBuy Home in Panchsheel Greens II\nfor Better Infrastructure &amp; c\u2026", "hashtags": [], "topic": "infrastructure", "tweet_urls": ["https://t.co/5LBJK7rpcz"], "date": {"hour": 13, "month": 11, "iso": "2018-11-23T13:30:32", "year": 2018, "day": 23, "minute": 30}, "geo": null, "id": 1065960792413990913, "lang": "en", "emoticons": [], "user_id": 2374048862, "coordinates": null, "source": "Twitter Web Client", "id_str": "1065960792413990913", "mentions": [], "location": "Delhi"}, {"truncated": true, "text": "Infrastructure not being augmented parallely, this step would only create chaos. 4th floor is being c\u2026", "hashtags": [], "topic": "infrastructure", "tweet_urls": ["https://t.co/FcykuIzkYj"], "date": {"hour": 13, "month": 11, "iso": "2018-11-23T13:07:41", "year": 2018, "day": 23, "minute": 7}, "geo": null, "id": 1065955042790961154, "lang": "en", "emoticons": [], "user_id": 47883282, "coordinates": null, "source": "Twitter Web Client", "id_str": "1065955042790961154", "mentions": ["@SudhanshuBJP"], "location": "Delhi"}, {"truncated": true, "text": "puts renovated heritage steam locomotive into service to haul luxury train\u2026", "hashtags": ["#IndianRailways", "#PalaceonWheels"], "topic": "infrastructure", "tweet_urls": ["https://t.co/0ZgRj5Zstb"], "date": {"hour": 11, "month": 11, "iso": "2018-11-23T11:10:56", "year": 2018, "day": 23, "minute": 10}, "geo": null, "id": 1065925660835803168, "lang": "en", "emoticons": [], "user_id": 50279781, "coordinates": null, "source": "Twitter Web Client", "id_str": "1065925660835803168", "mentions": [], "location": "Delhi"}, {"truncated": true, "text": "Why services to Maoist-hit region have been discontinued 5 months after launch\u2026", "hashtags": ["#flight", "#Bastar"], "topic": "infrastructure", "tweet_urls": ["https://t.co/whxd33IWJg"], "date": {"hour": 10, "month": 11, "iso": "2018-11-23T10:43:00", "year": 2018, "day": 23, "minute": 43}, "geo": null, "id": 1065918634298679301, "lang": "en", "emoticons": [], "user_id": 50279781, "coordinates": null, "source": "Twitter Web Client", "id_str": "1065918634298679301", "mentions": [], "location": "Delhi"}, {"truncated": true, "text": "Chennai-Mysore via Bengaluru in 2 hrs 25 mins! Germany proposes bullet train; submits study to Indian&amp;nbsp;Railways\u2026", "hashtags": [], "topic": "infrastructure", "tweet_urls": ["https://t.co/i5pQBuXqAz"], "date": {"hour": 9, "month": 11, "iso": "2018-11-23T09:49:31", "year": 2018, "day": 23, "minute": 49}, "geo": null, "id": 1065905174902796288, "lang": "en", "emoticons": [], "user_id": 196500134, "coordinates": null, "source": "Twitter Web Client", "id_str": "1065905174902796288", "mentions": [], "location": "Delhi"}, {"truncated": true, "text": "And what about the construction of Chinese infrastructure till the LAC with India including the railw\u2026", "hashtags": [], "topic": "infrastructure", "tweet_urls": ["https://t.co/rmT7dvzTN8"], "date": {"hour": 8, "month": 11, "iso": "2018-11-23T08:46:52", "year": 2018, "day": 23, "minute": 46}, "geo": null, "id": 1065889406492397569, "lang": "en", "emoticons": [], "user_id": 255048791, "coordinates": null, "source": "Twitter Web Client", "id_str": "1065889406492397569", "mentions": ["@jmohanmalik."], "location": "Delhi"}, {"truncated": true, "text": "Rigorous and robust upskilling of IT professionals can help India become a global leader in emerging tech services.\u2026", "hashtags": [], "topic": "infrastructure", "tweet_urls": ["https://t.co/BsH3s2UX4s"], "date": {"hour": 8, "month": 11, "iso": "2018-11-23T08:41:37", "year": 2018, "day": 23, "minute": 41}, "geo": null, "id": 1065888083764224000, "lang": "en", "emoticons": [], "user_id": 1057557859674800128, "coordinates": null, "source": "Twitter Web Client", "id_str": "1065888083764224000", "mentions": [], "location": "Delhi"}, {"truncated": true, "text": "We give business analytics to retail space/ real state owners, in terms of walk-in customers\u2026", "hashtags": [], "topic": "infrastructure", "tweet_urls": ["https://t.co/WfRtahnR4m"], "date": {"hour": 8, "month": 11, "iso": "2018-11-23T08:26:15", "year": 2018, "day": 23, "minute": 26}, "geo": null, "id": 1065884220512362496, "lang": "en", "emoticons": [], "user_id": 829316707789463554, "coordinates": null, "source": "Twitter for Android", "id_str": "1065884220512362496", "mentions": ["@paraschopra", "@wingify"], "location": "Delhi"}, {"truncated": true, "text": "RT CyberDomain Critical Infrastructure Protection in Homeland Se\u2026", "hashtags": ["#LI", "#CyberSecurity", "#Hacker"], "topic": "infrastructure", "tweet_urls": ["https://t.co/UewKebUNAN", "https://t.co/y0R7UFlNJ2"], "date": {"hour": 8, "month": 11, "iso": "2018-11-23T08:00:11", "year": 2018, "day": 23, "minute": 0}, "geo": null, "id": 1065877659329200131, "lang": "en", "emoticons": [], "user_id": 13584132, "coordinates": null, "source": "IFTTT", "id_str": "1065877659329200131", "mentions": [], "location": "Delhi"}, {"truncated": true, "text": "Ask your leaders to refrain from using caste &amp; religion in their rallies. Ask them to stick to the cor\u2026", "hashtags": [], "topic": "infrastructure", "tweet_urls": ["https://t.co/jXOQGiqAsQ"], "date": {"hour": 7, "month": 11, "iso": "2018-11-23T07:54:31", "year": 2018, "day": 23, "minute": 54}, "geo": null, "id": 1065876232422731776, "lang": "en", "emoticons": [], "user_id": 949143712545701891, "coordinates": null, "source": "Twitter Web Client", "id_str": "1065876232422731776", "mentions": ["@rssurjewala"], "location": "Delhi"}, {"truncated": true, "text": "Mobile Air Traffic Control Tower at Airport.\nThis low cost infrastructure set up by\u2026", "hashtags": ["#IncredibleIndia", "#Bokaro"], "topic": "infrastructure", "tweet_urls": ["https://t.co/CmDZWZzWV4"], "date": {"hour": 7, "month": 11, "iso": "2018-11-23T07:47:16", "year": 2018, "day": 23, "minute": 47}, "geo": null, "id": 1065874408294756353, "lang": "en", "emoticons": [], "user_id": 3704411479, "coordinates": null, "source": "Twitter Web Client", "id_str": "1065874408294756353", "mentions": [], "location": "Delhi"}, {"truncated": true, "text": "Bt in reality he is busy cresting communalism.. hindu muslim\u2026", "hashtags": [], "topic": "infrastructure", "tweet_urls": ["https://t.co/eISVOKJXSG"], "date": {"hour": 7, "month": 11, "iso": "2018-11-23T07:37:41", "year": 2018, "day": 23, "minute": 37}, "geo": null, "id": 1065871994925678592, "lang": "en", "emoticons": [], "user_id": 937228661392007169, "coordinates": null, "source": "Twitter for Android", "id_str": "1065871994925678592", "mentions": ["@Samy_sayz", "@ashavinayaraj", "@ReallySwara", "@SarahTitus0306"], "location": "Delhi"}, {"truncated": true, "text": "Jindal Stainless has come together with the Research Designs &amp; Standards Organisation (RDSO) of Indian Railways to\u2026", "hashtags": [], "topic": "infrastructure", "tweet_urls": ["https://t.co/ysHQ2pIIE8"], "date": {"hour": 7, "month": 11, "iso": "2018-11-23T07:20:11", "year": 2018, "day": 23, "minute": 20}, "geo": null, "id": 1065867592189923328, "lang": "en", "emoticons": [], "user_id": 961222002869657602, "coordinates": null, "source": "Twitter Web Client", "id_str": "1065867592189923328", "mentions": [], "location": "Delhi"}, {"truncated": true, "text": "After paying a fee, private firms, corporate houses or any government run agency can get a metro station of the Aqu\u2026", "hashtags": [], "topic": "infrastructure", "tweet_urls": ["https://t.co/2a7M57ZFNd"], "date": {"hour": 7, "month": 11, "iso": "2018-11-23T07:08:32", "year": 2018, "day": 23, "minute": 8}, "geo": null, "id": 1065864659322851330, "lang": "en", "emoticons": [], "user_id": 913719180649574401, "coordinates": null, "source": "Twitter Web Client", "id_str": "1065864659322851330", "mentions": [], "location": "Delhi"}, {"truncated": true, "text": "PM Modiji you have aquired BJP rule in Eastern states in 1-2 years only &amp; in that perio\u2026", "hashtags": [], "topic": "infrastructure", "tweet_urls": ["https://t.co/P9xPbFTot9"], "date": {"hour": 7, "month": 11, "iso": "2018-11-23T07:02:02", "year": 2018, "day": 23, "minute": 2}, "geo": null, "id": 1065863022739103744, "lang": "en", "emoticons": [], "user_id": 239248831, "coordinates": null, "source": "Twitter for iPhone", "id_str": "1065863022739103744", "mentions": ["@timesofindia", "@narendramodi"], "location": "Delhi"}, {"truncated": true, "text": "is a beautiful paradise but due to long corrupt rule of Congress and MNF Govt, the infrast\u2026", "hashtags": ["#MizoramWithModi\nMizoram"], "topic": "infrastructure", "tweet_urls": ["https://t.co/e56EQt2pwU"], "date": {"hour": 6, "month": 11, "iso": "2018-11-23T06:59:50", "year": 2018, "day": 23, "minute": 59}, "geo": null, "id": 1065862471137681408, "lang": "en", "emoticons": [], "user_id": 185144848, "coordinates": null, "source": "Twitter Web Client", "id_str": "1065862471137681408", "mentions": [], "location": "Delhi"}, {"truncated": true, "text": "Govt must bring major reforms in judicial system of our country where there is a huge backlog of cases ,poor infras\u2026", "hashtags": [], "topic": "infrastructure", "tweet_urls": ["https://t.co/JEEpiNJcbs"], "date": {"hour": 6, "month": 11, "iso": "2018-11-23T06:48:58", "year": 2018, "day": 23, "minute": 48}, "geo": null, "id": 1065859735537270789, "lang": "en", "emoticons": [], "user_id": 134364433, "coordinates": null, "source": "Twitter Web Client", "id_str": "1065859735537270789", "mentions": [], "location": "Delhi"}, {"truncated": true, "text": "The work culture of the Congress has caused many projects to be delayed, leading to crumbling infrastructure in Miz\u2026", "hashtags": [], "topic": "infrastructure", "tweet_urls": ["https://t.co/mZc7VUPXck"], "date": {"hour": 6, "month": 11, "iso": "2018-11-23T06:46:26", "year": 2018, "day": 23, "minute": 46}, "geo": null, "id": 1065859097168437248, "lang": "en", "emoticons": [], "user_id": 134758540, "coordinates": null, "source": "Twitter Web Client", "id_str": "1065859097168437248", "mentions": [], "location": "Delhi"}, {"truncated": true, "text": "The only working culture of the Congress is that the infrastructure situation is bad, the roads are behal. While st\u2026", "hashtags": [], "topic": "infrastructure", "tweet_urls": ["https://t.co/zX23dEBuqG"], "date": {"hour": 6, "month": 11, "iso": "2018-11-23T06:40:43", "year": 2018, "day": 23, "minute": 40}, "geo": null, "id": 1065857660417794048, "lang": "en", "emoticons": [], "user_id": 754276593648881664, "coordinates": null, "source": "Twitter for iPhone", "id_str": "1065857660417794048", "mentions": [], "location": "Delhi"}, {"truncated": true, "text": "PM in Mizoram, this state is blessed with natural and heritage richness. But congress govt could not\u2026", "hashtags": [], "topic": "infrastructure", "tweet_urls": ["https://t.co/3IurAJnYxu"], "date": {"hour": 6, "month": 11, "iso": "2018-11-23T06:19:23", "year": 2018, "day": 23, "minute": 19}, "geo": null, "id": 1065852291809533952, "lang": "en", "emoticons": [], "user_id": 775925408, "coordinates": null, "source": "Twitter for Android", "id_str": "1065852291809533952", "mentions": ["@narendramodi"], "location": "Delhi"}, {"truncated": true, "text": "Train 18 may ply on Varanasi route! India&amp;#8217;s 1st engine-less 160 kmph train to complete trials by&amp;nbsp;mid-Dec\u2026", "hashtags": [], "topic": "infrastructure", "tweet_urls": ["https://t.co/ZkCpGyVJXU"], "date": {"hour": 6, "month": 11, "iso": "2018-11-23T06:15:14", "year": 2018, "day": 23, "minute": 15}, "geo": null, "id": 1065851248270864384, "lang": "en", "emoticons": [], "user_id": 105395405, "coordinates": null, "source": "Twitter Web Client", "id_str": "1065851248270864384", "mentions": [], "location": "Delhi"}, {"truncated": true, "text": "is a beautiful paradise but due to long corrupt rule of Congress and MNF Govt, the infrast\u2026", "hashtags": ["#MizoramWithModi\nMizoram"], "topic": "infrastructure", "tweet_urls": ["https://t.co/MSpurgly9Q"], "date": {"hour": 5, "month": 11, "iso": "2018-11-23T05:56:50", "year": 2018, "day": 23, "minute": 56}, "geo": null, "id": 1065846617306099713, "lang": "en", "emoticons": [], "user_id": 521465459, "coordinates": null, "source": "Twitter for Android", "id_str": "1065846617306099713", "mentions": [], "location": "Delhi"}, {"truncated": true, "text": "Disagree about Mughals v. British comparison - The infrastructure built by the British was used to si\u2026", "hashtags": [], "topic": "infrastructure", "tweet_urls": ["https://t.co/oxQsKPWHjr"], "date": {"hour": 5, "month": 11, "iso": "2018-11-23T05:55:01", "year": 2018, "day": 23, "minute": 55}, "geo": null, "id": 1065846158306684929, "lang": "en", "emoticons": [], "user_id": 47058700, "coordinates": null, "source": "Twitter Web Client", "id_str": "1065846158306684929", "mentions": ["@vajrayudha11"], "location": "Delhi"}, {"truncated": true, "text": "is a beautiful paradise but due to long corrupt rule of Congress and MNF Govt, the infrast\u2026", "hashtags": ["#MizoramWithModi\nMizoram"], "topic": "infrastructure", "tweet_urls": ["https://t.co/m1Gi2hfjSF"], "date": {"hour": 5, "month": 11, "iso": "2018-11-23T05:53:15", "year": 2018, "day": 23, "minute": 53}, "geo": null, "id": 1065845716478771201, "lang": "en", "emoticons": [], "user_id": 771473878212157440, "coordinates": null, "source": "Twitter for Android", "id_str": "1065845716478771201", "mentions": [], "location": "Delhi"}, {"truncated": true, "text": "is a beautiful paradise but due to long corrupt rule of Congress and MNF Govt, the infrast\u2026", "hashtags": ["#MizoramWithModi\nMizoram"], "topic": "infrastructure", "tweet_urls": ["https://t.co/FnnKeDfZts"], "date": {"hour": 5, "month": 11, "iso": "2018-11-23T05:31:04", "year": 2018, "day": 23, "minute": 31}, "geo": null, "id": 1065840133881106434, "lang": "en", "emoticons": [], "user_id": 177149147, "coordinates": null, "source": "Twitter for iPhone", "id_str": "1065840133881106434", "mentions": [], "location": "Delhi"}, {"truncated": true, "text": "Mobile Air Traffic Control Tower at Bokaro Airport.\n\nThis low cost infrastructure set up by Airport Authority of In\u2026", "hashtags": [], "topic": "infrastructure", "tweet_urls": ["https://t.co/olNn6YTmKE"], "date": {"hour": 3, "month": 11, "iso": "2018-11-23T03:08:10", "year": 2018, "day": 23, "minute": 8}, "geo": null, "id": 1065804169272090624, "lang": "en", "emoticons": [], "user_id": 119762699, "coordinates": null, "source": "Twitter for Android", "id_str": "1065804169272090624", "mentions": [], "location": "Delhi"}, {"truncated": true, "text": "Expansion of infrastructure and ease of living are not just day dreams. It is reality now. Making big has\u2026", "hashtags": [], "topic": "infrastructure", "tweet_urls": ["https://t.co/wGlxN57KAR"], "date": {"hour": 2, "month": 11, "iso": "2018-11-23T02:55:26", "year": 2018, "day": 23, "minute": 55}, "geo": null, "id": 1065800964773433344, "lang": "en", "emoticons": [], "user_id": 2882474761, "coordinates": null, "source": "Mobile Web (M2)", "id_str": "1065800964773433344", "mentions": ["@PMOIndia"], "location": "Delhi"}, {"truncated": true, "text": "will always find some way to block it. Delhi Metro Phase-IV project: Why the wait for Delhi governm\u2026", "hashtags": [], "topic": "infrastructure", "tweet_urls": ["https://t.co/FiB5hopV4S"], "date": {"hour": 23, "month": 11, "iso": "2018-11-22T23:59:34", "year": 2018, "day": 22, "minute": 59}, "geo": null, "id": 1065756705429041153, "lang": "en", "emoticons": [], "user_id": 703171622, "coordinates": null, "source": "Twitter for Android", "id_str": "1065756705429041153", "mentions": ["@ArvindKejriwal"], "location": "Delhi"}, {"truncated": true, "text": "Good education is every Child Right. Constitution in INDIA . No Good Infrastructure with Uttar Pradesh Govt in Ed\u2026", "hashtags": [], "topic": "infrastructure", "tweet_urls": ["https://t.co/trwTxNycPd"], "date": {"hour": 18, "month": 11, "iso": "2018-11-22T18:22:58", "year": 2018, "day": 22, "minute": 22}, "geo": null, "id": 1065671997206814722, "lang": "en", "emoticons": ["\ud83c\uddee\ud83c\uddf3"], "user_id": 927948016044175360, "coordinates": null, "source": "Twitter for iPhone", "id_str": "1065671997206814722", "mentions": [], "location": "Delhi"}, {"truncated": true, "text": "In a rare moment of agreement, India and Pakistan exchanged letters on Thursday, committing to build infrastructure\u2026", "hashtags": [], "topic": "infrastructure", "tweet_urls": ["https://t.co/MsUh9Y0k0H"], "date": {"hour": 18, "month": 11, "iso": "2018-11-22T18:13:12", "year": 2018, "day": 22, "minute": 13}, "geo": null, "id": 1065669539801763840, "lang": "en", "emoticons": [], "user_id": 25966181, "coordinates": null, "source": "Twitter for Android", "id_str": "1065669539801763840", "mentions": [], "location": "Delhi"}, {"truncated": false, "text": "The World\u2019s First Decentralized Multi-Platform Collateral Infrastructure", "hashtags": [], "topic": "infrastructure", "tweet_urls": ["https://t.co/uWzxmiEkOx"], "date": {"hour": 17, "month": 11, "iso": "2018-11-22T17:10:18", "year": 2018, "day": 22, "minute": 10}, "geo": null, "id": 1065653712738078720, "lang": "en", "emoticons": [], "user_id": 259622509, "coordinates": null, "source": "LinkedIn", "id_str": "1065653712738078720", "mentions": [], "location": "Delhi"}, {"truncated": true, "text": "J&amp;K is frozen in time and still is in the fax era ! Totally requires a fast forward to respond to the asp\u2026", "hashtags": [], "topic": "infrastructure", "tweet_urls": ["https://t.co/9KfyQ82Rom"], "date": {"hour": 16, "month": 11, "iso": "2018-11-22T16:55:07", "year": 2018, "day": 22, "minute": 55}, "geo": null, "id": 1065649892557766657, "lang": "en", "emoticons": [], "user_id": 100803325, "coordinates": null, "source": "Twitter for iPhone", "id_str": "1065649892557766657", "mentions": ["@shangpal"], "location": "Delhi"}, {"truncated": true, "text": "Neglect of rural infrastructure has done so much harm to rural society that the other option available to them are\u2026", "hashtags": [], "topic": "infrastructure", "tweet_urls": ["https://t.co/Idk9O45Fak"], "date": {"hour": 15, "month": 11, "iso": "2018-11-22T15:52:48", "year": 2018, "day": 22, "minute": 52}, "geo": null, "id": 1065634209455267840, "lang": "en", "emoticons": [], "user_id": 886647512, "coordinates": null, "source": "Twitter Web Client", "id_str": "1065634209455267840", "mentions": [], "location": "Delhi"}, {"truncated": true, "text": "Noida Metro Aqua Line to have branded stations like Delhi Metro! NMRC invites bids - Financial Express -\u2026", "hashtags": [], "topic": "infrastructure", "tweet_urls": ["https://t.co/PmUoYLQeM4"], "date": {"hour": 15, "month": 11, "iso": "2018-11-22T15:50:24", "year": 2018, "day": 22, "minute": 50}, "geo": null, "id": 1065633604246675456, "lang": "en", "emoticons": [], "user_id": 1546415204, "coordinates": null, "source": "IFTTT", "id_str": "1065633604246675456", "mentions": [], "location": "Delhi"}, {"truncated": true, "text": "Gave an interview to \"News Nation\" on \"India's plans to speed up road &amp; infrastructure projects along India-China b\u2026", "hashtags": [], "topic": "infrastructure", "tweet_urls": ["https://t.co/JVOVTFciHz"], "date": {"hour": 14, "month": 11, "iso": "2018-11-22T14:49:41", "year": 2018, "day": 22, "minute": 49}, "geo": null, "id": 1065618325378461697, "lang": "en", "emoticons": [], "user_id": 79108693, "coordinates": null, "source": "Twitter for Android", "id_str": "1065618325378461697", "mentions": [], "location": "Delhi"}, {"truncated": true, "text": "For most Indians, may not remain a lucrative avenue currently as it was earlier, but for mo\u2026", "hashtags": ["#realestate", "#investment"], "topic": "infrastructure", "tweet_urls": ["https://t.co/QKFcydG25Z"], "date": {"hour": 14, "month": 11, "iso": "2018-11-22T14:35:49", "year": 2018, "day": 22, "minute": 35}, "geo": null, "id": 1065614834581024768, "lang": "en", "emoticons": [], "user_id": 704730686150717440, "coordinates": null, "source": "Twitter Web Client", "id_str": "1065614834581024768", "mentions": [], "location": "Delhi"}, {"truncated": true, "text": "(jdu),jdu party fulfilled all the promised done in 2015 is called good gov\u2026", "hashtags": ["#JANATADALUNITED"], "topic": "infrastructure", "tweet_urls": ["https://t.co/LIfZqr6jhV", "https://t.co/PRPFTCN58u"], "date": {"hour": 14, "month": 11, "iso": "2018-11-22T14:30:12", "year": 2018, "day": 22, "minute": 30}, "geo": null, "id": 1065613423424274432, "lang": "en", "emoticons": [], "user_id": 998206222716231681, "coordinates": null, "source": "Twitter for Android", "id_str": "1065613423424274432", "mentions": [], "location": "Delhi"}, {"truncated": true, "text": "The Government led by PM Shri launches City Gas Distribution projects to strengthen the energy infras\u2026", "hashtags": [], "topic": "infrastructure", "tweet_urls": ["https://t.co/RYesuw4HKN"], "date": {"hour": 13, "month": 11, "iso": "2018-11-22T13:25:32", "year": 2018, "day": 22, "minute": 25}, "geo": null, "id": 1065597146232180737, "lang": "en", "emoticons": [], "user_id": 1032836274867118080, "coordinates": null, "source": "Twitter for Android", "id_str": "1065597146232180737", "mentions": ["@narendramodi"], "location": "Delhi"}, {"truncated": true, "text": "unveils swanky new train for Buddhist circuit! Check all special features\u2026", "hashtags": ["#IndianRailways", "#IRCTC"], "topic": "infrastructure", "tweet_urls": ["https://t.co/wWmv263ZyS"], "date": {"hour": 13, "month": 11, "iso": "2018-11-22T13:21:19", "year": 2018, "day": 22, "minute": 21}, "geo": null, "id": 1065596088105742336, "lang": "en", "emoticons": [], "user_id": 50279781, "coordinates": null, "source": "Twitter Web Client", "id_str": "1065596088105742336", "mentions": [], "location": "Delhi"}, {"truncated": true, "text": "Beyond hard infrastructure, regional connectivity in South Asia also benefits from little steps like these. India m\u2026", "hashtags": [], "topic": "infrastructure", "tweet_urls": ["https://t.co/HFrnmXl3oH"], "date": {"hour": 13, "month": 11, "iso": "2018-11-22T13:00:51", "year": 2018, "day": 22, "minute": 0}, "geo": null, "id": 1065590937613668352, "lang": "en", "emoticons": [], "user_id": 35070732, "coordinates": null, "source": "Twitter for iPhone", "id_str": "1065590937613668352", "mentions": [], "location": "Delhi"}, {"truncated": true, "text": "Delhi Metro Phase-IV project: Why the wait for Delhi government&amp;#8217;s approval just got longer!\u2026", "hashtags": [], "topic": "infrastructure", "tweet_urls": ["https://t.co/GSUBTfwXhc"], "date": {"hour": 12, "month": 11, "iso": "2018-11-22T12:56:03", "year": 2018, "day": 22, "minute": 56}, "geo": null, "id": 1065589729696059392, "lang": "en", "emoticons": [], "user_id": 876812250383663105, "coordinates": null, "source": "Twitter Web Client", "id_str": "1065589729696059392", "mentions": [], "location": "Delhi"}, {"truncated": true, "text": "Prime Minister says the Government is increasing the number of LNG terminals and working on Nationwid\u2026", "hashtags": ["#NarendraModi"], "topic": "infrastructure", "tweet_urls": ["https://t.co/KbbHX40bjl"], "date": {"hour": 12, "month": 11, "iso": "2018-11-22T12:51:42", "year": 2018, "day": 22, "minute": 51}, "geo": null, "id": 1065588632776396801, "lang": "en", "emoticons": [], "user_id": 1056850669, "coordinates": null, "source": "Twitter Web Client", "id_str": "1065588632776396801", "mentions": [], "location": "Delhi"}, {"truncated": true, "text": "P&amp;I\u2019s extensive range of infrastructure has made it possible to successfully execute major projects with complexiti\u2026", "hashtags": [], "topic": "infrastructure", "tweet_urls": ["https://t.co/ZmiL8JkBux"], "date": {"hour": 12, "month": 11, "iso": "2018-11-22T12:32:37", "year": 2018, "day": 22, "minute": 32}, "geo": null, "id": 1065583830390767617, "lang": "en", "emoticons": [], "user_id": 1040614085862162434, "coordinates": null, "source": "Twitter Web Client", "id_str": "1065583830390767617", "mentions": [], "location": "Delhi"}, {"truncated": true, "text": "has come up with it's new project that offers world-class infrastructu\u2026", "hashtags": ["#KampDevelopers", "#KampDwarkaConventionStudios"], "topic": "infrastructure", "tweet_urls": ["https://t.co/YnJ3rHOEvh"], "date": {"hour": 12, "month": 11, "iso": "2018-11-22T12:26:49", "year": 2018, "day": 22, "minute": 26}, "geo": null, "id": 1065582371150344193, "lang": "en", "emoticons": [], "user_id": 1026341956438257666, "coordinates": null, "source": "Twitter Web Client", "id_str": "1065582371150344193", "mentions": [], "location": "Delhi"}, {"truncated": true, "text": "The Government led by PM launches City Gas Distribution projects to strengthen the energy infrastruct\u2026", "hashtags": [], "topic": "infrastructure", "tweet_urls": ["https://t.co/GHArxo5yTk"], "date": {"hour": 11, "month": 11, "iso": "2018-11-22T11:52:02", "year": 2018, "day": 22, "minute": 52}, "geo": null, "id": 1065573616845291521, "lang": "en", "emoticons": [], "user_id": 2686834802, "coordinates": null, "source": "Media Studio", "id_str": "1065573616845291521", "mentions": ["@narendramodi"], "location": "Delhi"}, {"truncated": true, "text": "Stationary + Books + Writing Books Tie Shoes shook Monopoly Unexpected Rate monopoly with print on\u2026", "hashtags": [], "topic": "infrastructure", "tweet_urls": ["https://t.co/t5sxWQUjvh"], "date": {"hour": 11, "month": 11, "iso": "2018-11-22T11:30:03", "year": 2018, "day": 22, "minute": 30}, "geo": null, "id": 1065568084507930625, "lang": "en", "emoticons": ["\ud83d\udcda"], "user_id": 927948016044175360, "coordinates": null, "source": "Twitter for iPhone", "id_str": "1065568084507930625", "mentions": ["@DmGorakhpur"], "location": "Delhi"}, {"truncated": true, "text": "The govt is paying attention on all aspects of Gas Based Economy. To strengthen the gas infrastructure of the count\u2026", "hashtags": [], "topic": "infrastructure", "tweet_urls": ["https://t.co/iCtIFvfpHI"], "date": {"hour": 11, "month": 11, "iso": "2018-11-22T11:16:33", "year": 2018, "day": 22, "minute": 16}, "geo": null, "id": 1065564688610746368, "lang": "en", "emoticons": [], "user_id": 75550628, "coordinates": null, "source": "IFTTT", "id_str": "1065564688610746368", "mentions": [], "location": "Delhi"}, {"truncated": true, "text": "The govt is paying attention on all aspects of Gas Based Economy. To strengthen the gas infrastructure of the count\u2026", "hashtags": [], "topic": "infrastructure", "tweet_urls": ["https://t.co/9sK1twJraT"], "date": {"hour": 11, "month": 11, "iso": "2018-11-22T11:11:22", "year": 2018, "day": 22, "minute": 11}, "geo": null, "id": 1065563383313850371, "lang": "en", "emoticons": [], "user_id": 3168249863, "coordinates": null, "source": "TweetDeck", "id_str": "1065563383313850371", "mentions": [], "location": "Delhi"}, {"truncated": true, "text": "The Government is paying attention to all the dimensions of Gas based Economy. \n\nTo increase the number of LNG term\u2026", "hashtags": [], "topic": "infrastructure", "tweet_urls": ["https://t.co/2vnLbT6uSV"], "date": {"hour": 11, "month": 11, "iso": "2018-11-22T11:02:25", "year": 2018, "day": 22, "minute": 2}, "geo": null, "id": 1065561130242723841, "lang": "en", "emoticons": [], "user_id": 754276593648881664, "coordinates": null, "source": "Twitter for Android", "id_str": "1065561130242723841", "mentions": [], "location": "Delhi"}, {"truncated": true, "text": "The Government is paying attention to all the dimensions of Gas based Economy. \n\nTo increase the number of LNG term\u2026", "hashtags": [], "topic": "infrastructure", "tweet_urls": ["https://t.co/Y7BidtVImk"], "date": {"hour": 11, "month": 11, "iso": "2018-11-22T11:01:38", "year": 2018, "day": 22, "minute": 1}, "geo": null, "id": 1065560933118836738, "lang": "en", "emoticons": [], "user_id": 754276593648881664, "coordinates": null, "source": "Twitter for iPhone", "id_str": "1065560933118836738", "mentions": [], "location": "Delhi"}, {"truncated": true, "text": "Flyers from to be among first who can board flights via facial recognition technology!\u2026", "hashtags": ["#VaranasiAirport"], "topic": "infrastructure", "tweet_urls": ["https://t.co/HCO7nS8exs"], "date": {"hour": 10, "month": 11, "iso": "2018-11-22T10:49:15", "year": 2018, "day": 22, "minute": 49}, "geo": null, "id": 1065557815908024321, "lang": "en", "emoticons": [], "user_id": 50279781, "coordinates": null, "source": "Twitter Web Client", "id_str": "1065557815908024321", "mentions": [], "location": "Delhi"}, {"truncated": true, "text": "Kindly continue to cover the to bring\u2026", "hashtags": ["#DwarkaExpressway"], "topic": "infrastructure", "tweet_urls": ["https://t.co/ZgrCAivj1M"], "date": {"hour": 10, "month": 11, "iso": "2018-11-22T10:42:38", "year": 2018, "day": 22, "minute": 42}, "geo": null, "id": 1065556150907625474, "lang": "en", "emoticons": [], "user_id": 938808186261221377, "coordinates": null, "source": "Twitter for Android", "id_str": "1065556150907625474", "mentions": ["@BTVI", "@PMOIndia", "@dwarkaforum", "@DXPAssociation", "@BhutaniChetan"], "location": "Delhi"}, {"truncated": true, "text": "This must be done all over India! Our railways require massive technological &amp; infrastructure upgradat\u2026", "hashtags": [], "topic": "infrastructure", "tweet_urls": ["https://t.co/f4a0L7WaVe"], "date": {"hour": 10, "month": 11, "iso": "2018-11-22T10:38:04", "year": 2018, "day": 22, "minute": 38}, "geo": null, "id": 1065555003144843266, "lang": "en", "emoticons": [], "user_id": 3169245787, "coordinates": null, "source": "Twitter for Android", "id_str": "1065555003144843266", "mentions": ["@PiyushGoyal"], "location": "Delhi"}, {"truncated": true, "text": "Engineering announced that a Concession Agreement for 'Development of Sewage Treatm\u2026", "hashtags": [], "topic": "infrastructure", "tweet_urls": ["https://t.co/B3pJ1erQc2\nTriveni", "https://t.co/f8Yz5q1mrP"], "date": {"hour": 10, "month": 11, "iso": "2018-11-22T10:30:02", "year": 2018, "day": 22, "minute": 30}, "geo": null, "id": 1065552981708427265, "lang": "en", "emoticons": [], "user_id": 1856675040, "coordinates": null, "source": "Buffer", "id_str": "1065552981708427265", "mentions": [], "location": "Delhi"}, {"truncated": true, "text": "An example of change in ground situation - The per GB data cost in Ind\u2026", "hashtags": [], "topic": "infrastructure", "tweet_urls": ["https://t.co/uzOQnHukLY"], "date": {"hour": 9, "month": 11, "iso": "2018-11-22T09:38:39", "year": 2018, "day": 22, "minute": 38}, "geo": null, "id": 1065540051730341894, "lang": "en", "emoticons": [], "user_id": 140896649, "coordinates": null, "source": "Twitter for iPhone", "id_str": "1065540051730341894", "mentions": ["@burning_deziree", "@mihirssharma", "@harshitpassi"], "location": "Delhi"}, {"truncated": true, "text": "Sir please ask report card through RTI or District Magistrate.AIIMS Patna , Rivers Tra\u2026", "hashtags": [], "topic": "infrastructure", "tweet_urls": ["https://t.co/HCAEdjNV8E"], "date": {"hour": 9, "month": 11, "iso": "2018-11-22T09:15:55", "year": 2018, "day": 22, "minute": 15}, "geo": null, "id": 1065534328199892992, "lang": "en", "emoticons": [], "user_id": 867073424559972356, "coordinates": null, "source": "Twitter for Android", "id_str": "1065534328199892992", "mentions": ["@sahayashok", "@ShatruganSinha"], "location": "Delhi"}, {"truncated": true, "text": "Noida Metro Aqua Line to have branded stations like Delhi Metro! NMRC invites bids - Financial Express -\u2026", "hashtags": [], "topic": "infrastructure", "tweet_urls": ["https://t.co/4RQC03C39z"], "date": {"hour": 9, "month": 11, "iso": "2018-11-22T09:05:14", "year": 2018, "day": 22, "minute": 5}, "geo": null, "id": 1065531639273582592, "lang": "en", "emoticons": [], "user_id": 1546415204, "coordinates": null, "source": "IFTTT", "id_str": "1065531639273582592", "mentions": [], "location": "Delhi"}, {"truncated": true, "text": "Apart from defence and military sectors, the drone technology is also being implemented in the indu\u2026", "hashtags": ["#infrastructure"], "topic": "infrastructure", "tweet_urls": ["https://t.co/RmvGW0goL1"], "date": {"hour": 9, "month": 11, "iso": "2018-11-22T09:00:00", "year": 2018, "day": 22, "minute": 0}, "geo": null, "id": 1065530324925341698, "lang": "en", "emoticons": [], "user_id": 946431766947958784, "coordinates": null, "source": "Twitter Web Client", "id_str": "1065530324925341698", "mentions": [], "location": "Delhi"}, {"truncated": true, "text": "Dear Officials at I humbly request you to improve infrastructure &amp; facilities to equip your staff\u2026", "hashtags": [], "topic": "infrastructure", "tweet_urls": ["https://t.co/qrhmJRdv4b"], "date": {"hour": 8, "month": 11, "iso": "2018-11-22T08:59:59", "year": 2018, "day": 22, "minute": 59}, "geo": null, "id": 1065530320273981440, "lang": "en", "emoticons": [], "user_id": 102740110, "coordinates": null, "source": "Twitter for iPhone", "id_str": "1065530320273981440", "mentions": ["@IndiaPostOffice."], "location": "Delhi"}, {"truncated": true, "text": "is this the duty of govt or public to build infrastructure? the babus in ministrie\u2026", "hashtags": [], "topic": "infrastructure", "tweet_urls": ["https://t.co/76g90mZbDK"], "date": {"hour": 8, "month": 11, "iso": "2018-11-22T08:53:50", "year": 2018, "day": 22, "minute": 53}, "geo": null, "id": 1065528771753754624, "lang": "en", "emoticons": [], "user_id": 483171617, "coordinates": null, "source": "Twitter for Android", "id_str": "1065528771753754624", "mentions": ["@jaykays1", "@dan32101180", "@Arnava30"], "location": "Delhi"}, {"truncated": true, "text": "Largest Exhibition on Construction Equipments and Technology begins in Minister fo\u2026", "hashtags": ["#Nepal\"s", "#ConMac2018", "#Bhaktapur."], "topic": "infrastructure", "tweet_urls": ["https://t.co/TIvVsn5MV2"], "date": {"hour": 8, "month": 11, "iso": "2018-11-22T08:53:43", "year": 2018, "day": 22, "minute": 53}, "geo": null, "id": 1065528742406017024, "lang": "en", "emoticons": [], "user_id": 1056850669, "coordinates": null, "source": "Twitter for Android", "id_str": "1065528742406017024", "mentions": [], "location": "Delhi"}, {"truncated": true, "text": "Minister for Physical Infrastructure and Transport Raghubir Mahaseth inaugurates \"#ConMac2018\" Exhibition\u2026", "hashtags": ["#Nepal's"], "topic": "infrastructure", "tweet_urls": ["https://t.co/BhPNLrrBuS"], "date": {"hour": 8, "month": 11, "iso": "2018-11-22T08:50:54", "year": 2018, "day": 22, "minute": 50}, "geo": null, "id": 1065528031933054976, "lang": "en", "emoticons": [], "user_id": 1100927498, "coordinates": null, "source": "Twitter Web Client", "id_str": "1065528031933054976", "mentions": [], "location": "Delhi"}, {"truncated": true, "text": "Track renewal takes priority! to float new Rs 2700 crore global tender for 4.5 lakh MT rails\u2026", "hashtags": ["#IndianRailways"], "topic": "infrastructure", "tweet_urls": ["https://t.co/VTtecfO9UC"], "date": {"hour": 8, "month": 11, "iso": "2018-11-22T08:46:35", "year": 2018, "day": 22, "minute": 46}, "geo": null, "id": 1065526946799349760, "lang": "en", "emoticons": [], "user_id": 50279781, "coordinates": null, "source": "Twitter Web Client", "id_str": "1065526946799349760", "mentions": [], "location": "Delhi"}, {"truncated": true, "text": "IEIA Member Upcoming Event : Cyber Security Conference\nThe conference will showcase several promising Indian compan\u2026", "hashtags": [], "topic": "infrastructure", "tweet_urls": ["https://t.co/5KtTUmLsFV"], "date": {"hour": 8, "month": 11, "iso": "2018-11-22T08:30:12", "year": 2018, "day": 22, "minute": 30}, "geo": null, "id": 1065522825962901504, "lang": "en", "emoticons": [], "user_id": 3822910938, "coordinates": null, "source": "Twitter Web Client", "id_str": "1065522825962901504", "mentions": [], "location": "Delhi"}, {"truncated": true, "text": "Govt needs to make large investments in charging infrastructure &amp; facilitate research: Dr Ajay Mathur, DG, TERI\u2026", "hashtags": ["#EV"], "topic": "infrastructure", "tweet_urls": ["https://t.co/29yraE04Cm"], "date": {"hour": 8, "month": 11, "iso": "2018-11-22T08:14:13", "year": 2018, "day": 22, "minute": 14}, "geo": null, "id": 1065518802991902720, "lang": "en", "emoticons": [], "user_id": 125592597, "coordinates": null, "source": "Twitter Web Client", "id_str": "1065518802991902720", "mentions": [], "location": "Delhi"}, {"truncated": true, "text": "Europe wants to boost ties with India in areas like trade, investment, infrastructure, defence, security and counte\u2026", "hashtags": [], "topic": "infrastructure", "tweet_urls": ["https://t.co/LzC42en4Ea"], "date": {"hour": 8, "month": 11, "iso": "2018-11-22T08:10:42", "year": 2018, "day": 22, "minute": 10}, "geo": null, "id": 1065517918967013376, "lang": "en", "emoticons": [], "user_id": 4725193120, "coordinates": null, "source": "Twitter Web Client", "id_str": "1065517918967013376", "mentions": [], "location": "Delhi"}, {"truncated": true, "text": "Aqua Line to have branded stations like Delhi Metro! NMRC invites bids \nhttps://t.co/fJcmH7MTts\u2026", "hashtags": ["#NoidaMetro"], "topic": "infrastructure", "tweet_urls": ["https://t.co/69J6bDq1qY"], "date": {"hour": 8, "month": 11, "iso": "2018-11-22T08:08:55", "year": 2018, "day": 22, "minute": 8}, "geo": null, "id": 1065517467542454272, "lang": "en", "emoticons": [], "user_id": 755779313631371264, "coordinates": null, "source": "IFTTT", "id_str": "1065517467542454272", "mentions": [], "location": "Delhi"}, {"truncated": true, "text": "Hope this corridor will bridge the Hindustan Pakistan relationship and make it\u2026", "hashtags": [], "topic": "infrastructure", "tweet_urls": ["https://t.co/CJfelJ4MQZ"], "date": {"hour": 8, "month": 11, "iso": "2018-11-22T08:06:25", "year": 2018, "day": 22, "minute": 6}, "geo": null, "id": 1065516839990509568, "lang": "en", "emoticons": [], "user_id": 884476140844220416, "coordinates": null, "source": "Twitter for Android", "id_str": "1065516839990509568", "mentions": ["@PIB_India", "@PiyushGoyal", "@arunjaitley"], "location": "Delhi"}, {"truncated": true, "text": "RT BloombergQuint Europe wants to boost ties with India in areas like trade, investment\u2026", "hashtags": ["#LI"], "topic": "infrastructure", "tweet_urls": ["https://t.co/B5e9pqccTa", "https://t.co/qo6PTguxIu"], "date": {"hour": 8, "month": 11, "iso": "2018-11-22T08:01:02", "year": 2018, "day": 22, "minute": 1}, "geo": null, "id": 1065515485142368256, "lang": "en", "emoticons": [], "user_id": 13584132, "coordinates": null, "source": "IFTTT", "id_str": "1065515485142368256", "mentions": [], "location": "Delhi"}, {"truncated": true, "text": "China Telecommunications Corp &amp; Philippine Dept of ICT signed letter of intent to put up submarine broadband infras\u2026", "hashtags": [], "topic": "infrastructure", "tweet_urls": ["https://t.co/WX5y0cV812"], "date": {"hour": 7, "month": 11, "iso": "2018-11-22T07:57:34", "year": 2018, "day": 22, "minute": 57}, "geo": null, "id": 1065514610692894720, "lang": "en", "emoticons": [], "user_id": 892322911423414274, "coordinates": null, "source": "Twitter for iPhone", "id_str": "1065514610692894720", "mentions": [], "location": "Delhi"}, {"truncated": true, "text": "EVENT ALERT: seminar series on 'Making do in a crowded city: Infrastructure facing up to in-migration i\u2026", "hashtags": ["#17th", "#CORP"], "topic": "infrastructure", "tweet_urls": ["https://t.co/Hkx41BOmom"], "date": {"hour": 7, "month": 11, "iso": "2018-11-22T07:49:27", "year": 2018, "day": 22, "minute": 49}, "geo": null, "id": 1065512570885296128, "lang": "en", "emoticons": [], "user_id": 1035417670533885952, "coordinates": null, "source": "Twitter Web Client", "id_str": "1065512570885296128", "mentions": [], "location": "Delhi"}, {"truncated": true, "text": "Tweets unbecoming of an elected authority is forever expected feom you. Surprise us someday by taki\u2026", "hashtags": [], "topic": "infrastructure", "tweet_urls": ["https://t.co/0GcbP29nQ0"], "date": {"hour": 7, "month": 11, "iso": "2018-11-22T07:25:34", "year": 2018, "day": 22, "minute": 25}, "geo": null, "id": 1065506558795268097, "lang": "en", "emoticons": [], "user_id": 47883282, "coordinates": null, "source": "Twitter for Android", "id_str": "1065506558795268097", "mentions": ["@ArvindKejriwal"], "location": "Delhi"}, {"truncated": true, "text": "Australian superfunds or pension funds have a reputation for careful, calibrated investment decisions. They will fi\u2026", "hashtags": [], "topic": "infrastructure", "tweet_urls": ["https://t.co/OVvrHCljBa"], "date": {"hour": 6, "month": 11, "iso": "2018-11-22T06:41:33", "year": 2018, "day": 22, "minute": 41}, "geo": null, "id": 1065495482468753408, "lang": "en", "emoticons": [], "user_id": 885487044243238912, "coordinates": null, "source": "Twitter Web Client", "id_str": "1065495482468753408", "mentions": [], "location": "Delhi"}, {"truncated": true, "text": ".@VolvoAutoIndia believes plug-in hybrids are the way to go in order to make electrified vehicles popular in India.\u2026", "hashtags": [], "topic": "infrastructure", "tweet_urls": ["https://t.co/xXNt0STnTR"], "date": {"hour": 6, "month": 11, "iso": "2018-11-22T06:18:55", "year": 2018, "day": 22, "minute": 18}, "geo": null, "id": 1065489784422973440, "lang": "en", "emoticons": [], "user_id": 328957518, "coordinates": null, "source": "Twitter for Android", "id_str": "1065489784422973440", "mentions": [], "location": "Delhi"}, {"truncated": true, "text": "India\u2019s first engine-less 160 kmph train, may run on route; trials to end by mid-December\u2026", "hashtags": ["#Train18,", "#Varanasi"], "topic": "infrastructure", "tweet_urls": ["https://t.co/i9LvxTlfZh"], "date": {"hour": 6, "month": 11, "iso": "2018-11-22T06:18:12", "year": 2018, "day": 22, "minute": 18}, "geo": null, "id": 1065489607645700096, "lang": "en", "emoticons": [], "user_id": 50279781, "coordinates": null, "source": "Twitter Web Client", "id_str": "1065489607645700096", "mentions": [], "location": "Delhi"}, {"truncated": true, "text": "Govt has to take a tactical call between reducing fuel prices in the election year or use the savings to pump in mo\u2026", "hashtags": [], "topic": "infrastructure", "tweet_urls": ["https://t.co/t824pM6zR3"], "date": {"hour": 6, "month": 11, "iso": "2018-11-22T06:13:14", "year": 2018, "day": 22, "minute": 13}, "geo": null, "id": 1065488355369062400, "lang": "en", "emoticons": [], "user_id": 87611702, "coordinates": null, "source": "Twitter Web Client", "id_str": "1065488355369062400", "mentions": [], "location": "Delhi"}, {"truncated": true, "text": "A study conducted by Polaris Market Research provides forecasts for Electric Vehicle Charging Infrastructure invest\u2026", "hashtags": [], "topic": "infrastructure", "tweet_urls": ["https://t.co/E8DfowDJ6p"], "date": {"hour": 5, "month": 11, "iso": "2018-11-22T05:52:25", "year": 2018, "day": 22, "minute": 52}, "geo": null, "id": 1065483116679065600, "lang": "en", "emoticons": [], "user_id": 855614531858440192, "coordinates": null, "source": "Twitter Web Client", "id_str": "1065483116679065600", "mentions": [], "location": "Delhi"}, {"truncated": true, "text": "A study conducted by Polaris Market Research provides forecasts for Electric Vehicle Charging Infrastructure invest\u2026", "hashtags": [], "topic": "infrastructure", "tweet_urls": ["https://t.co/MLpDysUWFR"], "date": {"hour": 5, "month": 11, "iso": "2018-11-22T05:51:05", "year": 2018, "day": 22, "minute": 51}, "geo": null, "id": 1065482782464368640, "lang": "en", "emoticons": [], "user_id": 283338763, "coordinates": null, "source": "Twitter Web Client", "id_str": "1065482782464368640", "mentions": [], "location": "Delhi"}, {"truncated": true, "text": "Even later (2022-27) the growth in demand can be met by other conventional sources, So no po\u2026", "hashtags": [], "topic": "infrastructure", "tweet_urls": ["https://t.co/tCitU497AF"], "date": {"hour": 5, "month": 11, "iso": "2018-11-22T05:50:18", "year": 2018, "day": 22, "minute": 50}, "geo": null, "id": 1065482585826983936, "lang": "en", "emoticons": [], "user_id": 544411371, "coordinates": null, "source": "Twitter Web Client", "id_str": "1065482585826983936", "mentions": ["@jksmith34", "@MinOfPower"], "location": "Delhi"}, {"truncated": true, "text": "key to deal with the flow of to \n#connectivity\u2026", "hashtags": ["#WesternExpressway", "#Logistics", "#Hubs", "#Heavy", "#Trucks", "#Delhi"], "topic": "infrastructure", "tweet_urls": ["https://t.co/Pl3iwvEY6e"], "date": {"hour": 5, "month": 11, "iso": "2018-11-22T05:45:13", "year": 2018, "day": 22, "minute": 45}, "geo": null, "id": 1065481305415188480, "lang": "en", "emoticons": [], "user_id": 3114154401, "coordinates": null, "source": "Facebook", "id_str": "1065481305415188480", "mentions": [], "location": "Delhi"}, {"truncated": true, "text": "Why cloud infrastructure is an increasingly exclusive club \u2013 with only a few having the cash to get in.\u2026", "hashtags": [], "topic": "infrastructure", "tweet_urls": ["https://t.co/DfXMszd3St"], "date": {"hour": 5, "month": 11, "iso": "2018-11-22T05:35:09", "year": 2018, "day": 22, "minute": 35}, "geo": null, "id": 1065478770008702977, "lang": "en", "emoticons": [], "user_id": 75273579, "coordinates": null, "source": "Twuffer", "id_str": "1065478770008702977", "mentions": [], "location": "Delhi"}, {"truncated": true, "text": "Why cloud infrastructure is an increasingly exclusive club \u2013 with only a few having the cash to get in.\u2026", "hashtags": [], "topic": "infrastructure", "tweet_urls": ["https://t.co/qjtkzaJ739"], "date": {"hour": 5, "month": 11, "iso": "2018-11-22T05:20:02", "year": 2018, "day": 22, "minute": 20}, "geo": null, "id": 1065474967435952128, "lang": "en", "emoticons": [], "user_id": 2579381322, "coordinates": null, "source": "Twuffer", "id_str": "1065474967435952128", "mentions": [], "location": "Delhi"}, {"truncated": true, "text": "'Investments today are not to create cities but to create Urban infrastructure- hence people are increasingly livin\u2026", "hashtags": [], "topic": "infrastructure", "tweet_urls": ["https://t.co/twxEQjN18U"], "date": {"hour": 5, "month": 11, "iso": "2018-11-22T05:17:13", "year": 2018, "day": 22, "minute": 17}, "geo": null, "id": 1065474259420631041, "lang": "en", "emoticons": [], "user_id": 74943324, "coordinates": null, "source": "Twitter for Android", "id_str": "1065474259420631041", "mentions": [], "location": "Delhi"}, {"truncated": true, "text": "Increase in infrastructure spends, manufacturing activity and rise in consumer spending over Q3 had a positive impa\u2026", "hashtags": [], "topic": "infrastructure", "tweet_urls": ["https://t.co/0bOuxUhVTw"], "date": {"hour": 4, "month": 11, "iso": "2018-11-22T04:38:16", "year": 2018, "day": 22, "minute": 38}, "geo": null, "id": 1065464456333967361, "lang": "en", "emoticons": [], "user_id": 199617741, "coordinates": null, "source": "Twitter Web Client", "id_str": "1065464456333967361", "mentions": [], "location": "Delhi"}, {"truncated": true, "text": "European Union Unveils policy paper on boosting ties With India, Europe wants to boost ties with India in areas lik\u2026", "hashtags": [], "topic": "infrastructure", "tweet_urls": ["https://t.co/kGqmC0Qx3W"], "date": {"hour": 4, "month": 11, "iso": "2018-11-22T04:26:20", "year": 2018, "day": 22, "minute": 26}, "geo": null, "id": 1065461452880863233, "lang": "en", "emoticons": [], "user_id": 748807816761139200, "coordinates": null, "source": "Twitter for Android", "id_str": "1065461452880863233", "mentions": [], "location": "Delhi"}, {"truncated": true, "text": "But they don't see the problems or short comings of public infrastructure because they\u2026", "hashtags": [], "topic": "infrastructure", "tweet_urls": ["https://t.co/7Q9eA7dQ5r"], "date": {"hour": 3, "month": 11, "iso": "2018-11-22T03:49:51", "year": 2018, "day": 22, "minute": 49}, "geo": null, "id": 1065452273864724480, "lang": "en", "emoticons": [], "user_id": 86593694, "coordinates": null, "source": "Twitter for Android", "id_str": "1065452273864724480", "mentions": ["@vinaysreeni", "@DrParameshwara"], "location": "Delhi"}, {"truncated": true, "text": "I visited Sabarimala to assess the infrastructure . Even though GOI sanctioned Rs 100 cr they haven\u2019t spent a rupee\u2026", "hashtags": [], "topic": "infrastructure", "tweet_urls": ["https://t.co/4igZWo1jYU"], "date": {"hour": 2, "month": 11, "iso": "2018-11-22T02:46:35", "year": 2018, "day": 22, "minute": 46}, "geo": null, "id": 1065436349031899136, "lang": "en", "emoticons": [], "user_id": 906449771547713537, "coordinates": null, "source": "Twitter for iPhone", "id_str": "1065436349031899136", "mentions": [], "location": "Delhi"}, {"truncated": true, "text": "Modi to dedicate to the nation an inland waterways terminal on river Ganga in Varanasi. This is\u2026", "hashtags": ["#KashiKaKayakalp\nPM"], "topic": "infrastructure", "tweet_urls": ["https://t.co/Cbvs1Pt1vf"], "date": {"hour": 2, "month": 11, "iso": "2018-11-22T02:14:54", "year": 2018, "day": 22, "minute": 14}, "geo": null, "id": 1065428377769672704, "lang": "en", "emoticons": [], "user_id": 3306564998, "coordinates": null, "source": "Twitter for Android", "id_str": "1065428377769672704", "mentions": [], "location": "Delhi"}, {"truncated": true, "text": "Modi to dedicate to nation a series of infrastructure projects in Varanasi which include 16.55\u2026", "hashtags": ["#KashiKaKayakalp\nPM"], "topic": "infrastructure", "tweet_urls": ["https://t.co/PyDek6qcTa"], "date": {"hour": 2, "month": 11, "iso": "2018-11-22T02:14:24", "year": 2018, "day": 22, "minute": 14}, "geo": null, "id": 1065428250174746625, "lang": "en", "emoticons": [], "user_id": 3306564998, "coordinates": null, "source": "Twitter for Android", "id_str": "1065428250174746625", "mentions": [], "location": "Delhi"}, {"truncated": true, "text": "Delhiites, get ready to shell out more! \n\nAirport charges have been increased seven times to a flat Rs 77 for each\u2026", "hashtags": [], "topic": "infrastructure", "tweet_urls": ["https://t.co/bKpDUksPat"], "date": {"hour": 0, "month": 11, "iso": "2018-11-22T00:55:00", "year": 2018, "day": 22, "minute": 55}, "geo": null, "id": 1065408268778954752, "lang": "en", "emoticons": [], "user_id": 50279781, "coordinates": null, "source": "TweetDeck", "id_str": "1065408268778954752", "mentions": [], "location": "Delhi"}, {"truncated": false, "text": "Unpacking the OpenStack Foundation\u2019s open infrastructure push -", "hashtags": [], "topic": "infrastructure", "tweet_urls": ["https://t.co/YpfLBKl5rc", "https://t.co/y2O7jWiX0H"], "date": {"hour": 22, "month": 11, "iso": "2018-11-21T22:34:12", "year": 2018, "day": 21, "minute": 34}, "geo": null, "id": 1065372837312167937, "lang": "en", "emoticons": [], "user_id": 249586855, "coordinates": null, "source": "R Software Solution", "id_str": "1065372837312167937", "mentions": [], "location": "Delhi"}, {"truncated": true, "text": "We\u2019re proud to announce the launch of our new logo; our next goal is to use our new infrastructure to increase cust\u2026", "hashtags": [], "topic": "infrastructure", "tweet_urls": ["https://t.co/mdCsu5G87X"], "date": {"hour": 20, "month": 11, "iso": "2018-11-21T20:24:46", "year": 2018, "day": 21, "minute": 24}, "geo": null, "id": 1065340263462141952, "lang": "en", "emoticons": [], "user_id": 1051980383661641729, "coordinates": null, "source": "Twitter Web Client", "id_str": "1065340263462141952", "mentions": [], "location": "Delhi"}, {"truncated": true, "text": "It would have been more great had you been deploying people to improve the infrastructure of the city.\u2026", "hashtags": [], "topic": "infrastructure", "tweet_urls": ["https://t.co/Lic3mlgJVF"], "date": {"hour": 20, "month": 11, "iso": "2018-11-21T20:07:58", "year": 2018, "day": 21, "minute": 7}, "geo": null, "id": 1065336037411565569, "lang": "en", "emoticons": [], "user_id": 85216559, "coordinates": null, "source": "Twitter for Android", "id_str": "1065336037411565569", "mentions": ["@cityofpatna"], "location": "Delhi"}, {"truncated": false, "text": "I think I must know. What is \u201cquality pubic infrastructure\u201d?", "hashtags": [], "topic": "infrastructure", "tweet_urls": ["https://t.co/N98HoKhX0D"], "date": {"hour": 18, "month": 11, "iso": "2018-11-21T18:38:29", "year": 2018, "day": 21, "minute": 38}, "geo": null, "id": 1065313515467091968, "lang": "en", "emoticons": ["\ud83d\ude30"], "user_id": 969135070207512576, "coordinates": null, "source": "Twitter for iPhone", "id_str": "1065313515467091968", "mentions": [], "location": "Delhi"}, {"truncated": false, "text": "IRB Infrastructure Developers Limited: Free Shares Tips from for 22nd Nov 2018 IRB\u2026", "hashtags": [], "topic": "infrastructure", "tweet_urls": ["https://t.co/lFbkawgLjQ", "https://t.co/NXXOs5iFQC"], "date": {"hour": 17, "month": 11, "iso": "2018-11-21T17:27:33", "year": 2018, "day": 21, "minute": 27}, "geo": null, "id": 1065295666568671233, "lang": "en", "emoticons": [], "user_id": 7482002, "coordinates": null, "source": "Google", "id_str": "1065295666568671233", "mentions": [], "location": "Delhi"}, {"truncated": true, "text": ".@PMOIndia Thank you for intervening in the completion of . This is in the interest\u2026", "hashtags": ["#DwarkaExpressWay"], "topic": "infrastructure", "tweet_urls": ["https://t.co/vydmmnyzQh"], "date": {"hour": 17, "month": 11, "iso": "2018-11-21T17:23:38", "year": 2018, "day": 21, "minute": 23}, "geo": null, "id": 1065294681645314048, "lang": "en", "emoticons": [], "user_id": 59732465, "coordinates": null, "source": "Twitter for iPhone", "id_str": "1065294681645314048", "mentions": ["@narendramodi"], "location": "Delhi"}, {"truncated": true, "text": "doing an excellent job at health reporting as always! Much needed discussion about lack of HR in rural\u2026", "hashtags": [], "topic": "infrastructure", "tweet_urls": ["https://t.co/rN2TuDA2l2"], "date": {"hour": 17, "month": 11, "iso": "2018-11-21T17:22:24", "year": 2018, "day": 21, "minute": 22}, "geo": null, "id": 1065294370314829825, "lang": "en", "emoticons": [], "user_id": 702232231629033472, "coordinates": null, "source": "Twitter Web Client", "id_str": "1065294370314829825", "mentions": ["@IndiaSpend"], "location": "Delhi"}, {"truncated": true, "text": "TOT: The business model that could end all of India's infra blues.TOT rectifies the deep risk-sharing weaknesses of\u2026", "hashtags": [], "topic": "infrastructure", "tweet_urls": ["https://t.co/zfy6pSXG8v"], "date": {"hour": 16, "month": 11, "iso": "2018-11-21T16:45:02", "year": 2018, "day": 21, "minute": 45}, "geo": null, "id": 1065284964135182338, "lang": "en", "emoticons": [], "user_id": 21084137, "coordinates": null, "source": "Twitter for iPad", "id_str": "1065284964135182338", "mentions": [], "location": "Delhi"}, {"truncated": true, "text": "No brahamanical patriachy besides institutions like sc etc. India is a true secular country today. Indi\u2026", "hashtags": [], "topic": "infrastructure", "tweet_urls": ["https://t.co/dEDLWboGqP"], "date": {"hour": 15, "month": 11, "iso": "2018-11-21T15:31:02", "year": 2018, "day": 21, "minute": 31}, "geo": null, "id": 1065266344604635137, "lang": "en", "emoticons": [], "user_id": 989892976234057730, "coordinates": null, "source": "Twitter for Android", "id_str": "1065266344604635137", "mentions": ["@_sabanaqvi"], "location": "Delhi"}, {"truncated": true, "text": "Mistake people doing are thronging to established cities overcrowding them than developing towns into cities puttin\u2026", "hashtags": [], "topic": "infrastructure", "tweet_urls": ["https://t.co/3it8Pf4bFa"], "date": {"hour": 15, "month": 11, "iso": "2018-11-21T15:16:30", "year": 2018, "day": 21, "minute": 16}, "geo": null, "id": 1065262684503891969, "lang": "en", "emoticons": [], "user_id": 990650171489796096, "coordinates": null, "source": "Twitter for Android", "id_str": "1065262684503891969", "mentions": [], "location": "Delhi"}, {"truncated": true, "text": "Yes people are truly realising that they need much better law and order, fair and fast justice, basic infrastructur\u2026", "hashtags": [], "topic": "infrastructure", "tweet_urls": ["https://t.co/EewxJV7FGx"], "date": {"hour": 13, "month": 11, "iso": "2018-11-21T13:42:37", "year": 2018, "day": 21, "minute": 42}, "geo": null, "id": 1065239059415613442, "lang": "en", "emoticons": [], "user_id": 118257617, "coordinates": null, "source": "Twitter Web Client", "id_str": "1065239059415613442", "mentions": [], "location": "Delhi"}, {"truncated": true, "text": "Making a Mandir is their Main Objective but instead it should have been Govt. Hospitals, Clinics, Govt. Schools, G\u2026", "hashtags": [], "topic": "infrastructure", "tweet_urls": ["https://t.co/cRjdozStJl"], "date": {"hour": 13, "month": 11, "iso": "2018-11-21T13:18:01", "year": 2018, "day": 21, "minute": 18}, "geo": null, "id": 1065232868895535104, "lang": "en", "emoticons": [], "user_id": 118257617, "coordinates": null, "source": "Twitter Web Client", "id_str": "1065232868895535104", "mentions": [], "location": "Delhi"}, {"truncated": true, "text": "Modi to dedicate to the nation an inland waterways terminal on river Ganga in Varanasi. This is\u2026", "hashtags": ["#KashiKaKayakalp\nPM"], "topic": "infrastructure", "tweet_urls": ["https://t.co/0o83bMpcic"], "date": {"hour": 13, "month": 11, "iso": "2018-11-21T13:10:11", "year": 2018, "day": 21, "minute": 10}, "geo": null, "id": 1065230897614647302, "lang": "en", "emoticons": [], "user_id": 271332006, "coordinates": null, "source": "Twitter for Android", "id_str": "1065230897614647302", "mentions": [], "location": "Delhi"}, {"truncated": true, "text": "Modi to dedicate to nation a series of infrastructure projects in Varanasi which include 16.55\u2026", "hashtags": ["#KashiKaKayakalp\nPM"], "topic": "infrastructure", "tweet_urls": ["https://t.co/l2nr5KKhgF"], "date": {"hour": 13, "month": 11, "iso": "2018-11-21T13:09:42", "year": 2018, "day": 21, "minute": 9}, "geo": null, "id": 1065230775539441665, "lang": "en", "emoticons": [], "user_id": 271332006, "coordinates": null, "source": "Twitter for Android", "id_str": "1065230775539441665", "mentions": [], "location": "Delhi"}, {"truncated": true, "text": "NTPC signed the pact with Ola, Lithium, Shuttl, Bikxie, Bounce, Electrie and Zoom Car for creation of public chargi\u2026", "hashtags": [], "topic": "infrastructure", "tweet_urls": ["https://t.co/ajVk9y8KYR"], "date": {"hour": 13, "month": 11, "iso": "2018-11-21T13:00:00", "year": 2018, "day": 21, "minute": 0}, "geo": null, "id": 1065228334215380992, "lang": "en", "emoticons": [], "user_id": 738257755006439424, "coordinates": null, "source": "TweetDeck", "id_str": "1065228334215380992", "mentions": [], "location": "Delhi"}, {"truncated": true, "text": "Viet Nam seeks more cooperation with India in areas e.g. farmer training, agricultural disease control &amp; tracing or\u2026", "hashtags": [], "topic": "infrastructure", "tweet_urls": ["https://t.co/IEJDtJIOY0"], "date": {"hour": 12, "month": 11, "iso": "2018-11-21T12:00:06", "year": 2018, "day": 21, "minute": 0}, "geo": null, "id": 1065213259735810049, "lang": "en", "emoticons": [], "user_id": 892322911423414274, "coordinates": null, "source": "Twitter for iPhone", "id_str": "1065213259735810049", "mentions": [], "location": "Delhi"}, {"truncated": true, "text": "Big relief for passengers! allows up to 15 days unreserved ticket booking for mela\u2026", "hashtags": ["#IndianRailways", "#Mahakumbh"], "topic": "infrastructure", "tweet_urls": ["https://t.co/HxrBfNhOvp"], "date": {"hour": 11, "month": 11, "iso": "2018-11-21T11:54:46", "year": 2018, "day": 21, "minute": 54}, "geo": null, "id": 1065211918644912129, "lang": "en", "emoticons": [], "user_id": 50279781, "coordinates": null, "source": "Twitter Web Client", "id_str": "1065211918644912129", "mentions": [], "location": "Delhi"}, {"truncated": true, "text": "What were his national savings plans during his tenure ? What did he\u2026", "hashtags": [], "topic": "infrastructure", "tweet_urls": ["https://t.co/GmArOmGyZY"], "date": {"hour": 11, "month": 11, "iso": "2018-11-21T11:24:58", "year": 2018, "day": 21, "minute": 24}, "geo": null, "id": 1065204419749384194, "lang": "en", "emoticons": [], "user_id": 101154963, "coordinates": null, "source": "Twitter for iPhone", "id_str": "1065204419749384194", "mentions": ["@scribe_prashant", "@Supriya23bh", "@jainendrakumar"], "location": "Delhi"}, {"truncated": true, "text": "Allways Net work problem in sultanpur new Delhi 110030?\nIn capital of india ???\nMafia in connection infras\u2026", "hashtags": [], "topic": "infrastructure", "tweet_urls": ["https://t.co/r0uEDic7W7"], "date": {"hour": 11, "month": 11, "iso": "2018-11-21T11:17:44", "year": 2018, "day": 21, "minute": 17}, "geo": null, "id": 1065202596426596354, "lang": "en", "emoticons": [], "user_id": 143736875, "coordinates": null, "source": "Twitter Lite", "id_str": "1065202596426596354", "mentions": ["@JioCare"], "location": "Delhi"}, {"truncated": true, "text": "Seems over the next decade shall see a deluge of class action suits. Hindu awakening has begun. The anti Hindu infr\u2026", "hashtags": [], "topic": "infrastructure", "tweet_urls": ["https://t.co/a3KL7Ot1mF"], "date": {"hour": 11, "month": 11, "iso": "2018-11-21T11:09:15", "year": 2018, "day": 21, "minute": 9}, "geo": null, "id": 1065200461299503104, "lang": "en", "emoticons": [], "user_id": 55845313, "coordinates": null, "source": "Twitter Web Client", "id_str": "1065200461299503104", "mentions": [], "location": "Delhi"}, {"truncated": true, "text": "It's not that they are not allowed, they are allowed, thing is in Masjid, there is a pa\u2026", "hashtags": [], "topic": "infrastructure", "tweet_urls": ["https://t.co/qBxvhP5vAG"], "date": {"hour": 10, "month": 11, "iso": "2018-11-21T10:18:35", "year": 2018, "day": 21, "minute": 18}, "geo": null, "id": 1065187713782042624, "lang": "en", "emoticons": [], "user_id": 81215899, "coordinates": null, "source": "Twitter for Android", "id_str": "1065187713782042624", "mentions": ["@singh24express", "@ShefVaidya"], "location": "Delhi"}, {"truncated": true, "text": "Delhi-Mumbai to be faster! cuts travel time by over an hour; know more\u2026", "hashtags": ["#RajdhaniExpress", "#IndianRailways"], "topic": "infrastructure", "tweet_urls": ["https://t.co/tbSQUo3GeQ"], "date": {"hour": 10, "month": 11, "iso": "2018-11-21T10:04:19", "year": 2018, "day": 21, "minute": 4}, "geo": null, "id": 1065184120089661440, "lang": "en", "emoticons": [], "user_id": 50279781, "coordinates": null, "source": "Twitter Web Client", "id_str": "1065184120089661440", "mentions": [], "location": "Delhi"}, {"truncated": true, "text": "Seen the corporate infrastructure of the tech world, reeking of anonymity, standardisation &amp; a-historicity?\u2026", "hashtags": [], "topic": "infrastructure", "tweet_urls": ["https://t.co/NgNaLRgCW1"], "date": {"hour": 9, "month": 11, "iso": "2018-11-21T09:58:27", "year": 2018, "day": 21, "minute": 58}, "geo": null, "id": 1065182645502455808, "lang": "en", "emoticons": [], "user_id": 1611959160, "coordinates": null, "source": "Twitter for iPhone", "id_str": "1065182645502455808", "mentions": [], "location": "Delhi"}, {"truncated": true, "text": "Impeccable infrastructure IMT Ghaziabad | Nagpur | Dubai | Hyderabad.\nGet Complete Details here -\u2026", "hashtags": [], "topic": "infrastructure", "tweet_urls": ["https://t.co/PnWLvUYToR"], "date": {"hour": 9, "month": 11, "iso": "2018-11-21T09:45:09", "year": 2018, "day": 21, "minute": 45}, "geo": null, "id": 1065179298460561408, "lang": "en", "emoticons": [], "user_id": 278403769, "coordinates": null, "source": "Twitter Web Client", "id_str": "1065179298460561408", "mentions": [], "location": "Delhi"}, {"truncated": true, "text": "The Delhi State Industrial and Infrastructure Development Corporation listed 51,837 units, which are operating from\u2026", "hashtags": [], "topic": "infrastructure", "tweet_urls": ["https://t.co/ORDlRg19f3"], "date": {"hour": 9, "month": 11, "iso": "2018-11-21T09:30:01", "year": 2018, "day": 21, "minute": 30}, "geo": null, "id": 1065175488858136576, "lang": "en", "emoticons": [], "user_id": 1064102493662044160, "coordinates": null, "source": "Buffer", "id_str": "1065175488858136576", "mentions": [], "location": "Delhi"}, {"truncated": false, "text": "India needs to invest in your PUBIC infrastructure? That\u2019s just wrong man", "hashtags": [], "topic": "infrastructure", "tweet_urls": [], "date": {"hour": 9, "month": 11, "iso": "2018-11-21T09:18:26", "year": 2018, "day": 21, "minute": 18}, "geo": null, "id": 1065172576396328962, "lang": "en", "emoticons": [], "user_id": 63923318, "coordinates": null, "source": "Twitter for iPhone", "id_str": "1065172576396328962", "mentions": ["@amitmalviya"], "location": "Delhi"}, {"truncated": false, "text": "Case of profiteering under GST: HC stays NAA order on Pyramid\u00a0Infrastructure", "hashtags": [], "topic": "infrastructure", "tweet_urls": ["https://t.co/rTT8ij8yG3", "https://t.co/YTvuhPj7Aa"], "date": {"hour": 9, "month": 11, "iso": "2018-11-21T09:03:39", "year": 2018, "day": 21, "minute": 3}, "geo": null, "id": 1065168856212213760, "lang": "en", "emoticons": [], "user_id": 2539528092, "coordinates": null, "source": "WordPress.com", "id_str": "1065168856212213760", "mentions": [], "location": "Delhi"}, {"truncated": true, "text": "infrastructure smart industrial cities enable efficient &amp; profitable through te\u2026", "hashtags": ["#PlugAndPlay", "#manufacturing"], "topic": "infrastructure", "tweet_urls": ["https://t.co/ZaTXMjSoOY"], "date": {"hour": 9, "month": 11, "iso": "2018-11-21T09:02:05", "year": 2018, "day": 21, "minute": 2}, "geo": null, "id": 1065168461167378433, "lang": "en", "emoticons": [], "user_id": 2689240818, "coordinates": null, "source": "Twitter Web Client", "id_str": "1065168461167378433", "mentions": ["@dmicdc"], "location": "Delhi"}, {"truncated": true, "text": "The government needs to make large investments for setting up EV charging infrastructure and facilitate research to\u2026", "hashtags": [], "topic": "infrastructure", "tweet_urls": ["https://t.co/vcw0pMi9x0"], "date": {"hour": 8, "month": 11, "iso": "2018-11-21T08:28:47", "year": 2018, "day": 21, "minute": 28}, "geo": null, "id": 1065160082256732160, "lang": "en", "emoticons": [], "user_id": 113568545, "coordinates": null, "source": "Twitter Web Client", "id_str": "1065160082256732160", "mentions": [], "location": "Delhi"}, {"truncated": true, "text": "| This of government assets can be scaled up hugely to auction other forms of GoI infrastruct\u2026", "hashtags": ["#ETEdit", "#monetisation"], "topic": "infrastructure", "tweet_urls": ["https://t.co/NjQfWBd3v4"], "date": {"hour": 8, "month": 11, "iso": "2018-11-21T08:21:13", "year": 2018, "day": 21, "minute": 21}, "geo": null, "id": 1065158176415277056, "lang": "en", "emoticons": [], "user_id": 36322857, "coordinates": null, "source": "TweetDeck", "id_str": "1065158176415277056", "mentions": [], "location": "Delhi"}, {"truncated": true, "text": "PlayVS, which brings esports infrastructure to high schools in the US, raises $30.5M Series B after raising a $15M\u2026", "hashtags": [], "topic": "infrastructure", "tweet_urls": ["https://t.co/lIxidQmzNX"], "date": {"hour": 8, "month": 11, "iso": "2018-11-21T08:20:25", "year": 2018, "day": 21, "minute": 20}, "geo": null, "id": 1065157973532655616, "lang": "en", "emoticons": [], "user_id": 303652864, "coordinates": null, "source": "IFTTT", "id_str": "1065157973532655616", "mentions": [], "location": "Delhi"}, {"truncated": true, "text": "Recently attended Indo Norway summit on AMR at ICMR.\nExc\u2026", "hashtags": [], "topic": "infrastructure", "tweet_urls": ["https://t.co/Cq4luFbY9i"], "date": {"hour": 8, "month": 11, "iso": "2018-11-21T08:15:27", "year": 2018, "day": 21, "minute": 15}, "geo": null, "id": 1065156724485758981, "lang": "en", "emoticons": [], "user_id": 4205605306, "coordinates": null, "source": "Twitter for Android", "id_str": "1065156724485758981", "mentions": ["@ProfBhargava", "@ashokaiims", "@ICMRDELHI", "@MoHFW_INDIA", "@JPNadda"], "location": "Delhi"}, {"truncated": true, "text": "Now pay more to fly from Delhi's Charges raised seven times; details here\nhttps://t.co/JYrwvafL7k\u2026", "hashtags": ["#IGIAirport!"], "topic": "infrastructure", "tweet_urls": ["https://t.co/b1dyVQkekx"], "date": {"hour": 8, "month": 11, "iso": "2018-11-21T08:08:45", "year": 2018, "day": 21, "minute": 8}, "geo": null, "id": 1065155039705092096, "lang": "en", "emoticons": [], "user_id": 755779313631371264, "coordinates": null, "source": "IFTTT", "id_str": "1065155039705092096", "mentions": [], "location": "Delhi"}, {"truncated": true, "text": "Delhiites, get ready to shell out more! \n\nAirport charges have been increased seven times to a flat Rs 77 for each\u2026", "hashtags": [], "topic": "infrastructure", "tweet_urls": ["https://t.co/EjUFaZcuVV"], "date": {"hour": 8, "month": 11, "iso": "2018-11-21T08:08:44", "year": 2018, "day": 21, "minute": 8}, "geo": null, "id": 1065155034957139968, "lang": "en", "emoticons": [], "user_id": 755779313631371264, "coordinates": null, "source": "IFTTT", "id_str": "1065155034957139968", "mentions": [], "location": "Delhi"}, {"truncated": true, "text": "Don't rub your eyes! Africa's Morocco has got a even before India\nhttps://t.co/cfbkW5V8VP\u2026", "hashtags": ["#bullettrain"], "topic": "infrastructure", "tweet_urls": ["https://t.co/SeLU615Uju"], "date": {"hour": 8, "month": 11, "iso": "2018-11-21T08:08:42", "year": 2018, "day": 21, "minute": 8}, "geo": null, "id": 1065155024672694272, "lang": "en", "emoticons": [], "user_id": 755779313631371264, "coordinates": null, "source": "IFTTT", "id_str": "1065155024672694272", "mentions": [], "location": "Delhi"}, {"truncated": true, "text": "As a panelist at \u201c South Asia Regional Conference on Urban Infrastructure\u201d organised by on 15.11.2018 a\u2026", "hashtags": ["#NITIAayog"], "topic": "infrastructure", "tweet_urls": ["https://t.co/2Gr0hsIPll"], "date": {"hour": 7, "month": 11, "iso": "2018-11-21T07:57:01", "year": 2018, "day": 21, "minute": 57}, "geo": null, "id": 1065152084318707717, "lang": "en", "emoticons": [], "user_id": 590119886, "coordinates": null, "source": "Twitter Web Client", "id_str": "1065152084318707717", "mentions": [], "location": "Delhi"}, {"truncated": true, "text": "Ramagya School is one the Best CBSE Schools in Noida 2018 It is one of the best CBSE Schools in Noida We are offeri\u2026", "hashtags": [], "topic": "infrastructure", "tweet_urls": ["https://t.co/hwkV8leGkL"], "date": {"hour": 7, "month": 11, "iso": "2018-11-21T07:56:26", "year": 2018, "day": 21, "minute": 56}, "geo": null, "id": 1065151938629644288, "lang": "en", "emoticons": [], "user_id": 3325521973, "coordinates": null, "source": "Twitter Web Client", "id_str": "1065151938629644288", "mentions": [], "location": "Delhi"}, {"truncated": true, "text": "AK Verma (JS speaks about the cyclical nature of electricity supply and how constant upgrades will be\u2026", "hashtags": [], "topic": "infrastructure", "tweet_urls": ["https://t.co/pYosVUzpQS"], "date": {"hour": 7, "month": 11, "iso": "2018-11-21T07:53:10", "year": 2018, "day": 21, "minute": 53}, "geo": null, "id": 1065151118789894144, "lang": "en", "emoticons": [], "user_id": 310996905, "coordinates": null, "source": "Twitter for iPhone", "id_str": "1065151118789894144", "mentions": ["@MinOfPower)"], "location": "Delhi"}, {"truncated": true, "text": "Delhiites, get ready to shell out more! \n\nAirport charges have been increased seven times to a flat Rs 77 for each\u2026", "hashtags": [], "topic": "infrastructure", "tweet_urls": ["https://t.co/6UR7XLGQ2u"], "date": {"hour": 7, "month": 11, "iso": "2018-11-21T07:48:36", "year": 2018, "day": 21, "minute": 48}, "geo": null, "id": 1065149968124731392, "lang": "en", "emoticons": [], "user_id": 50279781, "coordinates": null, "source": "Twitter Web Client", "id_str": "1065149968124731392", "mentions": [], "location": "Delhi"}, {"truncated": true, "text": "ITS reviews the ever increasing population which is putting an immense pressure on transportation in urban cities.\u2026", "hashtags": [], "topic": "infrastructure", "tweet_urls": ["https://t.co/DD3bpgMBVe"], "date": {"hour": 7, "month": 11, "iso": "2018-11-21T07:06:52", "year": 2018, "day": 21, "minute": 6}, "geo": null, "id": 1065139464031399936, "lang": "en", "emoticons": [], "user_id": 759710475881885696, "coordinates": null, "source": "Hootsuite Inc.", "id_str": "1065139464031399936", "mentions": [], "location": "Delhi"}, {"truncated": true, "text": "The intervention of cutting-edge is slowly transforming the face of labour intensive infrastructure and\u2026", "hashtags": ["#technology"], "topic": "infrastructure", "tweet_urls": ["https://t.co/OOZQw8YKS1"], "date": {"hour": 7, "month": 11, "iso": "2018-11-21T07:05:26", "year": 2018, "day": 21, "minute": 5}, "geo": null, "id": 1065139106353569792, "lang": "en", "emoticons": [], "user_id": 946431766947958784, "coordinates": null, "source": "Twitter Web Client", "id_str": "1065139106353569792", "mentions": [], "location": "Delhi"}, {"truncated": true, "text": "Roads and are one of the most significant part of any country\u2019s sector, Research\u2026", "hashtags": ["#highways", "#infrastructure", "#TechSci"], "topic": "infrastructure", "tweet_urls": ["https://t.co/zC1xU4kkYb"], "date": {"hour": 7, "month": 11, "iso": "2018-11-21T07:01:00", "year": 2018, "day": 21, "minute": 1}, "geo": null, "id": 1065137989439942656, "lang": "en", "emoticons": [], "user_id": 1044545396565991425, "coordinates": null, "source": "Twitter Web Client", "id_str": "1065137989439942656", "mentions": [], "location": "Delhi"}, {"truncated": true, "text": "If companies keep cars longer then usual and release them every time with perfect to drive only to get same problem\u2026", "hashtags": [], "topic": "infrastructure", "tweet_urls": ["https://t.co/MuJYxYf6zs"], "date": {"hour": 6, "month": 11, "iso": "2018-11-21T06:56:58", "year": 2018, "day": 21, "minute": 56}, "geo": null, "id": 1065136972144889856, "lang": "en", "emoticons": [], "user_id": 57073389, "coordinates": null, "source": "Twitter for iPhone", "id_str": "1065136972144889856", "mentions": [], "location": "Delhi"}, {"truncated": true, "text": "Connectivity set to improve in Delhi with the DMRC all set to open many new sections in the coming months.\u2026", "hashtags": [], "topic": "infrastructure", "tweet_urls": ["https://t.co/7bf9UowFcB"], "date": {"hour": 6, "month": 11, "iso": "2018-11-21T06:12:09", "year": 2018, "day": 21, "minute": 12}, "geo": null, "id": 1065125695204950016, "lang": "en", "emoticons": [], "user_id": 914201280448421888, "coordinates": null, "source": "Twitter Web Client", "id_str": "1065125695204950016", "mentions": [], "location": "Delhi"}, {"truncated": true, "text": "\"The availability of Input tax credit (CENVAT credit) mechanism will reduce overall billing by IP-1s to telecom ser\u2026", "hashtags": [], "topic": "infrastructure", "tweet_urls": ["https://t.co/s0BhS1S0EC"], "date": {"hour": 5, "month": 11, "iso": "2018-11-21T05:51:56", "year": 2018, "day": 21, "minute": 51}, "geo": null, "id": 1065120605882720257, "lang": "en", "emoticons": [], "user_id": 1054997995660472321, "coordinates": null, "source": "Twitter Web Client", "id_str": "1065120605882720257", "mentions": [], "location": "Delhi"}, {"truncated": true, "text": "India\u2019s first greenfield cities with underground, , plug \u2018n\u2019play Planned for 50 years\u2026", "hashtags": ["#futureproof", "#infrastructure."], "topic": "infrastructure", "tweet_urls": ["https://t.co/2FbC12HeHs"], "date": {"hour": 5, "month": 11, "iso": "2018-11-21T05:50:16", "year": 2018, "day": 21, "minute": 50}, "geo": null, "id": 1065120186422849536, "lang": "en", "emoticons": [], "user_id": 2689240818, "coordinates": null, "source": "Twitter Web Client", "id_str": "1065120186422849536", "mentions": [], "location": "Delhi"}, {"truncated": true, "text": "you\u2026", "hashtags": [], "topic": "infrastructure", "tweet_urls": ["https://t.co/IxzEdayJ9m"], "date": {"hour": 5, "month": 11, "iso": "2018-11-21T05:43:01", "year": 2018, "day": 21, "minute": 43}, "geo": null, "id": 1065118365319135233, "lang": "en", "emoticons": [], "user_id": 891990674207252480, "coordinates": null, "source": "Twitter Web Client", "id_str": "1065118365319135233", "mentions": ["@RadhamohanBJP", "@PMOIndia", "@KrishnaRajMOS", "@DOAHDF", "@MIB_India", "@gssjodhpur", "@PRupala", "@icarindia", "@AgriGoI", "@PIB_India"], "location": "Delhi"}, {"truncated": true, "text": "Yes sir go to mp... people want party like AAP IN Country... which talk only of develop\u2026", "hashtags": [], "topic": "infrastructure", "tweet_urls": ["https://t.co/HqDD5gdUTe"], "date": {"hour": 5, "month": 11, "iso": "2018-11-21T05:40:39", "year": 2018, "day": 21, "minute": 40}, "geo": null, "id": 1065117768989630464, "lang": "en", "emoticons": [], "user_id": 937228661392007169, "coordinates": null, "source": "Twitter for Android", "id_str": "1065117768989630464", "mentions": ["@AAPExpress", "@ArvindKejriwal"], "location": "Delhi"}, {"truncated": true, "text": "Sir\u2026", "hashtags": [], "topic": "infrastructure", "tweet_urls": ["https://t.co/UAyxI5NBOS"], "date": {"hour": 5, "month": 11, "iso": "2018-11-21T05:26:10", "year": 2018, "day": 21, "minute": 26}, "geo": null, "id": 1065114123749462017, "lang": "en", "emoticons": [], "user_id": 891990674207252480, "coordinates": null, "source": "Twitter Web Client", "id_str": "1065114123749462017", "mentions": ["@RadhamohanBJP", "@PMOIndia", "@KrishnaRajMOS", "@DOAHDF", "@MIB_India", "@gssjodhpur", "@PRupala", "@icarindia", "@AgriGoI", "@PIB_India"], "location": "Delhi"}, {"truncated": true, "text": "Let's not ignore that mitigatiom efforts need lifestyle changes and infrastructure interventions without sustained\u2026", "hashtags": [], "topic": "infrastructure", "tweet_urls": ["https://t.co/jzUzFHncOp"], "date": {"hour": 4, "month": 11, "iso": "2018-11-21T04:22:24", "year": 2018, "day": 21, "minute": 22}, "geo": null, "id": 1065098077395185664, "lang": "en", "emoticons": [], "user_id": 706497035508121600, "coordinates": null, "source": "Twitter for Android", "id_str": "1065098077395185664", "mentions": [], "location": "Delhi"}, {"truncated": true, "text": "Excellent analysis.\nCourse correction taken for infrastructure building has b\u2026", "hashtags": [], "topic": "infrastructure", "tweet_urls": ["https://t.co/yTHhrPa5qo"], "date": {"hour": 4, "month": 11, "iso": "2018-11-21T04:15:58", "year": 2018, "day": 21, "minute": 15}, "geo": null, "id": 1065096457236156416, "lang": "en", "emoticons": [], "user_id": 72046884, "coordinates": null, "source": "Twitter for Android", "id_str": "1065096457236156416", "mentions": ["@Sanju_Verma_", "@narendramodi", "@AmitShah"], "location": "Delhi"}, {"truncated": true, "text": "Bangalore-based Cloud Infrastructure Startup Rtbrick Raises $6 Mn from DTCP and Swisscom Ventures\u2026", "hashtags": [], "topic": "infrastructure", "tweet_urls": ["https://t.co/tfdY5WJx8C"], "date": {"hour": 4, "month": 11, "iso": "2018-11-21T04:07:04", "year": 2018, "day": 21, "minute": 7}, "geo": null, "id": 1065094217964212225, "lang": "en", "emoticons": [], "user_id": 2195798377, "coordinates": null, "source": "dlvr.it", "id_str": "1065094217964212225", "mentions": [], "location": "Delhi"}, {"truncated": true, "text": "Govt should only look after Defence, Police , Law &amp; Order, Taxation , Infrastructure projects\u2026", "hashtags": [], "topic": "infrastructure", "tweet_urls": ["https://t.co/WAP2wvPRUA"], "date": {"hour": 3, "month": 11, "iso": "2018-11-21T03:52:53", "year": 2018, "day": 21, "minute": 52}, "geo": null, "id": 1065090647399546880, "lang": "en", "emoticons": [], "user_id": 778856610928013313, "coordinates": null, "source": "Twitter for Android", "id_str": "1065090647399546880", "mentions": ["@Swamy39", "@Mausam1975"], "location": "Delhi"}, {"truncated": true, "text": "I beg to slightly differ..it has a potential transform into a broader vehicle of connectivity projects, infrastruct\u2026", "hashtags": [], "topic": "infrastructure", "tweet_urls": ["https://t.co/UVKHvQnT2W"], "date": {"hour": 3, "month": 11, "iso": "2018-11-21T03:45:56", "year": 2018, "day": 21, "minute": 45}, "geo": null, "id": 1065088897334616064, "lang": "en", "emoticons": [], "user_id": 2345205253, "coordinates": null, "source": "Twitter Web Client", "id_str": "1065088897334616064", "mentions": [], "location": "Delhi"}, {"truncated": true, "text": "Every small Indian town has its unique story and significance but their problems are similar: lack of basic service\u2026", "hashtags": [], "topic": "infrastructure", "tweet_urls": ["https://t.co/9uPbr1SzXN"], "date": {"hour": 2, "month": 11, "iso": "2018-11-21T02:19:59", "year": 2018, "day": 21, "minute": 19}, "geo": null, "id": 1065067269691035648, "lang": "en", "emoticons": [], "user_id": 1482075170, "coordinates": null, "source": "Twitter Web Client", "id_str": "1065067269691035648", "mentions": [], "location": "Delhi"}]