[{"truncated": true, "text": "From Pre-Standardisation to System Standards for the Smart Infrastructure in our Smart Cities... A very busy n hect\u2026", "hashtags": [], "topic": "infrastructure", "tweet_urls": ["https://t.co/m0z9jFGkaI"], "date": {"hour": 2, "month": 11, "iso": "2018-11-03T02:07:39", "year": 2018, "day": 3, "minute": 7}, "geo": null, "id": 1058541184086368256, "lang": "en", "emoticons": [], "user_id": 399912698, "coordinates": null, "source": "Facebook", "location": "Delhi", "mentions": []}, {"truncated": true, "text": "Even though the schools and leaderships do want to bring about the change , my point wo\u2026", "hashtags": [], "topic": "infrastructure", "tweet_urls": ["https://t.co/R5t4JomOy2"], "date": {"hour": 2, "month": 11, "iso": "2018-11-03T02:05:32", "year": 2018, "day": 3, "minute": 5}, "geo": null, "id": 1058540650973589505, "lang": "en", "emoticons": [], "user_id": 560002513, "coordinates": null, "source": "Twitter for Android", "location": "Delhi", "mentions": ["@teacherforest", "@GohGaikJune"]}, {"truncated": true, "text": "Unsustainable fiscal deficits questionable trade policy inequality, crumbling underperforming schoo\u2026", "hashtags": ["#infrastructure"], "topic": "infrastructure", "tweet_urls": ["https://t.co/xUQd3XaEEQ"], "date": {"hour": 1, "month": 11, "iso": "2018-11-03T01:37:51", "year": 2018, "day": 3, "minute": 37}, "geo": null, "id": 1058533683932659712, "lang": "en", "emoticons": [], "user_id": 250984932, "coordinates": null, "source": "Twitter for Android", "location": "Delhi", "mentions": []}, {"truncated": true, "text": "Dear Airtel, your basic infrastructure is poor, hence poor network &amp; call drops, whic\u2026", "hashtags": [], "topic": "infrastructure", "tweet_urls": ["https://t.co/3c9mSZwtzq"], "date": {"hour": 0, "month": 11, "iso": "2018-11-03T00:39:02", "year": 2018, "day": 3, "minute": 39}, "geo": null, "id": 1058518883269832704, "lang": "en", "emoticons": [], "user_id": 801670282553372672, "coordinates": null, "source": "Twitter for Android", "location": "Delhi", "mentions": ["@Airtel_Presence", "@sevavaibhav"]}, {"truncated": true, "text": "Way to go! Indian Railways gets new aerodynamic \u2018Make in India\u2019 electric locomotive for semi-high speed trains\u2026", "hashtags": [], "topic": "infrastructure", "tweet_urls": ["https://t.co/wZ1WxWqO9D"], "date": {"hour": 20, "month": 11, "iso": "2018-11-02T20:27:50", "year": 2018, "day": 2, "minute": 27}, "geo": null, "id": 1058455663712632833, "lang": "en", "emoticons": [], "user_id": 1386332545, "coordinates": null, "source": "Twitter for Android", "location": "Delhi", "mentions": []}, {"truncated": true, "text": "World\u2019s fastest growing! Delhi\u2019s IGI airport now among 20 busiest airports in the world\nhttps://t.co/JJTuM96Zvf via\u2026", "hashtags": [], "topic": "infrastructure", "tweet_urls": ["https://t.co/hBU8zMoTcW"], "date": {"hour": 20, "month": 11, "iso": "2018-11-02T20:26:40", "year": 2018, "day": 2, "minute": 26}, "geo": null, "id": 1058455371411533829, "lang": "en", "emoticons": [], "user_id": 1386332545, "coordinates": null, "source": "Twitter for Android", "location": "Delhi", "mentions": []}, {"truncated": true, "text": "This is how we are bothered to travel sir during our festivals season, we don't need bullet train inspite the basi\u2026", "hashtags": [], "topic": "infrastructure", "tweet_urls": ["https://t.co/o1xAegQJlY"], "date": {"hour": 18, "month": 11, "iso": "2018-11-02T18:43:58", "year": 2018, "day": 2, "minute": 43}, "geo": null, "id": 1058429527658020869, "lang": "en", "emoticons": [], "user_id": 2614983276, "coordinates": null, "source": "Twitter Lite", "location": "Delhi", "mentions": []}, {"truncated": true, "text": "MHs designed 2 cater\u2026", "hashtags": [], "topic": "infrastructure", "tweet_urls": ["https://t.co/jrVyHTDMUF"], "date": {"hour": 17, "month": 11, "iso": "2018-11-02T17:37:29", "year": 2018, "day": 2, "minute": 37}, "geo": null, "id": 1058412794117267457, "lang": "en", "emoticons": [], "user_id": 77730690, "coordinates": null, "source": "Twitter for iPad", "location": "Delhi", "mentions": ["@vikramwkarve", "@gyan9881", "@atahasnain53", "@Chohan1954", "@BrigMahalingam", "@ChandrusWeb", "@manaman_chhina"]}, {"truncated": true, "text": "Sir,Can one invest in these 4 funds i.e. ICICI Prudential Bluechip,\nKotak India Equity C\u2026", "hashtags": [], "topic": "infrastructure", "tweet_urls": ["https://t.co/CbPeEDKW5e"], "date": {"hour": 17, "month": 11, "iso": "2018-11-02T17:23:41", "year": 2018, "day": 2, "minute": 23}, "geo": null, "id": 1058409321242025984, "lang": "en", "emoticons": [], "user_id": 95394081, "coordinates": null, "source": "Twitter for Android", "location": "Delhi", "mentions": ["@CNBCTV18Live", "@NagpalManoj"]}, {"truncated": true, "text": "Yes our Sh Ji takes pride in being an Indian first and would go to any lengths to promote I\u2026", "hashtags": [], "topic": "infrastructure", "tweet_urls": ["https://t.co/t2YF5mgylm"], "date": {"hour": 17, "month": 11, "iso": "2018-11-02T17:17:18", "year": 2018, "day": 2, "minute": 17}, "geo": null, "id": 1058407716236988416, "lang": "en", "emoticons": [], "user_id": 3314976162, "coordinates": null, "source": "Twitter for iPhone", "location": "Delhi", "mentions": ["@PMOIndia", "@narendramodi"]}, {"truncated": true, "text": "is organising South Asian conference on Infrastructure with &amp; on 15 &amp; 16\u2026", "hashtags": ["#PPP-Urban"], "topic": "infrastructure", "tweet_urls": ["https://t.co/i4z57uOk5s"], "date": {"hour": 17, "month": 11, "iso": "2018-11-02T17:00:45", "year": 2018, "day": 2, "minute": 0}, "geo": null, "id": 1058403549661544450, "lang": "en", "emoticons": [], "user_id": 589055895, "coordinates": null, "source": "Twitter for iPhone", "location": "Delhi", "mentions": ["@NITIAayog", "@ADB_HQ", "@UN_EastAsia"]}, {"truncated": true, "text": "ji ji ji ji after looking at repo\u2026", "hashtags": [], "topic": "infrastructure", "tweet_urls": ["https://t.co/J1LjNQkhQs"], "date": {"hour": 16, "month": 11, "iso": "2018-11-02T16:59:27", "year": 2018, "day": 2, "minute": 59}, "geo": null, "id": 1058403224988934146, "lang": "en", "emoticons": [], "user_id": 929067098751373312, "coordinates": null, "source": "Twitter Lite", "location": "Delhi", "mentions": ["@arunjaitley", "@fgautier26", "@PiyushGoyal", "@narendramodi", "@sureshpprabhu", "@nitin_gadkari"]}, {"truncated": true, "text": "Suggest build proper infrastructure &amp; manage it with civilian doctors &amp; staff. Army doctors &amp; staff are not being p\u2026", "hashtags": [], "topic": "infrastructure", "tweet_urls": ["https://t.co/PbIMkLsy8H"], "date": {"hour": 16, "month": 11, "iso": "2018-11-02T16:39:47", "year": 2018, "day": 2, "minute": 39}, "geo": null, "id": 1058398276435746817, "lang": "en", "emoticons": [], "user_id": 2798115080, "coordinates": null, "source": "Twitter for iPhone", "location": "Delhi", "mentions": []}, {"truncated": true, "text": "Finally, here comes a Bollywood heroine acting as a user! Hope this brings back the focus how lack of o\u2026", "hashtags": ["#wheelchair"], "topic": "infrastructure", "tweet_urls": ["https://t.co/dywzvi5lu4"], "date": {"hour": 16, "month": 11, "iso": "2018-11-02T16:19:05", "year": 2018, "day": 2, "minute": 19}, "geo": null, "id": 1058393064203374592, "lang": "en", "emoticons": [], "user_id": 44588958, "coordinates": null, "source": "Twitter for iPhone", "location": "Delhi", "mentions": []}, {"truncated": true, "text": "Right you celebrate the vigilance awareness week but why you are not looking in the matter of DDA Hou\u2026", "hashtags": [], "topic": "infrastructure", "tweet_urls": ["https://t.co/uZVhdOoNaM"], "date": {"hour": 15, "month": 11, "iso": "2018-11-02T15:33:35", "year": 2018, "day": 2, "minute": 33}, "geo": null, "id": 1058381614600859648, "lang": "en", "emoticons": [], "user_id": 4621655004, "coordinates": null, "source": "Twitter for Android", "location": "Delhi", "mentions": ["@official_dda"]}, {"truncated": true, "text": "The payment for the land at MIHAN, Nagpur, Maharashtra was made from 2015 to 2017, much before the investment by Da\u2026", "hashtags": [], "topic": "infrastructure", "tweet_urls": ["https://t.co/SJm8SX9IDV"], "date": {"hour": 14, "month": 11, "iso": "2018-11-02T14:00:41", "year": 2018, "day": 2, "minute": 0}, "geo": null, "id": 1058358238125719554, "lang": "en", "emoticons": [], "user_id": 75550628, "coordinates": null, "source": "IFTTT", "location": "Delhi", "mentions": []}, {"truncated": true, "text": "Neither. We need the Singapore model. One where the government does not dole money to win votes but appl\u2026", "hashtags": [], "topic": "infrastructure", "tweet_urls": ["https://t.co/iDRUnsfAep"], "date": {"hour": 13, "month": 11, "iso": "2018-11-02T13:35:32", "year": 2018, "day": 2, "minute": 35}, "geo": null, "id": 1058351907155140609, "lang": "en", "emoticons": [], "user_id": 194577098, "coordinates": null, "source": "Twitter for Android", "location": "Delhi", "mentions": ["@vinodjose"]}, {"truncated": true, "text": "Croma Campus is one of the best and accredited Photoshop Training Institute in Noida. Our Photoshop training instit\u2026", "hashtags": [], "topic": "infrastructure", "tweet_urls": ["https://t.co/ZuDu9040pI"], "date": {"hour": 12, "month": 11, "iso": "2018-11-02T12:31:38", "year": 2018, "day": 2, "minute": 31}, "geo": null, "id": 1058335826764070912, "lang": "en", "emoticons": [], "user_id": 1040197479717920768, "coordinates": null, "source": "Twitter Web Client", "location": "Delhi", "mentions": []}, {"truncated": true, "text": "'s investment in Reliance Airport Developers Limited has no link whatsoever with contract b\u2026", "hashtags": ["#Rafale"], "topic": "infrastructure", "tweet_urls": ["https://t.co/r1vLW73pfG"], "date": {"hour": 12, "month": 11, "iso": "2018-11-02T12:31:09", "year": 2018, "day": 2, "minute": 31}, "geo": null, "id": 1058335703107584000, "lang": "en", "emoticons": [], "user_id": 109895721, "coordinates": null, "source": "Twitter Web Client", "location": "Delhi", "mentions": ["@Dassault_OnAir"]}, {"truncated": true, "text": "'s investment in Reliance Airport Developers Limited has no link whatsoever with contract b\u2026", "hashtags": ["#Rafale"], "topic": "infrastructure", "tweet_urls": ["https://t.co/k1yFJEVpHL"], "date": {"hour": 12, "month": 11, "iso": "2018-11-02T12:28:35", "year": 2018, "day": 2, "minute": 28}, "geo": null, "id": 1058335058015281152, "lang": "en", "emoticons": [], "user_id": 109895721, "coordinates": null, "source": "Twitter Web Client", "location": "Delhi", "mentions": ["@Dassault_OnAir"]}, {"truncated": true, "text": "\"Russia is currently managing its insecurities quietly since it recognizes the need for Chinese capital and manufac\u2026", "hashtags": [], "topic": "infrastructure", "tweet_urls": ["https://t.co/o7zLa03yrI"], "date": {"hour": 12, "month": 11, "iso": "2018-11-02T12:26:28", "year": 2018, "day": 2, "minute": 26}, "geo": null, "id": 1058334523874832384, "lang": "en", "emoticons": [], "user_id": 145530190, "coordinates": null, "source": "Twitter Web Client", "location": "Delhi", "mentions": []}, {"truncated": true, "text": "I have booked my flat in two different projects supertech Romano and AMR in\u2026", "hashtags": [], "topic": "infrastructure", "tweet_urls": ["https://t.co/Dj75U2P4Zm"], "date": {"hour": 12, "month": 11, "iso": "2018-11-02T12:26:05", "year": 2018, "day": 2, "minute": 26}, "geo": null, "id": 1058334429502980098, "lang": "en", "emoticons": [], "user_id": 1396336794, "coordinates": null, "source": "Twitter for Android", "location": "Delhi", "mentions": ["@CNBCTV18News", "@abhaykol", "@manishanataraj"]}, {"truncated": true, "text": "Steel is one of the most widely used and widely recycled metals on earth. It finds extensive application in constru\u2026", "hashtags": [], "topic": "infrastructure", "tweet_urls": ["https://t.co/vTLXlkecMd"], "date": {"hour": 11, "month": 11, "iso": "2018-11-02T11:18:56", "year": 2018, "day": 2, "minute": 18}, "geo": null, "id": 1058317530635427841, "lang": "en", "emoticons": [], "user_id": 2511080450, "coordinates": null, "source": "Twitter for iPhone", "location": "Delhi", "mentions": []}, {"truncated": true, "text": ": India\u2019s only and fastest growing B2B e-Commerce platform in the Construction, Infrastruct\u2026", "hashtags": [], "topic": "infrastructure", "tweet_urls": ["https://t.co/0A2xKcMbMO", "https://t.co/IImf5r9v6I"], "date": {"hour": 10, "month": 11, "iso": "2018-11-02T10:40:00", "year": 2018, "day": 2, "minute": 40}, "geo": null, "id": 1058307733001244674, "lang": "en", "emoticons": [], "user_id": 128894906, "coordinates": null, "source": "Buffer", "location": "Delhi", "mentions": []}, {"truncated": true, "text": "Using data from several sources, we indicate a diversity of factors that could inform the choice of sanitation infr\u2026", "hashtags": [], "topic": "infrastructure", "tweet_urls": ["https://t.co/vOVBioZkFO"], "date": {"hour": 9, "month": 11, "iso": "2018-11-02T09:56:59", "year": 2018, "day": 2, "minute": 56}, "geo": null, "id": 1058296907754168321, "lang": "en", "emoticons": [], "user_id": 1035417670533885952, "coordinates": null, "source": "Twitter Web Client", "location": "Delhi", "mentions": []}, {"truncated": true, "text": "workers in is low mainly due to lack of basic facilities like and\u2026", "hashtags": ["#Women", "#PublicTransport", "#PublicToilet,", "#DutyChart"], "topic": "infrastructure", "tweet_urls": ["https://t.co/HE0WAIYR7l"], "date": {"hour": 9, "month": 11, "iso": "2018-11-02T09:43:57", "year": 2018, "day": 2, "minute": 43}, "geo": null, "id": 1058293628219592704, "lang": "en", "emoticons": [], "user_id": 37922290, "coordinates": null, "source": "Twitter for Android", "location": "Delhi", "mentions": []}, {"truncated": true, "text": "Further, development of technical and support infrastructure for maintenance of these assets were also discussed in\u2026", "hashtags": [], "topic": "infrastructure", "tweet_urls": ["https://t.co/ueNlD2Jv69"], "date": {"hour": 9, "month": 11, "iso": "2018-11-02T09:32:12", "year": 2018, "day": 2, "minute": 32}, "geo": null, "id": 1058290668521558017, "lang": "en", "emoticons": [], "user_id": 53089452, "coordinates": null, "source": "Twitter for Android", "location": "Delhi", "mentions": []}, {"truncated": true, "text": "infrastructure will embody of a security cryptocurrency offering platform, a security cryptocurrency inte\u2026", "hashtags": ["#DESICO's"], "topic": "infrastructure", "tweet_urls": ["https://t.co/hj7Po3h5au"], "date": {"hour": 8, "month": 11, "iso": "2018-11-02T08:17:51", "year": 2018, "day": 2, "minute": 17}, "geo": null, "id": 1058271957404270593, "lang": "en", "emoticons": [], "user_id": 951487464908058625, "coordinates": null, "source": "Twitter Web Client", "location": "Delhi", "mentions": []}, {"truncated": true, "text": "This is the way the civilian Govts allow construction of houses in an area without increasing the water sewerage &amp;\u2026", "hashtags": [], "topic": "infrastructure", "tweet_urls": ["https://t.co/DTltUN7orj"], "date": {"hour": 8, "month": 11, "iso": "2018-11-02T08:12:27", "year": 2018, "day": 2, "minute": 12}, "geo": null, "id": 1058270598407819264, "lang": "en", "emoticons": [], "user_id": 2798115080, "coordinates": null, "source": "Twitter for iPhone", "location": "Delhi", "mentions": []}, {"truncated": true, "text": "Big positive! movement on inland waterways begins with goods\u2026", "hashtags": ["#India's", "#first", "#containervessel", "#PepsiCo"], "topic": "infrastructure", "tweet_urls": ["https://t.co/LuqbrMOVno"], "date": {"hour": 7, "month": 11, "iso": "2018-11-02T07:53:35", "year": 2018, "day": 2, "minute": 53}, "geo": null, "id": 1058265850833068032, "lang": "en", "emoticons": [], "user_id": 50279781, "coordinates": null, "source": "Twitter Web Client", "location": "Delhi", "mentions": []}, {"truncated": true, "text": "Learn how HCL makes your business service-oriented, and capable of delivering unified experiences\u2026", "hashtags": ["#agile,", "#secure,"], "topic": "infrastructure", "tweet_urls": ["https://t.co/Q9XsyHN8BC"], "date": {"hour": 7, "month": 11, "iso": "2018-11-02T07:50:04", "year": 2018, "day": 2, "minute": 50}, "geo": null, "id": 1058264965474177029, "lang": "en", "emoticons": [], "user_id": 15956519, "coordinates": null, "source": "Hootsuite Inc.", "location": "Delhi", "mentions": []}, {"truncated": true, "text": "in the Industry is important to ensure the protection of consumer and the\u2026", "hashtags": ["#QualityControlOrder", "#Steel", "#health"], "topic": "infrastructure", "tweet_urls": ["https://t.co/AdxroWHi10"], "date": {"hour": 7, "month": 11, "iso": "2018-11-02T07:19:25", "year": 2018, "day": 2, "minute": 19}, "geo": null, "id": 1058257255387123713, "lang": "en", "emoticons": [], "user_id": 761163448059301888, "coordinates": null, "source": "Twitter Web Client", "location": "Delhi", "mentions": []}, {"truncated": true, "text": "'Govt lacks in completion of infrastructure, which is why the completion of the residential projects are not happen\u2026", "hashtags": [], "topic": "infrastructure", "tweet_urls": ["https://t.co/PDw1SZCATm"], "date": {"hour": 7, "month": 11, "iso": "2018-11-02T07:18:46", "year": 2018, "day": 2, "minute": 18}, "geo": null, "id": 1058257091826081792, "lang": "en", "emoticons": [], "user_id": 70622752, "coordinates": null, "source": "Twitter Web Client", "location": "Delhi", "mentions": []}, {"truncated": true, "text": "passengers, take a note! Several trains diverted &amp; terminals changed; check list here\u2026", "hashtags": ["#IndianRailways"], "topic": "infrastructure", "tweet_urls": ["https://t.co/gvAjdUCyQI"], "date": {"hour": 7, "month": 11, "iso": "2018-11-02T07:14:51", "year": 2018, "day": 2, "minute": 14}, "geo": null, "id": 1058256106911293440, "lang": "en", "emoticons": [], "user_id": 50279781, "coordinates": null, "source": "Twitter Web Client", "location": "Delhi", "mentions": []}, {"truncated": true, "text": "RT TelecomTV Ericsson and Intel share a solution to transform the way you manage IT dat\u2026", "hashtags": ["#LI"], "topic": "infrastructure", "tweet_urls": ["https://t.co/RM9egJ3qQQ", "https://t.co/IRzSIlpcwO"], "date": {"hour": 7, "month": 11, "iso": "2018-11-02T07:00:45", "year": 2018, "day": 2, "minute": 0}, "geo": null, "id": 1058252558551048193, "lang": "en", "emoticons": [], "user_id": 13584132, "coordinates": null, "source": "IFTTT", "location": "Delhi", "mentions": []}, {"truncated": true, "text": "Identify accurately &amp; locate external sources outside infrastructure with PIM Finder\u2026", "hashtags": ["#PIM", "#antenna"], "topic": "infrastructure", "tweet_urls": ["https://t.co/AyegUaZlzn"], "date": {"hour": 6, "month": 11, "iso": "2018-11-02T06:37:37", "year": 2018, "day": 2, "minute": 37}, "geo": null, "id": 1058246733719687169, "lang": "en", "emoticons": [], "user_id": 749507190642225152, "coordinates": null, "source": "Twitter Web Client", "location": "Delhi", "mentions": ["@KaelusRF"]}, {"truncated": true, "text": "With the best faculty team and world-class infrastructure, we are aimed to provide the best knowledge to our studen\u2026", "hashtags": [], "topic": "infrastructure", "tweet_urls": ["https://t.co/vI44WqoyXI"], "date": {"hour": 5, "month": 11, "iso": "2018-11-02T05:57:39", "year": 2018, "day": 2, "minute": 57}, "geo": null, "id": 1058236674965000193, "lang": "en", "emoticons": [], "user_id": 994554920383676416, "coordinates": null, "source": "Twitter Web Client", "location": "Delhi", "mentions": []}, {"truncated": true, "text": "Asia-Pacific Institute of Management (AIM) has a fully air-conditioned cafeteria that serves delicious breakfast an\u2026", "hashtags": [], "topic": "infrastructure", "tweet_urls": ["https://t.co/QJleyKxszz"], "date": {"hour": 5, "month": 11, "iso": "2018-11-02T05:54:20", "year": 2018, "day": 2, "minute": 54}, "geo": null, "id": 1058235842307678209, "lang": "en", "emoticons": [], "user_id": 236346175, "coordinates": null, "source": "Twitter Web Client", "location": "Delhi", "mentions": []}, {"truncated": true, "text": "Project Alert: has recently completed the of 2 ultra cushion top of the line synthetic Ten\u2026", "hashtags": ["#construction"], "topic": "infrastructure", "tweet_urls": ["https://t.co/ZILdbWGcdP"], "date": {"hour": 5, "month": 11, "iso": "2018-11-02T05:23:44", "year": 2018, "day": 2, "minute": 23}, "geo": null, "id": 1058228140684660741, "lang": "en", "emoticons": [], "user_id": 3858723625, "coordinates": null, "source": "Twitter Web Client", "location": "Delhi", "mentions": ["@syncotts1"]}, {"truncated": true, "text": "to take next big leap! New engine-less train with sleeper-class to replace Rajdhani\u2026", "hashtags": ["#Train18", "#IndianRailways"], "topic": "infrastructure", "tweet_urls": ["https://t.co/zAguqR6LBB"], "date": {"hour": 5, "month": 11, "iso": "2018-11-02T05:08:15", "year": 2018, "day": 2, "minute": 8}, "geo": null, "id": 1058224244511764482, "lang": "en", "emoticons": [], "user_id": 50279781, "coordinates": null, "source": "Twitter Web Client", "location": "Delhi", "mentions": []}, {"truncated": true, "text": "It's total injustice . Reside\u2026", "hashtags": [], "topic": "infrastructure", "tweet_urls": ["https://t.co/lchCGEIiNM"], "date": {"hour": 4, "month": 11, "iso": "2018-11-02T04:15:28", "year": 2018, "day": 2, "minute": 15}, "geo": null, "id": 1058210960383586310, "lang": "en", "emoticons": [], "user_id": 410320603, "coordinates": null, "source": "Twitter for Android", "location": "Delhi", "mentions": ["@singhvi11", "@MunCorpGurugram", "@RaoNarbir", "@yashpalmurar", "@cmohry", "@DEEPAKKAHUJA", "@mlkhattar"]}, {"truncated": true, "text": "But the question is why was the scheme launched without necessary infrastructure being created or assigned? Speaks\u2026", "hashtags": [], "topic": "infrastructure", "tweet_urls": ["https://t.co/8XiiRLq8Hi"], "date": {"hour": 3, "month": 11, "iso": "2018-11-02T03:54:05", "year": 2018, "day": 2, "minute": 54}, "geo": null, "id": 1058205581733969920, "lang": "en", "emoticons": [], "user_id": 2798115080, "coordinates": null, "source": "Twitter for iPhone", "location": "Delhi", "mentions": []}, {"truncated": true, "text": "It is intere\u2026", "hashtags": [], "topic": "infrastructure", "tweet_urls": ["https://t.co/AcHy4pzP4V"], "date": {"hour": 3, "month": 11, "iso": "2018-11-02T03:40:50", "year": 2018, "day": 2, "minute": 40}, "geo": null, "id": 1058202244435361795, "lang": "en", "emoticons": [], "user_id": 90841211, "coordinates": null, "source": "Twitter for Android", "location": "Delhi", "mentions": ["@Mundra08", "@AnantBhan", "@drdineshias", "@sujakrao", "@VikasReports", "@lata_MIRROR", "@akrajpal", "@anupsoans", "@cspramesh"]}, {"truncated": true, "text": "Urban Power Distribution Strengthening schemes of IPDS/ RAPDRP are bringing in a positive change in the\u2026", "hashtags": [], "topic": "infrastructure", "tweet_urls": ["https://t.co/WwBOuVkJ2P"], "date": {"hour": 3, "month": 11, "iso": "2018-11-02T03:14:11", "year": 2018, "day": 2, "minute": 14}, "geo": null, "id": 1058195540540866560, "lang": "en", "emoticons": [], "user_id": 730349286089732097, "coordinates": null, "source": "Twitter for iPhone", "location": "Delhi", "mentions": ["@MinOfPower"]}, {"truncated": true, "text": "Announcements should be made after all calculations. There are some hospitals having le\u2026", "hashtags": [], "topic": "infrastructure", "tweet_urls": ["https://t.co/sjdbqlrhD9"], "date": {"hour": 2, "month": 11, "iso": "2018-11-02T02:31:26", "year": 2018, "day": 2, "minute": 31}, "geo": null, "id": 1058184779764547584, "lang": "en", "emoticons": [], "user_id": 753195481, "coordinates": null, "source": "Twitter for Android", "location": "Delhi", "mentions": ["@vikramwkarve", "@kakar_harsha"]}, {"truncated": true, "text": "No problem with the name or statue. But you first tell us how many new hospitals and educational in\u2026", "hashtags": [], "topic": "infrastructure", "tweet_urls": ["https://t.co/qawEqLPTOF"], "date": {"hour": 19, "month": 11, "iso": "2018-11-01T19:54:36", "year": 2018, "day": 1, "minute": 54}, "geo": null, "id": 1058084913172373505, "lang": "en", "emoticons": [], "user_id": 261632080, "coordinates": null, "source": "Twitter for Android", "location": "Delhi", "mentions": ["@SirPareshRawal"]}, {"truncated": true, "text": "Gutted,People of india do not want establishment of statue because the crores spent on builting a st\u2026", "hashtags": [], "topic": "infrastructure", "tweet_urls": ["https://t.co/hEnLkpRQAv"], "date": {"hour": 19, "month": 11, "iso": "2018-11-01T19:54:27", "year": 2018, "day": 1, "minute": 54}, "geo": null, "id": 1058084878577623040, "lang": "en", "emoticons": [], "user_id": 812616726584041476, "coordinates": null, "source": "Twitter for Android", "location": "Delhi", "mentions": ["@ShashiTharoor"]}, {"truncated": true, "text": "From fragmented to centralized operations: Learn how an integrated enterprise for one of our global cl\u2026", "hashtags": ["#servicedesk"], "topic": "infrastructure", "tweet_urls": ["https://t.co/ZFFM2yHqtS"], "date": {"hour": 19, "month": 11, "iso": "2018-11-01T19:50:04", "year": 2018, "day": 1, "minute": 50}, "geo": null, "id": 1058083774762758145, "lang": "en", "emoticons": [], "user_id": 15956519, "coordinates": null, "source": "Hootsuite Inc.", "location": "Delhi", "mentions": []}, {"truncated": true, "text": "This is a paid press release, which contains forward looking statements, and should be treated as advertising or pr\u2026", "hashtags": [], "topic": "infrastructure", "tweet_urls": ["https://t.co/4J7OauBhN1"], "date": {"hour": 18, "month": 11, "iso": "2018-11-01T18:56:27", "year": 2018, "day": 1, "minute": 56}, "geo": null, "id": 1058070279572856833, "lang": "en", "emoticons": [], "user_id": 928995162335916032, "coordinates": null, "source": "Facebook", "location": "Delhi", "mentions": []}, {"truncated": false, "text": "PR: Optherium Launches a Global Finance Blockchain\u00a0Infrastructure", "hashtags": [], "topic": "infrastructure", "tweet_urls": ["https://t.co/dBmProYMeB", "https://t.co/rr7LnPEy0K"], "date": {"hour": 18, "month": 11, "iso": "2018-11-01T18:56:11", "year": 2018, "day": 1, "minute": 56}, "geo": null, "id": 1058070211319025664, "lang": "en", "emoticons": [], "user_id": 928995162335916032, "coordinates": null, "source": "WordPress.com", "location": "Delhi", "mentions": []}, {"truncated": true, "text": "World\u2019s fastest growing! Delhi\u2019s IGI airport now among 20 busiest airports in the world\nhttps://t.co/RmsTaS45Ng via\u2026", "hashtags": [], "topic": "infrastructure", "tweet_urls": ["https://t.co/fwfhru7wiZ"], "date": {"hour": 18, "month": 11, "iso": "2018-11-01T18:40:52", "year": 2018, "day": 1, "minute": 40}, "geo": null, "id": 1058066359358111744, "lang": "en", "emoticons": [], "user_id": 762611668681568257, "coordinates": null, "source": "Twitter for Android", "location": "Delhi", "mentions": []}, {"truncated": true, "text": "vowed to make its World Buddhist Forum the most influential mechanism for Buddhist exchanges and to use it t\u2026", "hashtags": ["#China"], "topic": "infrastructure", "tweet_urls": ["https://t.co/g9uYeHF9mG"], "date": {"hour": 18, "month": 11, "iso": "2018-11-01T18:11:24", "year": 2018, "day": 1, "minute": 11}, "geo": null, "id": 1058058944021639168, "lang": "en", "emoticons": [], "user_id": 1185988908, "coordinates": null, "source": "Twitter Web Client", "location": "Delhi", "mentions": []}, {"truncated": true, "text": "Sir, RSETI scheme of MoRD is getting waste, with 100% funding from GoI on training, 1 cro\u2026", "hashtags": [], "topic": "infrastructure", "tweet_urls": ["https://t.co/LgWEB36o2g"], "date": {"hour": 17, "month": 11, "iso": "2018-11-01T17:54:16", "year": 2018, "day": 1, "minute": 54}, "geo": null, "id": 1058054630737768448, "lang": "en", "emoticons": [], "user_id": 116402613, "coordinates": null, "source": "Twitter Web Client", "location": "Delhi", "mentions": ["@PMOIndia", "@narendramodi"]}, {"truncated": true, "text": "what customers have to say about their experiences &amp; relationships with Colt DCS. Down\u2026", "hashtags": [], "topic": "infrastructure", "tweet_urls": ["https://t.co/vKaF660pMd\nView", "https://t.co/hK9KAqWjnU"], "date": {"hour": 17, "month": 11, "iso": "2018-11-01T17:45:36", "year": 2018, "day": 1, "minute": 45}, "geo": null, "id": 1058052450270240768, "lang": "en", "emoticons": [], "user_id": 64952383, "coordinates": null, "source": "Twitter for Android", "location": "Delhi", "mentions": []}, {"truncated": true, "text": "Nope.\nI'm a huge huge fan of Mr Tharoor, but I disagree here.\nIndia doesn't need statues anymore, enough of taxpaye\u2026", "hashtags": [], "topic": "infrastructure", "tweet_urls": ["https://t.co/iOfztnlZKg"], "date": {"hour": 17, "month": 11, "iso": "2018-11-01T17:02:02", "year": 2018, "day": 1, "minute": 2}, "geo": null, "id": 1058041485411733507, "lang": "en", "emoticons": [], "user_id": 305645780, "coordinates": null, "source": "Twitter for Android", "location": "Delhi", "mentions": []}, {"truncated": true, "text": "Our services focus on unified cloud consulting and assessment frameworks for cloud-native advisory and design servi\u2026", "hashtags": [], "topic": "infrastructure", "tweet_urls": ["https://t.co/olWttzfsif"], "date": {"hour": 17, "month": 11, "iso": "2018-11-01T17:01:13", "year": 2018, "day": 1, "minute": 1}, "geo": null, "id": 1058041281547587586, "lang": "en", "emoticons": [], "user_id": 15956519, "coordinates": null, "source": "Hootsuite Inc.", "location": "Delhi", "mentions": []}, {"truncated": true, "text": "fantastic work done- The cricket stadium in Trivandrum in Gods own country looked spectacular and is one of\u2026", "hashtags": [], "topic": "infrastructure", "tweet_urls": ["https://t.co/kKytfGG0FS"], "date": {"hour": 16, "month": 11, "iso": "2018-11-01T16:51:11", "year": 2018, "day": 1, "minute": 51}, "geo": null, "id": 1058038754143883265, "lang": "en", "emoticons": [], "user_id": 3817206254, "coordinates": null, "source": "Twitter for Android", "location": "Delhi", "mentions": ["@BCCI"]}, {"truncated": true, "text": "Australia's top spy says Chinese tech is too good to be allowed near Canberra's key infrastructure and that's a har\u2026", "hashtags": [], "topic": "infrastructure", "tweet_urls": ["https://t.co/Li3JZ7ZQMs"], "date": {"hour": 16, "month": 11, "iso": "2018-11-01T16:30:01", "year": 2018, "day": 1, "minute": 30}, "geo": null, "id": 1058033427214032896, "lang": "en", "emoticons": [], "user_id": 1612504999, "coordinates": null, "source": "TweetDeck", "location": "Delhi", "mentions": []}, {"truncated": true, "text": "People of india do not want establishment of statue because the crores spent on builting a statue will give you a g\u2026", "hashtags": [], "topic": "infrastructure", "tweet_urls": ["https://t.co/kOnX717WSM"], "date": {"hour": 16, "month": 11, "iso": "2018-11-01T16:00:31", "year": 2018, "day": 1, "minute": 0}, "geo": null, "id": 1058026004512305153, "lang": "en", "emoticons": [], "user_id": 812616726584041476, "coordinates": null, "source": "Twitter for Android", "location": "Delhi", "mentions": []}, {"truncated": true, "text": "Govt supported National Investment and Infrastructure Fund-2 has said that it will take majority stake in IDFC Infr\u2026", "hashtags": [], "topic": "infrastructure", "tweet_urls": ["https://t.co/lCOjWERD47"], "date": {"hour": 15, "month": 11, "iso": "2018-11-01T15:12:23", "year": 2018, "day": 1, "minute": 12}, "geo": null, "id": 1058013891077189634, "lang": "en", "emoticons": [], "user_id": 3570645074, "coordinates": null, "source": "Twitter for Android", "location": "Delhi", "mentions": []}, {"truncated": true, "text": "When the PMJAY was launched, was the need for infrastructure &amp; finances not assessed? Why this adhocism? This way t\u2026", "hashtags": [], "topic": "infrastructure", "tweet_urls": ["https://t.co/SfYVMVESbH"], "date": {"hour": 14, "month": 11, "iso": "2018-11-01T14:54:44", "year": 2018, "day": 1, "minute": 54}, "geo": null, "id": 1058009448457949185, "lang": "en", "emoticons": [], "user_id": 2798115080, "coordinates": null, "source": "Twitter for iPhone", "location": "Delhi", "mentions": []}, {"truncated": true, "text": "Long queues at Karnal toll plaza. Why should tax payers be punished because of poor infrastructure at most toll pla\u2026", "hashtags": [], "topic": "infrastructure", "tweet_urls": ["https://t.co/FD7Kpw5F36"], "date": {"hour": 13, "month": 11, "iso": "2018-11-01T13:39:54", "year": 2018, "day": 1, "minute": 39}, "geo": null, "id": 1057990616343330816, "lang": "en", "emoticons": [], "user_id": 736504934, "coordinates": null, "source": "Twitter for Android", "location": "Delhi", "mentions": []}, {"truncated": true, "text": "MASSIVE Air traffic congestion on ground and in air at Delhi airport. MAJOR infrastructure issues, for an airport t\u2026", "hashtags": [], "topic": "infrastructure", "tweet_urls": ["https://t.co/yX5cbbFrQS"], "date": {"hour": 13, "month": 11, "iso": "2018-11-01T13:27:21", "year": 2018, "day": 1, "minute": 27}, "geo": null, "id": 1057987458137251840, "lang": "en", "emoticons": [], "user_id": 305705298, "coordinates": null, "source": "Twitter for iPhone", "location": "Delhi", "mentions": []}, {"truncated": true, "text": "A really good step. But the quantum of fine is minuscule as compared to the loss of the developers on account of po\u2026", "hashtags": [], "topic": "infrastructure", "tweet_urls": ["https://t.co/norguyV9Mh"], "date": {"hour": 13, "month": 11, "iso": "2018-11-01T13:08:19", "year": 2018, "day": 1, "minute": 8}, "geo": null, "id": 1057982668283899906, "lang": "en", "emoticons": [], "user_id": 2558294467, "coordinates": null, "source": "Twitter Web Client", "location": "Delhi", "mentions": []}, {"truncated": true, "text": "\u201cHealth is wealth, wealth is honour. Live a wealthy life, lots of love always.\u201d \n\n-- Aparna Soni, Assistant Profess\u2026", "hashtags": [], "topic": "infrastructure", "tweet_urls": ["https://t.co/pYMNfgc4pc"], "date": {"hour": 12, "month": 11, "iso": "2018-11-01T12:36:01", "year": 2018, "day": 1, "minute": 36}, "geo": null, "id": 1057974540733681664, "lang": "en", "emoticons": [], "user_id": 3910319473, "coordinates": null, "source": "HubSpot", "location": "Delhi", "mentions": []}, {"truncated": true, "text": "Sir, good point. You probably missed to mention Baba sahib's name. A lot of public institutions and\u2026", "hashtags": [], "topic": "infrastructure", "tweet_urls": ["https://t.co/kEifErsn90"], "date": {"hour": 12, "month": 11, "iso": "2018-11-01T12:21:44", "year": 2018, "day": 1, "minute": 21}, "geo": null, "id": 1057970947733553152, "lang": "en", "emoticons": [], "user_id": 87131160, "coordinates": null, "source": "Twitter for Android", "location": "Delhi", "mentions": ["@SirPareshRawal"]}, {"truncated": true, "text": "India's pace of border infrastructure construction has been sl\u2026", "hashtags": [], "topic": "infrastructure", "tweet_urls": ["https://t.co/wi389GvSUr"], "date": {"hour": 12, "month": 11, "iso": "2018-11-01T12:19:42", "year": 2018, "day": 1, "minute": 19}, "geo": null, "id": 1057970436661825538, "lang": "en", "emoticons": [], "user_id": 2960637632, "coordinates": null, "source": "Twitter for Android", "location": "Delhi", "mentions": ["@rahulkanwal", "@IndiaToday", "@KirenRijiju", "@PemaKhanduBJP"]}, {"truncated": true, "text": "We\u2019d like to thank our delegates from India and across the world who joined us for and shared their experi\u2026", "hashtags": ["#AAEF18"], "topic": "infrastructure", "tweet_urls": ["https://t.co/lLISODO7qG"], "date": {"hour": 12, "month": 11, "iso": "2018-11-01T12:13:23", "year": 2018, "day": 1, "minute": 13}, "geo": null, "id": 1057968844822712321, "lang": "en", "emoticons": [], "user_id": 199617741, "coordinates": null, "source": "Twitter for iPhone", "location": "Delhi", "mentions": []}, {"truncated": true, "text": "Public Infrastructure: Transport, educational, medical.\nCelebration of 21 October, Azad Hind Govt \nStat\u2026", "hashtags": [], "topic": "infrastructure", "tweet_urls": ["https://t.co/2ZikREX8ST"], "date": {"hour": 12, "month": 11, "iso": "2018-11-01T12:12:14", "year": 2018, "day": 1, "minute": 12}, "geo": null, "id": 1057968554874564608, "lang": "en", "emoticons": [], "user_id": 998964179112419328, "coordinates": null, "source": "Twitter for Android", "location": "Delhi", "mentions": ["@squintneon"]}, {"truncated": true, "text": "and collaboration, facilitating integration of planning and design of infrastructure for tomorrow h\u2026", "hashtags": [], "topic": "infrastructure", "tweet_urls": ["https://t.co/xifxL9LyHH"], "date": {"hour": 11, "month": 11, "iso": "2018-11-01T11:41:43", "year": 2018, "day": 1, "minute": 41}, "geo": null, "id": 1057960875187953664, "lang": "en", "emoticons": [], "user_id": 961899192, "coordinates": null, "source": "Twitter for Android", "location": "Delhi", "mentions": ["@autodesk", "@esri"]}, {"truncated": true, "text": "Supreme Court of India establishes an In-House Think Tank to strengthen the knowledge infrastructure of the SC &amp; en\u2026", "hashtags": [], "topic": "infrastructure", "tweet_urls": ["https://t.co/0y5PmEAtcf"], "date": {"hour": 11, "month": 11, "iso": "2018-11-01T11:37:01", "year": 2018, "day": 1, "minute": 37}, "geo": null, "id": 1057959694088708096, "lang": "en", "emoticons": [], "user_id": 1004704254974496768, "coordinates": null, "source": "Twitter for Android", "location": "Delhi", "mentions": []}, {"truncated": true, "text": "Name me the country whose gdp growth is no 1 now\nWhat is the ease of doing business ranking in\u2026", "hashtags": [], "topic": "infrastructure", "tweet_urls": ["https://t.co/uWyVAgXMbc"], "date": {"hour": 10, "month": 11, "iso": "2018-11-01T10:44:21", "year": 2018, "day": 1, "minute": 44}, "geo": null, "id": 1057946437554589697, "lang": "en", "emoticons": [], "user_id": 976542061905117184, "coordinates": null, "source": "Twitter Lite", "location": "Delhi", "mentions": ["@shekarcm2", "@INCIndia"]}, {"truncated": true, "text": "Highest ever! plans 4831 trips in a day to control air check details here\u2026", "hashtags": ["#DelhiMetro", "#pollution;"], "topic": "infrastructure", "tweet_urls": ["https://t.co/x04wOFI3OX"], "date": {"hour": 10, "month": 11, "iso": "2018-11-01T10:15:39", "year": 2018, "day": 1, "minute": 15}, "geo": null, "id": 1057939218620657664, "lang": "en", "emoticons": [], "user_id": 50279781, "coordinates": null, "source": "Twitter Web Client", "location": "Delhi", "mentions": []}, {"truncated": true, "text": "Great news! to introduce 3 more trains from Jaipur, Rajkot and Madurai\u2026", "hashtags": ["#IndianRailways", "#RamayanaExpress"], "topic": "infrastructure", "tweet_urls": ["https://t.co/OvzLrVwKT8"], "date": {"hour": 10, "month": 11, "iso": "2018-11-01T10:13:39", "year": 2018, "day": 1, "minute": 13}, "geo": null, "id": 1057938712753926144, "lang": "en", "emoticons": [], "user_id": 50279781, "coordinates": null, "source": "Twitter Web Client", "location": "Delhi", "mentions": []}, {"truncated": true, "text": "Must be a proud feeling to have one Indian cities - one with the best per capita income &amp; another with the best in\u2026", "hashtags": [], "topic": "infrastructure", "tweet_urls": ["https://t.co/h78VMKZdNs"], "date": {"hour": 10, "month": 11, "iso": "2018-11-01T10:08:43", "year": 2018, "day": 1, "minute": 8}, "geo": null, "id": 1057937471382577153, "lang": "en", "emoticons": [], "user_id": 140047339, "coordinates": null, "source": "Twitter for iPhone", "location": "Delhi", "mentions": []}, {"truncated": true, "text": "\"Infrastructure development and investments across Asia and Europe to boost trade with China. The route also provid\u2026", "hashtags": [], "topic": "infrastructure", "tweet_urls": ["https://t.co/RJBF5rC381"], "date": {"hour": 9, "month": 11, "iso": "2018-11-01T09:59:46", "year": 2018, "day": 1, "minute": 59}, "geo": null, "id": 1057935218093502464, "lang": "en", "emoticons": [], "user_id": 1878196280, "coordinates": null, "source": "Twitter Web Client", "location": "Delhi", "mentions": []}, {"truncated": false, "text": "\u0906\u0908\u090f\u0932\u0910\u0902\u0921\u090f\u092b\u0938 \u092a\u0930 16 \u092a\u094d\u0930\u0924\u093f\u0936\u0924 \u0915\u0930\u094d\u091c\nhttps://t.co/vPBun8jX8k\n#IL&amp;FS", "hashtags": ["#infrastructure", "#Financial"], "topic": "infrastructure", "tweet_urls": ["https://t.co/lEUMpVzoTi"], "date": {"hour": 9, "month": 11, "iso": "2018-11-01T09:44:28", "year": 2018, "day": 1, "minute": 44}, "geo": null, "id": 1057931367848132609, "lang": "hi", "emoticons": [], "user_id": 583640259, "coordinates": null, "source": "Twitter Web Client", "location": "Delhi", "mentions": []}, {"truncated": true, "text": "Softbank is working in partnership with Essel Infrastructure for solar parks. I suppose, the deal with IL&amp;FS didn't\u2026", "hashtags": [], "topic": "infrastructure", "tweet_urls": ["https://t.co/gyZHZHTq7c"], "date": {"hour": 9, "month": 11, "iso": "2018-11-01T09:05:30", "year": 2018, "day": 1, "minute": 5}, "geo": null, "id": 1057921563327000581, "lang": "en", "emoticons": [], "user_id": 2558294467, "coordinates": null, "source": "Twitter Web Client", "location": "Delhi", "mentions": []}, {"truncated": true, "text": "Most of the dealers are honest and paying taxes regularly. But dealers are also expecting better infrastructure fro\u2026", "hashtags": [], "topic": "infrastructure", "tweet_urls": ["https://t.co/s901DT4dRe"], "date": {"hour": 9, "month": 11, "iso": "2018-11-01T09:00:48", "year": 2018, "day": 1, "minute": 0}, "geo": null, "id": 1057920380847960065, "lang": "en", "emoticons": [], "user_id": 139636112, "coordinates": null, "source": "Twitter for Android", "location": "Delhi", "mentions": []}, {"truncated": true, "text": "Township Sector 32 &amp; 33 on Sohna Road offers an opulent lifestyle and redefine fine living\u2026", "hashtags": ["#CentralParkCloverFloors"], "topic": "infrastructure", "tweet_urls": ["https://t.co/UZNNUBQDnK"], "date": {"hour": 8, "month": 11, "iso": "2018-11-01T08:53:32", "year": 2018, "day": 1, "minute": 53}, "geo": null, "id": 1057918551128977409, "lang": "en", "emoticons": [], "user_id": 1029327671778598912, "coordinates": null, "source": "Twitter Web Client", "location": "Delhi", "mentions": []}, {"truncated": true, "text": "You right Sir but seems you forgot to mention all those beautiful things for the benefit of the pub\u2026", "hashtags": [], "topic": "infrastructure", "tweet_urls": ["https://t.co/jcOF6qpgQi"], "date": {"hour": 8, "month": 11, "iso": "2018-11-01T08:43:22", "year": 2018, "day": 1, "minute": 43}, "geo": null, "id": 1057915992674836480, "lang": "en", "emoticons": [], "user_id": 950910206271094786, "coordinates": null, "source": "Twitter for Android", "location": "Delhi", "mentions": ["@SirPareshRawal"]}, {"truncated": true, "text": "In China govt invests money on technology and infrastructure marvels.\nIn india we are investing on statues.\n\nIn Chi\u2026", "hashtags": [], "topic": "infrastructure", "tweet_urls": ["https://t.co/srC2VxMXZW"], "date": {"hour": 8, "month": 11, "iso": "2018-11-01T08:33:13", "year": 2018, "day": 1, "minute": 33}, "geo": null, "id": 1057913436850479104, "lang": "en", "emoticons": [], "user_id": 78580771, "coordinates": null, "source": "Twitter for Android", "location": "Delhi", "mentions": []}, {"truncated": true, "text": "Sir, question is of cost: since we deal with deficient infrastructure everyday. And doesn't expect\u2026", "hashtags": [], "topic": "infrastructure", "tweet_urls": ["https://t.co/nopWwy9Ugh"], "date": {"hour": 8, "month": 11, "iso": "2018-11-01T08:04:08", "year": 2018, "day": 1, "minute": 4}, "geo": null, "id": 1057906120147136513, "lang": "en", "emoticons": [], "user_id": 2386704350, "coordinates": null, "source": "Twitter Web Client", "location": "Delhi", "mentions": ["@SirPareshRawal"]}, {"truncated": true, "text": "agree completely! What a waste of money on a statue. Cld have used it for so much more - education\u2026", "hashtags": [], "topic": "infrastructure", "tweet_urls": ["https://t.co/GMNjGHMvZP"], "date": {"hour": 7, "month": 11, "iso": "2018-11-01T07:40:52", "year": 2018, "day": 1, "minute": 40}, "geo": null, "id": 1057900262260699136, "lang": "en", "emoticons": [], "user_id": 505854884, "coordinates": null, "source": "Twitter for iPhone", "location": "Delhi", "mentions": ["@sardesairajdeep"]}, {"truncated": true, "text": "the self-sufficient Japanese smart town, is designed to source energy from nature and promote local prod\u2026", "hashtags": ["#Fujisawa,"], "topic": "infrastructure", "tweet_urls": ["https://t.co/Y1HI6iCYaC"], "date": {"hour": 7, "month": 11, "iso": "2018-11-01T07:40:35", "year": 2018, "day": 1, "minute": 40}, "geo": null, "id": 1057900191599210496, "lang": "en", "emoticons": [], "user_id": 946431766947958784, "coordinates": null, "source": "Twitter Web Client", "location": "Delhi", "mentions": []}, {"truncated": true, "text": "This Save The Aravali Biodiversity Park - develop, protect and conserve the natural infrastructure for\u2026", "hashtags": ["#HaryanaDay,"], "topic": "infrastructure", "tweet_urls": ["https://t.co/j2j2hz8Z7t"], "date": {"hour": 7, "month": 11, "iso": "2018-11-01T07:39:41", "year": 2018, "day": 1, "minute": 39}, "geo": null, "id": 1057899964892889088, "lang": "en", "emoticons": [], "user_id": 54427337, "coordinates": null, "source": "Twitter Web Client", "location": "Delhi", "mentions": []}, {"truncated": true, "text": "If a government is working on providing excellent infrastructu\u2026", "hashtags": [], "topic": "infrastructure", "tweet_urls": ["https://t.co/lp0FDd6GFD"], "date": {"hour": 7, "month": 11, "iso": "2018-11-01T07:21:49", "year": 2018, "day": 1, "minute": 21}, "geo": null, "id": 1057895471388053504, "lang": "en", "emoticons": [], "user_id": 96097930, "coordinates": null, "source": "Twitter for Android", "location": "Delhi", "mentions": ["@Shreekantl", "@gurpreetlucky", "@AtishiAAP", "@AamAadmiParty"]}, {"truncated": true, "text": ".@dmicdc will spur the demand for the as well as projects along the corridor. Read the ful\u2026", "hashtags": ["#residential", "#commercial"], "topic": "infrastructure", "tweet_urls": ["https://t.co/PJjl3QhDYI"], "date": {"hour": 7, "month": 11, "iso": "2018-11-01T07:13:19", "year": 2018, "day": 1, "minute": 13}, "geo": null, "id": 1057893332913922048, "lang": "en", "emoticons": [], "user_id": 2545293944, "coordinates": null, "source": "Twitter Web Client", "location": "Delhi", "mentions": []}, {"truncated": true, "text": "A well modern infrastructure Govt School in the name of Saradar Patel. Indeed Patel would have been more happy to s\u2026", "hashtags": [], "topic": "infrastructure", "tweet_urls": ["https://t.co/wL1OEcebf6"], "date": {"hour": 7, "month": 11, "iso": "2018-11-01T07:10:39", "year": 2018, "day": 1, "minute": 10}, "geo": null, "id": 1057892661820968960, "lang": "en", "emoticons": [], "user_id": 135092917, "coordinates": null, "source": "Twitter for Android", "location": "Delhi", "mentions": []}, {"truncated": true, "text": "Statue is not a Priority right now in India. Better infrastructure education system and healthcare is. 3\u2026", "hashtags": [], "topic": "infrastructure", "tweet_urls": ["https://t.co/u53P40MeWu"], "date": {"hour": 7, "month": 11, "iso": "2018-11-01T07:09:25", "year": 2018, "day": 1, "minute": 9}, "geo": null, "id": 1057892348871421953, "lang": "en", "emoticons": [], "user_id": 179525357, "coordinates": null, "source": "Twitter Lite", "location": "Delhi", "mentions": ["@ajitanjum"]}, {"truncated": true, "text": "Statue is not a Priority right now in India. Better infrastructure education system and healthcare is. 3\u2026", "hashtags": [], "topic": "infrastructure", "tweet_urls": ["https://t.co/EffANskQby"], "date": {"hour": 7, "month": 11, "iso": "2018-11-01T07:08:50", "year": 2018, "day": 1, "minute": 8}, "geo": null, "id": 1057892203328991232, "lang": "en", "emoticons": [], "user_id": 179525357, "coordinates": null, "source": "Twitter Lite", "location": "Delhi", "mentions": ["@ajitanjum"]}, {"truncated": true, "text": "to save nearly Rs 30 crore by switching to connections for its staff?\u2026", "hashtags": ["#IndianRailways", "#RelianceJio"], "topic": "infrastructure", "tweet_urls": ["https://t.co/41dbGsoa8z"], "date": {"hour": 7, "month": 11, "iso": "2018-11-01T07:06:45", "year": 2018, "day": 1, "minute": 6}, "geo": null, "id": 1057891680458747905, "lang": "en", "emoticons": [], "user_id": 50279781, "coordinates": null, "source": "Twitter Web Client", "location": "Delhi", "mentions": []}, {"truncated": true, "text": "RT TelecomTV Intel and Ericsson co-wrote this whitepaper: \"Industrializing with SD\u2026", "hashtags": ["#LI", "#NFV"], "topic": "infrastructure", "tweet_urls": ["https://t.co/JU2Jf5zUPl", "https://t.co/mguP4heIWm"], "date": {"hour": 7, "month": 11, "iso": "2018-11-01T07:01:03", "year": 2018, "day": 1, "minute": 1}, "geo": null, "id": 1057890245637820419, "lang": "en", "emoticons": [], "user_id": 13584132, "coordinates": null, "source": "IFTTT", "location": "Delhi", "mentions": []}, {"truncated": true, "text": "in is a topmost that offers the best in\u2026", "hashtags": ["#LaundryService", "#Dwarka", "#Cleanmylaundry", "#laundryservice", "#laundryservice"], "topic": "infrastructure", "tweet_urls": ["https://t.co/9j6swvpRi0"], "date": {"hour": 6, "month": 11, "iso": "2018-11-01T06:58:45", "year": 2018, "day": 1, "minute": 58}, "geo": null, "id": 1057889667150962688, "lang": "en", "emoticons": [], "user_id": 1041901992921071616, "coordinates": null, "source": "Twitter Web Client", "location": "Delhi", "mentions": []}, {"truncated": true, "text": "Svayam dedicates to to tell everyone why is so crucial.\u2026", "hashtags": ["#November", "#caregivers", "#accessible", "#infrastructure"], "topic": "infrastructure", "tweet_urls": ["https://t.co/HO5R0qbyRX"], "date": {"hour": 6, "month": 11, "iso": "2018-11-01T06:48:39", "year": 2018, "day": 1, "minute": 48}, "geo": null, "id": 1057887123209101312, "lang": "en", "emoticons": [], "user_id": 2517115928, "coordinates": null, "source": "Twitter Web Client", "location": "Delhi", "mentions": []}, {"truncated": false, "text": "How The Statue Of Unity Overcame Design And Engineering Challenges To Stand 182-Metre Tall \u00a0 via", "hashtags": [], "topic": "infrastructure", "tweet_urls": ["https://t.co/ZooVg0jE8G"], "date": {"hour": 6, "month": 11, "iso": "2018-11-01T06:45:09", "year": 2018, "day": 1, "minute": 45}, "geo": null, "id": 1057886242052816896, "lang": "en", "emoticons": [], "user_id": 285554971, "coordinates": null, "source": "Twitter Web Client", "location": "Delhi", "mentions": ["@swarajyamag"]}, {"truncated": true, "text": "Tyrone introduces Hyper-converged infrastructure based on world-class Intel blocks.\u00a0#HCI\u00a0#Storage", "hashtags": ["#HighPerformance.\u2026"], "topic": "infrastructure", "tweet_urls": ["https://t.co/RJAeKWUki7"], "date": {"hour": 6, "month": 11, "iso": "2018-11-01T06:44:01", "year": 2018, "day": 1, "minute": 44}, "geo": null, "id": 1057885956613664768, "lang": "en", "emoticons": [], "user_id": 2360774646, "coordinates": null, "source": "Zoho Social", "location": "Delhi", "mentions": []}, {"truncated": true, "text": "SIAM\u2019s recycling task force group participates in international conferences to collect data &amp; supports actions to s\u2026", "hashtags": [], "topic": "infrastructure", "tweet_urls": ["https://t.co/FQaz2nyqi3"], "date": {"hour": 6, "month": 11, "iso": "2018-11-01T06:43:33", "year": 2018, "day": 1, "minute": 43}, "geo": null, "id": 1057885841572421632, "lang": "en", "emoticons": [], "user_id": 199617741, "coordinates": null, "source": "Twitter for iPhone", "location": "Delhi", "mentions": []}, {"truncated": true, "text": "With one visit ji, cost of unity statue plus profit will be recovered.\nKnow the power o\u2026", "hashtags": [], "topic": "infrastructure", "tweet_urls": ["https://t.co/UszCCUNoai"], "date": {"hour": 6, "month": 11, "iso": "2018-11-01T06:39:09", "year": 2018, "day": 1, "minute": 39}, "geo": null, "id": 1057884733496008704, "lang": "en", "emoticons": ["\ud83d\ude07"], "user_id": 989892976234057730, "coordinates": null, "source": "Twitter for Android", "location": "Delhi", "mentions": ["@DrGPradhan", "@ShekharGupta"]}, {"truncated": true, "text": "City ward boundary maps showcasing ward-wise demographic details such as population, income distribution, health se\u2026", "hashtags": [], "topic": "infrastructure", "tweet_urls": ["https://t.co/JFKC1EsxSX"], "date": {"hour": 6, "month": 11, "iso": "2018-11-01T06:30:07", "year": 2018, "day": 1, "minute": 30}, "geo": null, "id": 1057882457998024704, "lang": "en", "emoticons": [], "user_id": 872396081182593024, "coordinates": null, "source": "Hootsuite Inc.", "location": "Delhi", "mentions": []}, {"truncated": true, "text": "Indira Gandhi International Airport (IGIA) in New Delhi is now on the list of the 20 busiest airports in the world:\u2026", "hashtags": [], "topic": "infrastructure", "tweet_urls": ["https://t.co/lDO2UASWrc"], "date": {"hour": 6, "month": 11, "iso": "2018-11-01T06:29:50", "year": 2018, "day": 1, "minute": 29}, "geo": null, "id": 1057882386510295040, "lang": "en", "emoticons": [], "user_id": 744792426141802496, "coordinates": null, "source": "Twitter Web Client", "location": "Delhi", "mentions": []}, {"truncated": true, "text": "Instead of blame on public govt sud ipmrove public transprt and basic infrastructure and daily cleaning of roads al\u2026", "hashtags": [], "topic": "infrastructure", "tweet_urls": ["https://t.co/1TzELblrZR"], "date": {"hour": 6, "month": 11, "iso": "2018-11-01T06:09:06", "year": 2018, "day": 1, "minute": 9}, "geo": null, "id": 1057877169148518401, "lang": "en", "emoticons": [], "user_id": 726617546523209728, "coordinates": null, "source": "Twitter for iPhone", "location": "Delhi", "mentions": []}, {"truncated": true, "text": "While the Sr. Counsel for delhi submitted that infrastructure for higher judiciary is adequate, CJI interjected and\u2026", "hashtags": [], "topic": "infrastructure", "tweet_urls": ["https://t.co/9vvxvjFDSt"], "date": {"hour": 6, "month": 11, "iso": "2018-11-01T06:02:58", "year": 2018, "day": 1, "minute": 2}, "geo": null, "id": 1057875628270252032, "lang": "en", "emoticons": [], "user_id": 2501194554, "coordinates": null, "source": "Twitter for iPhone", "location": "Delhi", "mentions": []}, {"truncated": true, "text": "While reading the report filed by Allahabad in pursuance to the last order, it is noted that issue of infrastructur\u2026", "hashtags": [], "topic": "infrastructure", "tweet_urls": ["https://t.co/fph7SiO1T9"], "date": {"hour": 6, "month": 11, "iso": "2018-11-01T06:02:56", "year": 2018, "day": 1, "minute": 2}, "geo": null, "id": 1057875618933694464, "lang": "en", "emoticons": [], "user_id": 2501194554, "coordinates": null, "source": "Twitter for iPhone", "location": "Delhi", "mentions": []}, {"truncated": true, "text": "What's the status of infrastructure in India? See my analysis of the growth in Roads, Electricity &amp; Teledensity in\u2026", "hashtags": [], "topic": "infrastructure", "tweet_urls": ["https://t.co/DT8RStGmac"], "date": {"hour": 5, "month": 11, "iso": "2018-11-01T05:29:21", "year": 2018, "day": 1, "minute": 29}, "geo": null, "id": 1057867166068981760, "lang": "en", "emoticons": [], "user_id": 1956051235, "coordinates": null, "source": "Twitter Web Client", "location": "Delhi", "mentions": []}, {"truncated": true, "text": "has redefined its infrastructure and service standards with a contribution of 0.7% towards India's GV\u2026", "hashtags": ["#DelhiAirport"], "topic": "infrastructure", "tweet_urls": ["https://t.co/CygWxvMhMR"], "date": {"hour": 5, "month": 11, "iso": "2018-11-01T05:16:33", "year": 2018, "day": 1, "minute": 16}, "geo": null, "id": 1057863946798010368, "lang": "en", "emoticons": [], "user_id": 376106733, "coordinates": null, "source": "Twitter for Android", "location": "Delhi", "mentions": []}, {"truncated": true, "text": "On Air, so many lectures we listened for farmers growth and fed up, but On L\u2026", "hashtags": [], "topic": "infrastructure", "tweet_urls": ["https://t.co/PueGZOO6mf"], "date": {"hour": 4, "month": 11, "iso": "2018-11-01T04:40:10", "year": 2018, "day": 1, "minute": 40}, "geo": null, "id": 1057854790846300160, "lang": "en", "emoticons": [], "user_id": 4697237035, "coordinates": null, "source": "Twitter for Android", "location": "Delhi", "mentions": ["@BillGates", "@narendramodi", "@ZeeNewsHindi"]}]