[{"truncated": false, "text": "Things to Look For in a Financial Trading Platform\u00a0Environment", "hashtags": [], "topic": "environment", "tweet_urls": ["https://t.co/kXQqR6KQex", "https://t.co/sbRSJ50pxM"], "date": {"hour": 20, "month": 11, "iso": "2018-11-15T20:54:20", "year": 2018, "day": 15, "minute": 54}, "geo": null, "id": 1063173374803955712, "lang": "en", "emoticons": [], "user_id": 917050968755159040, "coordinates": null, "source": "WordPress.com", "location": "Delhi", "mentions": []}, {"truncated": true, "text": "Such scripts May break-out from Decade LONG consolidation, Can see 20-50 such odd stocks (chart attached) , a small\u2026", "hashtags": [], "topic": "environment", "tweet_urls": ["https://t.co/qOZfJKyWqf"], "date": {"hour": 18, "month": 11, "iso": "2018-11-15T18:41:18", "year": 2018, "day": 15, "minute": 41}, "geo": null, "id": 1063139896901230593, "lang": "en", "emoticons": [], "user_id": 81644444, "coordinates": null, "source": "Twitter Web Client", "location": "Delhi", "mentions": []}, {"truncated": true, "text": "Consumerism cause of world environment degradation. THOUGH we started late but imbibing this very fast . Now no cl\u2026", "hashtags": [], "topic": "environment", "tweet_urls": ["https://t.co/eVsJZmf2SU"], "date": {"hour": 17, "month": 11, "iso": "2018-11-15T17:32:17", "year": 2018, "day": 15, "minute": 32}, "geo": null, "id": 1063122528372187136, "lang": "en", "emoticons": [], "user_id": 1019869398, "coordinates": null, "source": "Twitter Web Client", "location": "Delhi", "mentions": []}, {"truncated": true, "text": "I firmly believe that delegation will lead to better compliance of environmental requirements for conservation, pre\u2026", "hashtags": [], "topic": "environment", "tweet_urls": ["https://t.co/xQoNiYbAZD"], "date": {"hour": 17, "month": 11, "iso": "2018-11-15T17:23:59", "year": 2018, "day": 15, "minute": 23}, "geo": null, "id": 1063120439592042496, "lang": "en", "emoticons": [], "user_id": 745589822220308480, "coordinates": null, "source": "Twitter for Android", "location": "Delhi", "mentions": []}, {"truncated": true, "text": "Many men cannot imagine any kind of work environment without some politics. They think operating in a straightforwa\u2026", "hashtags": [], "topic": "environment", "tweet_urls": ["https://t.co/VEHpaQg7BA"], "date": {"hour": 16, "month": 11, "iso": "2018-11-15T16:43:50", "year": 2018, "day": 15, "minute": 43}, "geo": null, "id": 1063110336700604416, "lang": "en", "emoticons": [], "user_id": 924634944743260161, "coordinates": null, "source": "Twitter for iPhone", "location": "Delhi", "mentions": []}, {"truncated": true, "text": "These large \u2018negative gamma\u2019 effects have become important in the current price environment as producers had alread\u2026", "hashtags": [], "topic": "environment", "tweet_urls": ["https://t.co/FeyP4vUH7J"], "date": {"hour": 16, "month": 11, "iso": "2018-11-15T16:41:17", "year": 2018, "day": 15, "minute": 41}, "geo": null, "id": 1063109693999067143, "lang": "en", "emoticons": [], "user_id": 48724004, "coordinates": null, "source": "LinkedIn", "location": "Delhi", "mentions": []}, {"truncated": true, "text": "wants clean places but no one likes picking up broom &amp; ones who do it r despised b\u2026", "hashtags": ["#SanitationWorkersSpeak\nEveryone"], "topic": "environment", "tweet_urls": ["https://t.co/VPU7KkFPHy"], "date": {"hour": 16, "month": 11, "iso": "2018-11-15T16:05:20", "year": 2018, "day": 15, "minute": 5}, "geo": null, "id": 1063100648651145221, "lang": "en", "emoticons": [], "user_id": 969152496718548992, "coordinates": null, "source": "Twitter for Android", "location": "Delhi", "mentions": []}, {"truncated": true, "text": "Our politicians are the dumbest in the whole world as instead of trying to find a pragmatic solution\u2026", "hashtags": [], "topic": "environment", "tweet_urls": ["https://t.co/PM6ZMwmbA1"], "date": {"hour": 15, "month": 11, "iso": "2018-11-15T15:25:31", "year": 2018, "day": 15, "minute": 25}, "geo": null, "id": 1063090627087282176, "lang": "en", "emoticons": [], "user_id": 910131463412051968, "coordinates": null, "source": "Twitter for iPhone", "location": "Delhi", "mentions": ["@dhruv_rathee"]}, {"truncated": true, "text": "- What's Your IQ? We are pleased to announce the launch of GRIHA Green and get a c\u2026", "hashtags": ["#ContestAlert", "#Green", "#Quiz!\n\nWin"], "topic": "environment", "tweet_urls": ["https://t.co/WG8YnaZa57"], "date": {"hour": 15, "month": 11, "iso": "2018-11-15T15:13:15", "year": 2018, "day": 15, "minute": 13}, "geo": null, "id": 1063087542290014208, "lang": "en", "emoticons": [], "user_id": 53982089, "coordinates": null, "source": "Twitter Web Client", "location": "Delhi", "mentions": []}, {"truncated": true, "text": "today, are influencing the shift to a collaborative, creative and technology-enabled environment and\u2026", "hashtags": ["#Millennials,"], "topic": "environment", "tweet_urls": ["https://t.co/6r8azvBFRu"], "date": {"hour": 15, "month": 11, "iso": "2018-11-15T15:07:12", "year": 2018, "day": 15, "minute": 7}, "geo": null, "id": 1063086019430367232, "lang": "en", "emoticons": [], "user_id": 65902865, "coordinates": null, "source": "Twitter Web Client", "location": "Delhi", "mentions": []}, {"truncated": true, "text": "Let's all work together to and help create s safe environment. Join hands with by\u2026", "hashtags": ["#StopBullying", "#BullyToBuddy"], "topic": "environment", "tweet_urls": ["https://t.co/ie1pbFPsOs"], "date": {"hour": 14, "month": 11, "iso": "2018-11-15T14:40:04", "year": 2018, "day": 15, "minute": 40}, "geo": null, "id": 1063079191099387904, "lang": "en", "emoticons": [], "user_id": 141502393, "coordinates": null, "source": "Twitter for Android", "location": "Delhi", "mentions": []}, {"truncated": true, "text": "AGBS,Noida Faculties and students attending the Two-day national conference on 'Sustainable and Environment-friendl\u2026", "hashtags": [], "topic": "environment", "tweet_urls": ["https://t.co/ohMPUaydrD"], "date": {"hour": 14, "month": 11, "iso": "2018-11-15T14:21:32", "year": 2018, "day": 15, "minute": 21}, "geo": null, "id": 1063074524739129344, "lang": "en", "emoticons": [], "user_id": 864433327482253312, "coordinates": null, "source": "Twitter for Android", "location": "Delhi", "mentions": []}, {"truncated": true, "text": "As an activist for environment , I request you share some handy food and drinks to fight pollution\u2026", "hashtags": [], "topic": "environment", "tweet_urls": ["https://t.co/ioA5Yv7I38"], "date": {"hour": 13, "month": 11, "iso": "2018-11-15T13:57:18", "year": 2018, "day": 15, "minute": 57}, "geo": null, "id": 1063068428666310656, "lang": "en", "emoticons": [], "user_id": 765161782130405376, "coordinates": null, "source": "Twitter for iPhone", "location": "Delhi", "mentions": ["@ClearHealthNow"]}, {"truncated": true, "text": "Humans not safe from humans , animal world unsafe because of humans , forest not safe human greed,rivers seas no\u2026", "hashtags": [], "topic": "environment", "tweet_urls": ["https://t.co/sbH1NU6Ayj"], "date": {"hour": 13, "month": 11, "iso": "2018-11-15T13:54:41", "year": 2018, "day": 15, "minute": 54}, "geo": null, "id": 1063067767119716352, "lang": "en", "emoticons": [], "user_id": 3308621809, "coordinates": null, "source": "Twitter for iPhone", "location": "Delhi", "mentions": []}, {"truncated": true, "text": "Make Environment History core programme in educational institutions: Vipul Singh via\u2026", "hashtags": [], "topic": "environment", "tweet_urls": ["https://t.co/szZuwf7q0B", "https://t.co/5PR6E8XiOY"], "date": {"hour": 13, "month": 11, "iso": "2018-11-15T13:38:25", "year": 2018, "day": 15, "minute": 38}, "geo": null, "id": 1063063676079538176, "lang": "en", "emoticons": [], "user_id": 929682817960865793, "coordinates": null, "source": "Twitter Web Client", "location": "Delhi", "mentions": []}, {"truncated": true, "text": "Proper and good education, employment and engagement of all of us in a healthy environment is the need of the hour,\u2026", "hashtags": [], "topic": "environment", "tweet_urls": ["https://t.co/5vlmSZCjUE"], "date": {"hour": 13, "month": 11, "iso": "2018-11-15T13:32:59", "year": 2018, "day": 15, "minute": 32}, "geo": null, "id": 1063062308803379201, "lang": "en", "emoticons": [], "user_id": 1034131638559498241, "coordinates": null, "source": "Twitter for Android", "location": "Delhi", "mentions": []}, {"truncated": true, "text": "Striving to create a nurturing environment for to hone their Katha welcomes your particip\u2026", "hashtags": ["#children", "#writingskills,"], "topic": "environment", "tweet_urls": ["https://t.co/gUhqaPpolc"], "date": {"hour": 13, "month": 11, "iso": "2018-11-15T13:26:40", "year": 2018, "day": 15, "minute": 26}, "geo": null, "id": 1063060718386405377, "lang": "en", "emoticons": [], "user_id": 23287686, "coordinates": null, "source": "Twitter Web Client", "location": "Delhi", "mentions": []}, {"truncated": true, "text": "\u092e\u0939\u093f\u0932\u093e\u0913\u0902 \u0915\u0947 \u0932\u093f\u090f \u0938\u093e\u0930\u094d\u0935\u091c\u0928\u093f\u0915 \u0938\u094d\u0925\u0932\u094b\u0902 \u092a\u0930 \u0938\u0939\u091c \u0914\u0930 \u0938\u0941\u0930\u0915\u094d\u0937\u093f\u0924 \u092e\u093e\u0939\u094c\u0932 \u091c\u0930\u0942\u0930\u0940: \u0938\u0940\u0924\u093e\u0930\u092e\u0923 \n@SpokespersonMoD", "hashtags": ["#WomenSafety", "#MeToo\u2026"], "topic": "environment", "tweet_urls": ["https://t.co/TiGNGK4Xp0"], "date": {"hour": 13, "month": 11, "iso": "2018-11-15T13:21:46", "year": 2018, "day": 15, "minute": 21}, "geo": null, "id": 1063059483310546944, "lang": "hi", "emoticons": [], "user_id": 81385506, "coordinates": null, "source": "Twitter Web Client", "location": "Delhi", "mentions": []}, {"truncated": true, "text": "WIPO-DIPP GDCM 2018 Conference (Day-2) opened with a panel discussion on 'Sustaining the Film Industry in the Digit\u2026", "hashtags": [], "topic": "environment", "tweet_urls": ["https://t.co/0UZJSACVG9"], "date": {"hour": 12, "month": 11, "iso": "2018-11-15T12:51:38", "year": 2018, "day": 15, "minute": 51}, "geo": null, "id": 1063051902047313921, "lang": "en", "emoticons": [], "user_id": 2585154385, "coordinates": null, "source": "Twitter Web Client", "location": "Delhi", "mentions": []}, {"truncated": true, "text": "Solar ambassador workshop on Gyan Mandir public school. The objective of the workshop was to encourage use of clean\u2026", "hashtags": [], "topic": "environment", "tweet_urls": ["https://t.co/tVf6VZHiW5"], "date": {"hour": 12, "month": 11, "iso": "2018-11-15T12:25:30", "year": 2018, "day": 15, "minute": 25}, "geo": null, "id": 1063045324258840576, "lang": "en", "emoticons": [], "user_id": 786425644506677248, "coordinates": null, "source": "Twitter for iPhone", "location": "Delhi", "mentions": []}, {"truncated": true, "text": "Collaboration betwn \u2018s IPSHEM (training institute for HSE), Goa &amp; Moscow held for Health, Safety\u2026", "hashtags": ["#ONGC"], "topic": "environment", "tweet_urls": ["https://t.co/WXN6T19w8W"], "date": {"hour": 12, "month": 11, "iso": "2018-11-15T12:18:55", "year": 2018, "day": 15, "minute": 18}, "geo": null, "id": 1063043670008426496, "lang": "en", "emoticons": [], "user_id": 2862755232, "coordinates": null, "source": "Twitter for iPhone", "location": "Delhi", "mentions": ["@RosneftEN,"]}, {"truncated": true, "text": "The environment has been continuously deteriorating because of the rising levels of Air Pollution. It is definitely\u2026", "hashtags": [], "topic": "environment", "tweet_urls": ["https://t.co/9yXNdtibzm"], "date": {"hour": 12, "month": 11, "iso": "2018-11-15T12:09:00", "year": 2018, "day": 15, "minute": 9}, "geo": null, "id": 1063041170518011906, "lang": "en", "emoticons": [], "user_id": 1003930374307643392, "coordinates": null, "source": "Twitter Web Client", "location": "Delhi", "mentions": []}, {"truncated": true, "text": "We need 'Environment' theory and labs in our school, maybe part of every subject - from Language to Sciences. Becau\u2026", "hashtags": [], "topic": "environment", "tweet_urls": ["https://t.co/pM3fTBuEo7"], "date": {"hour": 11, "month": 11, "iso": "2018-11-15T11:52:46", "year": 2018, "day": 15, "minute": 52}, "geo": null, "id": 1063037087170072576, "lang": "en", "emoticons": [], "user_id": 222075537, "coordinates": null, "source": "Facebook", "location": "Delhi", "mentions": []}, {"truncated": true, "text": "Every speck and grain of life matters matters and respect intetconnectedness#interconect\u2026", "hashtags": ["#environment"], "topic": "environment", "tweet_urls": ["https://t.co/S5sEPNp4Jq"], "date": {"hour": 11, "month": 11, "iso": "2018-11-15T11:40:32", "year": 2018, "day": 15, "minute": 40}, "geo": null, "id": 1063034009398272001, "lang": "en", "emoticons": [], "user_id": 3308621809, "coordinates": null, "source": "Twitter for iPhone", "location": "Delhi", "mentions": ["@shadazubair"]}, {"truncated": true, "text": "Stocks: Auto -4.8%. Hi-Tech $DSY +1.6%. Banks $BNP -1% $ACA -1%. Environment $DBG -7.1%. Transport\u2026", "hashtags": ["#France", "#Peugeot"], "topic": "environment", "tweet_urls": ["https://t.co/3YTeSB7xWR"], "date": {"hour": 11, "month": 11, "iso": "2018-11-15T11:23:14", "year": 2018, "day": 15, "minute": 23}, "geo": null, "id": 1063029653219237889, "lang": "fr", "emoticons": [], "user_id": 4723496155, "coordinates": null, "source": "Twitter Web Client", "location": "Delhi", "mentions": []}, {"truncated": true, "text": "We are committed to formulate integrated Child Welfare Policies &amp; Programmes. Our efforts are united to provide Chi\u2026", "hashtags": [], "topic": "environment", "tweet_urls": ["https://t.co/pnc7NWC4AL"], "date": {"hour": 11, "month": 11, "iso": "2018-11-15T11:21:35", "year": 2018, "day": 15, "minute": 21}, "geo": null, "id": 1063029238729568256, "lang": "en", "emoticons": [], "user_id": 2543109397, "coordinates": null, "source": "Twitter Web Client", "location": "Delhi", "mentions": []}, {"truncated": true, "text": "Minister Mohammed bin Abdullah al-Rumaihi said at a conference th\u2026", "hashtags": ["#Qatar's", "#Environment", "#sustainability"], "topic": "environment", "tweet_urls": ["https://t.co/U5NNDBw0Ck"], "date": {"hour": 11, "month": 11, "iso": "2018-11-15T11:08:33", "year": 2018, "day": 15, "minute": 8}, "geo": null, "id": 1063025957584289793, "lang": "en", "emoticons": [], "user_id": 20153481, "coordinates": null, "source": "Twitter Web Client", "location": "Delhi", "mentions": ["@albaladiya"]}, {"truncated": true, "text": "Religion must for good conduct, harmony &amp; peaceful environment in society. But it cannot satisfy physic\u2026", "hashtags": [], "topic": "environment", "tweet_urls": ["https://t.co/ud0977UsyO"], "date": {"hour": 11, "month": 11, "iso": "2018-11-15T11:07:57", "year": 2018, "day": 15, "minute": 7}, "geo": null, "id": 1063025808623587328, "lang": "en", "emoticons": [], "user_id": 105063303, "coordinates": null, "source": "Twitter Web Client", "location": "Delhi", "mentions": ["@MailOnline"]}, {"truncated": true, "text": "remains committed to a single market economy. Rejects concept. This is for better competitive envi\u2026", "hashtags": ["#Belgium", "#Brexit"], "topic": "environment", "tweet_urls": ["https://t.co/lxQReDvjEP"], "date": {"hour": 11, "month": 11, "iso": "2018-11-15T11:02:18", "year": 2018, "day": 15, "minute": 2}, "geo": null, "id": 1063024385928413184, "lang": "en", "emoticons": [], "user_id": 21849016, "coordinates": null, "source": "Twitter for Android", "location": "Delhi", "mentions": []}, {"truncated": true, "text": "Water is a limited resource. It is needed for all living things and must be managed well to ensure we have enough f\u2026", "hashtags": [], "topic": "environment", "tweet_urls": ["https://t.co/ZnGT1IBQpK"], "date": {"hour": 10, "month": 11, "iso": "2018-11-15T10:59:25", "year": 2018, "day": 15, "minute": 59}, "geo": null, "id": 1063023662436106240, "lang": "en", "emoticons": [], "user_id": 728319091677630464, "coordinates": null, "source": "Twitter Web Client", "location": "Delhi", "mentions": []}, {"truncated": true, "text": "says that Global &amp; market is projected to grow from around $ 85 billion\u2026", "hashtags": ["#TechSci", "#environment", "#CleanUp", "#remediation"], "topic": "environment", "tweet_urls": ["https://t.co/UHbmLXMKbE"], "date": {"hour": 10, "month": 11, "iso": "2018-11-15T10:57:13", "year": 2018, "day": 15, "minute": 57}, "geo": null, "id": 1063023105986052097, "lang": "en", "emoticons": [], "user_id": 1044545396565991425, "coordinates": null, "source": "Twitter Web Client", "location": "Delhi", "mentions": []}, {"truncated": false, "text": "Chocolate giant Cadbury \u2018still pushing orangutans towards extinction by wrecking...", "hashtags": [], "topic": "environment", "tweet_urls": ["https://t.co/L4uLDc1azE"], "date": {"hour": 10, "month": 11, "iso": "2018-11-15T10:42:50", "year": 2018, "day": 15, "minute": 42}, "geo": null, "id": 1063019488516411393, "lang": "en", "emoticons": [], "user_id": 53982089, "coordinates": null, "source": "Facebook", "location": "Delhi", "mentions": []}, {"truncated": true, "text": "Use of multiple resources for teaching and other essential features of an effective learning environment.\n#Learning\u2026", "hashtags": [], "topic": "environment", "tweet_urls": ["https://t.co/BZc8nNJ6Hw"], "date": {"hour": 10, "month": 11, "iso": "2018-11-15T10:23:49", "year": 2018, "day": 15, "minute": 23}, "geo": null, "id": 1063014703297892352, "lang": "en", "emoticons": [], "user_id": 4911456344, "coordinates": null, "source": "Twitter Web Client", "location": "Delhi", "mentions": []}, {"truncated": true, "text": "\u2019s presence makes the environment energetic and cheerful. Take a look at some of his pictures from\u2026", "hashtags": [], "topic": "environment", "tweet_urls": ["https://t.co/o4VQj4P3iz"], "date": {"hour": 10, "month": 11, "iso": "2018-11-15T10:18:40", "year": 2018, "day": 15, "minute": 18}, "geo": null, "id": 1063013404976259072, "lang": "en", "emoticons": [], "user_id": 369436632, "coordinates": null, "source": "Twitter Web Client", "location": "Delhi", "mentions": ["@virendersehwag"]}, {"truncated": true, "text": "Members of Bangladesh Coast Guard on Sunday seized meat, head and skin of a slaughtered deer during a drive near Mi\u2026", "hashtags": [], "topic": "environment", "tweet_urls": ["https://t.co/nUFO3c5UZ0"], "date": {"hour": 9, "month": 11, "iso": "2018-11-15T09:58:58", "year": 2018, "day": 15, "minute": 58}, "geo": null, "id": 1063008448894386176, "lang": "en", "emoticons": [], "user_id": 3878874740, "coordinates": null, "source": "Facebook", "location": "Delhi", "mentions": []}, {"truncated": true, "text": "Why shud I dump a laptop just becoz decided to make it vintage? It cud hv worked fine with battery replaceme\u2026", "hashtags": [], "topic": "environment", "tweet_urls": ["https://t.co/6jhbAnsS6b"], "date": {"hour": 9, "month": 11, "iso": "2018-11-15T09:56:17", "year": 2018, "day": 15, "minute": 56}, "geo": null, "id": 1063007775041748993, "lang": "en", "emoticons": [], "user_id": 108538423, "coordinates": null, "source": "Twitter for iPhone", "location": "Delhi", "mentions": ["@Apple"]}, {"truncated": true, "text": "Can't we be more environmentally sensitive? SBI, IRCTC need 2 show lot more care for Country's larges\u2026", "hashtags": ["#environment."], "topic": "environment", "tweet_urls": ["https://t.co/waBIQi58hP"], "date": {"hour": 9, "month": 11, "iso": "2018-11-15T09:49:23", "year": 2018, "day": 15, "minute": 49}, "geo": null, "id": 1063006038171897856, "lang": "en", "emoticons": [], "user_id": 292878391, "coordinates": null, "source": "Twitter Web Client", "location": "Delhi", "mentions": []}, {"truncated": true, "text": "KJ-501 ensures healthy indoor with its level color indicators.\u2026", "hashtags": ["#Airoshine", "#AirPurifier", "#AirQuality", "#pollution"], "topic": "environment", "tweet_urls": ["https://t.co/P7ulN868TR"], "date": {"hour": 9, "month": 11, "iso": "2018-11-15T09:48:22", "year": 2018, "day": 15, "minute": 48}, "geo": null, "id": 1063005780717244416, "lang": "en", "emoticons": [], "user_id": 3267975181, "coordinates": null, "source": "Twitter Web Client", "location": "Delhi", "mentions": []}, {"truncated": true, "text": "Last day to register !!\nThe seminar will provide an overview of the life cycle of an audit from a new internal audi\u2026", "hashtags": [], "topic": "environment", "tweet_urls": ["https://t.co/iV2epIRK5E"], "date": {"hour": 9, "month": 11, "iso": "2018-11-15T09:46:01", "year": 2018, "day": 15, "minute": 46}, "geo": null, "id": 1063005187776933888, "lang": "en", "emoticons": [], "user_id": 288063063, "coordinates": null, "source": "Twitter Web Client", "location": "Delhi", "mentions": []}, {"truncated": true, "text": "I wish to win JVCSpeaker because I'm a big music lover and music helps me to conquer the real life pro\u2026", "hashtags": [], "topic": "environment", "tweet_urls": ["https://t.co/SlrQzmTbA7"], "date": {"hour": 9, "month": 11, "iso": "2018-11-15T09:40:34", "year": 2018, "day": 15, "minute": 40}, "geo": null, "id": 1063003817690587136, "lang": "en", "emoticons": [], "user_id": 1552808054, "coordinates": null, "source": "Twitter for Android", "location": "Delhi", "mentions": ["@JVCIndiaOff"]}, {"truncated": true, "text": "Professor Helen Lochhead, Dean UNSW Built Environment interviews 2018 Pritzker Prize Winner Professor B.V. Doshi\n\nC\u2026", "hashtags": [], "topic": "environment", "tweet_urls": ["https://t.co/vPIMg2TZkj"], "date": {"hour": 9, "month": 11, "iso": "2018-11-15T09:40:09", "year": 2018, "day": 15, "minute": 40}, "geo": null, "id": 1063003713659375617, "lang": "en", "emoticons": [], "user_id": 2243649758, "coordinates": null, "source": "Twitter for Android", "location": "Delhi", "mentions": []}, {"truncated": true, "text": "PVR Anupam, Audi 2... Seats are broken, suffocation and hot environment inside. Is this the service you offer? \n\nFl\u2026", "hashtags": [], "topic": "environment", "tweet_urls": ["https://t.co/ftoK6LHZ3H"], "date": {"hour": 9, "month": 11, "iso": "2018-11-15T09:38:53", "year": 2018, "day": 15, "minute": 38}, "geo": null, "id": 1063003392950353921, "lang": "en", "emoticons": [], "user_id": 1943447582, "coordinates": null, "source": "Twitter for iPhone", "location": "Delhi", "mentions": []}, {"truncated": true, "text": "This would apply to every committee that has been established by the tribunal. SPCB are enabled to utilise environm\u2026", "hashtags": [], "topic": "environment", "tweet_urls": ["https://t.co/xLO5cxn9ob"], "date": {"hour": 9, "month": 11, "iso": "2018-11-15T09:37:26", "year": 2018, "day": 15, "minute": 37}, "geo": null, "id": 1063003027609665536, "lang": "en", "emoticons": [], "user_id": 2501194554, "coordinates": null, "source": "Twitter for iPhone", "location": "Delhi", "mentions": []}, {"truncated": true, "text": "Revolutions never happen in a day. Keep yourself motivated, keep doing your bit for the environment and believe tha\u2026", "hashtags": [], "topic": "environment", "tweet_urls": ["https://t.co/T7TYlr9bMT"], "date": {"hour": 9, "month": 11, "iso": "2018-11-15T09:25:42", "year": 2018, "day": 15, "minute": 25}, "geo": null, "id": 1063000075700330496, "lang": "en", "emoticons": [], "user_id": 2570548526, "coordinates": null, "source": "Twitter Web Client", "location": "Delhi", "mentions": []}, {"truncated": true, "text": "Some people talk, few walk the talk. Here is one from the latter category who has initiated a big effort towards\u2026", "hashtags": [], "topic": "environment", "tweet_urls": ["https://t.co/XX1oUUzPIk"], "date": {"hour": 9, "month": 11, "iso": "2018-11-15T09:18:06", "year": 2018, "day": 15, "minute": 18}, "geo": null, "id": 1062998164368699392, "lang": "en", "emoticons": [], "user_id": 112187109, "coordinates": null, "source": "Twitter for Android", "location": "Delhi", "mentions": []}, {"truncated": true, "text": "It often happens that in all the advancement we lose balance with ourselves and the environment around us. Guru Gau\u2026", "hashtags": [], "topic": "environment", "tweet_urls": ["https://t.co/0KnYYmT4QN"], "date": {"hour": 9, "month": 11, "iso": "2018-11-15T09:14:35", "year": 2018, "day": 15, "minute": 14}, "geo": null, "id": 1062997280565927937, "lang": "en", "emoticons": [], "user_id": 4901733019, "coordinates": null, "source": "Twitter for Android", "location": "Delhi", "mentions": []}, {"truncated": true, "text": "Join us and get a glimpse of the luxurious, well-equipped and environment-friendly sample flat of ATS Le Grandiose,\u2026", "hashtags": [], "topic": "environment", "tweet_urls": ["https://t.co/KSigHQ1zRU"], "date": {"hour": 8, "month": 11, "iso": "2018-11-15T08:10:52", "year": 2018, "day": 15, "minute": 10}, "geo": null, "id": 1062981245859254273, "lang": "en", "emoticons": [], "user_id": 2195856308, "coordinates": null, "source": "Twitter Web Client", "location": "Delhi", "mentions": []}, {"truncated": true, "text": "My Arabic grammar is coming back though self-learning! Two months enough in a total Arabic environment (but I can n\u2026", "hashtags": [], "topic": "environment", "tweet_urls": ["https://t.co/1Rckrz5mEd"], "date": {"hour": 7, "month": 11, "iso": "2018-11-15T07:56:13", "year": 2018, "day": 15, "minute": 56}, "geo": null, "id": 1062977557866430464, "lang": "en", "emoticons": [], "user_id": 163029733, "coordinates": null, "source": "Twitter for Android", "location": "Delhi", "mentions": []}, {"truncated": true, "text": "That's why I am inviting you in an independent environment of highly intellectuals.. definitely u\u2026", "hashtags": [], "topic": "environment", "tweet_urls": ["https://t.co/Ya4ZAJdLms"], "date": {"hour": 7, "month": 11, "iso": "2018-11-15T07:55:50", "year": 2018, "day": 15, "minute": 55}, "geo": null, "id": 1062977459996356610, "lang": "en", "emoticons": [], "user_id": 4200410413, "coordinates": null, "source": "Twitter for Android", "location": "Delhi", "mentions": ["@BhavikaKapoor5"]}, {"truncated": true, "text": "people from other countries and cities now want to move out for they feel that they are unable to raise children in\u2026", "hashtags": [], "topic": "environment", "tweet_urls": ["https://t.co/B9viDr7Yq3"], "date": {"hour": 7, "month": 11, "iso": "2018-11-15T07:30:13", "year": 2018, "day": 15, "minute": 30}, "geo": null, "id": 1062971015532331008, "lang": "en", "emoticons": [], "user_id": 890987647, "coordinates": null, "source": "Twitter Web Client", "location": "Delhi", "mentions": []}, {"truncated": true, "text": "Keep your home into a peaceful environment with the fine fragrances of Rajkamal's Delux Dhoop\nCall Us Now \nFor bulk\u2026", "hashtags": [], "topic": "environment", "tweet_urls": ["https://t.co/QhdCkHXQs1"], "date": {"hour": 7, "month": 11, "iso": "2018-11-15T07:26:42", "year": 2018, "day": 15, "minute": 26}, "geo": null, "id": 1062970127744933888, "lang": "en", "emoticons": [], "user_id": 1025344692882423810, "coordinates": null, "source": "Twitter Web Client", "location": "Delhi", "mentions": []}, {"truncated": true, "text": "AAP \u0915\u0947 \u0926\u0915\u094d\u0937\u093f\u0923 \u0926\u093f\u0932\u094d\u0932\u0940 \u0932\u094b\u0938 \u092a\u094d\u0930\u092d\u093e\u0930\u0940 \u0928\u0947 \u0927\u0930\u094d\u092e,\u091c\u093e\u0924\u093f \u0914\u0930 \u092a\u094d\u0930\u093e\u0928\u094d\u0924 \u0915\u0947 \u092c\u0926\u0932\u0947 \u0907\u0902\u0938\u093e\u0928\u093f\u092f\u0924 \u0915\u0940 \u0930\u093e\u091c\u0928\u0940\u0924\u093f \u092a\u0930 \u091c\u094b\u0930 \u0926\u093f\u092f\u093e\u0964 \u0909\u2026", "hashtags": [], "topic": "environment", "tweet_urls": ["https://t.co/s5IGG5sWmc"], "date": {"hour": 7, "month": 11, "iso": "2018-11-15T07:21:30", "year": 2018, "day": 15, "minute": 21}, "geo": null, "id": 1062968818618646528, "lang": "hi", "emoticons": [], "user_id": 2299699574, "coordinates": null, "source": "Twitter for iPhone", "location": "Delhi", "mentions": ["@raghav_chadha"]}, {"truncated": true, "text": "Communism failed, Capitalism has also failed to deliver. We have to find a third way, which is what the \u2066\u2026", "hashtags": [], "topic": "environment", "tweet_urls": ["https://t.co/FwcVJz1gPF"], "date": {"hour": 7, "month": 11, "iso": "2018-11-15T07:19:27", "year": 2018, "day": 15, "minute": 19}, "geo": null, "id": 1062968302715191297, "lang": "en", "emoticons": [], "user_id": 215685563, "coordinates": null, "source": "Twitter for iPhone", "location": "Delhi", "mentions": []}, {"truncated": true, "text": "Happening right now-High level discussions on &amp; in CII\u2019s 3rd EEETech Tec\u2026", "hashtags": ["#energyefficiency", "#environment", "#technology"], "topic": "environment", "tweet_urls": ["https://t.co/4FrFhwSXSq"], "date": {"hour": 7, "month": 11, "iso": "2018-11-15T07:11:17", "year": 2018, "day": 15, "minute": 11}, "geo": null, "id": 1062966248840069120, "lang": "en", "emoticons": [], "user_id": 56991705, "coordinates": null, "source": "Twitter for iPhone", "location": "Delhi", "mentions": []}, {"truncated": true, "text": "Hopefully this new Mahindra Treo will rule the Indian roads very soon. Time to to save our enviro\u2026", "hashtags": ["#GoElectricWithME"], "topic": "environment", "tweet_urls": ["https://t.co/gQjmqAMi3o"], "date": {"hour": 6, "month": 11, "iso": "2018-11-15T06:43:39", "year": 2018, "day": 15, "minute": 43}, "geo": null, "id": 1062959296344928259, "lang": "en", "emoticons": [], "user_id": 2936259752, "coordinates": null, "source": "Twitter for Android", "location": "Delhi", "mentions": []}, {"truncated": true, "text": "According to a study published on the \u2018WHO South-East Asia Journal of Public Health\u2019, Indian children are \u201cincreasi\u2026", "hashtags": [], "topic": "environment", "tweet_urls": ["https://t.co/GYLhrEzHCf"], "date": {"hour": 6, "month": 11, "iso": "2018-11-15T06:40:14", "year": 2018, "day": 15, "minute": 40}, "geo": null, "id": 1062958436688769025, "lang": "en", "emoticons": [], "user_id": 747457553940942849, "coordinates": null, "source": "Twitter Web Client", "location": "Delhi", "mentions": []}, {"truncated": true, "text": "SC Restrains West Bengal From Processing Tenders for Fire Torches to Protect Elephants \nBecause we were at a point\u2026", "hashtags": [], "topic": "environment", "tweet_urls": ["https://t.co/J8qjlx8gOv"], "date": {"hour": 6, "month": 11, "iso": "2018-11-15T06:38:29", "year": 2018, "day": 15, "minute": 38}, "geo": null, "id": 1062957993078243328, "lang": "en", "emoticons": [], "user_id": 1543180982, "coordinates": null, "source": "Twitter Web Client", "location": "Delhi", "mentions": []}, {"truncated": true, "text": "Designed to provide a holistic environment with the well-being of our occupants at heart, Alphathum facilities co\u2026", "hashtags": [], "topic": "environment", "tweet_urls": ["https://t.co/jtx2D2UDdP"], "date": {"hour": 6, "month": 11, "iso": "2018-11-15T06:36:35", "year": 2018, "day": 15, "minute": 36}, "geo": null, "id": 1062957517922197505, "lang": "en", "emoticons": [], "user_id": 742698046534918144, "coordinates": null, "source": "Twitter Web Client", "location": "Delhi", "mentions": []}, {"truncated": true, "text": "great to see these Electric Autos being launched by that are sure to do good to\u2026", "hashtags": ["#GoElectricWithME"], "topic": "environment", "tweet_urls": ["https://t.co/qH58ok9Dtv"], "date": {"hour": 6, "month": 11, "iso": "2018-11-15T06:31:16", "year": 2018, "day": 15, "minute": 31}, "geo": null, "id": 1062956176919293952, "lang": "en", "emoticons": [], "user_id": 4907194404, "coordinates": null, "source": "Twitter for Android", "location": "Delhi", "mentions": ["@MahindraElctrc"]}, {"truncated": true, "text": "Phenakindia plush cream helps to protect skin from harsh environment and nourish from inside. It's natural ingredie\u2026", "hashtags": [], "topic": "environment", "tweet_urls": ["https://t.co/uRQi6kT8VE"], "date": {"hour": 6, "month": 11, "iso": "2018-11-15T06:20:38", "year": 2018, "day": 15, "minute": 20}, "geo": null, "id": 1062953502278930433, "lang": "en", "emoticons": [], "user_id": 920214341059792896, "coordinates": null, "source": "Twitter Web Client", "location": "Delhi", "mentions": []}, {"truncated": true, "text": "Congratulations to family for2018 SHE Excellence Gold Medal. At r\u2026", "hashtags": ["#IFFCO", "#IFA", "#IFFCO,we"], "topic": "environment", "tweet_urls": ["https://t.co/5nVWwGJACr"], "date": {"hour": 6, "month": 11, "iso": "2018-11-15T06:19:41", "year": 2018, "day": 15, "minute": 19}, "geo": null, "id": 1062953263874506753, "lang": "en", "emoticons": [], "user_id": 2611222878, "coordinates": null, "source": "Twitter Web Client", "location": "Delhi", "mentions": ["@IFFCOKISAN", "@FertilizerNews"]}, {"truncated": true, "text": "Glad to knothat something is coming keeping our environment in maind this is much needed\u2026", "hashtags": ["#GoElectricWithME"], "topic": "environment", "tweet_urls": ["https://t.co/QxaeCw2p3b"], "date": {"hour": 6, "month": 11, "iso": "2018-11-15T06:06:04", "year": 2018, "day": 15, "minute": 6}, "geo": null, "id": 1062949837941829633, "lang": "en", "emoticons": [], "user_id": 926405181671063558, "coordinates": null, "source": "Twitter for Android", "location": "Delhi", "mentions": []}, {"truncated": true, "text": "Designed to provide a holistic environment with the well-being of our occupants at heart, Alphathum facilities cons\u2026", "hashtags": [], "topic": "environment", "tweet_urls": ["https://t.co/ZXwubwDnAV"], "date": {"hour": 5, "month": 11, "iso": "2018-11-15T05:59:30", "year": 2018, "day": 15, "minute": 59}, "geo": null, "id": 1062948182865276928, "lang": "en", "emoticons": [], "user_id": 799935699659198464, "coordinates": null, "source": "Twitter Web Client", "location": "Delhi", "mentions": []}, {"truncated": true, "text": "India\u2019s Healthcare sector is expected to be US$280 Bn in size by 2020, growing at a CAGR of 16%. India is one of th\u2026", "hashtags": [], "topic": "environment", "tweet_urls": ["https://t.co/7zGxTpf1I1"], "date": {"hour": 5, "month": 11, "iso": "2018-11-15T05:45:50", "year": 2018, "day": 15, "minute": 45}, "geo": null, "id": 1062944745780117504, "lang": "en", "emoticons": [], "user_id": 1047718926992515073, "coordinates": null, "source": "Twitter Web Client", "location": "Delhi", "mentions": []}, {"truncated": true, "text": "Come on Ashish! SC has nothing to do with the decision. Without Central Environment Ministry and State\u2019s approval,\u2026", "hashtags": [], "topic": "environment", "tweet_urls": ["https://t.co/WjY8ZXhc7g"], "date": {"hour": 5, "month": 11, "iso": "2018-11-15T05:36:45", "year": 2018, "day": 15, "minute": 36}, "geo": null, "id": 1062942460983136256, "lang": "en", "emoticons": [], "user_id": 1695784514, "coordinates": null, "source": "Twitter for iPhone", "location": "Delhi", "mentions": []}, {"truncated": true, "text": "Team ASL created an environment that was so joyful that children even started dancing in joy.\n.\n.\n#aslfoundation\u2026", "hashtags": [], "topic": "environment", "tweet_urls": ["https://t.co/HZrUA38gFp"], "date": {"hour": 5, "month": 11, "iso": "2018-11-15T05:24:43", "year": 2018, "day": 15, "minute": 24}, "geo": null, "id": 1062939429269049346, "lang": "en", "emoticons": [], "user_id": 957500483270144002, "coordinates": null, "source": "IFTTT", "location": "Delhi", "mentions": []}, {"truncated": true, "text": "I regularly work on WION stories &amp; I'm tired of all bombing news. Mins ago I used this news package for archiving s\u2026", "hashtags": [], "topic": "environment", "tweet_urls": ["https://t.co/cCYPTtUBmw"], "date": {"hour": 5, "month": 11, "iso": "2018-11-15T05:18:45", "year": 2018, "day": 15, "minute": 18}, "geo": null, "id": 1062937931113947136, "lang": "en", "emoticons": [], "user_id": 220928504, "coordinates": null, "source": "Twitter Web Client", "location": "Delhi", "mentions": []}, {"truncated": true, "text": "Phenomenal Beginning of Day 2 at Global Digital Content Market as Kevin Fitzgerald, Director, Office of\u2026", "hashtags": ["#Conference"], "topic": "environment", "tweet_urls": ["https://t.co/FaH4iO0pCf"], "date": {"hour": 5, "month": 11, "iso": "2018-11-15T05:02:03", "year": 2018, "day": 15, "minute": 2}, "geo": null, "id": 1062933726005469184, "lang": "en", "emoticons": [], "user_id": 3192668094, "coordinates": null, "source": "Twitter Web Client", "location": "Delhi", "mentions": []}, {"truncated": true, "text": "Arun Imaging is an ideal destination for the people who are looking for TMT Test In Delhi. Treadmill Test (TMT) or\u2026", "hashtags": [], "topic": "environment", "tweet_urls": ["https://t.co/cSiP1RY9We"], "date": {"hour": 4, "month": 11, "iso": "2018-11-15T04:44:33", "year": 2018, "day": 15, "minute": 44}, "geo": null, "id": 1062929320962809856, "lang": "en", "emoticons": [], "user_id": 997056323496771584, "coordinates": null, "source": "Twitter Web Client", "location": "Delhi", "mentions": []}, {"truncated": true, "text": "a BJP run state, is the physical environment of no consequence, as mentioned in ?\u2026", "hashtags": ["#Haryana\nIn", "#IntegralHumanism"], "topic": "environment", "tweet_urls": ["https://t.co/hhzPCZ7OBM"], "date": {"hour": 4, "month": 11, "iso": "2018-11-15T04:33:38", "year": 2018, "day": 15, "minute": 33}, "geo": null, "id": 1062926576013205505, "lang": "en", "emoticons": [], "user_id": 760846464, "coordinates": null, "source": "Facebook", "location": "Delhi", "mentions": []}, {"truncated": true, "text": "Startup India is inviting suggestions from the Startup Ecosystem to submit Regulatory and Policy recommendations.\u2026", "hashtags": [], "topic": "environment", "tweet_urls": ["https://t.co/ZtcVvMLw4H"], "date": {"hour": 4, "month": 11, "iso": "2018-11-15T04:24:59", "year": 2018, "day": 15, "minute": 24}, "geo": null, "id": 1062924397739040768, "lang": "en", "emoticons": [], "user_id": 918031267223912448, "coordinates": null, "source": "Twitter Web Client", "location": "Delhi", "mentions": []}, {"truncated": true, "text": "Asian farmers missing out on new resilient seeds to improve yields against climate change\n\n#environment\u2026", "hashtags": [], "topic": "environment", "tweet_urls": ["https://t.co/d4zMENpihh"], "date": {"hour": 4, "month": 11, "iso": "2018-11-15T04:10:04", "year": 2018, "day": 15, "minute": 10}, "geo": null, "id": 1062920643463786496, "lang": "en", "emoticons": [], "user_id": 4761193760, "coordinates": null, "source": "Hootsuite Inc.", "location": "Delhi", "mentions": []}, {"truncated": true, "text": "Sirs, for your information and necessary action. Need to make our environme\u2026", "hashtags": [], "topic": "environment", "tweet_urls": ["https://t.co/eYjeaWWdGM"], "date": {"hour": 4, "month": 11, "iso": "2018-11-15T04:04:42", "year": 2018, "day": 15, "minute": 4}, "geo": null, "id": 1062919292767928326, "lang": "en", "emoticons": [], "user_id": 956702270, "coordinates": null, "source": "Twitter for iPhone", "location": "Delhi", "mentions": ["@PMOIndia", "@narendramodi", "@drharshvardhan"]}, {"truncated": false, "text": "\u2018Tsunami of data\u2019 could consume one fifth of global electricity by 2025", "hashtags": [], "topic": "environment", "tweet_urls": ["https://t.co/WpzUivn6YP"], "date": {"hour": 3, "month": 11, "iso": "2018-11-15T03:32:29", "year": 2018, "day": 15, "minute": 32}, "geo": null, "id": 1062911184616210432, "lang": "en", "emoticons": [], "user_id": 1896401437, "coordinates": null, "source": "Facebook", "location": "Delhi", "mentions": []}, {"truncated": true, "text": "Early has wreaked havoc on lush apple orchards particularly in four southern districts of the inc\u2026", "hashtags": ["#snowfall", "#Valley"], "topic": "environment", "tweet_urls": ["https://t.co/0s4s3qzkSx"], "date": {"hour": 3, "month": 11, "iso": "2018-11-15T03:21:14", "year": 2018, "day": 15, "minute": 21}, "geo": null, "id": 1062908356128620544, "lang": "en", "emoticons": [], "user_id": 2590835076, "coordinates": null, "source": "National Herald", "location": "Delhi", "mentions": []}, {"truncated": true, "text": "5000 children in created a to to make a cit\u2026", "hashtags": ["#Gurugram", "#HumanChain", "#SaveAravaliBiodiversityPark", "#Gurugram", "#liveable"], "topic": "environment", "tweet_urls": ["https://t.co/Qmi9c2ngX9"], "date": {"hour": 3, "month": 11, "iso": "2018-11-15T03:09:34", "year": 2018, "day": 15, "minute": 9}, "geo": null, "id": 1062905420530966528, "lang": "en", "emoticons": [], "user_id": 4761193760, "coordinates": null, "source": "Twitter Web Client", "location": "Delhi", "mentions": []}, {"truncated": true, "text": "Ban sale of non-CNG cars in Delhi: Remove capping on number of auto-rickshaws\n\nSupreme Court appointed Environment-\u2026", "hashtags": [], "topic": "environment", "tweet_urls": ["https://t.co/K0yy65Vqft"], "date": {"hour": 3, "month": 11, "iso": "2018-11-15T03:04:37", "year": 2018, "day": 15, "minute": 4}, "geo": null, "id": 1062904175569309696, "lang": "en", "emoticons": [], "user_id": 2740134079, "coordinates": null, "source": "Facebook", "location": "Delhi", "mentions": []}, {"truncated": true, "text": "Like polio eradication, India can script success in tackling air pollution too: UN Environment chief - Economic Tim\u2026", "hashtags": [], "topic": "environment", "tweet_urls": ["https://t.co/taECDuxeev"], "date": {"hour": 2, "month": 11, "iso": "2018-11-15T02:59:18", "year": 2018, "day": 15, "minute": 59}, "geo": null, "id": 1062902834037972992, "lang": "en", "emoticons": [], "user_id": 977410014460727296, "coordinates": null, "source": "Facebook", "location": "Delhi", "mentions": []}, {"truncated": true, "text": "This is the best way to Save Environment.\n\n#WasteManagement by Jee request you plz do som\u2026", "hashtags": ["#buyback\n\n@yogrishiramdev"], "topic": "environment", "tweet_urls": ["https://t.co/1zvvAFIVrH"], "date": {"hour": 2, "month": 11, "iso": "2018-11-15T02:49:56", "year": 2018, "day": 15, "minute": 49}, "geo": null, "id": 1062900480689397760, "lang": "en", "emoticons": [], "user_id": 1642670940, "coordinates": null, "source": "Twitter for Android", "location": "Delhi", "mentions": []}, {"truncated": true, "text": "Very good advice it must be shared with the environment ministry for implementatio\u2026", "hashtags": [], "topic": "environment", "tweet_urls": ["https://t.co/rnkECZDmJr"], "date": {"hour": 2, "month": 11, "iso": "2018-11-15T02:42:09", "year": 2018, "day": 15, "minute": 42}, "geo": null, "id": 1062898517985771521, "lang": "en", "emoticons": [], "user_id": 206539891, "coordinates": null, "source": "Twitter for Android", "location": "Delhi", "mentions": ["@HatindersinghR", "@_EternalDevotee"]}, {"truncated": true, "text": "A study by the United Kingdom Environment Agency found the impact of all types of bags was dominate\u2026", "hashtags": ["#environmental"], "topic": "environment", "tweet_urls": ["https://t.co/YobmA5RGnO"], "date": {"hour": 2, "month": 11, "iso": "2018-11-15T02:39:02", "year": 2018, "day": 15, "minute": 39}, "geo": null, "id": 1062897736742305792, "lang": "en", "emoticons": [], "user_id": 1024153080592445440, "coordinates": null, "source": "Buffer", "location": "Delhi", "mentions": []}, {"truncated": true, "text": "So many agencies - National Green Tribunal , Central Pollution Control Board, Environment Pollution Control Author\u2026", "hashtags": [], "topic": "environment", "tweet_urls": ["https://t.co/uyYtH5d152"], "date": {"hour": 2, "month": 11, "iso": "2018-11-15T02:38:24", "year": 2018, "day": 15, "minute": 38}, "geo": null, "id": 1062897576943468544, "lang": "en", "emoticons": [], "user_id": 90841211, "coordinates": null, "source": "Twitter for Android", "location": "Delhi", "mentions": []}, {"truncated": true, "text": "This is another team of dedicated people who think of serving earth , nature. Like mother, like a su\u2026", "hashtags": ["#Srishtisewaks"], "topic": "environment", "tweet_urls": ["https://t.co/U1z2PEAFGi"], "date": {"hour": 1, "month": 11, "iso": "2018-11-15T01:49:37", "year": 2018, "day": 15, "minute": 49}, "geo": null, "id": 1062885298290544640, "lang": "en", "emoticons": [], "user_id": 2837589067, "coordinates": null, "source": "Twitter for Android", "location": "Delhi", "mentions": []}, {"truncated": true, "text": "Post consolidation in Telecom industry, it is a four-player market environment.... TRAI will step in to to prevent\u2026", "hashtags": [], "topic": "environment", "tweet_urls": ["https://t.co/tu9ZHZt4jT"], "date": {"hour": 1, "month": 11, "iso": "2018-11-15T01:42:21", "year": 2018, "day": 15, "minute": 42}, "geo": null, "id": 1062883472124010496, "lang": "en", "emoticons": [], "user_id": 16039717, "coordinates": null, "source": "Twitter for iPhone", "location": "Delhi", "mentions": []}, {"truncated": true, "text": "ORELA Protecting Student and Civil Rights in the Educational Environment Secrets Study Guide: ORELA Test Review for\u2026", "hashtags": [], "topic": "environment", "tweet_urls": ["https://t.co/MNSOPeDBZl"], "date": {"hour": 1, "month": 11, "iso": "2018-11-15T01:23:04", "year": 2018, "day": 15, "minute": 23}, "geo": null, "id": 1062878615975682048, "lang": "en", "emoticons": [], "user_id": 1404060918, "coordinates": null, "source": "WordPress.com", "location": "Delhi", "mentions": []}, {"truncated": true, "text": "UN Environment convenes 16 of the world\u2019s largest insurers to assess intensifying impacts in bid to\u2026", "hashtags": ["#climatechange"], "topic": "environment", "tweet_urls": ["https://t.co/4SucT32r8i"], "date": {"hour": 1, "month": 11, "iso": "2018-11-15T01:17:27", "year": 2018, "day": 15, "minute": 17}, "geo": null, "id": 1062877206219759617, "lang": "en", "emoticons": [], "user_id": 155844166, "coordinates": null, "source": "Twitter for iPhone", "location": "Delhi", "mentions": []}, {"truncated": true, "text": "It's a best place for Computer science engineers who are fresher's and have a bit knowledge of softwares and hardwa\u2026", "hashtags": [], "topic": "environment", "tweet_urls": ["https://t.co/97nBpLNLkK"], "date": {"hour": 1, "month": 11, "iso": "2018-11-15T01:01:55", "year": 2018, "day": 15, "minute": 1}, "geo": null, "id": 1062873296717467649, "lang": "en", "emoticons": [], "user_id": 718939165, "coordinates": null, "source": "Facebook", "location": "Delhi", "mentions": []}, {"truncated": true, "text": "When I first started with PHP a long time ago, I really had trouble setting up work environment. I had no clue abou\u2026", "hashtags": [], "topic": "environment", "tweet_urls": ["https://t.co/DQkkj6FWIT"], "date": {"hour": 23, "month": 11, "iso": "2018-11-14T23:44:22", "year": 2018, "day": 14, "minute": 44}, "geo": null, "id": 1062853777588404224, "lang": "en", "emoticons": [], "user_id": 394574158, "coordinates": null, "source": "Facebook", "location": "Delhi", "mentions": []}, {"truncated": false, "text": "Development environment for Magento 2 using\u00a0Docker", "hashtags": [], "topic": "environment", "tweet_urls": ["https://t.co/CXEahUdCxu"], "date": {"hour": 23, "month": 11, "iso": "2018-11-14T23:44:18", "year": 2018, "day": 14, "minute": 44}, "geo": null, "id": 1062853761092206592, "lang": "en", "emoticons": [], "user_id": 394574158, "coordinates": null, "source": "WordPress.com", "location": "Delhi", "mentions": []}, {"truncated": false, "text": "The mayor of Paris Anne Hidalgo wants to pi\u00e9tonniser the center of the capital \u2026", "hashtags": [], "topic": "environment", "tweet_urls": ["https://t.co/qgMHWgUOiX"], "date": {"hour": 10, "month": 11, "iso": "2018-11-15T10:04:58", "year": 2018, "day": 15, "minute": 4}, "geo": null, "id": 1063009958860488705, "lang": "en", "emoticons": [], "user_id": 222036996, "coordinates": null, "source": "Twitter Web Client", "location": "Delhi", "mentions": ["@franceinfo"]}, {"truncated": true, "text": "\u0938\u0930 \u091c\u0940 \u0935\u093f\u0928\u092e\u094d\u0930\u0924\u093e \u092a\u0942\u0930\u094d\u0935\u0915 \u0928\u093f\u0935\u0947\u0926\u0928 \u0939\u0948 \u0915\u0940 \u0907\u0938 \u0930\u094b\u0921 \u0915\u0940 \u0939\u093e\u0932\u0924 \u0938\u0941\u0927\u093e\u0930 \u0915\u0947 \u0907\u0938\u0915\u0940 \u0938\u092b\u093c\u093e\u0908 \u0915\u0930\u0935\u093e\u0908 \u091c\u093e\u090f \u091c\u093f\u0938\u0938\u0947 \u0927\u0942\u0932 \u0915\u092e \u0939\u094b \u0913\u0930\u2026", "hashtags": [], "topic": "environment", "tweet_urls": ["https://t.co/j5hJ7Adkmo"], "date": {"hour": 13, "month": 11, "iso": "2018-11-15T13:58:08", "year": 2018, "day": 15, "minute": 58}, "geo": null, "id": 1063068636301193216, "lang": "hi", "emoticons": [], "user_id": 2748238886, "coordinates": null, "source": "Twitter for iPhone", "location": "Delhi", "mentions": ["@ArvindKejriwal"]}, {"truncated": true, "text": "\u0915\u094b\u0930\u094d\u091f \u0915\u0940 \u0905\u0935\u0939\u0947\u0932\u0928\u093e \u0915\u0930\u0924\u0947 \u0939\u0941\u090f \u0905\u0902\u0915\u0941\u0930 \u0935\u093f\u0939\u093e\u0930dlf \u0932\u094b\u0928\u0940 \u092e\u0947 \u092c\u093f\u0928\u093e \u0921\u0930 \u0915\u0947 \u092c\u093f\u0932\u094d\u0921\u0930\u094b\u0902 \u0915\u093e \u0928\u093f\u0930\u094d\u092e\u093e\u0923 \u0915\u093e\u0930\u094d\u092f \u091a\u093e\u0932\u0942 \u0939\u0948 \u091c\u0928\u0930\u0947\u091f\u0930\u2026", "hashtags": [], "topic": "environment", "tweet_urls": ["https://t.co/83R0gb8Bjp"], "date": {"hour": 12, "month": 11, "iso": "2018-11-15T12:59:37", "year": 2018, "day": 15, "minute": 59}, "geo": null, "id": 1063053910800297984, "lang": "hi", "emoticons": [], "user_id": 946299507662233600, "coordinates": null, "source": "Twitter for Android", "location": "Delhi", "mentions": ["@dm_ghaziabad"]}, {"truncated": true, "text": "\u090f\u091f\u093e: \u0938\u093e\u0902\u0938\u0926 \u092e\u0941\u0915\u0947\u0936 \u0930\u093e\u091c\u092a\u0942\u0924 \u0928\u0947 \u0938\u094d\u0935\u091a\u094d\u091b\u0924\u093e \u0935\u093e\u0924\u093e\u0935\u0930\u0923 \u092a\u094d\u0930\u094b\u0924\u094d\u0938\u093e\u0939\u0928 \u0930\u0948\u0932\u0940 \u0915\u094b \u0939\u0930\u0940 \u091d\u0902\u0921\u093c\u0940 \u0926\u093f\u0916\u093e\u0915\u0930 \u0915\u093f\u092f\u093e \u0930\u0935\u093e\u0928\u093e, \u0930\u0948\u0932\u0940 \u092e\u0947\u0902 \u090f\u0938\u0921\u0940\u090f\u092e \u0936\u093f\u0935 \u0938\u093f\u0902\u2026", "hashtags": [], "topic": "environment", "tweet_urls": ["https://t.co/QbpmTjEkrT"], "date": {"hour": 10, "month": 11, "iso": "2018-11-15T10:22:25", "year": 2018, "day": 15, "minute": 22}, "geo": null, "id": 1063014350569570304, "lang": "hi", "emoticons": [], "user_id": 819584923891888132, "coordinates": null, "source": "Twitter Web Client", "location": "Delhi", "mentions": []}, {"truncated": true, "text": "\u090f\u0915 \u0924\u093e\u091c\u093e \u0905\u0927\u094d\u092f\u092f\u0928 \u092e\u0947\u0902 \u092a\u093e\u092f\u093e \u0917\u092f\u093e \u0915\u093f \u092c\u093e\u0939\u0930\u0940 \u0935\u093e\u0924\u093e\u0935\u0930\u0923 \u0915\u0940 \u0924\u0941\u0932\u0928\u093e \u092e\u0947\u0902 \u0915\u093e\u0930\u094d\u092f\u093e\u0932\u092f \u0915\u0947 \u0905\u0902\u0926\u0930 \u092a\u0940\u090f\u092e-2.5 \u0914\u0930 \u092a\u0940\u090f\u092e-1 \u0915\u0940 \u092e\u093e\u0924\u094d\u0930\u093e \u0905\u0927\u093f\u0915\u2026", "hashtags": [], "topic": "environment", "tweet_urls": ["https://t.co/6OJnTnhlOo"], "date": {"hour": 6, "month": 11, "iso": "2018-11-15T06:25:42", "year": 2018, "day": 15, "minute": 25}, "geo": null, "id": 1062954779775766529, "lang": "hi", "emoticons": [], "user_id": 724913740097961985, "coordinates": null, "source": "Twitter Web Client", "location": "Delhi", "mentions": []}, {"truncated": true, "text": "\u0938\u094d\u0915\u0928\u094d\u0926\u092a\u0941\u0930\u093e\u0923 \u092e\u0947\u0902 \u0915\u0939\u093e \u0917\u092f\u093e \u0939\u0948 \u0915\u093f \u0935\u093e\u0924\u093e\u0935\u0930\u0923\n\u0938\u0939\u093f\u0924 \u0918\u0942\u092e\u0924\u0940 \u0927\u0930\u0924\u0940 \u0924\u0925\u093e \u0938\u093e\u0930\u0947\n\u0905\u0928\u0928\u094d\u0924 \u092c\u094d\u0930\u0939\u094d\u092e\u093e\u0923\u094d\u0921(\u0915\u094d\u092f\u094b\u0902\u0915\u093f \u092c\u094d\u0930\u0939\u094d\u092e\u093e\u0923\u094d\u0921 \u0917\u0924\u093f\u092e\u093e\u0928 \u0939\u0948)\n\u0915\u093e \u0905\u2026", "hashtags": [], "topic": "environment", "tweet_urls": ["https://t.co/QC9EPYoPK3"], "date": {"hour": 5, "month": 11, "iso": "2018-11-15T05:47:23", "year": 2018, "day": 15, "minute": 47}, "geo": null, "id": 1062945133556129792, "lang": "hi", "emoticons": [], "user_id": 139007121, "coordinates": null, "source": "Twitter Web Client", "location": "Delhi", "mentions": []}, {"truncated": true, "text": "\u0938\u0902\u0938\u094d\u0915\u093e\u0930 \u0938\u092d\u094d\u092f\u0924\u093e \u0938\u0947 \u0915\u093e \u0915\u094b\u0908 \u0932\u0947\u0928\u093e \u0926\u0947\u0928\u093e \u0928\u0939\u0940\u0902 \u091c\u0940, \u0928\u0947 \u0935\u094b \u0939\u0940 \u092a\u0930\u094b\u0938\u093e \u091c\u094b \u0909\u0928\u0915\u0947 \u0915\u093e\u0930\u094d\u092f\u0915\u2026", "hashtags": [], "topic": "environment", "tweet_urls": ["https://t.co/hTGYElnaUU"], "date": {"hour": 5, "month": 11, "iso": "2018-11-15T05:27:23", "year": 2018, "day": 15, "minute": 27}, "geo": null, "id": 1062940103041904640, "lang": "hi", "emoticons": [], "user_id": 194193419, "coordinates": null, "source": "Twitter for Android", "location": "Delhi", "mentions": ["@AamAadmiParty", "@gupta_rekha", "@AapkiBandana"]}, {"truncated": true, "text": "\u0905\u092f\u094b\u0927\u094d\u092f\u093e \u0924\u094b \u092c\u0938\u0940 \u0939\u0940 \u092e\u0941\u0917\u0932\u094b\u0902 \u0915\u0947 \u0926\u094c\u0930 \u092e\u0947\u0902\u0964\n\u0906\u091c \u0915\u0947 \u0935\u093e\u0924\u093e\u0935\u0930\u0923 \u092e\u0947\u0902 \u092e\u0941\u0917\u0932\u094b\u0902 \u0915\u094b \u0938\u094b\u091a\u0924\u093e \u0939\u0942\u0901 , \u092e\u0941\u0938\u094d\u0932\u093f\u092e \u0936\u093e\u0938\u0915\u094b\u0902 \u0915\u094b \u0938\u094b\u091a\u0924\u093e \u0939\u0942\u0901 \u0924\u094b \u0932\u0917\u0924\u093e \u0939\u0948\u2026", "hashtags": [], "topic": "environment", "tweet_urls": ["https://t.co/M9wfTV0fFE"], "date": {"hour": 4, "month": 11, "iso": "2018-11-15T04:39:47", "year": 2018, "day": 15, "minute": 39}, "geo": null, "id": 1062928121924485120, "lang": "hi", "emoticons": [], "user_id": 134734986, "coordinates": null, "source": "Twitter for Android", "location": "Delhi", "mentions": []}, {"truncated": true, "text": "\u0905\u0902\u0938\u093e\u0930\u0940 \u0910\u0938\u093e \u092c\u094b\u0932\u0915\u0930 \u0935\u093e\u0924\u093e\u0935\u0930\u0923 \u0915\u094b \u0905\u0936\u093e\u0902\u0924 \u0915\u0930\u0928\u0947 \u0915\u0940 \u0915\u094b\u0936\u093f\u0936 \u0915\u0930 \u0930\u0939\u093e \u0939\u0948. \u092e\u0940\u0921\u093f\u092f\u093e \u0915\u094b \u0910\u0938\u0947 \u092c\u092f\u093e\u0928\u094b\u0902 \u0915\u094b \u0905\u0927\u093f\u0915 \u092a\u092c\u094d\u0932\u093f\u0938\u093f\u091f\u0940 \u0928\u2026", "hashtags": [], "topic": "environment", "tweet_urls": ["https://t.co/Z8VbBciooY"], "date": {"hour": 3, "month": 11, "iso": "2018-11-15T03:36:08", "year": 2018, "day": 15, "minute": 36}, "geo": null, "id": 1062912105739776000, "lang": "hi", "emoticons": [], "user_id": 1584793231, "coordinates": null, "source": "Twitter for iPad", "location": "Delhi", "mentions": ["@ZeeNewsHindi"]}]