[{"truncated": true, "text": "What do you think sir that nobody is bhookha when mandir is not there sir? I guarante\u2026", "hashtags": [], "topic": "infrastructure", "tweet_urls": ["https://t.co/zTZFWZWC1F"], "date": {"hour": 18, "month": 11, "iso": "2018-11-11T18:39:49", "year": 2018, "day": 11, "minute": 39}, "geo": null, "id": 1061689972170776577, "lang": "en", "emoticons": [], "user_id": 109605187, "coordinates": null, "source": "Twitter Lite", "location": "Delhi", "mentions": ["@RSChaudhry2", "@sardesairajdeep"]}, {"truncated": true, "text": "Yes it's polluted in winters mainly for some time but u can't compare Delhi region infrastructure wi\u2026", "hashtags": [], "topic": "infrastructure", "tweet_urls": ["https://t.co/seOfLxjlI9"], "date": {"hour": 17, "month": 11, "iso": "2018-11-11T17:37:09", "year": 2018, "day": 11, "minute": 37}, "geo": null, "id": 1061674201017409538, "lang": "en", "emoticons": [], "user_id": 929367519952900096, "coordinates": null, "source": "Twitter for Android", "location": "Delhi", "mentions": ["@ladkidyutiful"]}, {"truncated": true, "text": "Undoubtedly, BJP wl form Government in Rajasthan..@.. \nPpl of Rajasthan wants Peace &amp;, development.Our honourable C\u2026", "hashtags": [], "topic": "infrastructure", "tweet_urls": ["https://t.co/WChhxhk3NI"], "date": {"hour": 17, "month": 11, "iso": "2018-11-11T17:22:04", "year": 2018, "day": 11, "minute": 22}, "geo": null, "id": 1061670406434635776, "lang": "en", "emoticons": [], "user_id": 848259585634951168, "coordinates": null, "source": "Twitter for Android", "location": "Delhi", "mentions": []}, {"truncated": true, "text": "The is just a way of using the modern sciences of encryption to enable entities to share a co\u2026", "hashtags": ["#Blockchaintechnology"], "topic": "infrastructure", "tweet_urls": ["https://t.co/SapeSFHKg9"], "date": {"hour": 17, "month": 11, "iso": "2018-11-11T17:01:29", "year": 2018, "day": 11, "minute": 1}, "geo": null, "id": 1061665228742647814, "lang": "en", "emoticons": [], "user_id": 1054257288922390528, "coordinates": null, "source": "Twitter for Android", "location": "Delhi", "mentions": []}, {"truncated": true, "text": "While improving infrastructure across the country it is exception that the city of Varanasi\u2026", "hashtags": [], "topic": "infrastructure", "tweet_urls": ["https://t.co/Fy3XPpHXby"], "date": {"hour": 16, "month": 11, "iso": "2018-11-11T16:47:49", "year": 2018, "day": 11, "minute": 47}, "geo": null, "id": 1061661787219726337, "lang": "en", "emoticons": [], "user_id": 2882474761, "coordinates": null, "source": "Mobile Web (M2)", "location": "Delhi", "mentions": ["@PMOIndia", "@narendramodi"]}, {"truncated": true, "text": "Can u find this range of gov school infrastructure in any gov school under any state gov??\n\nThis is the result of h\u2026", "hashtags": [], "topic": "infrastructure", "tweet_urls": ["https://t.co/ceNrp0sqMy"], "date": {"hour": 16, "month": 11, "iso": "2018-11-11T16:30:09", "year": 2018, "day": 11, "minute": 30}, "geo": null, "id": 1061657340124909568, "lang": "en", "emoticons": [], "user_id": 624443638, "coordinates": null, "source": "Twitter for Android", "location": "Delhi", "mentions": []}, {"truncated": false, "text": "357 infra projects witness cost overruns of \u20b93.39 lakh crore\nhttps://t.co/cq5vNlbxaU", "hashtags": [], "topic": "infrastructure", "tweet_urls": [], "date": {"hour": 15, "month": 11, "iso": "2018-11-11T15:20:23", "year": 2018, "day": 11, "minute": 20}, "geo": null, "id": 1061639782990659585, "lang": "en", "emoticons": [], "user_id": 1925373056, "coordinates": null, "source": "Indian News Bot", "location": "Delhi", "mentions": []}, {"truncated": true, "text": "The article has included most of infrastructure and goes to show, none of business persons\u2026", "hashtags": [], "topic": "infrastructure", "tweet_urls": ["https://t.co/U8WHwlkNhv", "https://t.co/eIomLeIRNm"], "date": {"hour": 15, "month": 11, "iso": "2018-11-11T15:14:22", "year": 2018, "day": 11, "minute": 14}, "geo": null, "id": 1061638271451590656, "lang": "en", "emoticons": [], "user_id": 222036996, "coordinates": null, "source": "Twitter Web Client", "location": "Delhi", "mentions": []}, {"truncated": true, "text": "Hence I always say... Infrastructure development has no meaning...until we establish operation and mai\u2026", "hashtags": [], "topic": "infrastructure", "tweet_urls": ["https://t.co/VqifdC5Mbs"], "date": {"hour": 15, "month": 11, "iso": "2018-11-11T15:10:22", "year": 2018, "day": 11, "minute": 10}, "geo": null, "id": 1061637261895159808, "lang": "en", "emoticons": [], "user_id": 2243705821, "coordinates": null, "source": "Twitter for Android", "location": "Delhi", "mentions": ["@amit_kapoot"]}, {"truncated": true, "text": "Learn how one of our customers revamped their network voice infrastructure with Download the case study.\u2026", "hashtags": ["#UCaaS."], "topic": "infrastructure", "tweet_urls": ["https://t.co/I8yYCKQfRO"], "date": {"hour": 15, "month": 11, "iso": "2018-11-11T15:10:04", "year": 2018, "day": 11, "minute": 10}, "geo": null, "id": 1061637188578955265, "lang": "en", "emoticons": [], "user_id": 15956519, "coordinates": null, "source": "Hootsuite Inc.", "location": "Delhi", "mentions": []}, {"truncated": true, "text": "leaders from commend substantial at smart industrial cities; receiving lot\u2026", "hashtags": ["#Business", "#Japan,", "#India", "#progress", "#DMIC"], "topic": "infrastructure", "tweet_urls": ["https://t.co/Wow0HKb92w"], "date": {"hour": 14, "month": 11, "iso": "2018-11-11T14:24:23", "year": 2018, "day": 11, "minute": 24}, "geo": null, "id": 1061625692440420352, "lang": "en", "emoticons": [], "user_id": 2689240818, "coordinates": null, "source": "Twitter for Android", "location": "Delhi", "mentions": []}, {"truncated": true, "text": "Sir\u2026", "hashtags": [], "topic": "infrastructure", "tweet_urls": ["https://t.co/r4g65uBs0m"], "date": {"hour": 14, "month": 11, "iso": "2018-11-11T14:09:05", "year": 2018, "day": 11, "minute": 9}, "geo": null, "id": 1061621842140639233, "lang": "en", "emoticons": [], "user_id": 2171741490, "coordinates": null, "source": "Twitter for iPhone", "location": "Delhi", "mentions": ["@Uppolice", "@myogiadityanath", "@alphonstourism", "@incredibleindia", "@uptourismgov", "@agrapolice", "@tourismgoi", "@narendramodi"]}, {"truncated": true, "text": "Sir Noida me Electric buses lane aur Noida Greater Noida me electric Vehicles ke leeye Infrastructure\u2026", "hashtags": [], "topic": "infrastructure", "tweet_urls": ["https://t.co/pG31LQlJwh"], "date": {"hour": 13, "month": 11, "iso": "2018-11-11T13:56:00", "year": 2018, "day": 11, "minute": 56}, "geo": null, "id": 1061618549230206976, "lang": "en", "emoticons": [], "user_id": 320166968, "coordinates": null, "source": "Twitter Web Client", "location": "Delhi", "mentions": ["@DhirendraGBN"]}, {"truncated": true, "text": "Direction of politics is changing, senior leaders know better, now the main issues a\u2026", "hashtags": [], "topic": "infrastructure", "tweet_urls": ["https://t.co/I1jsTsp1tP"], "date": {"hour": 13, "month": 11, "iso": "2018-11-11T13:53:20", "year": 2018, "day": 11, "minute": 53}, "geo": null, "id": 1061617875654455296, "lang": "en", "emoticons": [], "user_id": 314052686, "coordinates": null, "source": "Twitter for Android", "location": "Delhi", "mentions": ["@VijayGoelBJP", "@KapilMishra_IND"]}, {"truncated": true, "text": "I'm more concerned as a citizen, what will I get from the tax tha\u2026", "hashtags": [], "topic": "infrastructure", "tweet_urls": ["https://t.co/NbhbBCbXOE"], "date": {"hour": 13, "month": 11, "iso": "2018-11-11T13:51:26", "year": 2018, "day": 11, "minute": 51}, "geo": null, "id": 1061617398808264705, "lang": "en", "emoticons": [], "user_id": 52516913, "coordinates": null, "source": "Twitter for Android", "location": "Delhi", "mentions": ["@Heyankit_mufc", "@VeenaHP", "@harsh3bhise", "@OpIndia_com"]}, {"truncated": true, "text": "A good and real initiative by the Delhi Government and AAP Party. As\u2026", "hashtags": ["#\u0938\u094d\u0915\u0942\u0932_\u0935\u0939\u0940\u0902_\u092c\u0928\u093e\u090f\u0902\u0917\u0947"], "topic": "infrastructure", "tweet_urls": ["https://t.co/dGk9j5UuFo"], "date": {"hour": 13, "month": 11, "iso": "2018-11-11T13:37:31", "year": 2018, "day": 11, "minute": 37}, "geo": null, "id": 1061613895998160896, "lang": "en", "emoticons": [], "user_id": 931524920525197312, "coordinates": null, "source": "Twitter for iPhone", "location": "Delhi", "mentions": ["@SandySandykumar", "@AnkitLal"]}, {"truncated": true, "text": "Thousands of crores of rupees wasted since 1947 on various projects, hordes of ruling Govt corruption cases. Had an\u2026", "hashtags": [], "topic": "infrastructure", "tweet_urls": ["https://t.co/PpIRFTWfSp"], "date": {"hour": 13, "month": 11, "iso": "2018-11-11T13:36:44", "year": 2018, "day": 11, "minute": 36}, "geo": null, "id": 1061613698488381441, "lang": "en", "emoticons": [], "user_id": 906089923249291264, "coordinates": null, "source": "Twitter for iPhone", "location": "Delhi", "mentions": []}, {"truncated": true, "text": "Reporting of inaugurations of any new statue/building/public infrastructure should start highlighting \n1) the numbe\u2026", "hashtags": [], "topic": "infrastructure", "tweet_urls": ["https://t.co/omHtlUX8Kp"], "date": {"hour": 13, "month": 11, "iso": "2018-11-11T13:35:08", "year": 2018, "day": 11, "minute": 35}, "geo": null, "id": 1061613295990386688, "lang": "en", "emoticons": [], "user_id": 18161159, "coordinates": null, "source": "Twitter Web Client", "location": "Delhi", "mentions": []}, {"truncated": true, "text": "abaki baar Nayee ELECTRIC BUSSES LANE KA PLAN BANAYEEYE.. OR NOIDA GREATER NOIDA ME\u2026", "hashtags": [], "topic": "infrastructure", "tweet_urls": ["https://t.co/OI34pTaU5F"], "date": {"hour": 12, "month": 11, "iso": "2018-11-11T12:32:33", "year": 2018, "day": 11, "minute": 32}, "geo": null, "id": 1061597548454924288, "lang": "en", "emoticons": [], "user_id": 320166968, "coordinates": null, "source": "Twitter Web Client", "location": "Delhi", "mentions": ["@PANKAJPARASHAR_", "@DhirendraGBN"]}, {"truncated": true, "text": "\u091d\u0940\u0930\u092e \u0939\u092e\u0932\u0947 \u0915\u0947 \u092c\u093e\u0926 \u0935\u093f\u0915\u093e\u0938 \u0915\u0947 \u0926\u093e\u0935\u0947 \u0915\u093e \u0938\u091a \u0907\u0928 \u0932\u094b\u0917\u094b\u0902 \u0938\u0947 \u0938\u0941\u0928\u093f\u090f.\n\u0917\u093e\u0902\u0935 \u0924\u0915 \u0938\u0921\u093c\u0915 \u0928\u0939\u0940\u0902, \u092a\u0948\u0930 \u092e\u0947\u0902 \u091a\u092a\u094d\u092a\u0932 \u0928\u0939\u0940\u0902, \u092b\u093f\u0930 \u092d\u0940 \u0938\u0930\u0915\u093e\u0930 \u0915\u0930 \u0930\u0939\u0940\u2026", "hashtags": [], "topic": "infrastructure", "tweet_urls": ["https://t.co/oMqIzqlk9u"], "date": {"hour": 11, "month": 11, "iso": "2018-11-11T11:30:12", "year": 2018, "day": 11, "minute": 30}, "geo": null, "id": 1061581855630204928, "lang": "hi", "emoticons": [], "user_id": 4057311554, "coordinates": null, "source": "Twitter Web Client", "location": "Delhi", "mentions": []}, {"truncated": true, "text": "Excellent thread Kosha on infrastructure at Patel statue. Btw, this was clearly sarcasm by\u2026", "hashtags": [], "topic": "infrastructure", "tweet_urls": ["https://t.co/VMAia0RCrz"], "date": {"hour": 10, "month": 11, "iso": "2018-11-11T10:56:26", "year": 2018, "day": 11, "minute": 56}, "geo": null, "id": 1061573356846227456, "lang": "en", "emoticons": [], "user_id": 7370332, "coordinates": null, "source": "Twitter Lite", "location": "Delhi", "mentions": ["@kosha_shah11"]}, {"truncated": false, "text": "\u092c\u0941\u0928\u093f\u092f\u093e\u0926\u0940 \u0922\u093e\u0902\u091a\u093e \u0915\u094d\u0937\u0947\u0924\u094d\u0930 \u0915\u0940 357 \u092a\u0930\u093f\u092f\u094b\u091c\u0928\u093e\u0913\u0902 \u0915\u0940 \u0932\u093e\u0917\u0924 3.39 \u0932\u093e\u0916 \u0915\u0930\u094b\u0921\u093c \u0930\u0941\u092a\u092f\u0947 \u092c\u0922\u093c\u0940", "hashtags": [], "topic": "infrastructure", "tweet_urls": ["https://t.co/jBpgAFWKY5"], "date": {"hour": 9, "month": 11, "iso": "2018-11-11T09:58:00", "year": 2018, "day": 11, "minute": 58}, "geo": null, "id": 1061558652857794560, "lang": "hi", "emoticons": [], "user_id": 150623438, "coordinates": null, "source": "Twitter Web Client", "location": "Delhi", "mentions": []}, {"truncated": true, "text": "A good and real initiative by the Delhi Government and AAP Party. As country needs good educati\u2026", "hashtags": ["#\u0938\u094d\u0915\u0942\u0932_\u0935\u0939\u0940\u0902_\u092c\u0928\u093e\u090f\u0902\u0917\u0947"], "topic": "infrastructure", "tweet_urls": ["https://t.co/tBZhHhbJRv"], "date": {"hour": 9, "month": 11, "iso": "2018-11-11T09:49:08", "year": 2018, "day": 11, "minute": 49}, "geo": null, "id": 1061556420951212033, "lang": "en", "emoticons": [], "user_id": 913025065033142278, "coordinates": null, "source": "Twitter for Android", "location": "Delhi", "mentions": []}, {"truncated": true, "text": "She did some stuff for infrastructure, but I'm not trying to defend that, just that a media\u2026", "hashtags": [], "topic": "infrastructure", "tweet_urls": ["https://t.co/gUwj490V0C"], "date": {"hour": 8, "month": 11, "iso": "2018-11-11T08:40:31", "year": 2018, "day": 11, "minute": 40}, "geo": null, "id": 1061539153706475521, "lang": "en", "emoticons": [], "user_id": 963706328, "coordinates": null, "source": "Twitter for Android", "location": "Delhi", "mentions": ["@fsdanconia", "@FHumungous"]}, {"truncated": true, "text": "\u091d\u0940\u0930\u092e \u0939\u092e\u0932\u0947 \u0915\u0947 \u092c\u093e\u0926 \u0935\u093f\u0915\u093e\u0938 \u0915\u0947 \u0926\u093e\u0935\u0947 \u0915\u093e \u0938\u091a \u0907\u0928 \u0932\u094b\u0917\u094b\u0902 \u0938\u0947 \u0938\u0941\u0928\u093f\u090f.\n\u0917\u093e\u0902\u0935 \u0924\u0915 \u0938\u0921\u093c\u0915 \u0928\u0939\u0940\u0902, \u092a\u0948\u0930 \u092e\u0947\u0902 \u091a\u092a\u094d\u092a\u0932 \u0928\u0939\u0940\u0902, \u092b\u093f\u0930 \u092d\u0940 \u0938\u0930\u0915\u093e\u0930 \u0915\u0930 \u0930\u0939\u0940\u2026", "hashtags": [], "topic": "infrastructure", "tweet_urls": ["https://t.co/94yJPMcUzu"], "date": {"hour": 8, "month": 11, "iso": "2018-11-11T08:24:05", "year": 2018, "day": 11, "minute": 24}, "geo": null, "id": 1061535020823670785, "lang": "hi", "emoticons": [], "user_id": 4057311554, "coordinates": null, "source": "Twitter Web Client", "location": "Delhi", "mentions": []}, {"truncated": true, "text": "US Overseas Private Investment Corp Japan Bank for International Cooperation and Australia's Expo\u2026", "hashtags": ["#JBIC"], "topic": "infrastructure", "tweet_urls": ["https://t.co/IX72cE8nNV"], "date": {"hour": 8, "month": 11, "iso": "2018-11-11T08:15:41", "year": 2018, "day": 11, "minute": 15}, "geo": null, "id": 1061532906886184960, "lang": "en", "emoticons": [], "user_id": 2540560356, "coordinates": null, "source": "Twitter Web Client", "location": "Delhi", "mentions": ["@opicgovthe"]}, {"truncated": true, "text": "same other countries were saying when India launched mars mission\n$56 million me kya kya ho sa\u2026", "hashtags": [], "topic": "infrastructure", "tweet_urls": ["https://t.co/rRfMnwVZZz"], "date": {"hour": 7, "month": 11, "iso": "2018-11-11T07:49:33", "year": 2018, "day": 11, "minute": 49}, "geo": null, "id": 1061526329609187330, "lang": "en", "emoticons": [], "user_id": 1052530233734250497, "coordinates": null, "source": "Twitter Web Client", "location": "Delhi", "mentions": ["@ParagTiwari14", "@ndtv"]}, {"truncated": true, "text": "India's sector will be central to the nation's ambition of becoming a USD 10-trillion by 2\u2026", "hashtags": ["#infrastructure", "#economy"], "topic": "infrastructure", "tweet_urls": ["https://t.co/GJGYq3e6Bp"], "date": {"hour": 7, "month": 11, "iso": "2018-11-11T07:46:22", "year": 2018, "day": 11, "minute": 46}, "geo": null, "id": 1061525525108264961, "lang": "en", "emoticons": [], "user_id": 704730686150717440, "coordinates": null, "source": "Twitter Web Client", "location": "Delhi", "mentions": []}, {"truncated": true, "text": "to export world-class DEMU rake to Sri Lanka! 10 facts about this swanky 'Make in India' train\u2026", "hashtags": ["#IndianRailways"], "topic": "infrastructure", "tweet_urls": ["https://t.co/v0VcI5QEA6"], "date": {"hour": 7, "month": 11, "iso": "2018-11-11T07:42:31", "year": 2018, "day": 11, "minute": 42}, "geo": null, "id": 1061524557272662016, "lang": "en", "emoticons": [], "user_id": 50279781, "coordinates": null, "source": "Twitter Web Client", "location": "Delhi", "mentions": []}, {"truncated": true, "text": "Valid arguments yes, but maybe we should push our employers, government or private, to start discou\u2026", "hashtags": [], "topic": "infrastructure", "tweet_urls": ["https://t.co/3iUoV2eF80"], "date": {"hour": 7, "month": 11, "iso": "2018-11-11T07:02:30", "year": 2018, "day": 11, "minute": 2}, "geo": null, "id": 1061514487101046784, "lang": "en", "emoticons": [], "user_id": 38238616, "coordinates": null, "source": "Twitter for Android", "location": "Delhi", "mentions": ["@therushilsingh"]}, {"truncated": true, "text": "I think u don't know GUJJUS, they r born businessman. Within 6 month u will see a huge\u2026", "hashtags": [], "topic": "infrastructure", "tweet_urls": ["https://t.co/zZZfforcb1"], "date": {"hour": 6, "month": 11, "iso": "2018-11-11T06:38:37", "year": 2018, "day": 11, "minute": 38}, "geo": null, "id": 1061508478294994944, "lang": "en", "emoticons": [], "user_id": 4291947141, "coordinates": null, "source": "Twitter Lite", "location": "Delhi", "mentions": ["@SwarnaBharatAP", "@OpIndia_com"]}, {"truncated": true, "text": "Watch Minister speaking at the Inauguration &amp; Dedication of Various Infrastructure Works at Khar\u2026", "hashtags": ["#LIVE"], "topic": "infrastructure", "tweet_urls": ["https://t.co/5YgzhBa7cJ"], "date": {"hour": 6, "month": 11, "iso": "2018-11-11T06:36:08", "year": 2018, "day": 11, "minute": 36}, "geo": null, "id": 1061507851464585216, "lang": "en", "emoticons": [], "user_id": 717686709983424513, "coordinates": null, "source": "Twitter Web Client", "location": "Delhi", "mentions": ["@PiyushGoyal"]}, {"truncated": true, "text": "so much of focus on unconventional (like inland waterways) infrastructure after UPA ignored it,\u2026", "hashtags": ["#MeraPMmeraAbhimaan"], "topic": "infrastructure", "tweet_urls": ["https://t.co/TiUnDNs99p"], "date": {"hour": 6, "month": 11, "iso": "2018-11-11T06:35:51", "year": 2018, "day": 11, "minute": 35}, "geo": null, "id": 1061507779628859393, "lang": "en", "emoticons": [], "user_id": 724271899069566976, "coordinates": null, "source": "Twitter for Android", "location": "Delhi", "mentions": []}, {"truncated": true, "text": "Haan tumahra dusre states mein bhi toh Aisa infrastructure h Jara dikhao a\u2026", "hashtags": [], "topic": "infrastructure", "tweet_urls": ["https://t.co/HEDSm9tIDv"], "date": {"hour": 6, "month": 11, "iso": "2018-11-11T06:01:35", "year": 2018, "day": 11, "minute": 1}, "geo": null, "id": 1061499156047581185, "lang": "en", "emoticons": [], "user_id": 241667729, "coordinates": null, "source": "Twitter for Android", "location": "Delhi", "mentions": ["@IndianSun007", "@RKTripa54617056", "@msisodia"]}, {"truncated": true, "text": "Brother atleast they are doing their best by providing world class infrastructure now it\u2026", "hashtags": [], "topic": "infrastructure", "tweet_urls": ["https://t.co/X84Eb71umm"], "date": {"hour": 5, "month": 11, "iso": "2018-11-11T05:18:58", "year": 2018, "day": 11, "minute": 18}, "geo": null, "id": 1061488432063635456, "lang": "en", "emoticons": [], "user_id": 241667729, "coordinates": null, "source": "Twitter for Android", "location": "Delhi", "mentions": ["@RKTripa54617056", "@msisodia"]}, {"truncated": true, "text": "HighTech infrastructure like Signature bridge deserves appreciation,as it\u2026", "hashtags": [], "topic": "infrastructure", "tweet_urls": ["https://t.co/3xp1nTQvzK"], "date": {"hour": 5, "month": 11, "iso": "2018-11-11T05:06:59", "year": 2018, "day": 11, "minute": 6}, "geo": null, "id": 1061485414928867328, "lang": "en", "emoticons": [], "user_id": 1020006947100258309, "coordinates": null, "source": "Twitter for Android", "location": "Delhi", "mentions": ["@IndiaToday", "@mail_today", "@PrashastiMedia"]}, {"truncated": false, "text": "\u2018Talgo\u2019 trains capable of running at 200 Kmph in existing infrastructure.", "hashtags": ["#MeraPMmeraAbhimaan"], "topic": "infrastructure", "tweet_urls": [], "date": {"hour": 5, "month": 11, "iso": "2018-11-11T05:05:19", "year": 2018, "day": 11, "minute": 5}, "geo": null, "id": 1061484996823838721, "lang": "en", "emoticons": [], "user_id": 249813085, "coordinates": null, "source": "TweetDeck", "location": "Delhi", "mentions": []}, {"truncated": true, "text": "Doomed is the country where the youth don't expect jobs, infrastructure, scientific progress, booomig economy from\u2026", "hashtags": [], "topic": "infrastructure", "tweet_urls": ["https://t.co/ocNCqfVSq6"], "date": {"hour": 4, "month": 11, "iso": "2018-11-11T04:56:17", "year": 2018, "day": 11, "minute": 56}, "geo": null, "id": 1061482725511704576, "lang": "en", "emoticons": [], "user_id": 430866983, "coordinates": null, "source": "Twitter Lite", "location": "Delhi", "mentions": []}, {"truncated": true, "text": "See, In 60 years of its regime Congress did such amazing work in the field of education, infrastructure and healthc\u2026", "hashtags": [], "topic": "infrastructure", "tweet_urls": ["https://t.co/wGGHnDW9vR"], "date": {"hour": 4, "month": 11, "iso": "2018-11-11T04:17:24", "year": 2018, "day": 11, "minute": 17}, "geo": null, "id": 1061472939093168128, "lang": "en", "emoticons": [], "user_id": 2149824189, "coordinates": null, "source": "Twitter for Android", "location": "Delhi", "mentions": []}, {"truncated": true, "text": "Kashi one of the oldest known cities in the world, once foremost in cultural n education was languish\u2026", "hashtags": [], "topic": "infrastructure", "tweet_urls": ["https://t.co/nPE2my41lW"], "date": {"hour": 3, "month": 11, "iso": "2018-11-11T03:47:36", "year": 2018, "day": 11, "minute": 47}, "geo": null, "id": 1061465439887228928, "lang": "en", "emoticons": [], "user_id": 1071259128, "coordinates": null, "source": "Twitter for Android", "location": "Delhi", "mentions": ["@narendramodi"]}, {"truncated": true, "text": "Sir... Why not highlight real issues ie Education, Healthcare,infrastructure employment, infrastru\u2026", "hashtags": [], "topic": "infrastructure", "tweet_urls": ["https://t.co/x52XrDZHA8"], "date": {"hour": 2, "month": 11, "iso": "2018-11-11T02:42:34", "year": 2018, "day": 11, "minute": 42}, "geo": null, "id": 1061449072131956736, "lang": "en", "emoticons": [], "user_id": 75217625, "coordinates": null, "source": "Twitter for Android", "location": "Delhi", "mentions": ["@sardesairajdeep"]}, {"truncated": true, "text": "It is not for the first time that the Wadias are looking for a buyer for their airline.\n\n\u201cThey are looking to exit\u2026", "hashtags": [], "topic": "infrastructure", "tweet_urls": ["https://t.co/NjZyKTtiwH"], "date": {"hour": 2, "month": 11, "iso": "2018-11-11T02:11:31", "year": 2018, "day": 11, "minute": 11}, "geo": null, "id": 1061441261025005568, "lang": "en", "emoticons": [], "user_id": 50279781, "coordinates": null, "source": "Twitter Web Client", "location": "Delhi", "mentions": []}, {"truncated": true, "text": "NHAI has set the floor price for this bundle of projects at Rs 5,362 crore in exchange for a concession, or toll co\u2026", "hashtags": [], "topic": "infrastructure", "tweet_urls": ["https://t.co/PNOFQQFbxw"], "date": {"hour": 1, "month": 11, "iso": "2018-11-11T01:00:01", "year": 2018, "day": 11, "minute": 0}, "geo": null, "id": 1061423266621865984, "lang": "en", "emoticons": [], "user_id": 50279781, "coordinates": null, "source": "TweetDeck", "location": "Delhi", "mentions": []}, {"truncated": true, "text": "\u0930\u0942\u092a\u092f\u093e \u0915\u0939\u093e\u0901 \u0939\u0948, \u0905\u0917\u0930 \u0939\u094b\u0924\u093e \u0924\u094b RBI \u0938\u0947 \u0915\u094d\u092f\u094b\u0902 \u0909\u0932\u091d\u0924\u0947... Indian economy goes behind 20 years, generation gape widen, and it\u2026", "hashtags": [], "topic": "infrastructure", "tweet_urls": ["https://t.co/KZKP87y6q9"], "date": {"hour": 20, "month": 11, "iso": "2018-11-10T20:06:04", "year": 2018, "day": 10, "minute": 6}, "geo": null, "id": 1061349289132093440, "lang": "en", "emoticons": [], "user_id": 473652424, "coordinates": null, "source": "Twitter for Android", "location": "Delhi", "mentions": []}, {"truncated": true, "text": "\"An estimated $6 trillion is theoretically needed to build the infrastructure that electric cars need such as charg\u2026", "hashtags": [], "topic": "infrastructure", "tweet_urls": ["https://t.co/obuaXweflR"], "date": {"hour": 19, "month": 11, "iso": "2018-11-10T19:25:59", "year": 2018, "day": 10, "minute": 25}, "geo": null, "id": 1061339203122929665, "lang": "en", "emoticons": [], "user_id": 843376506868924416, "coordinates": null, "source": "Twitter Web Client", "location": "Delhi", "mentions": []}, {"truncated": true, "text": "Country today is facing 3 major bottlenecks. \n1. Torn infrastructure, we need more construction.\n2. Power sector, p\u2026", "hashtags": [], "topic": "infrastructure", "tweet_urls": ["https://t.co/kUqlpU2GCf"], "date": {"hour": 18, "month": 11, "iso": "2018-11-10T18:20:19", "year": 2018, "day": 10, "minute": 20}, "geo": null, "id": 1061322676755546112, "lang": "en", "emoticons": [], "user_id": 7370332, "coordinates": null, "source": "Twitter Web Client", "location": "Delhi", "mentions": []}, {"truncated": true, "text": "and injuri\u2026", "hashtags": [], "topic": "infrastructure", "tweet_urls": ["https://t.co/jtv7Gm51s3"], "date": {"hour": 17, "month": 11, "iso": "2018-11-10T17:58:03", "year": 2018, "day": 10, "minute": 58}, "geo": null, "id": 1061317075388362754, "lang": "en", "emoticons": [], "user_id": 806084636879163393, "coordinates": null, "source": "Twitter for Android", "location": "Delhi", "mentions": ["@narendramodi", "@AmitShah", "@BJP4India", "@arunjaitley", "@myogiadityanath", "@rajnathsingh", "@VinitTyagiBjp\nCasualties"]}, {"truncated": true, "text": "Railway fare has been drastically increased. The minimum charge has gone from Rs.5 to Rs.10. It is the first time i\u2026", "hashtags": [], "topic": "infrastructure", "tweet_urls": ["https://t.co/GEV3lz6abS"], "date": {"hour": 17, "month": 11, "iso": "2018-11-10T17:51:13", "year": 2018, "day": 10, "minute": 51}, "geo": null, "id": 1061315354620764160, "lang": "en", "emoticons": [], "user_id": 532902782, "coordinates": null, "source": "Twitter for Android", "location": "Delhi", "mentions": []}, {"truncated": true, "text": "Peace be on all!\nRs 51,000 is enough for marriage?\nWhat about education? Will you implement Uniform educatio\u2026", "hashtags": [], "topic": "infrastructure", "tweet_urls": ["https://t.co/uuD4YSPRvl"], "date": {"hour": 16, "month": 11, "iso": "2018-11-10T16:54:53", "year": 2018, "day": 10, "minute": 54}, "geo": null, "id": 1061301179701968896, "lang": "en", "emoticons": [], "user_id": 2169553344, "coordinates": null, "source": "Twitter for Android", "location": "Delhi", "mentions": ["@INCMP"]}, {"truncated": true, "text": "India will become the third-largest construction market globally by 2022 and the real estate sector is estimated to\u2026", "hashtags": [], "topic": "infrastructure", "tweet_urls": ["https://t.co/LXTbgp1ZcZ"], "date": {"hour": 15, "month": 11, "iso": "2018-11-10T15:30:00", "year": 2018, "day": 10, "minute": 30}, "geo": null, "id": 1061279816001949696, "lang": "en", "emoticons": [], "user_id": 3910319473, "coordinates": null, "source": "HubSpot", "location": "Delhi", "mentions": []}, {"truncated": true, "text": "great meeting you at the Young Turks Conclave. We are building the blockchain infrastructure for the\u2026", "hashtags": [], "topic": "infrastructure", "tweet_urls": ["https://t.co/UIxlPUtJi0"], "date": {"hour": 15, "month": 11, "iso": "2018-11-10T15:16:46", "year": 2018, "day": 10, "minute": 16}, "geo": null, "id": 1061276484554215425, "lang": "en", "emoticons": [], "user_id": 1147303154, "coordinates": null, "source": "Twitter for iPhone", "location": "Delhi", "mentions": ["@RanaDaggubati"]}, {"truncated": true, "text": "Storage infrastructure fund was set up in the BJP government with an investment of Rs 5,000 crore to\u2026", "hashtags": [], "topic": "infrastructure", "tweet_urls": ["https://t.co/85IZHeI1hE"], "date": {"hour": 15, "month": 11, "iso": "2018-11-10T15:02:56", "year": 2018, "day": 10, "minute": 2}, "geo": null, "id": 1061273006859677696, "lang": "en", "emoticons": [], "user_id": 2410263204, "coordinates": null, "source": "Twitter for iPhone", "location": "Delhi", "mentions": ["@narendramodi"]}, {"truncated": true, "text": "Storage infrastructure fund was set up in the BJP government with an investment of Rs 5,000 crore to\u2026", "hashtags": [], "topic": "infrastructure", "tweet_urls": ["https://t.co/Fohkz4E24J"], "date": {"hour": 15, "month": 11, "iso": "2018-11-10T15:02:32", "year": 2018, "day": 10, "minute": 2}, "geo": null, "id": 1061272902127906816, "lang": "en", "emoticons": [], "user_id": 2410263204, "coordinates": null, "source": "Twitter for iPhone", "location": "Delhi", "mentions": ["@narendramodi"]}, {"truncated": true, "text": "Storage infrastructure fund was set up in the BJP government with an investment of Rs 5,000 crore to\u2026", "hashtags": [], "topic": "infrastructure", "tweet_urls": ["https://t.co/9qhP3j29j6"], "date": {"hour": 15, "month": 11, "iso": "2018-11-10T15:02:15", "year": 2018, "day": 10, "minute": 2}, "geo": null, "id": 1061272831458037760, "lang": "en", "emoticons": [], "user_id": 2410263204, "coordinates": null, "source": "Twitter for iPhone", "location": "Delhi", "mentions": ["@narendramodi"]}, {"truncated": true, "text": "Storage infrastructure fund was set up in the BJP government with an investment of Rs 5,000 crore to\u2026", "hashtags": [], "topic": "infrastructure", "tweet_urls": ["https://t.co/bLiNv0eBsI"], "date": {"hour": 15, "month": 11, "iso": "2018-11-10T15:01:55", "year": 2018, "day": 10, "minute": 1}, "geo": null, "id": 1061272748398264321, "lang": "en", "emoticons": [], "user_id": 2410263204, "coordinates": null, "source": "Twitter for iPhone", "location": "Delhi", "mentions": ["@narendramodi"]}, {"truncated": true, "text": "In light of India\u2019s rapidly transforming online news &amp; social networking infrastructure- what role should twitter b\u2026", "hashtags": [], "topic": "infrastructure", "tweet_urls": ["https://t.co/qX854H3c82"], "date": {"hour": 14, "month": 11, "iso": "2018-11-10T14:55:49", "year": 2018, "day": 10, "minute": 55}, "geo": null, "id": 1061271212603645953, "lang": "en", "emoticons": [], "user_id": 3301112726, "coordinates": null, "source": "Twitter Web Client", "location": "Delhi", "mentions": []}, {"truncated": true, "text": "Top 21 Results of the Day 6/7:\nDollar Industries profit increased 41.43% in Q2 Infras\u2026", "hashtags": [], "topic": "infrastructure", "tweet_urls": ["https://t.co/rbnmh1L0Js\nEmami", "https://t.co/i278fua4Iz"], "date": {"hour": 14, "month": 11, "iso": "2018-11-10T14:55:06", "year": 2018, "day": 10, "minute": 55}, "geo": null, "id": 1061271034568081409, "lang": "en", "emoticons": [], "user_id": 205549033, "coordinates": null, "source": "Hootsuite Inc.", "location": "Delhi", "mentions": []}, {"truncated": true, "text": "Who is to blame? The irresponsible public, who doesn't deserve development... or the authorities, who can somehow b\u2026", "hashtags": [], "topic": "infrastructure", "tweet_urls": ["https://t.co/bJl1cKoFFr"], "date": {"hour": 14, "month": 11, "iso": "2018-11-10T14:39:02", "year": 2018, "day": 10, "minute": 39}, "geo": null, "id": 1061266991334518784, "lang": "en", "emoticons": [], "user_id": 21726722, "coordinates": null, "source": "Facebook", "location": "Delhi", "mentions": []}, {"truncated": false, "text": "We have published Emami Infrastructure profit decreased by 4.88% in current quarter (Q2) FY\u2026", "hashtags": [], "topic": "infrastructure", "tweet_urls": ["https://t.co/yRwiAfgxm4"], "date": {"hour": 13, "month": 11, "iso": "2018-11-10T13:21:59", "year": 2018, "day": 10, "minute": 21}, "geo": null, "id": 1061247601138376705, "lang": "en", "emoticons": [], "user_id": 205549033, "coordinates": null, "source": "Google", "location": "Delhi", "mentions": []}, {"truncated": true, "text": "Go to any world\u2019s tourist place and you will found user friendly system. They will treat\u2026", "hashtags": [], "topic": "infrastructure", "tweet_urls": ["https://t.co/IM4cDCHzso"], "date": {"hour": 12, "month": 11, "iso": "2018-11-10T12:27:36", "year": 2018, "day": 10, "minute": 27}, "geo": null, "id": 1061233915967475712, "lang": "en", "emoticons": [], "user_id": 2301394423, "coordinates": null, "source": "Twitter for iPhone", "location": "Delhi", "mentions": ["@kosha_shah11", "@sanjai2july"]}, {"truncated": true, "text": "India will privatise the management of six more airports to improve country\u2019s aviation infrastructure\u2026", "hashtags": [], "topic": "infrastructure", "tweet_urls": ["https://t.co/0mAuXHsXHM"], "date": {"hour": 11, "month": 11, "iso": "2018-11-10T11:30:00", "year": 2018, "day": 10, "minute": 30}, "geo": null, "id": 1061219418406076417, "lang": "en", "emoticons": [], "user_id": 1612504999, "coordinates": null, "source": "TweetDeck", "location": "Delhi", "mentions": []}, {"truncated": true, "text": "(#Kundli-#Manesar-#Palwal) also known as the is now likely to be in\u2026", "hashtags": ["#KMP", "#Expressway,", "#WesternPeripheralExpressway,"], "topic": "infrastructure", "tweet_urls": ["https://t.co/FH2sebxba7"], "date": {"hour": 11, "month": 11, "iso": "2018-11-10T11:06:37", "year": 2018, "day": 10, "minute": 6}, "geo": null, "id": 1061213532862197760, "lang": "en", "emoticons": [], "user_id": 3114154401, "coordinates": null, "source": "Facebook", "location": "Delhi", "mentions": []}, {"truncated": true, "text": "Mr CM I will request u to take urgent steps to control pollution. . Now don\u2019t say u\u2026", "hashtags": ["#Smokechamber."], "topic": "infrastructure", "tweet_urls": ["https://t.co/x26g9kOFe6"], "date": {"hour": 10, "month": 11, "iso": "2018-11-10T10:05:32", "year": 2018, "day": 10, "minute": 5}, "geo": null, "id": 1061198160423456768, "lang": "en", "emoticons": [], "user_id": 741510517756416000, "coordinates": null, "source": "Twitter for iPhone", "location": "Delhi", "mentions": ["@ArvindKejriwal"]}, {"truncated": true, "text": "But when odd even is applied the citizens blame the government for the inconvenien\u2026", "hashtags": [], "topic": "infrastructure", "tweet_urls": ["https://t.co/F6NxHW5EW2"], "date": {"hour": 8, "month": 11, "iso": "2018-11-10T08:43:44", "year": 2018, "day": 10, "minute": 43}, "geo": null, "id": 1061177576029188096, "lang": "en", "emoticons": [], "user_id": 874125626449461248, "coordinates": null, "source": "Twitter for iPhone", "location": "Delhi", "mentions": ["@theskindoctor13", "@ArvindKejriwal"]}, {"truncated": true, "text": "Hey guys where do I file infrastructure issues on ? Not sure if riotchat GitHub o\u2026", "hashtags": [], "topic": "infrastructure", "tweet_urls": ["https://t.co/ckcg7MyYpp", "https://t.co/m6A8KB6hB5"], "date": {"hour": 7, "month": 11, "iso": "2018-11-10T07:50:28", "year": 2018, "day": 10, "minute": 50}, "geo": null, "id": 1061164172723945473, "lang": "en", "emoticons": [], "user_id": 801134621345738752, "coordinates": null, "source": "Twitter for Android", "location": "Delhi", "mentions": ["@RiotChat"]}, {"truncated": true, "text": "To be honest no other city right now as that kind of infrastructure. Lutyens Delhi kind of dedicated zone for Parli\u2026", "hashtags": [], "topic": "infrastructure", "tweet_urls": ["https://t.co/2FPsEa6vU9"], "date": {"hour": 7, "month": 11, "iso": "2018-11-10T07:08:32", "year": 2018, "day": 10, "minute": 8}, "geo": null, "id": 1061153618286526464, "lang": "en", "emoticons": [], "user_id": 550854560, "coordinates": null, "source": "Twitter for iPhone", "location": "Delhi", "mentions": []}, {"truncated": true, "text": "Take the Current BJP Govt. Economic Data,Number &amp; Maths with a massive pinch of SALT-the facts are\u2026", "hashtags": [], "topic": "infrastructure", "tweet_urls": ["https://t.co/0LszokMQB5"], "date": {"hour": 6, "month": 11, "iso": "2018-11-10T06:59:26", "year": 2018, "day": 10, "minute": 59}, "geo": null, "id": 1061151329916276736, "lang": "en", "emoticons": [], "user_id": 37909052, "coordinates": null, "source": "Twitter Web Client", "location": "Delhi", "mentions": ["@PChidambaram_IN"]}, {"truncated": true, "text": "Tourism in Uttarakhand continues to witness steady growth, but there is more on the cards. The state\u2019s tourism depa\u2026", "hashtags": [], "topic": "infrastructure", "tweet_urls": ["https://t.co/PBR5gIEgEI"], "date": {"hour": 5, "month": 11, "iso": "2018-11-10T05:36:10", "year": 2018, "day": 10, "minute": 36}, "geo": null, "id": 1061130372648448000, "lang": "en", "emoticons": [], "user_id": 720129181934350336, "coordinates": null, "source": "Facebook", "location": "Delhi", "mentions": []}, {"truncated": true, "text": "Over 800-kms of Dedicated Freight Corridor sections to open soon! Indian Railways set for big&amp;nbsp;leg-up\u2026", "hashtags": [], "topic": "infrastructure", "tweet_urls": ["https://t.co/whAtKmX2uY"], "date": {"hour": 5, "month": 11, "iso": "2018-11-10T05:26:27", "year": 2018, "day": 10, "minute": 26}, "geo": null, "id": 1061127929139212288, "lang": "en", "emoticons": [], "user_id": 707091131952041984, "coordinates": null, "source": "Twitter Web Client", "location": "Delhi", "mentions": []}, {"truncated": true, "text": "New ranks Indian progress in (1990-2016) at 150 below Zimbabwe(SDG index of 35)\nStrengthe\u2026", "hashtags": ["#GBDStudy", "#Health", "#sector"], "topic": "infrastructure", "tweet_urls": ["https://t.co/9XKdETRCJk"], "date": {"hour": 5, "month": 11, "iso": "2018-11-10T05:04:14", "year": 2018, "day": 10, "minute": 4}, "geo": null, "id": 1061122338526281728, "lang": "en", "emoticons": [], "user_id": 138129509, "coordinates": null, "source": "Twitter for iPhone", "location": "Delhi", "mentions": []}, {"truncated": true, "text": "Rana Pratap was from tiny obscure town, no one wants to know about him, but what is needed is jobs, infrastructure.\u2026", "hashtags": [], "topic": "infrastructure", "tweet_urls": ["https://t.co/IWu8WF0g6A"], "date": {"hour": 4, "month": 11, "iso": "2018-11-10T04:47:30", "year": 2018, "day": 10, "minute": 47}, "geo": null, "id": 1061118127465889792, "lang": "en", "emoticons": [], "user_id": 222036996, "coordinates": null, "source": "Twitter Web Client", "location": "Delhi", "mentions": []}, {"truncated": true, "text": "NHAI has set the floor price for this bundle of projects at Rs 5,362 crore in exchange for a concession, or toll co\u2026", "hashtags": [], "topic": "infrastructure", "tweet_urls": ["https://t.co/t3G79feWCP"], "date": {"hour": 4, "month": 11, "iso": "2018-11-10T04:18:17", "year": 2018, "day": 10, "minute": 18}, "geo": null, "id": 1061110771722084352, "lang": "en", "emoticons": [], "user_id": 50279781, "coordinates": null, "source": "Twitter Web Client", "location": "Delhi", "mentions": []}, {"truncated": true, "text": "In land reforms in 1988 generated revenue for local governments to invest in infrastructure, and provided b\u2026", "hashtags": ["#China,"], "topic": "infrastructure", "tweet_urls": ["https://t.co/qgbZiCkUOe"], "date": {"hour": 2, "month": 11, "iso": "2018-11-10T02:27:55", "year": 2018, "day": 10, "minute": 27}, "geo": null, "id": 1061082998408429568, "lang": "en", "emoticons": [], "user_id": 36322857, "coordinates": null, "source": "TweetDeck", "location": "Delhi", "mentions": []}, {"truncated": true, "text": "The money you and your family have looted can feed crore on poor Indians, can generate empl\u2026", "hashtags": [], "topic": "infrastructure", "tweet_urls": ["https://t.co/7NavbERajJ"], "date": {"hour": 1, "month": 11, "iso": "2018-11-10T01:07:14", "year": 2018, "day": 10, "minute": 7}, "geo": null, "id": 1061062692054548480, "lang": "en", "emoticons": [], "user_id": 20863515, "coordinates": null, "source": "Twitter Web Client", "location": "Delhi", "mentions": ["@CNNnews18", "@RahulGandhi"]}, {"truncated": true, "text": "Opinion | Reforming police, their infrastructure &amp; training, including implementing a new statute, has not material\u2026", "hashtags": [], "topic": "infrastructure", "tweet_urls": ["https://t.co/AwNITzWfp4"], "date": {"hour": 0, "month": 11, "iso": "2018-11-10T00:45:00", "year": 2018, "day": 10, "minute": 45}, "geo": null, "id": 1061057098061090817, "lang": "en", "emoticons": [], "user_id": 50279781, "coordinates": null, "source": "TweetDeck", "location": "Delhi", "mentions": []}, {"truncated": true, "text": "My TEDx talk is live! \nhttps://t.co/cRL9plaMNe\n\nMy insights on alternative infrastructure to solve our traffic/tran\u2026", "hashtags": [], "topic": "infrastructure", "tweet_urls": ["https://t.co/GlUcG7Vzoh"], "date": {"hour": 21, "month": 11, "iso": "2018-11-09T21:37:14", "year": 2018, "day": 9, "minute": 37}, "geo": null, "id": 1061009845216837638, "lang": "en", "emoticons": [], "user_id": 1705386050, "coordinates": null, "source": "Twitter Web Client", "location": "Delhi", "mentions": []}, {"truncated": true, "text": "Over 800-kms of Dedicated Freight Corridor sections to open soon! set for big leg-up\u2026", "hashtags": ["#IndianRailways"], "topic": "infrastructure", "tweet_urls": ["https://t.co/4lghsein2h"], "date": {"hour": 17, "month": 11, "iso": "2018-11-09T17:55:43", "year": 2018, "day": 9, "minute": 55}, "geo": null, "id": 1060954100630806529, "lang": "en", "emoticons": [], "user_id": 1067857808, "coordinates": null, "source": "Twitter for Android", "location": "Delhi", "mentions": ["@dfccil_india"]}, {"truncated": false, "text": "The new economy is big and growing fast. That\u2019s why we need to build new infrastructure yesterday.", "hashtags": ["#Trupo"], "topic": "infrastructure", "tweet_urls": ["https://t.co/Rv90a42SmG"], "date": {"hour": 17, "month": 11, "iso": "2018-11-09T17:49:36", "year": 2018, "day": 9, "minute": 49}, "geo": null, "id": 1060952560402681856, "lang": "en", "emoticons": [], "user_id": 933461020185477120, "coordinates": null, "source": "IFTTT", "location": "Delhi", "mentions": []}, {"truncated": true, "text": "How the world\u2019s first cyberattack set the stage for modern cybersecurity challenges. Picture by Michael J. Okoniews\u2026", "hashtags": [], "topic": "infrastructure", "tweet_urls": ["https://t.co/movUa5qpxg"], "date": {"hour": 14, "month": 11, "iso": "2018-11-09T14:00:56", "year": 2018, "day": 9, "minute": 0}, "geo": null, "id": 1060895014895673349, "lang": "en", "emoticons": [], "user_id": 135385825, "coordinates": null, "source": "Hootsuite Inc.", "location": "Delhi", "mentions": []}, {"truncated": true, "text": "stays order to register FIR against state government officials for an alleged fraud in r\u2026", "hashtags": ["#SupremeCourt", "#Uttarakhand"], "topic": "infrastructure", "tweet_urls": ["https://t.co/4TCHyWMbk7"], "date": {"hour": 13, "month": 11, "iso": "2018-11-09T13:41:19", "year": 2018, "day": 9, "minute": 41}, "geo": null, "id": 1060890076203442176, "lang": "en", "emoticons": [], "user_id": 947743132598157312, "coordinates": null, "source": "Twitter for Android", "location": "Delhi", "mentions": []}, {"truncated": true, "text": "which has lent over Rs 1,800 crore to Infrastructure Leasing and Financial Services Ltd (IL&amp;FS), on Fr\u2026", "hashtags": ["#IndianBank,"], "topic": "infrastructure", "tweet_urls": ["https://t.co/6w0XFZTq0w"], "date": {"hour": 12, "month": 11, "iso": "2018-11-09T12:27:01", "year": 2018, "day": 9, "minute": 27}, "geo": null, "id": 1060871378310754306, "lang": "en", "emoticons": [], "user_id": 141584822, "coordinates": null, "source": "Twitter Web Client", "location": "Delhi", "mentions": []}, {"truncated": true, "text": "We all know that stubble burning in neighbouring states around Delhi is the primary reason for the skyrocketing pol\u2026", "hashtags": [], "topic": "infrastructure", "tweet_urls": ["https://t.co/xScFbJwOOg"], "date": {"hour": 12, "month": 11, "iso": "2018-11-09T12:08:16", "year": 2018, "day": 9, "minute": 8}, "geo": null, "id": 1060866658833702912, "lang": "en", "emoticons": [], "user_id": 342599458, "coordinates": null, "source": "Twitter for Android", "location": "Delhi", "mentions": []}, {"truncated": true, "text": "It is critical for business to understand the full spectrum of not merely how physical impacts affect\u2026", "hashtags": ["#climaterisk,"], "topic": "infrastructure", "tweet_urls": ["https://t.co/co8MWL8Ihf"], "date": {"hour": 11, "month": 11, "iso": "2018-11-09T11:37:55", "year": 2018, "day": 9, "minute": 37}, "geo": null, "id": 1060859022436429825, "lang": "en", "emoticons": [], "user_id": 155844166, "coordinates": null, "source": "Twitter Web Client", "location": "Delhi", "mentions": []}, {"truncated": true, "text": "Sadly priorities of BJP govt haven't bn rightPriorities in following order would have helped. 1- Making women and g\u2026", "hashtags": [], "topic": "infrastructure", "tweet_urls": ["https://t.co/m3XcjhyzKu"], "date": {"hour": 11, "month": 11, "iso": "2018-11-09T11:34:54", "year": 2018, "day": 9, "minute": 34}, "geo": null, "id": 1060858264559206401, "lang": "en", "emoticons": [], "user_id": 279911533, "coordinates": null, "source": "Twitter for Android", "location": "Delhi", "mentions": []}, {"truncated": true, "text": "Kundli-Manesar-Palwal expressway opens this month! PM Modi to inaugurate much-delayed highway project - Financial E\u2026", "hashtags": [], "topic": "infrastructure", "tweet_urls": ["https://t.co/lExJuD6OWB"], "date": {"hour": 11, "month": 11, "iso": "2018-11-09T11:32:23", "year": 2018, "day": 9, "minute": 32}, "geo": null, "id": 1060857632309866496, "lang": "en", "emoticons": [], "user_id": 99530011, "coordinates": null, "source": "IFTTT", "location": "Delhi", "mentions": []}, {"truncated": true, "text": "It's not easy to pursue in India, especially when there is no safety net of rescue, evacuation an\u2026", "hashtags": ["#adventuresports"], "topic": "infrastructure", "tweet_urls": ["https://t.co/1EbFRCl63J"], "date": {"hour": 11, "month": 11, "iso": "2018-11-09T11:20:26", "year": 2018, "day": 9, "minute": 20}, "geo": null, "id": 1060854621361471488, "lang": "en", "emoticons": [], "user_id": 121156987, "coordinates": null, "source": "TweetDeck", "location": "Delhi", "mentions": []}, {"truncated": true, "text": "Six to be developed on Delhi, Mumbai airport-like PPP model! Get ready for world-class infrastructure\u2026", "hashtags": ["#airports"], "topic": "infrastructure", "tweet_urls": ["https://t.co/JR4WsLdeSX"], "date": {"hour": 11, "month": 11, "iso": "2018-11-09T11:16:04", "year": 2018, "day": 9, "minute": 16}, "geo": null, "id": 1060853525314527232, "lang": "en", "emoticons": [], "user_id": 50279781, "coordinates": null, "source": "Twitter Web Client", "location": "Delhi", "mentions": []}, {"truncated": false, "text": "\u0915\u0948\u092c\u093f\u0928\u0947\u091f \u0928\u0947 \u0926\u0940 \u091b\u0939 \u092e\u0939\u0924\u094d\u0935\u092a\u0942\u0930\u094d\u0923 \u090f\u092f\u0930\u092a\u094b\u0930\u094d\u091f\u094d\u0938 \u0915\u094b \u092e\u0902\u091c\u0942\u0930\u0940 - NDTV India via", "hashtags": [], "topic": "infrastructure", "tweet_urls": ["https://t.co/r1EtLfp0wl"], "date": {"hour": 11, "month": 11, "iso": "2018-11-09T11:07:21", "year": 2018, "day": 9, "minute": 7}, "geo": null, "id": 1060851328501669889, "lang": "hi", "emoticons": [], "user_id": 187214222, "coordinates": null, "source": "Twitter Web Client", "location": "Delhi", "mentions": ["@GoogleNews"]}, {"truncated": true, "text": "Ahmedabad, Jaipur, Lucknow and 3 other airports to be managed under PPP model \u2013 big infra move by Cabinet - The Fin\u2026", "hashtags": [], "topic": "infrastructure", "tweet_urls": ["https://t.co/YrrhKJZn5p"], "date": {"hour": 11, "month": 11, "iso": "2018-11-09T11:03:19", "year": 2018, "day": 9, "minute": 3}, "geo": null, "id": 1060850314792894464, "lang": "en", "emoticons": [], "user_id": 187214222, "coordinates": null, "source": "Twitter Web Client", "location": "Delhi", "mentions": []}, {"truncated": true, "text": "Over 800-kms of sections to open soon! set for big leg-up\u2026", "hashtags": ["#DedicatedFreightCorridor", "#IndianRailways"], "topic": "infrastructure", "tweet_urls": ["https://t.co/8sHOHk22zF"], "date": {"hour": 10, "month": 11, "iso": "2018-11-09T10:45:48", "year": 2018, "day": 9, "minute": 45}, "geo": null, "id": 1060845908710080515, "lang": "en", "emoticons": [], "user_id": 50279781, "coordinates": null, "source": "Twitter Web Client", "location": "Delhi", "mentions": []}, {"truncated": true, "text": "Women form the backbone of health care infrastructure, from formulating vaccines to ensuring that every ch\u2026", "hashtags": ["#India's"], "topic": "infrastructure", "tweet_urls": ["https://t.co/jUZzuGFQyD"], "date": {"hour": 10, "month": 11, "iso": "2018-11-09T10:44:22", "year": 2018, "day": 9, "minute": 44}, "geo": null, "id": 1060845545785253888, "lang": "en", "emoticons": [], "user_id": 1088422554, "coordinates": null, "source": "Media Studio", "location": "Delhi", "mentions": []}, {"truncated": true, "text": "PRC-Kenya Industrial Capacity Cooperation Forum in Nairobi will provide platform for government &amp; private sectors t\u2026", "hashtags": [], "topic": "infrastructure", "tweet_urls": ["https://t.co/4bPpoM7yXH"], "date": {"hour": 10, "month": 11, "iso": "2018-11-09T10:19:50", "year": 2018, "day": 9, "minute": 19}, "geo": null, "id": 1060839373803970560, "lang": "en", "emoticons": [], "user_id": 892322911423414274, "coordinates": null, "source": "Twitter for iPhone", "location": "Delhi", "mentions": []}, {"truncated": true, "text": "We also have a deepwater port at Sittwe , alongwith a riverine port &amp; other infrastructure as part of the\u2026", "hashtags": ["#Myanmar"], "topic": "infrastructure", "tweet_urls": ["https://t.co/FOT3oa5qR0"], "date": {"hour": 9, "month": 11, "iso": "2018-11-09T09:49:36", "year": 2018, "day": 9, "minute": 49}, "geo": null, "id": 1060831762966892544, "lang": "en", "emoticons": [], "user_id": 1067857808, "coordinates": null, "source": "Twitter for Android", "location": "Delhi", "mentions": []}, {"truncated": true, "text": "Tribals are naturally peace loving ghastly demonic ideology by some urban ideologues living\u2026", "hashtags": ["#People.\n\nA"], "topic": "infrastructure", "tweet_urls": ["https://t.co/GsQfmQSnGs"], "date": {"hour": 9, "month": 11, "iso": "2018-11-09T09:48:57", "year": 2018, "day": 9, "minute": 48}, "geo": null, "id": 1060831601049960448, "lang": "en", "emoticons": [], "user_id": 3688184713, "coordinates": null, "source": "Twitter for Android", "location": "Delhi", "mentions": ["@CNNnews18"]}, {"truncated": false, "text": "Chinese President to Visit Philippines, Talk\u00a0Infrastructure", "hashtags": [], "topic": "infrastructure", "tweet_urls": ["https://t.co/9Z7ID1EtBa"], "date": {"hour": 8, "month": 11, "iso": "2018-11-09T08:39:06", "year": 2018, "day": 9, "minute": 39}, "geo": null, "id": 1060814020498935809, "lang": "en", "emoticons": [], "user_id": 1220875086, "coordinates": null, "source": "WordPress.com", "location": "Delhi", "mentions": []}, {"truncated": true, "text": "Kundli-Manesar-Palwal opens this month! to inaugurate much-delayed highway project\u2026", "hashtags": ["#expressway", "#PMModi"], "topic": "infrastructure", "tweet_urls": ["https://t.co/YWyg1ephmX"], "date": {"hour": 8, "month": 11, "iso": "2018-11-09T08:03:24", "year": 2018, "day": 9, "minute": 3}, "geo": null, "id": 1060805037545291776, "lang": "en", "emoticons": [], "user_id": 50279781, "coordinates": null, "source": "Twitter Web Client", "location": "Delhi", "mentions": []}, {"truncated": true, "text": "A progressive move to enhance the quality of India's infrastructure at six leading Indian airports with Private sec\u2026", "hashtags": [], "topic": "infrastructure", "tweet_urls": ["https://t.co/YaLcefN1mL"], "date": {"hour": 7, "month": 11, "iso": "2018-11-09T07:43:33", "year": 2018, "day": 9, "minute": 43}, "geo": null, "id": 1060800040866729985, "lang": "en", "emoticons": [], "user_id": 52533118, "coordinates": null, "source": "LinkedIn", "location": "Delhi", "mentions": []}, {"truncated": true, "text": "passengers, take a note! Delhi Reservation System to remain shut on Nov 9-10; details here\u2026", "hashtags": ["#IndianRailways"], "topic": "infrastructure", "tweet_urls": ["https://t.co/WCIls6EkUL"], "date": {"hour": 7, "month": 11, "iso": "2018-11-09T07:24:05", "year": 2018, "day": 9, "minute": 24}, "geo": null, "id": 1060795144767713281, "lang": "en", "emoticons": [], "user_id": 50279781, "coordinates": null, "source": "Twitter Web Client", "location": "Delhi", "mentions": []}, {"truncated": true, "text": "is shifting focus to renewable source of energy in its day to day working by harnessing in pub\u2026", "hashtags": ["#NDMC", "#clean", "#energy"], "topic": "infrastructure", "tweet_urls": ["https://t.co/QmJDbBmFuA"], "date": {"hour": 7, "month": 11, "iso": "2018-11-09T07:15:05", "year": 2018, "day": 9, "minute": 15}, "geo": null, "id": 1060792877159202816, "lang": "en", "emoticons": [], "user_id": 2855166636, "coordinates": null, "source": "Hootsuite", "location": "Delhi", "mentions": []}, {"truncated": true, "text": "Hon\u2019ble CM of UP, Ji announced that India\u2019s Biggest will be built in\u2026", "hashtags": ["#CricketStadium"], "topic": "infrastructure", "tweet_urls": ["https://t.co/8XbKt3iybq"], "date": {"hour": 7, "month": 11, "iso": "2018-11-09T07:06:17", "year": 2018, "day": 9, "minute": 6}, "geo": null, "id": 1060790662994395136, "lang": "en", "emoticons": [], "user_id": 1875530762, "coordinates": null, "source": "Twitter Web Client", "location": "Delhi", "mentions": ["@myogiadityanath"]}, {"truncated": true, "text": "Smart City indeed! Varanasi joins the pace of Infrastructural development with NHs, PM Modi to inaugurate Ring road\u2026", "hashtags": [], "topic": "infrastructure", "tweet_urls": ["https://t.co/NaGgCqeMGv"], "date": {"hour": 6, "month": 11, "iso": "2018-11-09T06:52:09", "year": 2018, "day": 9, "minute": 52}, "geo": null, "id": 1060787108539846656, "lang": "en", "emoticons": [], "user_id": 102371170, "coordinates": null, "source": "Twitter Web Client", "location": "Delhi", "mentions": []}, {"truncated": true, "text": "Prime Minister Shri Narendra Modi will two Infrastructure Projects worth Rs 425.41 Crore in\u2026", "hashtags": ["#inaugurate", "#Sewage"], "topic": "infrastructure", "tweet_urls": ["https://t.co/MCcH17M6wz"], "date": {"hour": 6, "month": 11, "iso": "2018-11-09T06:34:42", "year": 2018, "day": 9, "minute": 34}, "geo": null, "id": 1060782714356404224, "lang": "en", "emoticons": [], "user_id": 2895425184, "coordinates": null, "source": "Facebook", "location": "Delhi", "mentions": []}, {"truncated": true, "text": "I think the infrastructure in the rest of India is absolutely pathetic compared to Delhi. Hyderabad/Bangalore have\u2026", "hashtags": [], "topic": "infrastructure", "tweet_urls": ["https://t.co/V04Aosr6Wc"], "date": {"hour": 6, "month": 11, "iso": "2018-11-09T06:03:42", "year": 2018, "day": 9, "minute": 3}, "geo": null, "id": 1060774914934874116, "lang": "en", "emoticons": [], "user_id": 2846384179, "coordinates": null, "source": "Twitter Web Client", "location": "Delhi", "mentions": []}, {"truncated": true, "text": "15. Polluted rivers, lakes &amp; sea shores due to lack of Sewage treatment plants and sewage systems.\n16. Huge toxic i\u2026", "hashtags": [], "topic": "infrastructure", "tweet_urls": ["https://t.co/AYxyqEfuUr"], "date": {"hour": 5, "month": 11, "iso": "2018-11-09T05:47:36", "year": 2018, "day": 9, "minute": 47}, "geo": null, "id": 1060770861593047045, "lang": "en", "emoticons": [], "user_id": 308335274, "coordinates": null, "source": "Twitter for Android", "location": "Delhi", "mentions": []}, {"truncated": false, "text": "\u201cReal \u201c Aam Aadmi who is paying taxes for the infrastructure development of nation is Happy n Satisfied with the bold step.", "hashtags": [], "topic": "infrastructure", "tweet_urls": [], "date": {"hour": 5, "month": 11, "iso": "2018-11-09T05:36:39", "year": 2018, "day": 9, "minute": 36}, "geo": null, "id": 1060768105238945792, "lang": "en", "emoticons": [], "user_id": 275429689, "coordinates": null, "source": "Twitter for iPhone", "location": "Delhi", "mentions": ["@ArvindKejriwal"]}, {"truncated": true, "text": "and 3 other airports to be managed under PPP model \u2013 big infra move by Cabinet!\u2026", "hashtags": ["#Ahmedabad,", "#Jaipur,", "#Lucknow"], "topic": "infrastructure", "tweet_urls": ["https://t.co/oUWZI5C9lv"], "date": {"hour": 5, "month": 11, "iso": "2018-11-09T05:27:56", "year": 2018, "day": 9, "minute": 27}, "geo": null, "id": 1060765913593466881, "lang": "en", "emoticons": [], "user_id": 50279781, "coordinates": null, "source": "Twitter Web Client", "location": "Delhi", "mentions": []}, {"truncated": true, "text": "is helping his people, while india prefers begging for Visas and not make any infrastructure promised\u2026", "hashtags": ["#DonaldTrump"], "topic": "infrastructure", "tweet_urls": ["https://t.co/2hHAYCSwuZ"], "date": {"hour": 5, "month": 11, "iso": "2018-11-09T05:24:36", "year": 2018, "day": 9, "minute": 24}, "geo": null, "id": 1060765074074161153, "lang": "en", "emoticons": [], "user_id": 222036996, "coordinates": null, "source": "Twitter Web Client", "location": "Delhi", "mentions": []}, {"truncated": true, "text": "Opinion | Reforming police, their infrastructure &amp; training, including implementing a new statute, has not material\u2026", "hashtags": [], "topic": "infrastructure", "tweet_urls": ["https://t.co/pC0nOYOz5s"], "date": {"hour": 5, "month": 11, "iso": "2018-11-09T05:17:30", "year": 2018, "day": 9, "minute": 17}, "geo": null, "id": 1060763288978382848, "lang": "en", "emoticons": [], "user_id": 50279781, "coordinates": null, "source": "Twitter Web Client", "location": "Delhi", "mentions": []}, {"truncated": true, "text": "The facts that nearly two-thirds of the urban infrastructure is yet to be built and that secondary and tertiary cit\u2026", "hashtags": [], "topic": "infrastructure", "tweet_urls": ["https://t.co/Z9Shwkkc27"], "date": {"hour": 5, "month": 11, "iso": "2018-11-09T05:14:22", "year": 2018, "day": 9, "minute": 14}, "geo": null, "id": 1060762497895071744, "lang": "en", "emoticons": [], "user_id": 417914618, "coordinates": null, "source": "Twitter for iPhone", "location": "Delhi", "mentions": []}, {"truncated": true, "text": "Approval of 6 AAI Airports Under India Keen To Manufacture Locally And Export Bullet Tra\u2026", "hashtags": ["#PublicPrivatePartnership;"], "topic": "infrastructure", "tweet_urls": ["https://t.co/B0reb3SzvL"], "date": {"hour": 4, "month": 11, "iso": "2018-11-09T04:50:25", "year": 2018, "day": 9, "minute": 50}, "geo": null, "id": 1060756474148896768, "lang": "en", "emoticons": [], "user_id": 956822126639509504, "coordinates": null, "source": "Twitter Web Client", "location": "Delhi", "mentions": []}]