[{"truncated": false, "text": "Oregon teens arrested in \u2018crime spree\u2019 involving pumpkins, baseball bats: author", "hashtags": [], "topic": "crime", "tweet_urls": ["https://t.co/F3xOKRNcxo"], "date": {"hour": 2, "month": 11, "iso": "2018-11-01T02:40:26", "year": 2018, "day": 1, "minute": 40}, "geo": null, "id": 1057824655963111424, "lang": "en", "emoticons": [], "user_id": 1090669334, "coordinates": null, "source": "twittbot.net", "location": "MexicoCity", "mentions": ["@Kattavernd"]}, {"truncated": true, "text": "Mexico asks the UK to extradite Karime Macias, alleged partner in crime of husband and jailed former Veracruz gover\u2026", "hashtags": [], "topic": "crime", "tweet_urls": ["https://t.co/wxdGfL3qW1"], "date": {"hour": 19, "month": 10, "iso": "2018-10-31T19:14:13", "year": 2018, "day": 31, "minute": 14}, "geo": null, "id": 1057712365368684545, "lang": "es", "emoticons": [], "user_id": 261165035, "coordinates": null, "source": "Twitter for iPhone", "location": "MexicoCity", "mentions": []}, {"truncated": true, "text": "\"No I don't want to fall in love...\"\n\nYa te extra\u00f1aba... Ya me extra\u00f1aba \ufe0f\ufe0f\n\nBajo el influjo de \n\nPartners in\u2026", "hashtags": [], "topic": "crime", "tweet_urls": ["https://t.co/nOK0LhKAOf"], "date": {"hour": 2, "month": 10, "iso": "2018-10-31T02:26:26", "year": 2018, "day": 31, "minute": 26}, "geo": null, "id": 1057458747474350081, "lang": "es", "emoticons": ["\ud83c\udfb6", "\ud83d\ude0c", "\u2764", "\ud83c\udf1a", "\ud83d\udc41"], "user_id": 22218124, "coordinates": null, "source": "Instagram", "location": "MexicoCity", "mentions": []}, {"truncated": true, "text": "I mean saying that... I was saying yesterday that I would en afraid to live in the US because of the gun\u2026", "hashtags": [], "topic": "crime", "tweet_urls": ["https://t.co/G1hQIABfiS"], "date": {"hour": 0, "month": 10, "iso": "2018-10-31T00:41:23", "year": 2018, "day": 31, "minute": 41}, "geo": null, "id": 1057432310247710720, "lang": "en", "emoticons": [], "user_id": 27681028, "coordinates": null, "source": "Twitter for iPhone", "location": "MexicoCity", "mentions": ["@Doll_Legs"]}, {"truncated": false, "text": "At a Pittsburgh Crime Scene, Jewish Volunteers Guard the \u2018Bodies of Holy Martyrs\u2019", "hashtags": [], "topic": "crime", "tweet_urls": ["https://t.co/5M6JhoNwtL"], "date": {"hour": 16, "month": 10, "iso": "2018-10-30T16:25:46", "year": 2018, "day": 30, "minute": 25}, "geo": null, "id": 1057307584124731392, "lang": "en", "emoticons": [], "user_id": 17933741, "coordinates": null, "source": "Facebook", "location": "MexicoCity", "mentions": []}, {"truncated": false, "text": "AM-DESK \u2014 What makes a crime a hate crime?", "hashtags": [], "topic": "crime", "tweet_urls": ["https://t.co/z16SRBM30e"], "date": {"hour": 14, "month": 10, "iso": "2018-10-30T14:25:04", "year": 2018, "day": 30, "minute": 25}, "geo": {"type": "Point", "coordinates": [19.47743572, -99.12826538]}, "id": 1057277208018903043, "lang": "en", "emoticons": [], "user_id": 138418838, "coordinates": {"type": "Point", "coordinates": [-99.12826538, 19.47743572]}, "source": "dlvr.it", "location": "MexicoCity", "mentions": []}, {"truncated": false, "text": "Stigmabase \u2014 What makes a crime a hate crime?", "hashtags": [], "topic": "crime", "tweet_urls": ["https://t.co/WgWZpdljyx"], "date": {"hour": 13, "month": 10, "iso": "2018-10-30T13:07:04", "year": 2018, "day": 30, "minute": 7}, "geo": {"type": "Point", "coordinates": [19.43757829, -99.13547516]}, "id": 1057257577849925633, "lang": "en", "emoticons": [], "user_id": 186478529, "coordinates": {"type": "Point", "coordinates": [-99.13547516, 19.43757829]}, "source": "dlvr.it", "location": "MexicoCity", "mentions": []}, {"truncated": false, "text": "I\u2019m glad with wvr I have rn. a loving boyfriend, two protective brothers, many of great friends, judgeless squad in crime. Alhamdulillah", "hashtags": [], "topic": "crime", "tweet_urls": [], "date": {"hour": 7, "month": 10, "iso": "2018-10-30T07:16:48", "year": 2018, "day": 30, "minute": 16}, "geo": null, "id": 1057169430306729984, "lang": "en", "emoticons": ["\ud83c\udf39"], "user_id": 139401085, "coordinates": null, "source": "Twitter for iPhone", "location": "MexicoCity", "mentions": []}, {"truncated": true, "text": "In Mexico, where both organized crime and government officials (often intertwined) are the principal culprits of de\u2026", "hashtags": [], "topic": "crime", "tweet_urls": ["https://t.co/3xTLQ3HTUA"], "date": {"hour": 6, "month": 10, "iso": "2018-10-30T06:32:30", "year": 2018, "day": 30, "minute": 32}, "geo": null, "id": 1057158283667095552, "lang": "en", "emoticons": [], "user_id": 22125492, "coordinates": null, "source": "Twitter Web Client", "location": "MexicoCity", "mentions": []}, {"truncated": true, "text": "Think the Trump-Russia scandal sounds like the seedy plot of a political thriller? You\u2019re not alone.\u00a0Five", "hashtags": ["#crime\u2026"], "topic": "crime", "tweet_urls": ["https://t.co/BUecqR7y1d"], "date": {"hour": 3, "month": 10, "iso": "2018-10-30T03:00:58", "year": 2018, "day": 30, "minute": 0}, "geo": null, "id": 1057105047945908225, "lang": "en", "emoticons": [], "user_id": 141627379, "coordinates": null, "source": "Proofer", "location": "MexicoCity", "mentions": []}, {"truncated": true, "text": "The aim of this site is to suppress critical thinking in Ukraine through fear, and the fact that peopl\u2026", "hashtags": [], "topic": "crime", "tweet_urls": ["https://t.co/BPl7xX84FD"], "date": {"hour": 15, "month": 10, "iso": "2018-10-29T15:38:27", "year": 2018, "day": 29, "minute": 38}, "geo": null, "id": 1056933288982458370, "lang": "en", "emoticons": [], "user_id": 22554860, "coordinates": null, "source": "Twitter for iPad", "location": "MexicoCity", "mentions": ["@Fred_Nusek"]}, {"truncated": false, "text": "AM-DESK \u2014 Washington Muslim advocate slams hate crime-related shootings, bombings", "hashtags": [], "topic": "crime", "tweet_urls": ["https://t.co/4SvJD7dlpu"], "date": {"hour": 15, "month": 10, "iso": "2018-10-29T15:01:07", "year": 2018, "day": 29, "minute": 1}, "geo": {"type": "Point", "coordinates": [19.47743572, -99.12826538]}, "id": 1056923894605434881, "lang": "en", "emoticons": [], "user_id": 138418838, "coordinates": {"type": "Point", "coordinates": [-99.12826538, 19.47743572]}, "source": "dlvr.it", "location": "MexicoCity", "mentions": []}, {"truncated": false, "text": "AM-DESK \u2014 11 Dead in Pittsburgh Synagogue Shooting Being Investigated as Hate Crime", "hashtags": [], "topic": "crime", "tweet_urls": ["https://t.co/C8lJxNtMKr"], "date": {"hour": 15, "month": 10, "iso": "2018-10-29T15:01:07", "year": 2018, "day": 29, "minute": 1}, "geo": {"type": "Point", "coordinates": [19.47743572, -99.12826538]}, "id": 1056923892298567681, "lang": "en", "emoticons": [], "user_id": 138418838, "coordinates": {"type": "Point", "coordinates": [-99.12826538, 19.47743572]}, "source": "dlvr.it", "location": "MexicoCity", "mentions": []}, {"truncated": true, "text": "Para lxs preocupadxs por la ca\u00edda del peso aqu\u00ed les va esta bonita canci\u00f3n \u201cmoney, its a crime.\ns\u2026", "hashtags": ["#Money", "#PinkFloyd"], "topic": "crime", "tweet_urls": ["https://t.co/q1G7R2soop"], "date": {"hour": 14, "month": 10, "iso": "2018-10-29T14:55:35", "year": 2018, "day": 29, "minute": 55}, "geo": null, "id": 1056922500313960452, "lang": "es", "emoticons": [], "user_id": 72864587, "coordinates": null, "source": "Twitter for iPhone", "location": "MexicoCity", "mentions": []}, {"truncated": false, "text": "Stigmabase \u2014 Washington Muslim advocate slams hate crime-related shootings, bombings", "hashtags": [], "topic": "crime", "tweet_urls": ["https://t.co/xJZ2TV3mx2"], "date": {"hour": 12, "month": 10, "iso": "2018-10-29T12:49:05", "year": 2018, "day": 29, "minute": 49}, "geo": {"type": "Point", "coordinates": [19.43757829, -99.13547516]}, "id": 1056890666217746432, "lang": "en", "emoticons": [], "user_id": 186478529, "coordinates": {"type": "Point", "coordinates": [-99.13547516, 19.43757829]}, "source": "dlvr.it", "location": "MexicoCity", "mentions": []}, {"truncated": false, "text": "Stigmabase \u2014 11 Dead in Pittsburgh Synagogue Shooting Being Investigated as Hate Crime", "hashtags": [], "topic": "crime", "tweet_urls": ["https://t.co/lC7PpwaB0i"], "date": {"hour": 12, "month": 10, "iso": "2018-10-29T12:49:05", "year": 2018, "day": 29, "minute": 49}, "geo": {"type": "Point", "coordinates": [19.43757829, -99.13547516]}, "id": 1056890664338710529, "lang": "en", "emoticons": [], "user_id": 186478529, "coordinates": {"type": "Point", "coordinates": [-99.13547516, 19.43757829]}, "source": "dlvr.it", "location": "MexicoCity", "mentions": []}, {"truncated": false, "text": "AM-DESK \u2014 What makes a crime a hate crime?", "hashtags": [], "topic": "crime", "tweet_urls": ["https://t.co/2IhOUVAJKE"], "date": {"hour": 11, "month": 10, "iso": "2018-10-29T11:52:08", "year": 2018, "day": 29, "minute": 52}, "geo": {"type": "Point", "coordinates": [19.47743572, -99.12826538]}, "id": 1056876332762652672, "lang": "en", "emoticons": [], "user_id": 138418838, "coordinates": {"type": "Point", "coordinates": [-99.12826538, 19.47743572]}, "source": "dlvr.it", "location": "MexicoCity", "mentions": []}, {"truncated": false, "text": "Stigmabase \u2014 What makes a crime a hate crime?", "hashtags": [], "topic": "crime", "tweet_urls": ["https://t.co/EgPVUjHwO7"], "date": {"hour": 11, "month": 10, "iso": "2018-10-29T11:47:05", "year": 2018, "day": 29, "minute": 47}, "geo": {"type": "Point", "coordinates": [19.43757829, -99.13547516]}, "id": 1056875063968849921, "lang": "en", "emoticons": [], "user_id": 186478529, "coordinates": {"type": "Point", "coordinates": [-99.13547516, 19.43757829]}, "source": "dlvr.it", "location": "MexicoCity", "mentions": []}, {"truncated": true, "text": "Practically is an activist of self interest once his paid his in support of crime\u2026", "hashtags": [], "topic": "crime", "tweet_urls": ["https://t.co/T45GrFW5tp"], "date": {"hour": 11, "month": 10, "iso": "2018-10-29T11:07:50", "year": 2018, "day": 29, "minute": 7}, "geo": null, "id": 1056865185246392336, "lang": "en", "emoticons": [], "user_id": 2174343112, "coordinates": null, "source": "Twitter for Android", "location": "MexicoCity", "mentions": ["@AMADICHIMA", "@ogundamisi", "@fkeyamo"]}, {"truncated": true, "text": "Managing crime is an outsized cost of doing business in Mexico. Many foreign direct investors underestimate securit\u2026", "hashtags": [], "topic": "crime", "tweet_urls": ["https://t.co/nAYo7tJTKq"], "date": {"hour": 8, "month": 10, "iso": "2018-10-29T08:30:34", "year": 2018, "day": 29, "minute": 30}, "geo": null, "id": 1056825607034757120, "lang": "en", "emoticons": [], "user_id": 1033285886203645952, "coordinates": null, "source": "Sprout Social", "location": "MexicoCity", "mentions": []}, {"truncated": true, "text": "We have been friends for so long I can\u2019t remember which one of us is the bad influence. \n.\n.\nMy Partner in Crime \u2026", "hashtags": [], "topic": "crime", "tweet_urls": ["https://t.co/3pcUelD8RS"], "date": {"hour": 20, "month": 10, "iso": "2018-10-28T20:11:30", "year": 2018, "day": 28, "minute": 11}, "geo": {"type": "Point", "coordinates": [19.4326, -99.1332]}, "id": 1056639616604811264, "lang": "en", "emoticons": ["\ud83d\udc95"], "user_id": 46338986, "coordinates": {"type": "Point", "coordinates": [-99.1332, 19.4326]}, "source": "Instagram", "location": "MexicoCity", "mentions": []}, {"truncated": true, "text": "Stop\u2026", "hashtags": [], "topic": "crime", "tweet_urls": ["https://t.co/C1HbhYQQZl"], "date": {"hour": 16, "month": 10, "iso": "2018-10-28T16:59:09", "year": 2018, "day": 28, "minute": 59}, "geo": null, "id": 1056591209693659136, "lang": "en", "emoticons": [], "user_id": 149226212, "coordinates": null, "source": "Twitter Web Client", "location": "MexicoCity", "mentions": ["@EevaPaavilainen", "@tuoitrenewsvn", "@bbcvietnamese", "@nguyen_phutrong", "@WelcomeVietNam", "@EUDelegationVN", "@PAPI_Vietnam"]}, {"truncated": true, "text": "The Red Command is one of Brazil\u2019s oldest gangs. Little by little, it has expanded its power in Brazil and beyond.\u2026", "hashtags": [], "topic": "crime", "tweet_urls": ["https://t.co/IBDl9qtgV6"], "date": {"hour": 16, "month": 10, "iso": "2018-10-28T16:18:29", "year": 2018, "day": 28, "minute": 18}, "geo": null, "id": 1056580974929154048, "lang": "en", "emoticons": [], "user_id": 54229135, "coordinates": null, "source": "Facebook", "location": "MexicoCity", "mentions": []}, {"truncated": false, "text": "De las pocas veces que realmente me cago de risa \nOnce Upon a Crime with Alyssa and Valentina \ud83c\udffc \ufe0f\ud83c\udffb", "hashtags": [], "topic": "crime", "tweet_urls": ["https://t.co/Brpw9cy6Vy"], "date": {"hour": 6, "month": 10, "iso": "2018-10-28T06:47:32", "year": 2018, "day": 28, "minute": 47}, "geo": null, "id": 1056437292703854592, "lang": "es", "emoticons": ["\ud83d\udc78", "\u2764", "\ud83d\ude02"], "user_id": 575750003, "coordinates": null, "source": "Twitter for iPhone", "location": "MexicoCity", "mentions": []}, {"truncated": true, "text": "\u00a1Feliz Cumplea\u00f1os a mi pana del crimen, mi carnal de otra jefa y un largo etc\u00e9tera, Abrazote, mi amigo.\u2026", "hashtags": [], "topic": "crime", "tweet_urls": ["https://t.co/idrlf4nemC"], "date": {"hour": 6, "month": 11, "iso": "2018-11-01T06:41:41", "year": 2018, "day": 1, "minute": 41}, "geo": null, "id": 1057885369776123906, "lang": "es", "emoticons": [], "user_id": 112633691, "coordinates": null, "source": "Twitter for iPhone", "location": "MexicoCity", "mentions": ["@alxchavez!"]}, {"truncated": false, "text": "Diputada chilena entreg\u00f3 a su hijo a la polic\u00eda por un crimen", "hashtags": [], "topic": "crime", "tweet_urls": ["https://t.co/LspEixsYNE"], "date": {"hour": 5, "month": 11, "iso": "2018-11-01T05:55:23", "year": 2018, "day": 1, "minute": 55}, "geo": null, "id": 1057873718096093185, "lang": "es", "emoticons": [], "user_id": 30079695, "coordinates": null, "source": "IFTTT", "location": "MexicoCity", "mentions": []}, {"truncated": false, "text": "Diputada chilena entreg\u00f3 a su hijo a la polic\u00eda por un\u00a0crimen", "hashtags": [], "topic": "crime", "tweet_urls": ["https://t.co/v9Y03NH8BS"], "date": {"hour": 5, "month": 11, "iso": "2018-11-01T05:54:51", "year": 2018, "day": 1, "minute": 54}, "geo": null, "id": 1057873585182785536, "lang": "es", "emoticons": [], "user_id": 30079695, "coordinates": null, "source": "WordPress.com", "location": "MexicoCity", "mentions": []}, {"truncated": true, "text": "Ah\u00ed radica la hipocres\u00eda del empresariado corrupto evasor de impuestos, de los pol\u00edticos corruptos aliados con el c\u2026", "hashtags": [], "topic": "crime", "tweet_urls": ["https://t.co/on1us9Yeg9"], "date": {"hour": 5, "month": 11, "iso": "2018-11-01T05:53:55", "year": 2018, "day": 1, "minute": 53}, "geo": null, "id": 1057873351182495744, "lang": "es", "emoticons": [], "user_id": 1057475538715983872, "coordinates": null, "source": "Twitter Web Client", "location": "MexicoCity", "mentions": []}, {"truncated": true, "text": "En que otro pa\u00eds se deja tirada una obra como el NAIM Cirito ???. S\u00f3lo en donde el gobierno ( de )\u2026", "hashtags": [], "topic": "crime", "tweet_urls": ["https://t.co/sBB7ZIZKfx"], "date": {"hour": 5, "month": 11, "iso": "2018-11-01T05:22:17", "year": 2018, "day": 1, "minute": 22}, "geo": null, "id": 1057865389894496256, "lang": "es", "emoticons": [], "user_id": 236434494, "coordinates": null, "source": "Twitter for Android", "location": "MexicoCity", "mentions": ["@CiroGomezL", "@EPN"]}, {"truncated": true, "text": "Un momento hist\u00f3rico que puede echar abajo d\u00e9cadas de pol\u00edticas sin sentido hacia la fortaleciendo s\u00f3lo\u2026", "hashtags": ["#marihuana,"], "topic": "crime", "tweet_urls": ["https://t.co/0UzQmOYprV"], "date": {"hour": 3, "month": 11, "iso": "2018-11-01T03:33:56", "year": 2018, "day": 1, "minute": 33}, "geo": null, "id": 1057838120291500032, "lang": "es", "emoticons": [], "user_id": 69642060, "coordinates": null, "source": "Twitter Web Client", "location": "MexicoCity", "mentions": []}, {"truncated": true, "text": "Pero la legalizaci\u00f3n de la marihuan\u2026", "hashtags": [], "topic": "crime", "tweet_urls": ["https://t.co/C1bnbtYu8i"], "date": {"hour": 3, "month": 11, "iso": "2018-11-01T03:20:49", "year": 2018, "day": 1, "minute": 20}, "geo": null, "id": 1057834820116463616, "lang": "es", "emoticons": [], "user_id": 2826369956, "coordinates": null, "source": "Twitter for Android", "location": "MexicoCity", "mentions": ["@azapatah", "@asantacruzg", "@lismarybaby", "@rosesafie", "@JuanFTorresLand", "@ferbelaunzaran"]}, {"truncated": true, "text": "Cuando una obra de arte ha sido robada, un detective no es suficiente se necesita un experto en el tema revelar \u201cEl\u2026", "hashtags": [], "topic": "crime", "tweet_urls": ["https://t.co/rKaBzJ23AR"], "date": {"hour": 3, "month": 11, "iso": "2018-11-01T03:00:01", "year": 2018, "day": 1, "minute": 0}, "geo": null, "id": 1057829584610050048, "lang": "es", "emoticons": [], "user_id": 27139214, "coordinates": null, "source": "TweetDeck", "location": "MexicoCity", "mentions": []}, {"truncated": true, "text": "\u00bfYa vieron \u00bfLes gust\u00f3? \n\n\u201cLa pel\u00edcula, coescrita por Ruizpalacios y por Manuel Alcal\u00e1, [...], enciende los\u2026", "hashtags": ["#Museo?"], "topic": "crime", "tweet_urls": ["https://t.co/4fgp1dV3pT"], "date": {"hour": 1, "month": 11, "iso": "2018-11-01T01:52:34", "year": 2018, "day": 1, "minute": 52}, "geo": null, "id": 1057812611696418817, "lang": "es", "emoticons": [], "user_id": 110884301, "coordinates": null, "source": "Twitter for iPhone", "location": "MexicoCity", "mentions": []}, {"truncated": true, "text": "El manotazo del Caudillo que no es florero costar\u00e1 en dinero de nuestros impuestos 10 mmd y otros costos terribles\u2026", "hashtags": [], "topic": "crime", "tweet_urls": ["https://t.co/VSCkHmzAuX"], "date": {"hour": 1, "month": 11, "iso": "2018-11-01T01:29:55", "year": 2018, "day": 1, "minute": 29}, "geo": null, "id": 1057806909875474433, "lang": "es", "emoticons": [], "user_id": 32698814, "coordinates": null, "source": "Twitter for iPhone", "location": "MexicoCity", "mentions": []}, {"truncated": true, "text": "Al legalizar la mota Donde quedara la emoci\u00f3n de conseguir un toque en Tepito o CU? La conviv\u2026", "hashtags": [], "topic": "crime", "tweet_urls": ["https://t.co/xPY5iIajQ4"], "date": {"hour": 0, "month": 11, "iso": "2018-11-01T00:53:07", "year": 2018, "day": 1, "minute": 53}, "geo": null, "id": 1057797648890114048, "lang": "es", "emoticons": [], "user_id": 20109607, "coordinates": null, "source": "Twitter Lite", "location": "MexicoCity", "mentions": ["@Pajaropolitico", "@SCJN"]}, {"truncated": true, "text": "Para reducir los \u00edndices de y en y el necesitamos contar controles de\u2026", "hashtags": ["#violencia", "#Am\u00e9ricaLatina", "#Caribe,"], "topic": "crime", "tweet_urls": ["https://t.co/KuLLyXj9bl"], "date": {"hour": 23, "month": 10, "iso": "2018-10-31T23:36:07", "year": 2018, "day": 31, "minute": 36}, "geo": null, "id": 1057778273613168651, "lang": "es", "emoticons": [], "user_id": 615497421, "coordinates": null, "source": "Twitter for iPhone", "location": "MexicoCity", "mentions": []}, {"truncated": true, "text": "Este fen\u00f3meno de violencia se explica por las actividades del crimen transnacional organizado, que incluyen el\u2026", "hashtags": [], "topic": "crime", "tweet_urls": ["https://t.co/2J8emRvW06"], "date": {"hour": 23, "month": 10, "iso": "2018-10-31T23:35:58", "year": 2018, "day": 31, "minute": 35}, "geo": null, "id": 1057778236975923201, "lang": "es", "emoticons": [], "user_id": 615497421, "coordinates": null, "source": "Twitter for iPhone", "location": "MexicoCity", "mentions": []}, {"truncated": false, "text": "Afirma que la condici\u00f3n del crimen organizado ha sido un factor importante para que M\u00e9xico sea un gran consumidor de armas.", "hashtags": [], "topic": "crime", "tweet_urls": [], "date": {"hour": 23, "month": 10, "iso": "2018-10-31T23:28:15", "year": 2018, "day": 31, "minute": 28}, "geo": null, "id": 1057776293398360065, "lang": "es", "emoticons": [], "user_id": 1345569458, "coordinates": null, "source": "Twitter for Android", "location": "MexicoCity", "mentions": ["@miguelrcabanas"]}, {"truncated": false, "text": "No hay presencia crimen organizado en Texcoco, s\u00f3lo narcomenudistas: alcalde", "hashtags": [], "topic": "crime", "tweet_urls": ["https://t.co/0FM53oJErO", "https://t.co/7AB7cnoh8H"], "date": {"hour": 23, "month": 10, "iso": "2018-10-31T23:02:15", "year": 2018, "day": 31, "minute": 2}, "geo": null, "id": 1057769752179982336, "lang": "es", "emoticons": [], "user_id": 30079695, "coordinates": null, "source": "WordPress.com", "location": "MexicoCity", "mentions": []}, {"truncated": false, "text": "Empresas de M\u00e9xico y EU ven a un pa\u00eds sometido por el crimen: 14.2% cerraron en los \u00faltimos 2 a\u00f1os", "hashtags": [], "topic": "crime", "tweet_urls": ["https://t.co/RvKqn5czlp"], "date": {"hour": 22, "month": 10, "iso": "2018-10-31T22:37:48", "year": 2018, "day": 31, "minute": 37}, "geo": null, "id": 1057763596732719106, "lang": "es", "emoticons": [], "user_id": 88334346, "coordinates": null, "source": "Twitter Web Client", "location": "MexicoCity", "mentions": []}, {"truncated": true, "text": "Triste que en M\u00e9xico solo el crimen ofrece ascenso en la escala social.\n\nSi nacemos pobres, pobres nos quedamos, si\u2026", "hashtags": [], "topic": "crime", "tweet_urls": ["https://t.co/6mfTIjFdlV"], "date": {"hour": 22, "month": 10, "iso": "2018-10-31T22:31:18", "year": 2018, "day": 31, "minute": 31}, "geo": null, "id": 1057761959393792006, "lang": "es", "emoticons": [], "user_id": 345501445, "coordinates": null, "source": "Twitter for Android", "location": "MexicoCity", "mentions": []}, {"truncated": true, "text": "Y\u2026", "hashtags": [], "topic": "crime", "tweet_urls": ["https://t.co/O5uwQ8IzeD"], "date": {"hour": 22, "month": 10, "iso": "2018-10-31T22:11:47", "year": 2018, "day": 31, "minute": 11}, "geo": null, "id": 1057757049055002624, "lang": "es", "emoticons": [], "user_id": 501421640, "coordinates": null, "source": "Twitter for iPad", "location": "MexicoCity", "mentions": ["@etica", "@UNESCO_es", "@UNESCOMexico", "@FLIP_org", "@HangoutsPer", "@puroperiodismo", "@fundacionFESCOL", "@AlianzaPAN", "@JaimeAbello"]}, {"truncated": true, "text": "Tambi\u00e9n es perverso comparar una cosa con otra, se la pongo as\u00ed, a mayor crisis econom\u00edca, m\u00e1s crimen y\u2026", "hashtags": [], "topic": "crime", "tweet_urls": ["https://t.co/XHngUj85ZS"], "date": {"hour": 19, "month": 10, "iso": "2018-10-31T19:48:24", "year": 2018, "day": 31, "minute": 48}, "geo": null, "id": 1057720966162210817, "lang": "es", "emoticons": [], "user_id": 151955647, "coordinates": null, "source": "Twitter for iPhone", "location": "MexicoCity", "mentions": ["@esteban_is"]}, {"truncated": true, "text": "Ya lo s\u00e9! Solo dejo volar mi imaginaci\u00f3n a una realidad en un universo alterno Siempre he hecho lo \u201ccorr\u2026", "hashtags": [], "topic": "crime", "tweet_urls": ["https://t.co/7cEAccmXwq"], "date": {"hour": 19, "month": 10, "iso": "2018-10-31T19:10:51", "year": 2018, "day": 31, "minute": 10}, "geo": null, "id": 1057711514348474368, "lang": "es", "emoticons": ["\ud83d\ude13"], "user_id": 140108399, "coordinates": null, "source": "Twitter for iPhone", "location": "MexicoCity", "mentions": ["@Ozereph"]}, {"truncated": true, "text": "No es crimen, pero si es una incongruencia, pregonan la austeridad y hacen todo lo contrario, cada\u2026", "hashtags": [], "topic": "crime", "tweet_urls": ["https://t.co/0cnaPH16UN"], "date": {"hour": 18, "month": 10, "iso": "2018-10-31T18:44:13", "year": 2018, "day": 31, "minute": 44}, "geo": null, "id": 1057704815592198144, "lang": "es", "emoticons": [], "user_id": 459728772, "coordinates": null, "source": "Twitter Web Client", "location": "MexicoCity", "mentions": ["@fernandeznorona"]}, {"truncated": true, "text": "D\u00eda 1 del Entrada 2:\n\nHe descubierto a con las manos en la masa. Mientras yo estoy su\u2026", "hashtags": ["#MegaCortedeAgua."], "topic": "crime", "tweet_urls": ["https://t.co/IUJeF3pNwq"], "date": {"hour": 18, "month": 10, "iso": "2018-10-31T18:42:22", "year": 2018, "day": 31, "minute": 42}, "geo": null, "id": 1057704347042279425, "lang": "es", "emoticons": [], "user_id": 52570721, "coordinates": null, "source": "Twitter for iPhone", "location": "MexicoCity", "mentions": ["@Dog_Bonita"]}, {"truncated": true, "text": "Marcha en favor de un crimen ecol\u00f3gico, del tr\u00e1fico de influencia, en favor de la especulaci\u00f3n inmobiliaria\u2026", "hashtags": ["#AICM"], "topic": "crime", "tweet_urls": ["https://t.co/FXOJ6PwepF"], "date": {"hour": 18, "month": 10, "iso": "2018-10-31T18:31:16", "year": 2018, "day": 31, "minute": 31}, "geo": null, "id": 1057701553216339968, "lang": "es", "emoticons": [], "user_id": 1155214518, "coordinates": null, "source": "Twitter Web Client", "location": "MexicoCity", "mentions": []}, {"truncated": true, "text": "Campa\u00f1a contra la trata de personas. Una propuesta gr\u00e1fica y audiovisual que pretende dar a\u2026", "hashtags": ["#Importante", "#AQUIESTOY"], "topic": "crime", "tweet_urls": ["https://t.co/JZWiekEN7A"], "date": {"hour": 18, "month": 10, "iso": "2018-10-31T18:30:00", "year": 2018, "day": 31, "minute": 30}, "geo": null, "id": 1057701236936343553, "lang": "es", "emoticons": [], "user_id": 722558310428180482, "coordinates": null, "source": "TweetDeck", "location": "MexicoCity", "mentions": []}, {"truncated": false, "text": "\u00a1Crimen de lesa humanidad!", "hashtags": [], "topic": "crime", "tweet_urls": ["https://t.co/anCRk7aR25"], "date": {"hour": 18, "month": 10, "iso": "2018-10-31T18:18:45", "year": 2018, "day": 31, "minute": 18}, "geo": null, "id": 1057698403688370176, "lang": "es", "emoticons": [], "user_id": 43115590, "coordinates": null, "source": "Twitter for iPhone", "location": "MexicoCity", "mentions": []}, {"truncated": false, "text": "Repite conmigo: NO existe el \u201ccrimen pasional\u201d, es FEMINICIDIO", "hashtags": [], "topic": "crime", "tweet_urls": ["https://t.co/5i9LzsPQXw"], "date": {"hour": 17, "month": 10, "iso": "2018-10-31T17:59:54", "year": 2018, "day": 31, "minute": 59}, "geo": null, "id": 1057693662279163906, "lang": "es", "emoticons": [], "user_id": 811236959440044032, "coordinates": null, "source": "dlvr.it", "location": "MexicoCity", "mentions": []}, {"truncated": true, "text": "La calificaci\u00f3n de M\u00e9xico estaba a la\u2026", "hashtags": [], "topic": "crime", "tweet_urls": ["https://t.co/5sw7CcahGR"], "date": {"hour": 17, "month": 10, "iso": "2018-10-31T17:59:00", "year": 2018, "day": 31, "minute": 59}, "geo": null, "id": 1057693436160208898, "lang": "es", "emoticons": [], "user_id": 351965499, "coordinates": null, "source": "Twitter for Android", "location": "MexicoCity", "mentions": ["@anda_gabriel", "@mario_delgado1", "@DiputadosMorena", "@Mx_Diputados", "@PartidoMorenaMx"]}, {"truncated": false, "text": "La chica de la barber\u00eda bien aterrada cuando le ped\u00ed que me rebajara la barba, como si le estuviera pidiendo que cometiera un crimen.", "hashtags": [], "topic": "crime", "tweet_urls": [], "date": {"hour": 17, "month": 10, "iso": "2018-10-31T17:58:46", "year": 2018, "day": 31, "minute": 58}, "geo": null, "id": 1057693374231310336, "lang": "es", "emoticons": [], "user_id": 135217225, "coordinates": null, "source": "Twitter for Android", "location": "MexicoCity", "mentions": []}, {"truncated": true, "text": "Por eso es tan dif\u00edcil acabar con el crimen organizado, permite una movilidad social express\u2026", "hashtags": [], "topic": "crime", "tweet_urls": ["https://t.co/j0e6d1eFpC"], "date": {"hour": 17, "month": 10, "iso": "2018-10-31T17:43:34", "year": 2018, "day": 31, "minute": 43}, "geo": null, "id": 1057689549114105856, "lang": "es", "emoticons": [], "user_id": 2597958979, "coordinates": null, "source": "Twitter for iPhone", "location": "MexicoCity", "mentions": ["@siete_letras", "@PGR_AIC"]}, {"truncated": false, "text": "Bravo!!! Diputada chilena entreg\u00f3 a su hijo a la polic\u00eda al conocer que cometi\u00f3 un crimen", "hashtags": [], "topic": "crime", "tweet_urls": ["https://t.co/2WKsFLvVDQ"], "date": {"hour": 17, "month": 10, "iso": "2018-10-31T17:35:39", "year": 2018, "day": 31, "minute": 35}, "geo": null, "id": 1057687558447087620, "lang": "es", "emoticons": [], "user_id": 102143862, "coordinates": null, "source": "Twitter Web Client", "location": "MexicoCity", "mentions": []}, {"truncated": true, "text": "\u00a1Brutal crimen! Autoridades informaron que encontraron a la beb\u00e9 decapitada, sin uno de los brazos, con el coraz\u00f3n\u2026", "hashtags": [], "topic": "crime", "tweet_urls": ["https://t.co/FqAxPuMFIZ"], "date": {"hour": 16, "month": 10, "iso": "2018-10-31T16:09:00", "year": 2018, "day": 31, "minute": 9}, "geo": null, "id": 1057665754181632000, "lang": "es", "emoticons": [], "user_id": 25401359, "coordinates": null, "source": "Hootsuite Inc.", "location": "MexicoCity", "mentions": []}, {"truncated": true, "text": "Muchas gracias a quienes escucharon la de hoy sobre la presencia de grupos del crimen organizado al\u2026", "hashtags": ["#Naci\u00f3nCriminal"], "topic": "crime", "tweet_urls": ["https://t.co/ckzY8z1V7x"], "date": {"hour": 15, "month": 10, "iso": "2018-10-31T15:41:05", "year": 2018, "day": 31, "minute": 41}, "geo": null, "id": 1057658724813336576, "lang": "es", "emoticons": [], "user_id": 53914434, "coordinates": null, "source": "Twitter for Android", "location": "MexicoCity", "mentions": []}, {"truncated": false, "text": "Me gust\u00f3 un video de JD Pantoja \ufe0f El Crimen - Tu Novio Reclama (Video Oficial)", "hashtags": [], "topic": "crime", "tweet_urls": ["https://t.co/y0q9b3LC6x"], "date": {"hour": 15, "month": 10, "iso": "2018-10-31T15:25:55", "year": 2018, "day": 31, "minute": 25}, "geo": null, "id": 1057654908210446336, "lang": "es", "emoticons": ["\u2716"], "user_id": 3167104437, "coordinates": null, "source": "Google", "location": "MexicoCity", "mentions": ["@YouTube"]}, {"truncated": true, "text": "Mao quiso dar \"El gran salto\" y se les ocurri\u00f3 (no s\u00e9 c\u00f3mo llamarle d otra forma) q el enemigo eran los gorriones.\u2026", "hashtags": [], "topic": "crime", "tweet_urls": ["https://t.co/BHcZOVxon6"], "date": {"hour": 14, "month": 10, "iso": "2018-10-31T14:41:41", "year": 2018, "day": 31, "minute": 41}, "geo": null, "id": 1057643779287629824, "lang": "es", "emoticons": [], "user_id": 55349854, "coordinates": null, "source": "Twitter Web Client", "location": "MexicoCity", "mentions": []}, {"truncated": false, "text": "La pr\u00f3xima evaluaci\u00f3n al combate al crimen organizado | Daniel Cabeza de Vaca Hern\u00e1ndez", "hashtags": [], "topic": "crime", "tweet_urls": ["https://t.co/zwQbgW2GqI", "https://t.co/FOqPLKW5Yi"], "date": {"hour": 14, "month": 10, "iso": "2018-10-31T14:20:30", "year": 2018, "day": 31, "minute": 20}, "geo": null, "id": 1057638448197181440, "lang": "es", "emoticons": [], "user_id": 156091238, "coordinates": null, "source": "Twitter Web Client", "location": "MexicoCity", "mentions": []}, {"truncated": true, "text": "P\u00e1senle a toda la informaci\u00f3n. Lo que queda del PRI busca tener m\u00e1s recursos. Atrapan al l\u00edder de ese crimen organi\u2026", "hashtags": [], "topic": "crime", "tweet_urls": ["https://t.co/W2JF1wSbEZ"], "date": {"hour": 14, "month": 10, "iso": "2018-10-31T14:14:24", "year": 2018, "day": 31, "minute": 14}, "geo": null, "id": 1057636912205361152, "lang": "es", "emoticons": [], "user_id": 59629117, "coordinates": null, "source": "Facebook", "location": "MexicoCity", "mentions": []}, {"truncated": true, "text": "P\u00e1senle a toda la informaci\u00f3n. Lo que queda del PRI busca tener m\u00e1s recursos. Atrapan al l\u00edder de ese crimen organi\u2026", "hashtags": [], "topic": "crime", "tweet_urls": ["https://t.co/eMvsmHflzc"], "date": {"hour": 14, "month": 10, "iso": "2018-10-31T14:08:24", "year": 2018, "day": 31, "minute": 8}, "geo": null, "id": 1057635402784268289, "lang": "es", "emoticons": [], "user_id": 59629117, "coordinates": null, "source": "Facebook", "location": "MexicoCity", "mentions": []}, {"truncated": true, "text": "\u00a1Qu\u00e9 joder a todos ni qu\u00e9 la chingada! Jodidos todos por los 250mil muertos por el c\u2026", "hashtags": [], "topic": "crime", "tweet_urls": ["https://t.co/fdNT01evgU"], "date": {"hour": 13, "month": 10, "iso": "2018-10-31T13:47:58", "year": 2018, "day": 31, "minute": 47}, "geo": null, "id": 1057630259149922305, "lang": "es", "emoticons": [], "user_id": 351965499, "coordinates": null, "source": "Twitter for Android", "location": "MexicoCity", "mentions": ["@VelezSanders", "@Amadoelquelolea"]}, {"truncated": true, "text": "El crimen no se combate legalizando las drogas. Va a haber una cantidad considerable de enfermos m\u2026", "hashtags": [], "topic": "crime", "tweet_urls": ["https://t.co/0l9TST2AGt"], "date": {"hour": 13, "month": 10, "iso": "2018-10-31T13:22:53", "year": 2018, "day": 31, "minute": 22}, "geo": null, "id": 1057623946726641664, "lang": "es", "emoticons": [], "user_id": 2196134514, "coordinates": null, "source": "Twitter for Android", "location": "MexicoCity", "mentions": ["@Alejandro_Marti"]}, {"truncated": false, "text": "El Vaticano, m\u00e1s cerca de resolver el misterioso crimen de Emanuela Orlandi", "hashtags": ["#noticias"], "topic": "crime", "tweet_urls": ["https://t.co/ZhTj0V2B5X"], "date": {"hour": 8, "month": 10, "iso": "2018-10-31T08:40:53", "year": 2018, "day": 31, "minute": 40}, "geo": null, "id": 1057552978054393857, "lang": "es", "emoticons": [], "user_id": 36323374, "coordinates": null, "source": "Hootsuite Inc.", "location": "MexicoCity", "mentions": ["@eitbNoticias"]}, {"truncated": false, "text": "Ni que fuera un cr\u00edmen.", "hashtags": [], "topic": "crime", "tweet_urls": [], "date": {"hour": 6, "month": 10, "iso": "2018-10-31T06:30:25", "year": 2018, "day": 31, "minute": 30}, "geo": null, "id": 1057520147806781440, "lang": "es", "emoticons": [], "user_id": 3801558974, "coordinates": null, "source": "Twitter for Android", "location": "MexicoCity", "mentions": ["@MarNare_"]}, {"truncated": true, "text": "\u00bfLo avanzado? A ver si nos explica d\u00f3nde se dieron los avances, fuera de inseguridad, impunidad,\u2026", "hashtags": [], "topic": "crime", "tweet_urls": ["https://t.co/WE3EL27iyy"], "date": {"hour": 5, "month": 10, "iso": "2018-10-31T05:16:52", "year": 2018, "day": 31, "minute": 16}, "geo": null, "id": 1057501637588197378, "lang": "es", "emoticons": [], "user_id": 191595455, "coordinates": null, "source": "Twitter for iPhone", "location": "MexicoCity", "mentions": ["@qtf", "@CatrinaFifi"]}, {"truncated": true, "text": "\u00c9ste esperma d impoluto lagarto caifas cree q su mes\u00edas es inmaculado pobre ignorante utilizado, su\u2026", "hashtags": [], "topic": "crime", "tweet_urls": ["https://t.co/Z8i72ygDdM"], "date": {"hour": 4, "month": 10, "iso": "2018-10-31T04:40:21", "year": 2018, "day": 31, "minute": 40}, "geo": null, "id": 1057492449206198274, "lang": "es", "emoticons": [], "user_id": 701286595039612928, "coordinates": null, "source": "Twitter for iPhone", "location": "MexicoCity", "mentions": ["@lopezobrador_"]}, {"truncated": true, "text": "\n\nAQUI TIENES UNA NOTA PARA QUE TE DOCUMENTES COMPADRE\n\nY SI TIENES TIEMPO BUSCA LA DE Man\u00fa Dornbier\u2026", "hashtags": [], "topic": "crime", "tweet_urls": ["https://t.co/81LhS5PG5Y"], "date": {"hour": 2, "month": 10, "iso": "2018-10-31T02:56:53", "year": 2018, "day": 31, "minute": 56}, "geo": null, "id": 1057466407921872896, "lang": "es", "emoticons": [], "user_id": 113397416, "coordinates": null, "source": "Twitter Web Client", "location": "MexicoCity", "mentions": ["@beltrandelrio"]}, {"truncated": true, "text": "Mms\u2026", "hashtags": [], "topic": "crime", "tweet_urls": ["https://t.co/EqeHf5PRME"], "date": {"hour": 2, "month": 10, "iso": "2018-10-31T02:46:38", "year": 2018, "day": 31, "minute": 46}, "geo": null, "id": 1057463831692263425, "lang": "es", "emoticons": [], "user_id": 807024104083750912, "coordinates": null, "source": "Twitter for iPhone", "location": "MexicoCity", "mentions": ["@ManceraMiguelMX", "@PRDMexico", "@SenadoresPRD", "@senadomexicano", "@JuanZepeda_", "@AntonioGC_PRD", "@LeonorNoyolaSen", "@jmfocil"]}, {"truncated": false, "text": "No hay presencia crimen organizado en s\u00f3lo narcomenudistas: alcalde\n\nhttps://t.co/logjLNYBu1", "hashtags": ["#Texcoco,"], "topic": "crime", "tweet_urls": ["https://t.co/TlhfgE0AOM"], "date": {"hour": 2, "month": 10, "iso": "2018-10-31T02:40:00", "year": 2018, "day": 31, "minute": 40}, "geo": null, "id": 1057462160127799296, "lang": "es", "emoticons": ["\u25b6"], "user_id": 148372339, "coordinates": null, "source": "TweetDeck", "location": "MexicoCity", "mentions": []}, {"truncated": true, "text": "Haciendo la de cada mi\u00e9rcoles. Nos escuchamos ma\u00f1ana a las 8:45 en con", "hashtags": ["#Naci\u00f3nCriminal"], "topic": "crime", "tweet_urls": ["https://t.co/8X69jazdqX"], "date": {"hour": 2, "month": 10, "iso": "2018-10-31T02:37:48", "year": 2018, "day": 31, "minute": 37}, "geo": null, "id": 1057461609235406848, "lang": "es", "emoticons": [], "user_id": 53914434, "coordinates": null, "source": "Twitter for Android", "location": "MexicoCity", "mentions": ["@NoticiasMVS", "@LuisCardenasMx\u2026"]}, {"truncated": false, "text": "Que la pol\u00e9mica alrededor del aeropuerto nos acerque a la historia de nuestra cuenca-valle-ciudad, en ese orden:", "hashtags": [], "topic": "crime", "tweet_urls": ["https://t.co/WBsPFq8xyp"], "date": {"hour": 2, "month": 10, "iso": "2018-10-31T02:22:49", "year": 2018, "day": 31, "minute": 22}, "geo": null, "id": 1057457837172056067, "lang": "es", "emoticons": [], "user_id": 3281209334, "coordinates": null, "source": "Twitter Web Client", "location": "MexicoCity", "mentions": []}, {"truncated": true, "text": "As\u00ed es como Mart\u00ed Batres permite que rinda protesta alguien vinculado a un crimen en contra de las mujeres... Bravo\u2026", "hashtags": [], "topic": "crime", "tweet_urls": ["https://t.co/yBsiObWpBO"], "date": {"hour": 1, "month": 10, "iso": "2018-10-31T01:58:52", "year": 2018, "day": 31, "minute": 58}, "geo": null, "id": 1057451811110600705, "lang": "es", "emoticons": [], "user_id": 239989366, "coordinates": null, "source": "Twitter Web Client", "location": "MexicoCity", "mentions": []}, {"truncated": true, "text": "Lauren Beukes fusiona suspenso, crimen y horror en Broken Monsters (2016), una novela sobre un asesino serial y la\u2026", "hashtags": [], "topic": "crime", "tweet_urls": ["https://t.co/6OyfMAaML3"], "date": {"hour": 1, "month": 10, "iso": "2018-10-31T01:34:27", "year": 2018, "day": 31, "minute": 34}, "geo": null, "id": 1057445663489904640, "lang": "es", "emoticons": [], "user_id": 1012476283132043264, "coordinates": null, "source": "Twitter for Android", "location": "MexicoCity", "mentions": []}, {"truncated": true, "text": "Este se\u00f1or no fue capaz de darnos tranquilidad a los ciudadanos de la que se llen\u00f3 de crimen y corrupci\u00f3n en\u2026", "hashtags": ["#CDMX"], "topic": "crime", "tweet_urls": ["https://t.co/AfUeQwCow9"], "date": {"hour": 1, "month": 10, "iso": "2018-10-31T01:30:06", "year": 2018, "day": 31, "minute": 30}, "geo": null, "id": 1057444571624366083, "lang": "es", "emoticons": [], "user_id": 182090921, "coordinates": null, "source": "Twitter Web Client", "location": "MexicoCity", "mentions": []}, {"truncated": false, "text": "En unos momentos dar\u00e1 inicio la purga anual 2018, todo el crimen ser\u00e1 legal... \u00bf\u00bf\u00bfo c\u00f3mo era???", "hashtags": ["#CorteDeAguaCDMX"], "topic": "crime", "tweet_urls": ["https://t.co/LvOveoULyP"], "date": {"hour": 0, "month": 10, "iso": "2018-10-31T00:41:13", "year": 2018, "day": 31, "minute": 41}, "geo": null, "id": 1057432269592371201, "lang": "es", "emoticons": [], "user_id": 138915252, "coordinates": null, "source": "Twitter Web Client", "location": "MexicoCity", "mentions": []}, {"truncated": true, "text": "De acuerdo con el gobernador Javier Corral, el crimen contra la peque\u00f1a ni\u00f1a fue hecho por alguien que \"no tiene re\u2026", "hashtags": [], "topic": "crime", "tweet_urls": ["https://t.co/lthOOKuo6M"], "date": {"hour": 0, "month": 10, "iso": "2018-10-31T00:31:07", "year": 2018, "day": 31, "minute": 31}, "geo": null, "id": 1057429727512805376, "lang": "es", "emoticons": [], "user_id": 152358615, "coordinates": null, "source": "TweetDeck", "location": "MexicoCity", "mentions": []}, {"truncated": true, "text": "Claro esperma d impoluto lagarto caifas ahuyentando los capitales, violando la ley, gobernando con\u2026", "hashtags": [], "topic": "crime", "tweet_urls": ["https://t.co/Ht1zIrhKve"], "date": {"hour": 0, "month": 10, "iso": "2018-10-31T00:15:02", "year": 2018, "day": 31, "minute": 15}, "geo": null, "id": 1057425677861830656, "lang": "es", "emoticons": [], "user_id": 701286595039612928, "coordinates": null, "source": "Twitter for iPhone", "location": "MexicoCity", "mentions": ["@lopezobrador_,"]}, {"truncated": true, "text": "T\u00fa como lo hubieras hecho ya que te presumes experto? Cu\u00e1l desde tu perspectiva es la forma en la que se d\u2026", "hashtags": [], "topic": "crime", "tweet_urls": ["https://t.co/C7CKryChH0"], "date": {"hour": 23, "month": 10, "iso": "2018-10-30T23:59:27", "year": 2018, "day": 30, "minute": 59}, "geo": null, "id": 1057421756393172992, "lang": "es", "emoticons": [], "user_id": 244750611, "coordinates": null, "source": "Twitter for Android", "location": "MexicoCity", "mentions": ["@Fercoca"]}, {"truncated": true, "text": "As\u00ed gobiernan los narcos marranos d con c\u00f3mo l\u00edder d crimen org en alcald\u00eda d\u2026", "hashtags": [], "topic": "crime", "tweet_urls": ["https://t.co/OFJBA9jFkw"], "date": {"hour": 23, "month": 10, "iso": "2018-10-30T23:19:34", "year": 2018, "day": 30, "minute": 19}, "geo": null, "id": 1057411721634041856, "lang": "es", "emoticons": [], "user_id": 701286595039612928, "coordinates": null, "source": "Twitter for iPhone", "location": "MexicoCity", "mentions": ["@PartidoMorenaMx", "@vidallerenas"]}, {"truncated": true, "text": "No, por favor! Ser\u00eda un crimen, el peso se devaluar\u00eda aun mas y que pasar\u00eda con los mercados, las calificadoras y l\u2026", "hashtags": [], "topic": "crime", "tweet_urls": ["https://t.co/2lSjeTZF6B"], "date": {"hour": 23, "month": 10, "iso": "2018-10-30T23:16:29", "year": 2018, "day": 30, "minute": 16}, "geo": null, "id": 1057410942110072832, "lang": "es", "emoticons": [], "user_id": 287408918, "coordinates": null, "source": "Twitter for Android", "location": "MexicoCity", "mentions": []}, {"truncated": true, "text": "Actualizaci\u00f3n: fue en Lago Zurich, eran ratas coludas, una se va herida a Hospital de Polanco otra sale de circulac\u2026", "hashtags": [], "topic": "crime", "tweet_urls": ["https://t.co/YY5HXyLAEE"], "date": {"hour": 21, "month": 10, "iso": "2018-10-30T21:41:08", "year": 2018, "day": 30, "minute": 41}, "geo": null, "id": 1057386946975150080, "lang": "es", "emoticons": [], "user_id": 127592668, "coordinates": null, "source": "Twitter Web Client", "location": "MexicoCity", "mentions": []}, {"truncated": false, "text": "AMLO propone como estrategia dividir el pa\u00eds en 265 regiones para combatir el crimen", "hashtags": [], "topic": "crime", "tweet_urls": [], "date": {"hour": 21, "month": 10, "iso": "2018-10-30T21:30:28", "year": 2018, "day": 30, "minute": 30}, "geo": null, "id": 1057384263149068292, "lang": "es", "emoticons": [], "user_id": 1000117645117673472, "coordinates": null, "source": "Hootsuite Inc.", "location": "MexicoCity", "mentions": []}, {"truncated": true, "text": "Nunca entender\u00e1s que el abuso de unos cuantos , apropi\u00e1ndose de grandes terrenos y negocios , ha sido una\u2026", "hashtags": [], "topic": "crime", "tweet_urls": ["https://t.co/KGiTZmH45b"], "date": {"hour": 21, "month": 10, "iso": "2018-10-30T21:26:41", "year": 2018, "day": 30, "minute": 26}, "geo": null, "id": 1057383313487392768, "lang": "es", "emoticons": [], "user_id": 937494649924739074, "coordinates": null, "source": "Twitter for iPhone", "location": "MexicoCity", "mentions": ["@estarc62"]}, {"truncated": true, "text": "51) Ay Pablo se te olvid\u00f3 el mundo en el que te est\u00e1s metiendo el crimen no es un juego\u2026", "hashtags": [], "topic": "crime", "tweet_urls": ["https://t.co/QIbue50s0L"], "date": {"hour": 21, "month": 10, "iso": "2018-10-30T21:16:41", "year": 2018, "day": 30, "minute": 16}, "geo": null, "id": 1057380794694418433, "lang": "es", "emoticons": [], "user_id": 241280598, "coordinates": null, "source": "Twitter for Android", "location": "MexicoCity", "mentions": ["@DavidCaroLevy"]}, {"truncated": true, "text": "Es que el narco corrupto impoluto lagarto caifas sino sabe hablar espa\u00f1ol, menos franc\u00e9s y menos tra\u2026", "hashtags": [], "topic": "crime", "tweet_urls": ["https://t.co/OHc2R97KVg"], "date": {"hour": 20, "month": 10, "iso": "2018-10-30T20:39:51", "year": 2018, "day": 30, "minute": 39}, "geo": null, "id": 1057371526704574464, "lang": "es", "emoticons": [], "user_id": 701286595039612928, "coordinates": null, "source": "Twitter Web Client", "location": "MexicoCity", "mentions": ["@lopezobrador_"]}, {"truncated": true, "text": "Creo usted, no ha vivido la desgracia que muchos mexicanos, en la que desiciones absurdas del gobierno han tra\u00eddo c\u2026", "hashtags": [], "topic": "crime", "tweet_urls": ["https://t.co/u5DFDzrwmr"], "date": {"hour": 20, "month": 10, "iso": "2018-10-30T20:03:57", "year": 2018, "day": 30, "minute": 3}, "geo": null, "id": 1057362491087507468, "lang": "es", "emoticons": [], "user_id": 2363128784, "coordinates": null, "source": "Twitter for iPhone", "location": "MexicoCity", "mentions": []}, {"truncated": true, "text": "NO!! Es la defensa del pueblo de M\u00e9xico en contra de un crimen que se\u2026", "hashtags": [], "topic": "crime", "tweet_urls": ["https://t.co/zsIQNqz9zw"], "date": {"hour": 19, "month": 10, "iso": "2018-10-30T19:55:29", "year": 2018, "day": 30, "minute": 55}, "geo": null, "id": 1057360362138419200, "lang": "es", "emoticons": [], "user_id": 738111950949863424, "coordinates": null, "source": "Twitter for iPad", "location": "MexicoCity", "mentions": ["@Avengerinfinit1", "@AristeguiOnline", "@jpcastanon"]}, {"truncated": true, "text": "M\u00e9xico es el pa\u00eds miembro de la OCDE con la prevalencia de m\u00e1s alta y la falta de pol\u00edticas para prevenir\u2026", "hashtags": ["#diabetes"], "topic": "crime", "tweet_urls": ["https://t.co/MMLdG6kRvR"], "date": {"hour": 19, "month": 10, "iso": "2018-10-30T19:45:04", "year": 2018, "day": 30, "minute": 45}, "geo": null, "id": 1057357739213668353, "lang": "es", "emoticons": [], "user_id": 148944244, "coordinates": null, "source": "Buffer", "location": "MexicoCity", "mentions": []}, {"truncated": true, "text": "Lanc\u00e9 tambi\u00e9n otra pregunta: \u00bfQu\u00e9 opinan de la regulaci\u00f3n y la legalizaci\u00f3n de las drogas para combatir el crimen?\u2026", "hashtags": [], "topic": "crime", "tweet_urls": ["https://t.co/4PlH9dA0iE"], "date": {"hour": 19, "month": 10, "iso": "2018-10-30T19:21:20", "year": 2018, "day": 30, "minute": 21}, "geo": null, "id": 1057351767074238464, "lang": "es", "emoticons": [], "user_id": 722561341370839040, "coordinates": null, "source": "IFTTT", "location": "MexicoCity", "mentions": []}, {"truncated": true, "text": "M\u00e1s del enfrentamiento con un grupo del crimen organizado en Texcoco.\n30/10/2018\n En este momento se registr\u2026", "hashtags": ["#Video"], "topic": "crime", "tweet_urls": ["https://t.co/wepxNQqNjl"], "date": {"hour": 18, "month": 10, "iso": "2018-10-30T18:27:50", "year": 2018, "day": 30, "minute": 27}, "geo": null, "id": 1057338302750228480, "lang": "es", "emoticons": [], "user_id": 887504029126975488, "coordinates": null, "source": "Twitter for Android", "location": "MexicoCity", "mentions": []}, {"truncated": true, "text": "M\u00e1s del enfrentamiento con un grupo del crimen organizado en Texcoco.\n30/10/2018\n En este momento se registr\u2026", "hashtags": ["#Video"], "topic": "crime", "tweet_urls": ["https://t.co/PXcnbykzbk"], "date": {"hour": 18, "month": 10, "iso": "2018-10-30T18:22:36", "year": 2018, "day": 30, "minute": 22}, "geo": null, "id": 1057336985793245184, "lang": "es", "emoticons": [], "user_id": 887504029126975488, "coordinates": null, "source": "Facebook", "location": "MexicoCity", "mentions": []}, {"truncated": false, "text": "\u00bf Entonces si la PGR combate a la \"Uni\u00f3n Tepito\" es porque hay crimen organizado en CDMX ?. Mientras Mancera feliz en el Senado.", "hashtags": [], "topic": "crime", "tweet_urls": [], "date": {"hour": 18, "month": 10, "iso": "2018-10-30T18:06:15", "year": 2018, "day": 30, "minute": 6}, "geo": null, "id": 1057332869469822976, "lang": "es", "emoticons": [], "user_id": 39107287, "coordinates": null, "source": "Twitter for Android", "location": "MexicoCity", "mentions": []}, {"truncated": true, "text": "Rub\u00e9n Mart\u00edn \nPOR FAVOR, dense tiempo de leer este art\u00edculo de Feder\u2026", "hashtags": ["#TodosvsNAICM"], "topic": "crime", "tweet_urls": ["https://t.co/vPxp2awrKf"], "date": {"hour": 17, "month": 10, "iso": "2018-10-30T17:36:28", "year": 2018, "day": 30, "minute": 36}, "geo": null, "id": 1057325376349720576, "lang": "es", "emoticons": [], "user_id": 43556321, "coordinates": null, "source": "Facebook", "location": "MexicoCity", "mentions": ["@rmartinmar\n2d\n#YoPrefieroElLago"]}, {"truncated": true, "text": "dej\u00f3 sin terminar y a caso alguien le dice algo?; Porqu\u2026", "hashtags": ["#TrenGuadalajara,", "#TrenTolucaM\u00e9xico!,"], "topic": "crime", "tweet_urls": ["https://t.co/S882nYjKZn"], "date": {"hour": 16, "month": 10, "iso": "2018-10-30T16:24:28", "year": 2018, "day": 30, "minute": 24}, "geo": null, "id": 1057307258349121536, "lang": "es", "emoticons": [], "user_id": 470622785, "coordinates": null, "source": "Twitter Web Client", "location": "MexicoCity", "mentions": ["@revistaproceso", "@EPN,"]}, {"truncated": false, "text": "AMLO no pactar\u00e1 con el crimen organizado, se\u00f1ala Alfonso Durazo - Vanguardia MX v\u00eda", "hashtags": [], "topic": "crime", "tweet_urls": ["https://t.co/UqhaBoik0r"], "date": {"hour": 16, "month": 10, "iso": "2018-10-30T16:00:54", "year": 2018, "day": 30, "minute": 0}, "geo": null, "id": 1057301324142919680, "lang": "es", "emoticons": [], "user_id": 362107691, "coordinates": null, "source": "Twitter Web Client", "location": "MexicoCity", "mentions": ["@GoogleNews"]}, {"truncated": true, "text": "... Fueron las reformas estructurales y un gobierno servil y entregado al crimen organizado y a sus canales de tr\u00e1f\u2026", "hashtags": [], "topic": "crime", "tweet_urls": ["https://t.co/lAeEgGMjEg"], "date": {"hour": 15, "month": 10, "iso": "2018-10-30T15:34:51", "year": 2018, "day": 30, "minute": 34}, "geo": null, "id": 1057294770433798145, "lang": "es", "emoticons": [], "user_id": 192797674, "coordinates": null, "source": "Twitter for iPhone", "location": "MexicoCity", "mentions": []}, {"truncated": true, "text": "Que se desgarran las vestiduras por la imagen de M\u00e9xico por la cancelaci\u00f3n del NAIM Texcoco\u2026", "hashtags": [], "topic": "crime", "tweet_urls": ["https://t.co/kHW5FXnQDT"], "date": {"hour": 15, "month": 10, "iso": "2018-10-30T15:33:58", "year": 2018, "day": 30, "minute": 33}, "geo": null, "id": 1057294547175260162, "lang": "es", "emoticons": [], "user_id": 351965499, "coordinates": null, "source": "Twitter for Android", "location": "MexicoCity", "mentions": ["@diegobn11", "@DRicardo_98"]}, {"truncated": false, "text": "Mueren 5 veces m\u00e1s personas en M\u00e9xico por diabetes que por el crimen organizado - Aristegui Noticias", "hashtags": [], "topic": "crime", "tweet_urls": ["https://t.co/NFTVXMgUQf"], "date": {"hour": 15, "month": 10, "iso": "2018-10-30T15:31:50", "year": 2018, "day": 30, "minute": 31}, "geo": null, "id": 1057294009972985857, "lang": "es", "emoticons": [], "user_id": 211211749, "coordinates": null, "source": "Facebook", "location": "MexicoCity", "mentions": []}, {"truncated": true, "text": "El comercio informal, exceptuando el delito y el crimen organizado, nace de las pocas oportuni\u2026", "hashtags": [], "topic": "crime", "tweet_urls": ["https://t.co/fz6vxUZJmc"], "date": {"hour": 15, "month": 10, "iso": "2018-10-30T15:22:39", "year": 2018, "day": 30, "minute": 22}, "geo": null, "id": 1057291699376939010, "lang": "es", "emoticons": [], "user_id": 315565555, "coordinates": null, "source": "Twitter for iPhone", "location": "MexicoCity", "mentions": ["@mariopalg", "@fersch_4"]}, {"truncated": true, "text": "En un embarazo no deseado, dar un beb\u00e9 en adopci\u00f3n es la opci\u00f3n, nunca el crimen del aborto puede ser la alternativ\u2026", "hashtags": [], "topic": "crime", "tweet_urls": ["https://t.co/DKmRdw84Gh"], "date": {"hour": 15, "month": 10, "iso": "2018-10-30T15:17:47", "year": 2018, "day": 30, "minute": 17}, "geo": null, "id": 1057290476552945667, "lang": "es", "emoticons": [], "user_id": 323055117, "coordinates": null, "source": "Twitter Web Client", "location": "MexicoCity", "mentions": []}, {"truncated": true, "text": "Sobrevivimos a horrores y errores de gobiernos neoliberales. Ahora es necesaria la m\u2026", "hashtags": [], "topic": "crime", "tweet_urls": ["https://t.co/WUrSxgRQcf"], "date": {"hour": 14, "month": 10, "iso": "2018-10-30T14:36:11", "year": 2018, "day": 30, "minute": 36}, "geo": null, "id": 1057280007880359936, "lang": "es", "emoticons": [], "user_id": 374335947, "coordinates": null, "source": "Twitter for iPhone", "location": "MexicoCity", "mentions": ["@Pitufogrunion_", "@GustavoMadero"]}, {"truncated": true, "text": "Si, son muy nerviosos.\nEl crimen, la corrupci\u00f3n, la econom\u00eda mundial en crisis no les preocupan, s\u00f3lo una\u2026", "hashtags": [], "topic": "crime", "tweet_urls": ["https://t.co/HF6wACML91"], "date": {"hour": 14, "month": 10, "iso": "2018-10-30T14:12:42", "year": 2018, "day": 30, "minute": 12}, "geo": null, "id": 1057274097569214464, "lang": "es", "emoticons": [], "user_id": 560540500, "coordinates": null, "source": "Twitter for Android", "location": "MexicoCity", "mentions": ["@Mizuski"]}, {"truncated": true, "text": "Y lo que dejan estos trepidantes d\u00edas en los que el statu quo reclama su car\u00e1cter vitalicio. Consecuencias de una m\u2026", "hashtags": [], "topic": "crime", "tweet_urls": ["https://t.co/No9SRkb04W"], "date": {"hour": 13, "month": 10, "iso": "2018-10-30T13:50:41", "year": 2018, "day": 30, "minute": 50}, "geo": null, "id": 1057268556436590592, "lang": "es", "emoticons": [], "user_id": 1463097943, "coordinates": null, "source": "Twitter Web Client", "location": "MexicoCity", "mentions": []}, {"truncated": true, "text": "Y lo que dejan estos trepidantes d\u00edas en los que el statu quo reclama su car\u00e1cter vitalicio. Consecuencias de una m\u2026", "hashtags": [], "topic": "crime", "tweet_urls": ["https://t.co/eyDTz680Zq"], "date": {"hour": 13, "month": 10, "iso": "2018-10-30T13:49:41", "year": 2018, "day": 30, "minute": 49}, "geo": null, "id": 1057268304971292672, "lang": "es", "emoticons": [], "user_id": 1463097943, "coordinates": null, "source": "Twitter Web Client", "location": "MexicoCity", "mentions": []}, {"truncated": true, "text": "Gracias a D\u00edos y a todos los mexicanos que intervinieron en cancelar ese bodrio llamado NAICM, que no se vuelva a r\u2026", "hashtags": [], "topic": "crime", "tweet_urls": ["https://t.co/kKbzjyrlsx"], "date": {"hour": 13, "month": 10, "iso": "2018-10-30T13:11:33", "year": 2018, "day": 30, "minute": 11}, "geo": null, "id": 1057258709456433152, "lang": "es", "emoticons": [], "user_id": 114771620, "coordinates": null, "source": "Twitter for Android", "location": "MexicoCity", "mentions": []}, {"truncated": false, "text": "\u00bfQu\u00e9 crimen ha cometido esta anciana turca?", "hashtags": [], "topic": "crime", "tweet_urls": ["https://t.co/JlHdecZ7vy"], "date": {"hour": 12, "month": 10, "iso": "2018-10-30T12:49:49", "year": 2018, "day": 30, "minute": 49}, "geo": null, "id": 1057253239450726401, "lang": "es", "emoticons": [], "user_id": 545580702, "coordinates": null, "source": "Facebook", "location": "MexicoCity", "mentions": []}, {"truncated": true, "text": "Llega la apocalipsis, el dollar subir\u00e1 7 pesos m\u00e1s, el crimen organizado se dispara , sube los en\u2026", "hashtags": [], "topic": "crime", "tweet_urls": ["https://t.co/F4QeIALTtu"], "date": {"hour": 12, "month": 10, "iso": "2018-10-30T12:36:13", "year": 2018, "day": 30, "minute": 36}, "geo": null, "id": 1057249814608576514, "lang": "es", "emoticons": [], "user_id": 72397446, "coordinates": null, "source": "Twitter for Android", "location": "MexicoCity", "mentions": ["@JTrianaT", "@arnemx"]}, {"truncated": true, "text": "AMLO no pactar\u00e1 con el crimen organizado, se\u00f1ala Alfonso Durazo // Ya pacto la impunidad de y sus compinches \u00bf\u2026", "hashtags": [], "topic": "crime", "tweet_urls": ["https://t.co/IIVukZjJ7j"], "date": {"hour": 12, "month": 10, "iso": "2018-10-30T12:06:28", "year": 2018, "day": 30, "minute": 6}, "geo": null, "id": 1057242329545953281, "lang": "es", "emoticons": [], "user_id": 191173310, "coordinates": null, "source": "Twitter for Android", "location": "MexicoCity", "mentions": ["@epn"]}, {"truncated": true, "text": "Carlos Correa, jugador de 24 a\u00f1os de edad del club Sao Paulo, fue encontrado casi decapitado y sin los genitales; e\u2026", "hashtags": [], "topic": "crime", "tweet_urls": ["https://t.co/0ZsBy14b3T"], "date": {"hour": 7, "month": 10, "iso": "2018-10-30T07:34:28", "year": 2018, "day": 30, "minute": 34}, "geo": null, "id": 1057173878089416704, "lang": "es", "emoticons": [], "user_id": 2321720552, "coordinates": null, "source": "IFTTT", "location": "MexicoCity", "mentions": []}, {"truncated": true, "text": "Carlos Correa, jugador de 24 a\u00f1os de edad del club Sao Paulo, fue encontrado casi decapitado y sin los genitales; e\u2026", "hashtags": [], "topic": "crime", "tweet_urls": ["https://t.co/Fb6M9J4k02"], "date": {"hour": 7, "month": 10, "iso": "2018-10-30T07:20:05", "year": 2018, "day": 30, "minute": 20}, "geo": null, "id": 1057170257738121216, "lang": "es", "emoticons": [], "user_id": 520653311, "coordinates": null, "source": "Hootsuite Inc.", "location": "MexicoCity", "mentions": []}, {"truncated": false, "text": "Durazo: \u2018no hay posibilidad de que AMLO negocie con crimen\u2019. *** v\u00eda", "hashtags": ["#Ent\u00e9rate"], "topic": "crime", "tweet_urls": ["https://t.co/D5BDNelJIr"], "date": {"hour": 7, "month": 10, "iso": "2018-10-30T07:13:27", "year": 2018, "day": 30, "minute": 13}, "geo": null, "id": 1057168587121549312, "lang": "es", "emoticons": [], "user_id": 111512692, "coordinates": null, "source": "Twitter for Android", "location": "MexicoCity", "mentions": ["@politicomx"]}, {"truncated": true, "text": "esto es lo que tu defiendes. \u00bfDerecho humano? No! En un crimen, un homicidio contra un inocente, t\u2026", "hashtags": [], "topic": "crime", "tweet_urls": ["https://t.co/c4RQoAsphv"], "date": {"hour": 6, "month": 10, "iso": "2018-10-30T06:10:46", "year": 2018, "day": 30, "minute": 10}, "geo": null, "id": 1057152812587597824, "lang": "es", "emoticons": [], "user_id": 323055117, "coordinates": null, "source": "Twitter Web Client", "location": "MexicoCity", "mentions": ["@M_OlgaSCordero"]}, {"truncated": true, "text": "Al Crimen Organizado Hay Que Combatirlo; No Hay Posibilidades Que Nuevo Gobierno Negocie Con Delincuentes: Alfonso\u00a0\u2026", "hashtags": [], "topic": "crime", "tweet_urls": ["https://t.co/TrDnBNzOOA"], "date": {"hour": 4, "month": 10, "iso": "2018-10-30T04:41:57", "year": 2018, "day": 30, "minute": 41}, "geo": null, "id": 1057130462211198977, "lang": "es", "emoticons": [], "user_id": 30079695, "coordinates": null, "source": "WordPress.com", "location": "MexicoCity", "mentions": []}, {"truncated": false, "text": "Decir espera es un crimen,\u00a0decir ma\u00f1ana es igual que matar, ayer de nada nos sirve, las cicatrices no ayudan a andar.", "hashtags": [], "topic": "crime", "tweet_urls": [], "date": {"hour": 4, "month": 10, "iso": "2018-10-30T04:01:38", "year": 2018, "day": 30, "minute": 1}, "geo": null, "id": 1057120317137739776, "lang": "es", "emoticons": [], "user_id": 770042946540412929, "coordinates": null, "source": "Twitter for Android", "location": "MexicoCity", "mentions": []}, {"truncated": true, "text": "El Cadillac, lugar de sano esparcimiento de infierno para muchas mujeres que han sufrido lo indecib\u2026", "hashtags": [], "topic": "crime", "tweet_urls": ["https://t.co/WYWmxxva3D"], "date": {"hour": 3, "month": 10, "iso": "2018-10-30T03:53:09", "year": 2018, "day": 30, "minute": 53}, "geo": null, "id": 1057118180240433157, "lang": "es", "emoticons": [], "user_id": 257780072, "coordinates": null, "source": "Twitter Web Client", "location": "MexicoCity", "mentions": ["@jesusortegam,"]}, {"truncated": true, "text": "I El ultraderechista, Jair Bolsonaro, gana la Presidencia de Brasil, en la segunda vuelta.\n\n\u00bfQu\u00e9 des\u2026", "hashtags": ["#Internacional"], "topic": "crime", "tweet_urls": ["https://t.co/h4fi1AnWhC"], "date": {"hour": 3, "month": 10, "iso": "2018-10-30T03:15:00", "year": 2018, "day": 30, "minute": 15}, "geo": null, "id": 1057108580619505666, "lang": "es", "emoticons": [], "user_id": 62834119, "coordinates": null, "source": "TweetDeck", "location": "MexicoCity", "mentions": []}, {"truncated": true, "text": "Gobierno de AMLO no negociar\u00e1 con el crimen, sentencia que la estrategia del tabasque\u00f1o se\u2026", "hashtags": [], "topic": "crime", "tweet_urls": ["https://t.co/gKyiYvmIhg"], "date": {"hour": 2, "month": 10, "iso": "2018-10-30T02:15:04", "year": 2018, "day": 30, "minute": 15}, "geo": null, "id": 1057093499831676928, "lang": "es", "emoticons": [], "user_id": 137474821, "coordinates": null, "source": "Hootsuite Inc.", "location": "MexicoCity", "mentions": ["@AlfonsoDurazo.\nAsegur\u00f3"]}, {"truncated": true, "text": "Falso ninguna encuesta fue mas clara y evidente, continuar un proyecto plagado de corrupcion es un\u2026", "hashtags": [], "topic": "crime", "tweet_urls": ["https://t.co/7rDGBSfP94"], "date": {"hour": 1, "month": 10, "iso": "2018-10-30T01:09:54", "year": 2018, "day": 30, "minute": 9}, "geo": null, "id": 1057077099859603456, "lang": "es", "emoticons": [], "user_id": 50414038, "coordinates": null, "source": "Twitter for Android", "location": "MexicoCity", "mentions": ["@carloselizondom"]}, {"truncated": true, "text": "Los efectivos de la Secretar\u00eda de Seguridad fueron sorprendidos por un grupo del crimen organizado en la localidad\u2026", "hashtags": [], "topic": "crime", "tweet_urls": ["https://t.co/zYMcZHKbOb"], "date": {"hour": 0, "month": 10, "iso": "2018-10-30T00:41:00", "year": 2018, "day": 30, "minute": 41}, "geo": null, "id": 1057069824696737792, "lang": "es", "emoticons": [], "user_id": 38293203, "coordinates": null, "source": "TweetDeck", "location": "MexicoCity", "mentions": []}, {"truncated": false, "text": "Na mejor ofrenda del d\u00eda adi\u00f3s a el NAICM lo han matado antes de nacer, un crimen mas que quedara impune", "hashtags": [], "topic": "crime", "tweet_urls": ["https://t.co/iYFsPYS3fV"], "date": {"hour": 0, "month": 10, "iso": "2018-10-30T00:15:49", "year": 2018, "day": 30, "minute": 15}, "geo": null, "id": 1057063488923820034, "lang": "es", "emoticons": [], "user_id": 149182191, "coordinates": null, "source": "Twitter for Android", "location": "MexicoCity", "mentions": []}, {"truncated": true, "text": "Un Gran triunfo fue la participaci\u00f3n de m\u00e1s de un mill\u00f3n de mexicanos para oponerse al crimen social y ambiental de\u2026", "hashtags": [], "topic": "crime", "tweet_urls": ["https://t.co/o6XqeTo7h2"], "date": {"hour": 23, "month": 10, "iso": "2018-10-29T23:30:02", "year": 2018, "day": 29, "minute": 30}, "geo": null, "id": 1057051966629703681, "lang": "es", "emoticons": [], "user_id": 205964900, "coordinates": null, "source": "Twitter for iPhone", "location": "MexicoCity", "mentions": []}, {"truncated": false, "text": "Ser\u00eda un crimen acabar con este hermoso lago. (Hiper sarcasmo)", "hashtags": [], "topic": "crime", "tweet_urls": [], "date": {"hour": 22, "month": 10, "iso": "2018-10-29T22:56:07", "year": 2018, "day": 29, "minute": 56}, "geo": null, "id": 1057043428947697665, "lang": "es", "emoticons": [], "user_id": 1003115122334691328, "coordinates": null, "source": "Twitter for Android", "location": "MexicoCity", "mentions": ["@kraken"]}, {"truncated": true, "text": "\u25cfCarolina Sanin Feminista que dijo que la pedofilia no es un c\u2026", "hashtags": [], "topic": "crime", "tweet_urls": ["https://t.co/0SbhM6OnBB"], "date": {"hour": 22, "month": 10, "iso": "2018-10-29T22:31:52", "year": 2018, "day": 29, "minute": 31}, "geo": null, "id": 1057037328764559360, "lang": "es", "emoticons": [], "user_id": 136392809, "coordinates": null, "source": "Twitter for Android", "location": "MexicoCity", "mentions": ["@denguit0", "@sunhtpt", "@ChauLaberinto", "@jroffo", "@SaninPazC"]}, {"truncated": true, "text": "Correcci\u00f3n foca ignorante y esperan d impoluto lagarto caifas han cerrado donde gobiernan los marran\u2026", "hashtags": [], "topic": "crime", "tweet_urls": ["https://t.co/mgD44aqPqO"], "date": {"hour": 22, "month": 10, "iso": "2018-10-29T22:08:37", "year": 2018, "day": 29, "minute": 8}, "geo": null, "id": 1057031477316091905, "lang": "es", "emoticons": [], "user_id": 701286595039612928, "coordinates": null, "source": "Twitter for iPhone", "location": "MexicoCity", "mentions": ["@lopezobrador_"]}, {"truncated": false, "text": "Pues tuviste 6 a\u00f1os y le entregaste el pa\u00eds al crimen organizado\u00bfQu\u00e9 tal te sabe tu dinero sucio?", "hashtags": [], "topic": "crime", "tweet_urls": [], "date": {"hour": 21, "month": 10, "iso": "2018-10-29T21:57:28", "year": 2018, "day": 29, "minute": 57}, "geo": null, "id": 1057028669141508096, "lang": "es", "emoticons": [], "user_id": 110318712, "coordinates": null, "source": "Twitter for Android", "location": "MexicoCity", "mentions": ["@VicenteFoxQue"]}, {"truncated": true, "text": "Tambi\u00e9n con los marranos d por eso su amo el impoluto lagarto caifas defiende al c\u2026", "hashtags": [], "topic": "crime", "tweet_urls": ["https://t.co/D48pSEAZ48"], "date": {"hour": 21, "month": 10, "iso": "2018-10-29T21:54:58", "year": 2018, "day": 29, "minute": 54}, "geo": null, "id": 1057028042940268544, "lang": "es", "emoticons": [], "user_id": 701286595039612928, "coordinates": null, "source": "Twitter for iPhone", "location": "MexicoCity", "mentions": ["@PartidoMorenaMx,", "@lopezobrador_"]}, {"truncated": false, "text": "El crimen organizado cubre la desatenci\u00f3n del gobierno hacia los necesitados:\u00a0Durazo", "hashtags": [], "topic": "crime", "tweet_urls": ["https://t.co/kEuKCqSm7l"], "date": {"hour": 21, "month": 10, "iso": "2018-10-29T21:54:02", "year": 2018, "day": 29, "minute": 54}, "geo": null, "id": 1057027809133150208, "lang": "es", "emoticons": [], "user_id": 30079695, "coordinates": null, "source": "WordPress.com", "location": "MexicoCity", "mentions": []}, {"truncated": true, "text": "No te has enterado q los marranos d q gobernar en alcald\u00edas d la est\u00e1n coludidos con el crim\u2026", "hashtags": ["#CDMX"], "topic": "crime", "tweet_urls": ["https://t.co/eNNzW9esOD"], "date": {"hour": 21, "month": 10, "iso": "2018-10-29T21:51:39", "year": 2018, "day": 29, "minute": 51}, "geo": null, "id": 1057027207506227200, "lang": "es", "emoticons": [], "user_id": 701286595039612928, "coordinates": null, "source": "Twitter for iPhone", "location": "MexicoCity", "mentions": ["@PartidoMorenaMx"]}, {"truncated": false, "text": "Acabar\u00e1n con protecci\u00f3n policial y pol\u00edtica al crimen:\u00a0Durazo", "hashtags": [], "topic": "crime", "tweet_urls": ["https://t.co/CWdYm7Pn1L", "https://t.co/iNldSyUgpZ"], "date": {"hour": 21, "month": 10, "iso": "2018-10-29T21:29:06", "year": 2018, "day": 29, "minute": 29}, "geo": null, "id": 1057021531346423809, "lang": "es", "emoticons": [], "user_id": 30079695, "coordinates": null, "source": "WordPress.com", "location": "MexicoCity", "mentions": []}, {"truncated": true, "text": "Lo llaman populista, racista y mis\u00f3gino, pero los partidarios del presidente electo de Brasil se\u00f1alan que el pa\u00eds r\u2026", "hashtags": [], "topic": "crime", "tweet_urls": ["https://t.co/856UqMpEws"], "date": {"hour": 20, "month": 10, "iso": "2018-10-29T20:50:01", "year": 2018, "day": 29, "minute": 50}, "geo": null, "id": 1057011695535644672, "lang": "es", "emoticons": [], "user_id": 948683648, "coordinates": null, "source": "TweetDeck", "location": "MexicoCity", "mentions": []}, {"truncated": true, "text": "A\u00f1o de hidalgo,se lo van a robar,estos del prianprd no tienen alma,son monstruos q\u2026", "hashtags": [], "topic": "crime", "tweet_urls": ["https://t.co/IM9C1W8Vbk"], "date": {"hour": 20, "month": 10, "iso": "2018-10-29T20:31:58", "year": 2018, "day": 29, "minute": 31}, "geo": null, "id": 1057007154287255555, "lang": "es", "emoticons": [], "user_id": 114608128, "coordinates": null, "source": "Twitter for iPhone", "location": "MexicoCity", "mentions": ["@SPCCDMX", "@GobCDMX", "@amievajoserra"]}, {"truncated": false, "text": "Dar\u00e1n mil discursos y al final dir\u00e1n que fue el crimen organizado.", "hashtags": [], "topic": "crime", "tweet_urls": [], "date": {"hour": 19, "month": 10, "iso": "2018-10-29T19:45:41", "year": 2018, "day": 29, "minute": 45}, "geo": null, "id": 1056995505333518337, "lang": "es", "emoticons": [], "user_id": 761272771246600192, "coordinates": null, "source": "Twitter Lite", "location": "MexicoCity", "mentions": ["@SinEmbargoMX"]}, {"truncated": true, "text": "AQU\u00cd HAY DOS COSAS SI QUEREMOS QUE SE CASTIGUE LA CORRUPCION CON BOTE A LOS CORRUPTOS ,,,, PERO\u2026", "hashtags": [], "topic": "crime", "tweet_urls": ["https://t.co/zQbDMHM5Mo"], "date": {"hour": 19, "month": 10, "iso": "2018-10-29T19:43:59", "year": 2018, "day": 29, "minute": 43}, "geo": null, "id": 1056995079192281088, "lang": "es", "emoticons": [], "user_id": 1031584145049178112, "coordinates": null, "source": "Twitter for iPhone", "location": "MexicoCity", "mentions": ["@ElFinanciero_Mx"]}, {"truncated": false, "text": "Aeropuerto Texcoco: El \u00faltimo crimen de una larga cadena de ecocidios | Arquine", "hashtags": [], "topic": "crime", "tweet_urls": ["https://t.co/m6VkmOqzsP"], "date": {"hour": 19, "month": 10, "iso": "2018-10-29T19:42:07", "year": 2018, "day": 29, "minute": 42}, "geo": null, "id": 1056994607215591424, "lang": "es", "emoticons": [], "user_id": 90894539, "coordinates": null, "source": "Facebook", "location": "MexicoCity", "mentions": []}, {"truncated": false, "text": "Como ver\u00e1n no siempre es el crimen organizado. Es una sociedad ya enferma la nuestra.", "hashtags": [], "topic": "crime", "tweet_urls": [], "date": {"hour": 19, "month": 10, "iso": "2018-10-29T19:23:30", "year": 2018, "day": 29, "minute": 23}, "geo": null, "id": 1056989923532816384, "lang": "es", "emoticons": [], "user_id": 2597958979, "coordinates": null, "source": "Twitter for iPhone", "location": "MexicoCity", "mentions": ["@lasillarota"]}, {"truncated": true, "text": "Campa\u00f1a contra la trata de personas. Una propuesta gr\u00e1fica y audiovisual que pretende dar a\u2026", "hashtags": ["#Importante", "#AQUIESTOY"], "topic": "crime", "tweet_urls": ["https://t.co/qrC0JTsQoE"], "date": {"hour": 19, "month": 10, "iso": "2018-10-29T19:00:01", "year": 2018, "day": 29, "minute": 0}, "geo": null, "id": 1056984014022631426, "lang": "es", "emoticons": [], "user_id": 722558310428180482, "coordinates": null, "source": "TweetDeck", "location": "MexicoCity", "mentions": []}, {"truncated": true, "text": "Eso d\u00edselo tu impoluto lagarto caifas q nos tach\u00f3 a todos d corruptos y enviados d la mafia d poder\u2026", "hashtags": [], "topic": "crime", "tweet_urls": ["https://t.co/l08Y2in9A1"], "date": {"hour": 17, "month": 10, "iso": "2018-10-29T17:53:35", "year": 2018, "day": 29, "minute": 53}, "geo": null, "id": 1056967297405980673, "lang": "es", "emoticons": [], "user_id": 701286595039612928, "coordinates": null, "source": "Twitter for iPhone", "location": "MexicoCity", "mentions": ["@lopezobrador_"]}, {"truncated": true, "text": "El ultraderechista Jair Bolsonaro, un exmilitar de 63 a\u00f1os nost\u00e1lgico de la dictadura, gan\u00f3 este domingo la\u2026", "hashtags": ["#Brasil"], "topic": "crime", "tweet_urls": ["https://t.co/YI5RAJ20BH"], "date": {"hour": 17, "month": 10, "iso": "2018-10-29T17:34:51", "year": 2018, "day": 29, "minute": 34}, "geo": null, "id": 1056962580525256704, "lang": "es", "emoticons": [], "user_id": 14030332, "coordinates": null, "source": "Facebook", "location": "MexicoCity", "mentions": []}, {"truncated": true, "text": "I El ultraderechista, Jair Bolsonaro, gana la Presidencia de Brasil, en la segunda vuelta.\u2026", "hashtags": ["#Internacional"], "topic": "crime", "tweet_urls": ["https://t.co/AIdpsgBruu"], "date": {"hour": 17, "month": 10, "iso": "2018-10-29T17:25:00", "year": 2018, "day": 29, "minute": 25}, "geo": null, "id": 1056960101985075200, "lang": "es", "emoticons": [], "user_id": 62834119, "coordinates": null, "source": "TweetDeck", "location": "MexicoCity", "mentions": []}, {"truncated": false, "text": "La prueba m\u00e1s fehaciente de que estoy obsesionado con el crimen es mi historial de Netflix...", "hashtags": [], "topic": "crime", "tweet_urls": [], "date": {"hour": 16, "month": 10, "iso": "2018-10-29T16:12:07", "year": 2018, "day": 29, "minute": 12}, "geo": null, "id": 1056941762999136263, "lang": "es", "emoticons": [], "user_id": 127750775, "coordinates": null, "source": "Twitter for Android", "location": "MexicoCity", "mentions": []}, {"truncated": true, "text": "Jajajajajajaja \u00bfque reputaci\u00f3n tiene ahora con el gobierno hiper corrupto, media poblaci\u00f3n en la miseria y\u2026", "hashtags": [], "topic": "crime", "tweet_urls": ["https://t.co/EJ7IGrjgkv"], "date": {"hour": 15, "month": 10, "iso": "2018-10-29T15:57:20", "year": 2018, "day": 29, "minute": 57}, "geo": null, "id": 1056938039367344128, "lang": "es", "emoticons": [], "user_id": 259796489, "coordinates": null, "source": "Twitter for Android", "location": "MexicoCity", "mentions": ["@Milenio"]}, {"truncated": true, "text": "El nombre Completo es Rodion Romanovich Raskolnikov, es el personaje central de la novela \"Crimen y c\u2026", "hashtags": [], "topic": "crime", "tweet_urls": ["https://t.co/WwDX5BQAoS"], "date": {"hour": 15, "month": 10, "iso": "2018-10-29T15:34:25", "year": 2018, "day": 29, "minute": 34}, "geo": null, "id": 1056932273520435206, "lang": "es", "emoticons": [], "user_id": 368367769, "coordinates": null, "source": "Twitter for Android", "location": "MexicoCity", "mentions": ["@radiorlando"]}, {"truncated": true, "text": "O sea.como la autoridad no puede con el crimen.capacita a la sociedad pa que se defienda sola.que buen\u2026", "hashtags": [], "topic": "crime", "tweet_urls": ["https://t.co/iPr6TuwDiP"], "date": {"hour": 15, "month": 10, "iso": "2018-10-29T15:30:37", "year": 2018, "day": 29, "minute": 30}, "geo": null, "id": 1056931316258746369, "lang": "es", "emoticons": [], "user_id": 1048265991212298240, "coordinates": null, "source": "Twitter for Android", "location": "MexicoCity", "mentions": ["@AcapulcoGob"]}, {"truncated": false, "text": "Acapulco entre ret\u00f3rica, crimen y\u00a0pol\u00edtica", "hashtags": [], "topic": "crime", "tweet_urls": ["https://t.co/A99DlvskOm", "https://t.co/36qSIsjOdT"], "date": {"hour": 14, "month": 10, "iso": "2018-10-29T14:35:20", "year": 2018, "day": 29, "minute": 35}, "geo": null, "id": 1056917406034075648, "lang": "es", "emoticons": [], "user_id": 887706484024496128, "coordinates": null, "source": "WordPress.com", "location": "MexicoCity", "mentions": []}, {"truncated": false, "text": "ZONA S\u00cdSMICA/ Acapulco arrodillado ante el crimen", "hashtags": [], "topic": "crime", "tweet_urls": ["https://t.co/reSohajDjd", "https://t.co/AnHmkyMEDt"], "date": {"hour": 14, "month": 10, "iso": "2018-10-29T14:00:17", "year": 2018, "day": 29, "minute": 0}, "geo": null, "id": 1056908584448114689, "lang": "es", "emoticons": [], "user_id": 2396630227, "coordinates": null, "source": "IFTTT", "location": "MexicoCity", "mentions": []}, {"truncated": true, "text": "El ni\u00f1o Tadeo y su mam\u00e1 murieron en el autobus incendiado por el crimen organizado y\u2026", "hashtags": [], "topic": "crime", "tweet_urls": ["https://t.co/XsC36woDGa"], "date": {"hour": 12, "month": 10, "iso": "2018-10-29T12:41:48", "year": 2018, "day": 29, "minute": 41}, "geo": null, "id": 1056888833109745664, "lang": "es", "emoticons": [], "user_id": 444261788, "coordinates": null, "source": "Twitter for Android", "location": "MexicoCity", "mentions": ["@guruchuirer", "@AlfredoJalifeR_"]}, {"truncated": true, "text": "Brasil ya tiene nuevo presidente, se trata del exmilitar Jair Bolsonaro, quien prometi\u00f3 'mano dura' al crimen y\u2026", "hashtags": [], "topic": "crime", "tweet_urls": ["https://t.co/44nMSDrMi7"], "date": {"hour": 6, "month": 10, "iso": "2018-10-29T06:30:00", "year": 2018, "day": 29, "minute": 30}, "geo": null, "id": 1056795266349744128, "lang": "es", "emoticons": ["\ud83c\udde7\ud83c\uddf7"], "user_id": 900122660537077762, "coordinates": null, "source": "TweetDeck", "location": "MexicoCity", "mentions": []}, {"truncated": false, "text": "Mueren 5 veces m\u00e1s personas en M\u00e9xico por diabetes que por el crimen organizado", "hashtags": [], "topic": "crime", "tweet_urls": ["https://t.co/NzCRZXXIAl"], "date": {"hour": 5, "month": 10, "iso": "2018-10-29T05:34:21", "year": 2018, "day": 29, "minute": 34}, "geo": null, "id": 1056781260700430336, "lang": "es", "emoticons": [], "user_id": 2321720552, "coordinates": null, "source": "IFTTT", "location": "MexicoCity", "mentions": []}, {"truncated": false, "text": "Mueren 5 veces m\u00e1s personas en M\u00e9xico por diabetes que por el crimen organizado", "hashtags": [], "topic": "crime", "tweet_urls": ["https://t.co/EIlQSEomfp"], "date": {"hour": 5, "month": 10, "iso": "2018-10-29T05:30:13", "year": 2018, "day": 29, "minute": 30}, "geo": null, "id": 1056780221389725698, "lang": "es", "emoticons": [], "user_id": 520653311, "coordinates": null, "source": "Hootsuite Inc.", "location": "MexicoCity", "mentions": []}, {"truncated": true, "text": "AyotzinapaCrimenDeEstado\nEl ej\u00e9rcito s\u00ed sali\u00f3 esa noche del cuartel de Iguala. Militares estuvieron en escena del c\u2026", "hashtags": [], "topic": "crime", "tweet_urls": ["https://t.co/4SJWG8aUgW"], "date": {"hour": 4, "month": 10, "iso": "2018-10-29T04:24:07", "year": 2018, "day": 29, "minute": 24}, "geo": null, "id": 1056763588612808705, "lang": "es", "emoticons": [], "user_id": 63841386, "coordinates": null, "source": "Twitter Web Client", "location": "MexicoCity", "mentions": []}, {"truncated": true, "text": "Por mi que la izquierda corrupta burguesa asesina narca saqueadora simuladora protectora d crimen organizado mentir\u2026", "hashtags": [], "topic": "crime", "tweet_urls": ["https://t.co/EC7Lbgnzl8"], "date": {"hour": 3, "month": 10, "iso": "2018-10-29T03:58:53", "year": 2018, "day": 29, "minute": 58}, "geo": null, "id": 1056757235265597440, "lang": "es", "emoticons": [], "user_id": 701286595039612928, "coordinates": null, "source": "Twitter for iPhone", "location": "MexicoCity", "mentions": []}, {"truncated": true, "text": "Reportaron un ejecutado en el bar las Bandidas. La v\u00edctima mortal de aprox. 50 a\u00f1os, fue identificado como Armando\u2026", "hashtags": [], "topic": "crime", "tweet_urls": ["https://t.co/fyKrFcR68t"], "date": {"hour": 3, "month": 10, "iso": "2018-10-29T03:24:51", "year": 2018, "day": 29, "minute": 24}, "geo": null, "id": 1056748671436574721, "lang": "es", "emoticons": [], "user_id": 2279518351, "coordinates": null, "source": "Twitter for Android", "location": "MexicoCity", "mentions": []}, {"truncated": false, "text": "Tiroteo en sinagoga de Pittsburgh, crimen de odio:\u00a0Fiscal\u00eda", "hashtags": [], "topic": "crime", "tweet_urls": ["https://t.co/KQB9u6KpEX", "https://t.co/ak5hphejHj"], "date": {"hour": 2, "month": 10, "iso": "2018-10-29T02:25:29", "year": 2018, "day": 29, "minute": 25}, "geo": null, "id": 1056733730331680769, "lang": "es", "emoticons": [], "user_id": 30079695, "coordinates": null, "source": "WordPress.com", "location": "MexicoCity", "mentions": []}, {"truncated": true, "text": "Pues no se donde vivas t\u00fa. Aqu\u00ed la gente tiene miedo de ser robada, secuestrada, violad\u2026", "hashtags": [], "topic": "crime", "tweet_urls": ["https://t.co/RLIfgTtSD5"], "date": {"hour": 1, "month": 10, "iso": "2018-10-29T01:39:08", "year": 2018, "day": 29, "minute": 39}, "geo": null, "id": 1056722065640824832, "lang": "es", "emoticons": [], "user_id": 199555888, "coordinates": null, "source": "Twitter for iPhone", "location": "MexicoCity", "mentions": ["@bassmassen", "@jorgeramosnews"]}, {"truncated": false, "text": "Una opini\u00f3n que solo puede surgir del Pr\u00edncipe Payaso del Crimen.\nhttps://t.co/Lo8M3vwhA6", "hashtags": [], "topic": "crime", "tweet_urls": [], "date": {"hour": 1, "month": 10, "iso": "2018-10-29T01:35:03", "year": 2018, "day": 29, "minute": 35}, "geo": null, "id": 1056721040557174786, "lang": "es", "emoticons": [], "user_id": 824387983063339008, "coordinates": null, "source": "Hootsuite Inc.", "location": "MexicoCity", "mentions": []}, {"truncated": false, "text": "Mueren 5 veces m\u00e1s personas en M\u00e9xico por diabetes que por el crimen organizado", "hashtags": [], "topic": "crime", "tweet_urls": ["https://t.co/Eyj4myyoMr", "https://t.co/PqLN0ServT"], "date": {"hour": 0, "month": 10, "iso": "2018-10-29T00:02:03", "year": 2018, "day": 29, "minute": 2}, "geo": null, "id": 1056697636533616640, "lang": "es", "emoticons": [], "user_id": 114989899, "coordinates": null, "source": "dlvr.it", "location": "MexicoCity", "mentions": []}, {"truncated": true, "text": "Cuando busquen corrupci\u00f3n , crimen y si \u201cdelitos\u201d preg\u00fantenle a por \u201cGarcia Luna\u201d\u2026", "hashtags": [], "topic": "crime", "tweet_urls": ["https://t.co/sW89QbJJMg"], "date": {"hour": 23, "month": 10, "iso": "2018-10-28T23:43:29", "year": 2018, "day": 28, "minute": 43}, "geo": null, "id": 1056692964687253506, "lang": "es", "emoticons": [], "user_id": 67457642, "coordinates": null, "source": "Twitter for iPhone", "location": "MexicoCity", "mentions": ["@DivinoTormento9", "@FelipeCalderon"]}, {"truncated": false, "text": "Mueren 5 veces m\u00e1s personas en M\u00e9xico por diabetes que por el crimen organizado", "hashtags": [], "topic": "crime", "tweet_urls": ["https://t.co/CWlkArrdTq"], "date": {"hour": 23, "month": 10, "iso": "2018-10-28T23:36:33", "year": 2018, "day": 28, "minute": 36}, "geo": null, "id": 1056691217021440002, "lang": "es", "emoticons": [], "user_id": 409268559, "coordinates": null, "source": "IFTTT", "location": "MexicoCity", "mentions": []}, {"truncated": true, "text": "El exmilitar Jair Bolsonaro gan\u00f3 este domingo la presidencia de Brasil prometiendo mano dura a los brasile\u00f1os harto\u2026", "hashtags": [], "topic": "crime", "tweet_urls": ["https://t.co/rVhh2KkntH"], "date": {"hour": 23, "month": 10, "iso": "2018-10-28T23:21:32", "year": 2018, "day": 28, "minute": 21}, "geo": null, "id": 1056687439576752128, "lang": "es", "emoticons": [], "user_id": 900122660537077762, "coordinates": null, "source": "TweetDeck", "location": "MexicoCity", "mentions": []}, {"truncated": true, "text": "\" Lo hemos enfocado como un crimen de odio, pero seguimos investigando\u201d, declar\u00f3 hoy el fiscal federal Scott Brady\u2026", "hashtags": [], "topic": "crime", "tweet_urls": ["https://t.co/OQl5UsMK9Y"], "date": {"hour": 22, "month": 10, "iso": "2018-10-28T22:17:17", "year": 2018, "day": 28, "minute": 17}, "geo": null, "id": 1056671269708533761, "lang": "es", "emoticons": [], "user_id": 25401359, "coordinates": null, "source": "Hootsuite Inc.", "location": "MexicoCity", "mentions": []}, {"truncated": true, "text": "Est\u00e1 claro que gran parte de la culpa la tiene el crimen organizado, en lo que incluyo\u2026", "hashtags": [], "topic": "crime", "tweet_urls": ["https://t.co/lThLdiLm9Q"], "date": {"hour": 20, "month": 10, "iso": "2018-10-28T20:39:37", "year": 2018, "day": 28, "minute": 39}, "geo": null, "id": 1056646692370632704, "lang": "es", "emoticons": [], "user_id": 2205313562, "coordinates": null, "source": "Twitter Web Client", "location": "MexicoCity", "mentions": ["@JorgeLara1", "@FelipeCalderon"]}, {"truncated": true, "text": "Querido Joaqu\u00edn t\u00fa eres un jurista serio. Esas muertes y desapariciones han sido infli\u2026", "hashtags": [], "topic": "crime", "tweet_urls": ["https://t.co/9JueWYhbyR"], "date": {"hour": 20, "month": 10, "iso": "2018-10-28T20:14:39", "year": 2018, "day": 28, "minute": 14}, "geo": null, "id": 1056640409315741696, "lang": "es", "emoticons": [], "user_id": 26440316, "coordinates": null, "source": "Twitter for iPhone", "location": "MexicoCity", "mentions": ["@MerinoHerre", "@FelipeCalderon"]}, {"truncated": true, "text": "Asesinato de sigue impune, quien muri\u00f3 al estallar una bomba en su coche, cerca\u2026", "hashtags": ["#periodista", "#DaphneCaruanaGalizia"], "topic": "crime", "tweet_urls": ["https://t.co/JLzgXs1zj4"], "date": {"hour": 20, "month": 10, "iso": "2018-10-28T20:00:00", "year": 2018, "day": 28, "minute": 0}, "geo": null, "id": 1056636722547572736, "lang": "es", "emoticons": [], "user_id": 235252539, "coordinates": null, "source": "TweetDeck", "location": "MexicoCity", "mentions": []}, {"truncated": false, "text": "chofer de acepta que estuvo detr\u00e1s de este horrible crimen perpetrado contra una ni\u00f1a\n\nhttps://t.co/pO7s15ZxCL", "hashtags": ["#Lamentable", "#Uber"], "topic": "crime", "tweet_urls": [], "date": {"hour": 19, "month": 10, "iso": "2018-10-28T19:47:21", "year": 2018, "day": 28, "minute": 47}, "geo": null, "id": 1056633537682640897, "lang": "es", "emoticons": [], "user_id": 3158329988, "coordinates": null, "source": "TweetCaster for Android", "location": "MexicoCity", "mentions": []}, {"truncated": true, "text": "cuidado con el general q sali\u00f3 d oficinas vac\u00edas del 216 all\u00e1 en Chihuahua cuidado con generales nom\u2026", "hashtags": [], "topic": "crime", "tweet_urls": ["https://t.co/M7ZTIe2gxr"], "date": {"hour": 18, "month": 10, "iso": "2018-10-28T18:55:54", "year": 2018, "day": 28, "minute": 55}, "geo": null, "id": 1056620591749517312, "lang": "es", "emoticons": [], "user_id": 961293492180979713, "coordinates": null, "source": "Twitter Web Client", "location": "MexicoCity", "mentions": ["@JoseCardenas1"]}, {"truncated": true, "text": "El silencio legal no se traducir\u00eda en una facultad discrecional si no es anticonstitucional ampliar derechos que la\u2026", "hashtags": [], "topic": "crime", "tweet_urls": ["https://t.co/v2tK64iS0I"], "date": {"hour": 17, "month": 10, "iso": "2018-10-28T17:55:50", "year": 2018, "day": 28, "minute": 55}, "geo": null, "id": 1056605473443467264, "lang": "es", "emoticons": [], "user_id": 373730046, "coordinates": null, "source": "Twitter for iPhone", "location": "MexicoCity", "mentions": []}, {"truncated": true, "text": "El Gobierno mexicano sabe identificar a los grupos de crimen organizado: Alethia Fern\u00e1ndez", "hashtags": ["#AgendaP\u00fablica\u2026"], "topic": "crime", "tweet_urls": ["https://t.co/Iogcd6ENIV"], "date": {"hour": 17, "month": 10, "iso": "2018-10-28T17:29:58", "year": 2018, "day": 28, "minute": 29}, "geo": null, "id": 1056598964949127170, "lang": "es", "emoticons": [], "user_id": 109651819, "coordinates": null, "source": "Twitter Web Client", "location": "MexicoCity", "mentions": []}, {"truncated": true, "text": "Como no haces p2 cuando vienes la monarquia Espanola que ellos tambuen son dictadura?? El gob. Amer\u2026", "hashtags": [], "topic": "crime", "tweet_urls": ["https://t.co/lta5GA3KPh"], "date": {"hour": 15, "month": 10, "iso": "2018-10-28T15:21:01", "year": 2018, "day": 28, "minute": 21}, "geo": null, "id": 1056566514151813125, "lang": "es", "emoticons": [], "user_id": 92625130, "coordinates": null, "source": "Twitter Lite", "location": "MexicoCity", "mentions": ["@jorgeramosnews"]}, {"truncated": true, "text": "No pueden y no quieren. Si quisieran ya hubi\u2026", "hashtags": [], "topic": "crime", "tweet_urls": ["https://t.co/7Kx2aYKDig"], "date": {"hour": 15, "month": 10, "iso": "2018-10-28T15:12:42", "year": 2018, "day": 28, "minute": 12}, "geo": null, "id": 1056564421961515008, "lang": "es", "emoticons": [], "user_id": 1048265991212298240, "coordinates": null, "source": "Twitter for Android", "location": "MexicoCity", "mentions": ["@acapulco1968", "@MAQUIAVELOCOSTE", "@Gob_Guerrero", "@Adela_Roman", "@AcapulcoGob"]}, {"truncated": false, "text": "Si tienes evidencia de un cr\u00edmen cometido por el se\u00f1or, lo consecuente es ir y levantar una denuncia.", "hashtags": [], "topic": "crime", "tweet_urls": [], "date": {"hour": 15, "month": 10, "iso": "2018-10-28T15:06:48", "year": 2018, "day": 28, "minute": 6}, "geo": null, "id": 1056562937211445250, "lang": "es", "emoticons": [], "user_id": 389723579, "coordinates": null, "source": "Twitter for Android", "location": "MexicoCity", "mentions": ["@ManzanoDante", "@FelipeCalderon"]}, {"truncated": false, "text": "Y el rey de Espa\u00f1a, qu\u00e9 cr\u00edmen arrastra?", "hashtags": [], "topic": "crime", "tweet_urls": [], "date": {"hour": 14, "month": 10, "iso": "2018-10-28T14:25:25", "year": 2018, "day": 28, "minute": 25}, "geo": null, "id": 1056552521592782849, "lang": "es", "emoticons": [], "user_id": 389723579, "coordinates": null, "source": "Twitter for Android", "location": "MexicoCity", "mentions": ["@salvadorcisner", "@fcdominguez71", "@jorgeramosnews", "@lopezobrador_", "@NicolasMaduro"]}, {"truncated": true, "text": "Ojala retiren personajes como Ironman y Batman porque s\u00f3lo reproducen el estereotipo de multimillonario buena ondit\u2026", "hashtags": [], "topic": "crime", "tweet_urls": ["https://t.co/loaHpgd4ot"], "date": {"hour": 14, "month": 10, "iso": "2018-10-28T14:12:42", "year": 2018, "day": 28, "minute": 12}, "geo": null, "id": 1056549319623491584, "lang": "es", "emoticons": [], "user_id": 109586971, "coordinates": null, "source": "Twitter for Android", "location": "MexicoCity", "mentions": []}, {"truncated": true, "text": "\u00bfDesaparici\u00f3n forzada? Lean el significado, por favor, en la Convenci\u00f3n Internacional para la Prot\u2026", "hashtags": [], "topic": "crime", "tweet_urls": ["https://t.co/XceSIG2zDi"], "date": {"hour": 14, "month": 10, "iso": "2018-10-28T14:08:36", "year": 2018, "day": 28, "minute": 8}, "geo": null, "id": 1056548287803768832, "lang": "es", "emoticons": [], "user_id": 148192569, "coordinates": null, "source": "Twitter for iPad", "location": "MexicoCity", "mentions": ["@El_Universal_Mx"]}, {"truncated": false, "text": "Gael Garc\u00eda Bernal regresa a la escena del crimen", "hashtags": ["#Museo"], "topic": "crime", "tweet_urls": ["https://t.co/YvqxIKVyS8", "https://t.co/YvqxIKVyS8"], "date": {"hour": 13, "month": 10, "iso": "2018-10-28T13:54:08", "year": 2018, "day": 28, "minute": 54}, "geo": null, "id": 1056544648062214144, "lang": "es", "emoticons": [], "user_id": 29749190, "coordinates": null, "source": "Facebook", "location": "MexicoCity", "mentions": []}, {"truncated": true, "text": "Hasta para maquilar un cr\u00edmen tenemos ingenio. Qu\u00e9 maravilla de Pa\u00eds. Me sigo cagando en los \"valores\" que nos leg\u00f3\u2026", "hashtags": [], "topic": "crime", "tweet_urls": ["https://t.co/AIacc0ESnl"], "date": {"hour": 13, "month": 10, "iso": "2018-10-28T13:35:10", "year": 2018, "day": 28, "minute": 35}, "geo": null, "id": 1056539873614671873, "lang": "es", "emoticons": [], "user_id": 287445615, "coordinates": null, "source": "Twitter for Android", "location": "MexicoCity", "mentions": []}, {"truncated": false, "text": "Gael Garc\u00eda Bernal regresa a la escena del crimen | Cultura | EL PA\u00cdS", "hashtags": [], "topic": "crime", "tweet_urls": ["https://t.co/1UZBsCc0Ga"], "date": {"hour": 13, "month": 10, "iso": "2018-10-28T13:03:07", "year": 2018, "day": 28, "minute": 3}, "geo": null, "id": 1056531808697880577, "lang": "es", "emoticons": [], "user_id": 149348894, "coordinates": null, "source": "Twitter Web Client", "location": "MexicoCity", "mentions": []}, {"truncated": true, "text": "Terrible y desgarrador el crimen en una sinagoga en Pittsburgh. El odio tiene que parar. Los discursos de odio ya n\u2026", "hashtags": [], "topic": "crime", "tweet_urls": ["https://t.co/lslLRz8A5Q"], "date": {"hour": 7, "month": 10, "iso": "2018-10-28T07:56:18", "year": 2018, "day": 28, "minute": 56}, "geo": null, "id": 1056454598523670528, "lang": "es", "emoticons": [], "user_id": 137048858, "coordinates": null, "source": "Twitter for iPhone", "location": "MexicoCity", "mentions": []}, {"truncated": true, "text": "En M\u00e9xico, las mayores agresiones contra periodistas no vienen del crimen organizado, sino de los partidos pol\u00edtico\u2026", "hashtags": [], "topic": "crime", "tweet_urls": ["https://t.co/XF2867KpD7"], "date": {"hour": 7, "month": 10, "iso": "2018-10-28T07:36:19", "year": 2018, "day": 28, "minute": 36}, "geo": null, "id": 1056449568068591616, "lang": "es", "emoticons": [], "user_id": 738526948641542146, "coordinates": null, "source": "IFTTT", "location": "MexicoCity", "mentions": []}, {"truncated": true, "text": "Para temas Tan complejos un presidente no debe de someter a consulta, la decisi\u00f3n es de una vez asum\u2026", "hashtags": [], "topic": "crime", "tweet_urls": ["https://t.co/HbqTKXNG9S"], "date": {"hour": 7, "month": 10, "iso": "2018-10-28T07:01:53", "year": 2018, "day": 28, "minute": 1}, "geo": null, "id": 1056440903982870529, "lang": "es", "emoticons": [], "user_id": 144357681, "coordinates": null, "source": "Twitter for iPhone", "location": "MexicoCity", "mentions": ["@lopezobrador_"]}, {"truncated": true, "text": "Te equivocas siempre estuvo al pendiente, en mi caso siempre me atendi\u00f3 tanto como en un\u2026", "hashtags": [], "topic": "crime", "tweet_urls": ["https://t.co/zMWEnmH7QJ"], "date": {"hour": 6, "month": 10, "iso": "2018-10-28T06:58:54", "year": 2018, "day": 28, "minute": 58}, "geo": null, "id": 1056440150165721088, "lang": "es", "emoticons": [], "user_id": 144357681, "coordinates": null, "source": "Twitter for iPhone", "location": "MexicoCity", "mentions": ["@FelipeCalderon", "@Mzavalagc"]}, {"truncated": true, "text": "No tiene calidad moral mientras no pida castigo para su mentor Luis Echeverr\u00eda y se pronuncie sobre e\u2026", "hashtags": [], "topic": "crime", "tweet_urls": ["https://t.co/AMnRZFkq2R"], "date": {"hour": 6, "month": 10, "iso": "2018-10-28T06:21:44", "year": 2018, "day": 28, "minute": 21}, "geo": null, "id": 1056430798901927936, "lang": "es", "emoticons": [], "user_id": 249985083, "coordinates": null, "source": "Twitter for Android", "location": "MexicoCity", "mentions": ["@Mauricio_35m"]}, {"truncated": true, "text": "\u00c9ste esperma d impoluto lagarto caifas defendiendo a un criminal, cu\u00e1nto le habr\u00e1n dado para hacerlo\u2026", "hashtags": [], "topic": "crime", "tweet_urls": ["https://t.co/IVZh2vNb7O"], "date": {"hour": 5, "month": 10, "iso": "2018-10-28T05:52:56", "year": 2018, "day": 28, "minute": 52}, "geo": null, "id": 1056423551119450112, "lang": "es", "emoticons": [], "user_id": 701286595039612928, "coordinates": null, "source": "Twitter for iPhone", "location": "MexicoCity", "mentions": ["@lopezobrador_"]}, {"truncated": true, "text": "As\u00ed como un crimen en m\u00e1s deleznable cuando se comete por quien est\u00e1 a cargo de combatirlo, los peores ataques a la\u2026", "hashtags": [], "topic": "crime", "tweet_urls": ["https://t.co/Dq9CWDujiW"], "date": {"hour": 5, "month": 10, "iso": "2018-10-28T05:18:58", "year": 2018, "day": 28, "minute": 18}, "geo": null, "id": 1056415002335330304, "lang": "es", "emoticons": [], "user_id": 963605831966183425, "coordinates": null, "source": "Twitter Web Client", "location": "MexicoCity", "mentions": []}, {"truncated": true, "text": "Leyendo Exc\u00e9lsior en la Historia: Eugenio Garza Sada, el crimen que cimbr\u00f3 al pa\u00eds en v\u00eda\u2026", "hashtags": [], "topic": "crime", "tweet_urls": ["https://t.co/pJG26h4SqF", "https://t.co/XdqmhZ1Ewn"], "date": {"hour": 4, "month": 10, "iso": "2018-10-28T04:48:11", "year": 2018, "day": 28, "minute": 48}, "geo": null, "id": 1056407254612594689, "lang": "es", "emoticons": [], "user_id": 183464929, "coordinates": null, "source": "Twitter for Android", "location": "MexicoCity", "mentions": []}, {"truncated": true, "text": "Esperma d impoluto lagarto caifas entonces porque no hiciste nada x ellos, claro como sinaloense fui\u2026", "hashtags": [], "topic": "crime", "tweet_urls": ["https://t.co/R9SlmdpIWj"], "date": {"hour": 3, "month": 10, "iso": "2018-10-28T03:48:27", "year": 2018, "day": 28, "minute": 48}, "geo": null, "id": 1056392221610647553, "lang": "es", "emoticons": [], "user_id": 701286595039612928, "coordinates": null, "source": "Twitter for iPhone", "location": "MexicoCity", "mentions": ["@lopezobrador_"]}, {"truncated": true, "text": "Alejandro Encinas, pr\u00f3ximo subsecretario de Derechos Humanos de la Segob, dijo que la relaci\u00f3n entre Fuerzas Armada\u2026", "hashtags": [], "topic": "crime", "tweet_urls": ["https://t.co/sWh32sFnre"], "date": {"hour": 2, "month": 10, "iso": "2018-10-28T02:14:39", "year": 2018, "day": 28, "minute": 14}, "geo": null, "id": 1056368617992925184, "lang": "es", "emoticons": [], "user_id": 33543881, "coordinates": null, "source": "GR_Feed", "location": "MexicoCity", "mentions": []}, {"truncated": false, "text": "Aeropuerto Texcoco: El \u00faltimo crimen de una larga cadena de ecocidios | Arquine", "hashtags": [], "topic": "crime", "tweet_urls": ["https://t.co/BFrT1LoCTC"], "date": {"hour": 2, "month": 10, "iso": "2018-10-28T02:08:07", "year": 2018, "day": 28, "minute": 8}, "geo": null, "id": 1056366971632140288, "lang": "es", "emoticons": [], "user_id": 983284452, "coordinates": null, "source": "Facebook", "location": "MexicoCity", "mentions": []}, {"truncated": true, "text": "Lo tuyo lo tuyo son los MUERTITOS, durante tu gesti\u00f3n como jefe d gobierno (seg\u00fan) anduviste de\u2026", "hashtags": [], "topic": "crime", "tweet_urls": ["https://t.co/aLhjF9zR0e"], "date": {"hour": 2, "month": 10, "iso": "2018-10-28T02:07:41", "year": 2018, "day": 28, "minute": 7}, "geo": null, "id": 1056366866132692992, "lang": "es", "emoticons": ["\ud83d\ude44"], "user_id": 268102980, "coordinates": null, "source": "Twitter for Android", "location": "MexicoCity", "mentions": ["@ManceraMiguelMX"]}]