[{"truncated": false, "text": "Y en 'infrastructure', \u00bfqu\u00e9 cuentas entrega EPN? Tambi\u00e9n tiene obras canceladas", "hashtags": [], "topic": "infrastructure", "tweet_urls": ["https://t.co/DojP9KYtWl"], "date": {"hour": 19, "month": 11, "iso": "2018-11-15T19:09:34", "year": 2018, "day": 15, "minute": 9}, "geo": null, "id": 1063147010168180737, "lang": "es", "emoticons": [], "user_id": 14030332, "coordinates": null, "source": "Facebook", "location": "MexicoCity", "mentions": []}, {"truncated": false, "text": "Gracias a Mexico Bussines events, por la espectacular publicaci\u00f3n!!", "hashtags": [], "topic": "infrastructure", "tweet_urls": ["https://t.co/ODmw7BkNnU"], "date": {"hour": 3, "month": 11, "iso": "2018-11-15T03:23:52", "year": 2018, "day": 15, "minute": 23}, "geo": null, "id": 1062909017012486144, "lang": "es", "emoticons": [], "user_id": 105222326, "coordinates": null, "source": "LinkedIn", "location": "MexicoCity", "mentions": ["@Infrastructure", "@mexico"]}, {"truncated": true, "text": "A trav\u00e9s de nuestro vicepresidente nacional Marcos Ordu\u00f1a Alcocer, expusimos la situaci\u00f3n actual de la infraestruct\u2026", "hashtags": [], "topic": "infrastructure", "tweet_urls": ["https://t.co/jCcUUY062C"], "date": {"hour": 0, "month": 11, "iso": "2018-11-15T00:40:20", "year": 2018, "day": 15, "minute": 40}, "geo": null, "id": 1062867864301068288, "lang": "es", "emoticons": [], "user_id": 150445772, "coordinates": null, "source": "Twitter Web Client", "location": "MexicoCity", "mentions": []}, {"truncated": true, "text": "\u201cThe New Preserving and Continuing Keith Poole\u2019s Infrastructure for Scholars, Students and\u2026", "hashtags": [], "topic": "infrastructure", "tweet_urls": ["https://t.co/TuKmC4P7h1:", "https://t.co/GHCFBuJ15K"], "date": {"hour": 22, "month": 11, "iso": "2018-11-13T22:16:28", "year": 2018, "day": 13, "minute": 16}, "geo": null, "id": 1062469270502809601, "lang": "en", "emoticons": [], "user_id": 75118960, "coordinates": null, "source": "Twitter Web Client", "location": "MexicoCity", "mentions": []}, {"truncated": true, "text": "4th Mexico Infrastructure Projects Forum Monterrey \nJanuary 16-17, 2019\nRegister with \"PETROLEO&amp;ENERGIA\" discount c\u2026", "hashtags": [], "topic": "infrastructure", "tweet_urls": ["https://t.co/WZO6x0NbSh"], "date": {"hour": 18, "month": 11, "iso": "2018-11-13T18:36:31", "year": 2018, "day": 13, "minute": 36}, "geo": null, "id": 1062413917111181320, "lang": "en", "emoticons": [], "user_id": 113220321, "coordinates": null, "source": "Twitter Web Client", "location": "MexicoCity", "mentions": []}, {"truncated": true, "text": "Atiendo. Yo no estoy en contra al tren en la Ruta Maya, de hecho ya existe (una ruta de primera), tampoco estuve en\u2026", "hashtags": [], "topic": "infrastructure", "tweet_urls": ["https://t.co/rPWdbAzUwv"], "date": {"hour": 6, "month": 11, "iso": "2018-11-16T06:58:12", "year": 2018, "day": 16, "minute": 58}, "geo": null, "id": 1063325343862317058, "lang": "es", "emoticons": [], "user_id": 269697570, "coordinates": null, "source": "Twitter Lite", "location": "MexicoCity", "mentions": []}, {"truncated": true, "text": "Es un buen intento por parte de la comunidad geogr\u00e1fica. Sin embargo, la movilidad de la Ciudad de\u2026", "hashtags": [], "topic": "infrastructure", "tweet_urls": ["https://t.co/GUomamTCBB"], "date": {"hour": 3, "month": 11, "iso": "2018-11-16T03:43:17", "year": 2018, "day": 16, "minute": 43}, "geo": null, "id": 1063276292886405120, "lang": "es", "emoticons": [], "user_id": 2262221150, "coordinates": null, "source": "Twitter for Android", "location": "MexicoCity", "mentions": ["@IGeografiaUNAM"]}, {"truncated": true, "text": "La incongruencia, la confrontaci\u00f3n (real o simulada) entre el legislativo y el ejecutivo, la manipulaci\u00f3n de la bas\u2026", "hashtags": [], "topic": "infrastructure", "tweet_urls": ["https://t.co/WZQZyGyKnG"], "date": {"hour": 3, "month": 11, "iso": "2018-11-16T03:39:44", "year": 2018, "day": 16, "minute": 39}, "geo": null, "id": 1063275398107095040, "lang": "es", "emoticons": [], "user_id": 32698814, "coordinates": null, "source": "Twitter for iPhone", "location": "MexicoCity", "mentions": []}, {"truncated": false, "text": "Mejor un carril de rebase y lo que reste de infraestructura ciclista, ALV (a las dem\u00e1s vias) los autos.", "hashtags": [], "topic": "infrastructure", "tweet_urls": [], "date": {"hour": 3, "month": 11, "iso": "2018-11-16T03:16:39", "year": 2018, "day": 16, "minute": 16}, "geo": null, "id": 1063269590044733440, "lang": "es", "emoticons": [], "user_id": 54667545, "coordinates": null, "source": "Twitter for Android", "location": "MexicoCity", "mentions": ["@manuu_tr"]}, {"truncated": true, "text": "en El lament\u00f3 la falta de recursos federales para mejorar la infraestr\u2026", "hashtags": ["#Ahora", "#21Noticias", "#JefeDeGob"], "topic": "infrastructure", "tweet_urls": ["https://t.co/SvT6spw49n"], "date": {"hour": 3, "month": 11, "iso": "2018-11-16T03:07:45", "year": 2018, "day": 16, "minute": 7}, "geo": null, "id": 1063267351578247168, "lang": "es", "emoticons": [], "user_id": 1127146646, "coordinates": null, "source": "Twitter for iPhone", "location": "MexicoCity", "mentions": ["@amievajoserra"]}, {"truncated": true, "text": "Retrocedieron los componentes de: desempe\u00f1o macroecon\u00f3mico instituciones capacidades infraestructura eficiencia\u2026", "hashtags": [], "topic": "infrastructure", "tweet_urls": ["https://t.co/0AgIu8KBrA"], "date": {"hour": 3, "month": 11, "iso": "2018-11-16T03:05:06", "year": 2018, "day": 16, "minute": 5}, "geo": null, "id": 1063266682544799744, "lang": "es", "emoticons": ["\ud83d\udd34"], "user_id": 1663541358, "coordinates": null, "source": "Hootsuite Inc.", "location": "MexicoCity", "mentions": []}, {"truncated": true, "text": "La falta de revisi\u00f3n y supervisi\u00f3n de la est\u00e1 pegando en el estado de la infraestructura del pa\u00eds\u2026", "hashtags": ["#Ojo", "#NOM012"], "topic": "infrastructure", "tweet_urls": ["https://t.co/WWB6tV0bex"], "date": {"hour": 3, "month": 11, "iso": "2018-11-16T03:00:00", "year": 2018, "day": 16, "minute": 0}, "geo": null, "id": 1063265399645495296, "lang": "es", "emoticons": [], "user_id": 904421466, "coordinates": null, "source": "TweetDeck", "location": "MexicoCity", "mentions": []}, {"truncated": true, "text": "Voten, voten, por el tren maya c\u00f3mo infraestructura de la autopista que correr\u00e1 paralela a la v\u00eda\u2026", "hashtags": [], "topic": "infrastructure", "tweet_urls": ["https://t.co/T4tMzTEuo0"], "date": {"hour": 2, "month": 11, "iso": "2018-11-16T02:31:49", "year": 2018, "day": 16, "minute": 31}, "geo": null, "id": 1063258305282408449, "lang": "es", "emoticons": [], "user_id": 4608786254, "coordinates": null, "source": "Twitter for iPhone", "location": "MexicoCity", "mentions": ["@AristeguiOnline"]}, {"truncated": false, "text": "El gobernador Cuauht\u00e9moc Blanco expone proyectos de infraestructura v\u00eda", "hashtags": [], "topic": "infrastructure", "tweet_urls": ["https://t.co/f32DNSk4bR"], "date": {"hour": 1, "month": 11, "iso": "2018-11-16T01:24:26", "year": 2018, "day": 16, "minute": 24}, "geo": null, "id": 1063241350773071872, "lang": "es", "emoticons": [], "user_id": 752715309761507329, "coordinates": null, "source": "Twitter Web Client", "location": "MexicoCity", "mentions": ["@eldiaoficialmx"]}, {"truncated": true, "text": "Velasco Coello es para L\u00f3pez Obrador el interlocutor con los gobernadores del sureste en el proyecto de infraestruc\u2026", "hashtags": [], "topic": "infrastructure", "tweet_urls": ["https://t.co/v7KjVrMLjL"], "date": {"hour": 0, "month": 11, "iso": "2018-11-16T00:30:00", "year": 2018, "day": 16, "minute": 30}, "geo": null, "id": 1063227650322268160, "lang": "es", "emoticons": [], "user_id": 4916960534, "coordinates": null, "source": "TweetDeck", "location": "MexicoCity", "mentions": []}, {"truncated": true, "text": "La mejor forma de combatir la inseguridad es creando un verdadero Sistema de Justicia. La delincue\u2026", "hashtags": [], "topic": "infrastructure", "tweet_urls": ["https://t.co/tRttsqlXXE"], "date": {"hour": 0, "month": 11, "iso": "2018-11-16T00:07:46", "year": 2018, "day": 16, "minute": 7}, "geo": null, "id": 1063222054235922435, "lang": "es", "emoticons": [], "user_id": 118868435, "coordinates": null, "source": "Twitter for iPhone", "location": "MexicoCity", "mentions": ["@esquivelgerardo"]}, {"truncated": true, "text": "REPORTA AEROPUERTO INTERNACIONAL DE TOLUCA ATERRIZAJE CON PONCHADURA DE LLANTAS DE AERONAVE PRIVADA\n\n\u2022 Informa term\u2026", "hashtags": [], "topic": "infrastructure", "tweet_urls": ["https://t.co/oadHLnoIf4"], "date": {"hour": 0, "month": 11, "iso": "2018-11-16T00:02:25", "year": 2018, "day": 16, "minute": 2}, "geo": null, "id": 1063220710779301888, "lang": "es", "emoticons": [], "user_id": 3257982780, "coordinates": null, "source": "Facebook", "location": "MexicoCity", "mentions": []}, {"truncated": false, "text": "FABRICANTES: Infraestructura de cableado de soporta ambientes lum\u00ednicos inteligentes", "hashtags": ["#Panduit"], "topic": "infrastructure", "tweet_urls": ["https://t.co/ra6qD3zG90"], "date": {"hour": 23, "month": 11, "iso": "2018-11-15T23:39:45", "year": 2018, "day": 15, "minute": 39}, "geo": null, "id": 1063215007293480962, "lang": "es", "emoticons": [], "user_id": 38291993, "coordinates": null, "source": "Twitter Web Client", "location": "MexicoCity", "mentions": ["@Panduit"]}, {"truncated": true, "text": "Bravo por y su respuesta a las cr\u00edticas hacia lo que paso en el estadio Azteca. No olvidar los osos de\u2026", "hashtags": [], "topic": "infrastructure", "tweet_urls": ["https://t.co/5xr4IStdcN"], "date": {"hour": 23, "month": 11, "iso": "2018-11-15T23:04:49", "year": 2018, "day": 15, "minute": 4}, "geo": null, "id": 1063206213062672386, "lang": "es", "emoticons": [], "user_id": 49899429, "coordinates": null, "source": "Twitter for Android", "location": "MexicoCity", "mentions": ["@borgetti58"]}, {"truncated": true, "text": "Amigos de RH, tengo el CV de un excelente Reclutador Senior Bilingue con amplia experiencia en IT (seguridad, desar\u2026", "hashtags": [], "topic": "infrastructure", "tweet_urls": ["https://t.co/93qEfixJmM"], "date": {"hour": 22, "month": 11, "iso": "2018-11-15T22:04:59", "year": 2018, "day": 15, "minute": 4}, "geo": null, "id": 1063191156174086144, "lang": "es", "emoticons": [], "user_id": 2445610722, "coordinates": null, "source": "LinkedIn", "location": "MexicoCity", "mentions": []}, {"truncated": true, "text": "| \"El Consejo Fiscal ser\u00e1 apartidista, aut\u00f3nomo y evaluar\u00e1 los proyectos sociales y de infr\u2026", "hashtags": ["#EnLosTiemposDeLaRadio"], "topic": "infrastructure", "tweet_urls": ["https://t.co/XCaTUCEi1n"], "date": {"hour": 21, "month": 11, "iso": "2018-11-15T21:36:19", "year": 2018, "day": 15, "minute": 36}, "geo": null, "id": 1063183940570112000, "lang": "es", "emoticons": [], "user_id": 62834119, "coordinates": null, "source": "TweetDeck", "location": "MexicoCity", "mentions": []}, {"truncated": true, "text": "En el municipio de se reequiparon 10 plantas de bombeo con el prop\u00f3sito de mejorar la eficiencia d\u2026", "hashtags": [], "topic": "infrastructure", "tweet_urls": ["https://t.co/GTwujizHGH"], "date": {"hour": 21, "month": 11, "iso": "2018-11-15T21:25:10", "year": 2018, "day": 15, "minute": 25}, "geo": null, "id": 1063181134807420930, "lang": "es", "emoticons": [], "user_id": 1004078654689894405, "coordinates": null, "source": "Twitter for Android", "location": "MexicoCity", "mentions": ["@GobChimalhuacan"]}, {"truncated": true, "text": "Enhorabuena al Alejandro Manzano Ram\u00edrez, ganador del galard\u00f3n en la categor\u00eda de Ciencia y Tecnolog\u00ed\u2026", "hashtags": ["#investigador"], "topic": "infrastructure", "tweet_urls": ["https://t.co/8BXQlLfqOz"], "date": {"hour": 21, "month": 11, "iso": "2018-11-15T21:10:09", "year": 2018, "day": 15, "minute": 10}, "geo": null, "id": 1063177355924070402, "lang": "es", "emoticons": [], "user_id": 202278224, "coordinates": null, "source": "Hootsuite", "location": "MexicoCity", "mentions": []}, {"truncated": true, "text": "Cabe destacar que el es el v\u00ednculo entre estas instituciones y los Ayuntamientos, a trav\u00e9s de los \u00d3rganos d\u2026", "hashtags": ["#INAFED"], "topic": "infrastructure", "tweet_urls": ["https://t.co/yUgbL085pJ"], "date": {"hour": 20, "month": 11, "iso": "2018-11-15T20:48:41", "year": 2018, "day": 15, "minute": 48}, "geo": null, "id": 1063171955996667911, "lang": "es", "emoticons": [], "user_id": 755207333240647680, "coordinates": null, "source": "Twitter Web Client", "location": "MexicoCity", "mentions": []}, {"truncated": true, "text": "Participa el en la Cuarta Sesi\u00f3n Ordinaria del \u201cGrupo de Coordinaci\u00f3n para Promover el Despliegue de Infrae\u2026", "hashtags": ["#INAFED"], "topic": "infrastructure", "tweet_urls": ["https://t.co/b47iedTwVc"], "date": {"hour": 20, "month": 11, "iso": "2018-11-15T20:42:37", "year": 2018, "day": 15, "minute": 42}, "geo": null, "id": 1063170426526973953, "lang": "es", "emoticons": [], "user_id": 755207333240647680, "coordinates": null, "source": "Twitter Web Client", "location": "MexicoCity", "mentions": []}, {"truncated": true, "text": "No soporto a justifica la consulta pr\u00f3xima con el argumento de que antes el gobierno no consultaba a\u2026", "hashtags": [], "topic": "infrastructure", "tweet_urls": ["https://t.co/nsAhXVizNy"], "date": {"hour": 20, "month": 11, "iso": "2018-11-15T20:09:06", "year": 2018, "day": 15, "minute": 9}, "geo": null, "id": 1063161991903227904, "lang": "es", "emoticons": [], "user_id": 300015872, "coordinates": null, "source": "Twitter for Android", "location": "MexicoCity", "mentions": ["@HernanGomezB"]}, {"truncated": false, "text": "Destaca Pe\u00f1a Nieto en", "hashtags": ["#infraestructura", "#hidr\u00e1ulica", "#Edomex\nhttps://t.co/apPAlJ8xsn"], "topic": "infrastructure", "tweet_urls": [], "date": {"hour": 20, "month": 11, "iso": "2018-11-15T20:07:02", "year": 2018, "day": 15, "minute": 7}, "geo": null, "id": 1063161474267430913, "lang": "es", "emoticons": [], "user_id": 3075673886, "coordinates": null, "source": "Buffer", "location": "MexicoCity", "mentions": []}, {"truncated": true, "text": "Con el prop\u00f3sito de mejorar la eficiencia de la infraestructura del drenaje en Chimalhuac\u00e1n, la Secretar\u00eda de Obra\u2026", "hashtags": [], "topic": "infrastructure", "tweet_urls": ["https://t.co/qZItcsU7fe"], "date": {"hour": 19, "month": 11, "iso": "2018-11-15T19:58:24", "year": 2018, "day": 15, "minute": 58}, "geo": null, "id": 1063159299621507073, "lang": "es", "emoticons": [], "user_id": 846871671285805060, "coordinates": null, "source": "Twitter for iPhone", "location": "MexicoCity", "mentions": []}, {"truncated": true, "text": "No tuvo la m\u00ednima piedad y misericordia para los enfermos sin medicinas, hospitales sin infraest\u2026", "hashtags": [], "topic": "infrastructure", "tweet_urls": ["https://t.co/apPZ4uZjTs"], "date": {"hour": 17, "month": 11, "iso": "2018-11-15T17:17:10", "year": 2018, "day": 15, "minute": 17}, "geo": null, "id": 1063118726336196609, "lang": "es", "emoticons": [], "user_id": 111512692, "coordinates": null, "source": "Twitter for Android", "location": "MexicoCity", "mentions": ["@SinEmbargoMX", "@EPN"]}, {"truncated": false, "text": "Falta de infraestructura provoc\u00f3 Alerta de G\u00e9nero en municipios de Durango: Fiscal", "hashtags": ["#LoM\u00e1sLe\u00eddo"], "topic": "infrastructure", "tweet_urls": ["https://t.co/xe5ETYTC8f"], "date": {"hour": 17, "month": 11, "iso": "2018-11-15T17:09:02", "year": 2018, "day": 15, "minute": 9}, "geo": null, "id": 1063116677779546114, "lang": "es", "emoticons": [], "user_id": 1380764066, "coordinates": null, "source": "CapitalMX_", "location": "MexicoCity", "mentions": []}, {"truncated": true, "text": "Santa Luc\u00eda es un parche de no m\u00e1s de 8 a\u00f1os. Despu\u00e9s habr\u00e1 el mismo nivel de saturaci\u00f3n a\u00e9rea, pasajeros y riesgos\u2026", "hashtags": [], "topic": "infrastructure", "tweet_urls": ["https://t.co/4XQDWBl7ek"], "date": {"hour": 17, "month": 11, "iso": "2018-11-15T17:00:02", "year": 2018, "day": 15, "minute": 0}, "geo": null, "id": 1063114413777932288, "lang": "es", "emoticons": [], "user_id": 948683648, "coordinates": null, "source": "TweetDeck", "location": "MexicoCity", "mentions": []}, {"truncated": true, "text": "A favor de la infraestructura, pero con un plan bien dise\u00f1ado. Hay empresas que se desican a realizar los estudios\u2026", "hashtags": [], "topic": "infrastructure", "tweet_urls": ["https://t.co/7883zIfAHP"], "date": {"hour": 16, "month": 11, "iso": "2018-11-15T16:21:20", "year": 2018, "day": 15, "minute": 21}, "geo": null, "id": 1063104675673718785, "lang": "es", "emoticons": [], "user_id": 90290851, "coordinates": null, "source": "Twitter for iPhone", "location": "MexicoCity", "mentions": []}, {"truncated": true, "text": "\n\nPor favor, entrevisten a la periodista Ana\u2026", "hashtags": [], "topic": "infrastructure", "tweet_urls": ["https://t.co/5LNDaMJDTS"], "date": {"hour": 15, "month": 11, "iso": "2018-11-15T15:17:21", "year": 2018, "day": 15, "minute": 17}, "geo": null, "id": 1063088572868296704, "lang": "es", "emoticons": [], "user_id": 299342620, "coordinates": null, "source": "Twitter Lite", "location": "MexicoCity", "mentions": ["@NTelevisa_com", "@CarlosLoret", "@CiroGomezL", "@ImagenTVMex", "@leozuckermann"]}, {"truncated": true, "text": "Mis mejores deseos en este d\u00eda al Ing. Edgar de la Torre Benavides, Director General de Infraestructura y Edificaci\u2026", "hashtags": [], "topic": "infrastructure", "tweet_urls": ["https://t.co/eikKdfmQlP"], "date": {"hour": 15, "month": 11, "iso": "2018-11-15T15:00:26", "year": 2018, "day": 15, "minute": 0}, "geo": null, "id": 1063084313326034945, "lang": "es", "emoticons": [], "user_id": 143955704, "coordinates": null, "source": "Sprout Social", "location": "MexicoCity", "mentions": []}, {"truncated": false, "text": "Qu\u00e9 requisitos requiere una obra de infraestructura (el Tren Maya a\u00fan no cumple ninguno)", "hashtags": [], "topic": "infrastructure", "tweet_urls": ["https://t.co/SfVfpgUgQW"], "date": {"hour": 14, "month": 11, "iso": "2018-11-15T14:13:54", "year": 2018, "day": 15, "minute": 13}, "geo": null, "id": 1063072606155358208, "lang": "es", "emoticons": [], "user_id": 137827662, "coordinates": null, "source": "Facebook", "location": "MexicoCity", "mentions": []}, {"truncated": true, "text": "\"El Consejo ser\u00e1 apartidista, ser\u00e1 aut\u00f3nomo evaluar\u00e1 los proyectos sociales y de infraestructura\",", "hashtags": [], "topic": "infrastructure", "tweet_urls": ["https://t.co/8CA03XAoTq"], "date": {"hour": 14, "month": 11, "iso": "2018-11-15T14:04:45", "year": 2018, "day": 15, "minute": 4}, "geo": null, "id": 1063070303352381440, "lang": "es", "emoticons": [], "user_id": 62834119, "coordinates": null, "source": "Twitter Web Client", "location": "MexicoCity", "mentions": ["@gdehoyoswalther\u2026"]}, {"truncated": true, "text": "Ok, pero obvio sabes que los ni\u00f1os no van al colegio por decisi\u00f3n de la SEP, que instruye a todos los co\u2026", "hashtags": [], "topic": "infrastructure", "tweet_urls": ["https://t.co/ro1QKFH8t5"], "date": {"hour": 13, "month": 11, "iso": "2018-11-15T13:45:22", "year": 2018, "day": 15, "minute": 45}, "geo": null, "id": 1063065422356930560, "lang": "es", "emoticons": [], "user_id": 165485510, "coordinates": null, "source": "Twitter for iPhone", "location": "MexicoCity", "mentions": ["@luserrano"]}, {"truncated": true, "text": "\"Veremos seguramente ejemplos de infraestructura como el que tienen la necesidad de altos recursos. Requ\u2026", "hashtags": ["#TrenMaya,"], "topic": "infrastructure", "tweet_urls": ["https://t.co/H95CYvrqUq"], "date": {"hour": 13, "month": 11, "iso": "2018-11-15T13:36:47", "year": 2018, "day": 15, "minute": 36}, "geo": null, "id": 1063063261820547072, "lang": "es", "emoticons": [], "user_id": 62834119, "coordinates": null, "source": "Twitter Web Client", "location": "MexicoCity", "mentions": []}, {"truncated": true, "text": "\"Para la sustentabilidad del presupuesto tenemos un largo camino por recorrer. Los proyectos de infraestructura no\u2026", "hashtags": [], "topic": "infrastructure", "tweet_urls": ["https://t.co/Ub5a0ErfEm"], "date": {"hour": 13, "month": 11, "iso": "2018-11-15T13:34:18", "year": 2018, "day": 15, "minute": 34}, "geo": null, "id": 1063062639817875456, "lang": "es", "emoticons": [], "user_id": 62834119, "coordinates": null, "source": "Twitter Web Client", "location": "MexicoCity", "mentions": []}, {"truncated": true, "text": "Agradecemos el espacio a Mexiquense Noticias para hablar sobre El Fondo de Aportaciones para la Infraestructura Soc\u2026", "hashtags": [], "topic": "infrastructure", "tweet_urls": ["https://t.co/wXyNJAbT5r"], "date": {"hour": 13, "month": 11, "iso": "2018-11-15T13:26:33", "year": 2018, "day": 15, "minute": 26}, "geo": null, "id": 1063060687809736704, "lang": "es", "emoticons": [], "user_id": 143955704, "coordinates": null, "source": "Twitter for Android", "location": "MexicoCity", "mentions": []}, {"truncated": true, "text": "Y como dijo el peje... la politica es escoger entre inconvenientes. No crees que NAIM es menos ma\u2026", "hashtags": [], "topic": "infrastructure", "tweet_urls": ["https://t.co/Elv6kUPxdd"], "date": {"hour": 12, "month": 11, "iso": "2018-11-15T12:58:17", "year": 2018, "day": 15, "minute": 58}, "geo": null, "id": 1063053576606375937, "lang": "es", "emoticons": [], "user_id": 67731941, "coordinates": null, "source": "Twitter for iPhone", "location": "MexicoCity", "mentions": ["@esquivelgerardo"]}, {"truncated": true, "text": "No tienen idea de nada , hablan de tres tipos de modalidad pasajeros ,c\u2026", "hashtags": [], "topic": "infrastructure", "tweet_urls": ["https://t.co/aEhJmyXrhD"], "date": {"hour": 11, "month": 11, "iso": "2018-11-15T11:44:54", "year": 2018, "day": 15, "minute": 44}, "geo": null, "id": 1063035109262135297, "lang": "es", "emoticons": [], "user_id": 46781797, "coordinates": null, "source": "Twitter for Android", "location": "MexicoCity", "mentions": ["@darem87", "@DONOVOA", "@daffpena", "@RogelioJmzPons"]}, {"truncated": false, "text": "Blockchain, \u00bfser\u00e1 la infraestructura de un nuevo mercado global descentralizado y automatizado?", "hashtags": [], "topic": "infrastructure", "tweet_urls": ["https://t.co/Aux2hgLnCj"], "date": {"hour": 9, "month": 11, "iso": "2018-11-15T09:16:10", "year": 2018, "day": 15, "minute": 16}, "geo": null, "id": 1062997679049981952, "lang": "es", "emoticons": [], "user_id": 540701807, "coordinates": null, "source": "Twitter Web Client", "location": "MexicoCity", "mentions": []}, {"truncated": true, "text": "No creo que le pidan permiso, pero es un proyecto que f\u2026", "hashtags": [], "topic": "infrastructure", "tweet_urls": ["https://t.co/p2PLlQSbxU"], "date": {"hour": 9, "month": 11, "iso": "2018-11-15T09:14:59", "year": 2018, "day": 15, "minute": 14}, "geo": null, "id": 1062997379270524928, "lang": "es", "emoticons": [], "user_id": 33415729, "coordinates": null, "source": "Twitter for Android", "location": "MexicoCity", "mentions": ["@mat19tex", "@Un_Divergente", "@745Smok3", "@GusVillegas", "@econokafka"]}, {"truncated": true, "text": "El funcionario dio conocer que dejar\u00e1 el cargo para integrarse a una empresa de administraci\u00f3n de fondos de capital\u2026", "hashtags": [], "topic": "infrastructure", "tweet_urls": ["https://t.co/4aKtmC9RlS"], "date": {"hour": 8, "month": 11, "iso": "2018-11-15T08:22:14", "year": 2018, "day": 15, "minute": 22}, "geo": null, "id": 1062984102960357376, "lang": "es", "emoticons": [], "user_id": 2321720552, "coordinates": null, "source": "IFTTT", "location": "MexicoCity", "mentions": []}, {"truncated": true, "text": "El funcionario dio conocer que dejar\u00e1 el cargo para integrarse a una empresa de administraci\u00f3n de fondos de capital\u2026", "hashtags": [], "topic": "infrastructure", "tweet_urls": ["https://t.co/tnYJv58wGE"], "date": {"hour": 7, "month": 11, "iso": "2018-11-15T07:00:14", "year": 2018, "day": 15, "minute": 0}, "geo": null, "id": 1062963468259737600, "lang": "es", "emoticons": [], "user_id": 520653311, "coordinates": null, "source": "Hootsuite Inc.", "location": "MexicoCity", "mentions": []}, {"truncated": false, "text": "M\u00e9xico tiene capacidad de ofrecer trabajo a migrantes centroamericanos: Alejandro Solalinde\nhttps://t.co/wQhN56Toda\nhttps://t.co/SkOSYWPxEn", "hashtags": [], "topic": "infrastructure", "tweet_urls": [], "date": {"hour": 5, "month": 11, "iso": "2018-11-15T05:20:00", "year": 2018, "day": 15, "minute": 20}, "geo": null, "id": 1062938243195228160, "lang": "es", "emoticons": ["\ud83d\udc49"], "user_id": 490151722, "coordinates": null, "source": "TweetDeck", "location": "MexicoCity", "mentions": []}, {"truncated": true, "text": "\"Un ejemplo de esta complicidad, agrega, es el caso de Joaqu\u00edn \"El Chapo\" Guzm\u00e1n quien, a pesa\u2026", "hashtags": [], "topic": "infrastructure", "tweet_urls": ["https://t.co/tEyTdHZbTb"], "date": {"hour": 4, "month": 11, "iso": "2018-11-15T04:45:01", "year": 2018, "day": 15, "minute": 45}, "geo": null, "id": 1062929440894828546, "lang": "es", "emoticons": [], "user_id": 875564809160347649, "coordinates": null, "source": "Twitter Web Client", "location": "MexicoCity", "mentions": ["@DeniseMaerker", "@EPN"]}, {"truncated": true, "text": "Lo est\u00e1n haciendo fant\u00e1stico! A\u00fan no llegan y ve la Bolsa y el peso! Sin empresa\u2026", "hashtags": [], "topic": "infrastructure", "tweet_urls": ["https://t.co/sc7cHJWx19"], "date": {"hour": 3, "month": 11, "iso": "2018-11-15T03:57:23", "year": 2018, "day": 15, "minute": 57}, "geo": null, "id": 1062917452655292416, "lang": "es", "emoticons": [], "user_id": 1347678739, "coordinates": null, "source": "Twitter for iPhone", "location": "MexicoCity", "mentions": ["@JordyMxico", "@arturoangel20", "@jrisco"]}, {"truncated": true, "text": "Ese M\u00e9xico subterr\u00e1neo, larvado, b\u00e1rbaro y violento emerge ante el delirio de persecuci\u00f3n del otro, de lo nuevo, de\u2026", "hashtags": [], "topic": "infrastructure", "tweet_urls": ["https://t.co/pKJ3m5CTip"], "date": {"hour": 3, "month": 11, "iso": "2018-11-15T03:35:36", "year": 2018, "day": 15, "minute": 35}, "geo": null, "id": 1062911970439946241, "lang": "es", "emoticons": [], "user_id": 352680165, "coordinates": null, "source": "Twitter Web Client", "location": "MexicoCity", "mentions": []}, {"truncated": true, "text": "Impulso a la infraestructura educativa \n\n\u2022 Se construyeron y se equiparon dos aulas did\u00e1cticas en la telesecundaria\u2026", "hashtags": [], "topic": "infrastructure", "tweet_urls": ["https://t.co/F2nZYMV2vo"], "date": {"hour": 3, "month": 11, "iso": "2018-11-15T03:32:25", "year": 2018, "day": 15, "minute": 32}, "geo": null, "id": 1062911169533480961, "lang": "es", "emoticons": [], "user_id": 322598924, "coordinates": null, "source": "Facebook", "location": "MexicoCity", "mentions": []}, {"truncated": true, "text": "A finales de la d\u00e9cada de 1980, estos patrones tuvieron como efecto que un amplio sector de los habitantes de estas\u2026", "hashtags": [], "topic": "infrastructure", "tweet_urls": ["https://t.co/smB5O3MFtM"], "date": {"hour": 3, "month": 11, "iso": "2018-11-15T03:19:13", "year": 2018, "day": 15, "minute": 19}, "geo": null, "id": 1062907847548305408, "lang": "es", "emoticons": [], "user_id": 85189813, "coordinates": null, "source": "Twitter Web Client", "location": "MexicoCity", "mentions": []}, {"truncated": true, "text": "En unos minutos inicia un noticiero l\u00edder en la industria Inmobiliaria, Vivienda, Infraestructura, Cons\u2026", "hashtags": [], "topic": "infrastructure", "tweet_urls": ["https://t.co/uixNy3XlK7"], "date": {"hour": 2, "month": 11, "iso": "2018-11-15T02:50:00", "year": 2018, "day": 15, "minute": 50}, "geo": null, "id": 1062900494501273602, "lang": "es", "emoticons": [], "user_id": 38277042, "coordinates": null, "source": "TweetDeck", "location": "MexicoCity", "mentions": ["@enconcreto"]}, {"truncated": true, "text": "Alabarlo es cuando la gente cree ciegamente que al Chapo le interesa el pueblo\u2026", "hashtags": [], "topic": "infrastructure", "tweet_urls": ["https://t.co/pIl7gE2yVV"], "date": {"hour": 1, "month": 11, "iso": "2018-11-15T01:45:29", "year": 2018, "day": 15, "minute": 45}, "geo": null, "id": 1062884258539298816, "lang": "es", "emoticons": [], "user_id": 23990295, "coordinates": null, "source": "Tweetbot for i\u039fS", "location": "MexicoCity", "mentions": ["@alexxxbaks", "@Lillian_8007", "@AlexHH32"]}, {"truncated": true, "text": "No hay infraestructura para dicho tren en la reserva.\nNo hay estudio de impacto ambiental.\nN\u2026", "hashtags": [], "topic": "infrastructure", "tweet_urls": ["https://t.co/G2GdX6qg1A"], "date": {"hour": 1, "month": 11, "iso": "2018-11-15T01:18:22", "year": 2018, "day": 15, "minute": 18}, "geo": null, "id": 1062877437208465410, "lang": "es", "emoticons": [], "user_id": 1943507900, "coordinates": null, "source": "Twitter for Android", "location": "MexicoCity", "mentions": ["@ndixi_xaan", "@JACrespo1"]}, {"truncated": true, "text": "Ir\u00f3nicamente esa frase de Ju\u00e1rez no fue aplicada durante las leyes de reforma, las ley\u2026", "hashtags": [], "topic": "infrastructure", "tweet_urls": ["https://t.co/d0np1rZ4Yy"], "date": {"hour": 1, "month": 11, "iso": "2018-11-15T01:01:45", "year": 2018, "day": 15, "minute": 1}, "geo": null, "id": 1062873252987584514, "lang": "es", "emoticons": [], "user_id": 485246889, "coordinates": null, "source": "Twitter for Android", "location": "MexicoCity", "mentions": ["@odelarosa_", "@DonPorfirioDiaz"]}, {"truncated": true, "text": "Por las im\u00e1genes del video pensaran que se llega volando. Amigo hay ya cantidad de infraestructura\u2026", "hashtags": [], "topic": "infrastructure", "tweet_urls": ["https://t.co/ZQjhUFmijo"], "date": {"hour": 0, "month": 11, "iso": "2018-11-15T00:43:37", "year": 2018, "day": 15, "minute": 43}, "geo": null, "id": 1062868688288841733, "lang": "es", "emoticons": ["\ud83d\ude02"], "user_id": 945812123875241984, "coordinates": null, "source": "Twitter for Android", "location": "MexicoCity", "mentions": ["@JACrespo1"]}, {"truncated": true, "text": "\u00danete al equipo de profesionales inmobiliarios. \nCENTURY 21 APOLO te ofrece la oportunidad de ser un profesional in\u2026", "hashtags": [], "topic": "infrastructure", "tweet_urls": ["https://t.co/BQa5yJkTdJ"], "date": {"hour": 0, "month": 11, "iso": "2018-11-15T00:41:44", "year": 2018, "day": 15, "minute": 41}, "geo": null, "id": 1062868214500286468, "lang": "es", "emoticons": [], "user_id": 180650845, "coordinates": null, "source": "Facebook", "location": "MexicoCity", "mentions": []}, {"truncated": true, "text": "A trav\u00e9s de nuestro vicepresidente nacional Marcos Ordu\u00f1a Alcocer, expusimos la situaci\u00f3n actual de la infraestruct\u2026", "hashtags": [], "topic": "infrastructure", "tweet_urls": ["https://t.co/jCcUUY062C"], "date": {"hour": 0, "month": 11, "iso": "2018-11-15T00:40:20", "year": 2018, "day": 15, "minute": 40}, "geo": null, "id": 1062867864301068288, "lang": "es", "emoticons": [], "user_id": 150445772, "coordinates": null, "source": "Twitter Web Client", "location": "MexicoCity", "mentions": []}, {"truncated": true, "text": "\u00c9l es Luis Rosales Gamboa, subsecretario de Control de Tr\u00e1nsito, encargado\u2026", "hashtags": [], "topic": "infrastructure", "tweet_urls": ["https://t.co/2IX2AtbizU"], "date": {"hour": 0, "month": 11, "iso": "2018-11-15T00:29:06", "year": 2018, "day": 15, "minute": 29}, "geo": null, "id": 1062865036824231937, "lang": "es", "emoticons": [], "user_id": 91209665, "coordinates": null, "source": "Twitter Web Client", "location": "MexicoCity", "mentions": ["@supercivicosmx", "@SSP_CDMX", "@UberEats_mex"]}, {"truncated": true, "text": "El presidente de UPS M\u00e9xico, Ron Mayorga, afirm\u00f3 que la empresa se ajustar\u00e1 a las decisiones del pr\u00f3ximo gobierno e\u2026", "hashtags": [], "topic": "infrastructure", "tweet_urls": ["https://t.co/jtC5GsHrdf"], "date": {"hour": 0, "month": 11, "iso": "2018-11-15T00:25:00", "year": 2018, "day": 15, "minute": 25}, "geo": null, "id": 1062864004375240704, "lang": "es", "emoticons": [], "user_id": 948683648, "coordinates": null, "source": "TweetDeck", "location": "MexicoCity", "mentions": []}, {"truncated": false, "text": "Crece la infraestructura m\u00e9dica en la regi\u00f3n Centro de", "hashtags": ["#Chiapas"], "topic": "infrastructure", "tweet_urls": ["https://t.co/OmCRmBKTwb"], "date": {"hour": 0, "month": 11, "iso": "2018-11-15T00:24:56", "year": 2018, "day": 15, "minute": 24}, "geo": null, "id": 1062863989288382464, "lang": "es", "emoticons": [], "user_id": 107938245, "coordinates": null, "source": "Twitter Web Client", "location": "MexicoCity", "mentions": ["@VelascoM_\nhttps://t.co/xZbmI8o9Lp"]}, {"truncated": false, "text": "Clima n\u00f3rdico, infraestructura tercermundista, caras prehisp\u00e1nicas.\n\nCDMX a 14.11.2018", "hashtags": [], "topic": "infrastructure", "tweet_urls": [], "date": {"hour": 0, "month": 11, "iso": "2018-11-15T00:19:44", "year": 2018, "day": 15, "minute": 19}, "geo": null, "id": 1062862680732680192, "lang": "es", "emoticons": [], "user_id": 66719623, "coordinates": null, "source": "Twitter for Android", "location": "MexicoCity", "mentions": []}, {"truncated": false, "text": "Falta de infraestructura provoc\u00f3 Alerta de G\u00e9nero en municipios de Durango: Fiscal", "hashtags": ["#LoM\u00e1sLe\u00eddo"], "topic": "infrastructure", "tweet_urls": ["https://t.co/xe5ETYTC8f"], "date": {"hour": 0, "month": 11, "iso": "2018-11-15T00:09:02", "year": 2018, "day": 15, "minute": 9}, "geo": null, "id": 1062859985057710080, "lang": "es", "emoticons": [], "user_id": 1380764066, "coordinates": null, "source": "CapitalMX_", "location": "MexicoCity", "mentions": []}, {"truncated": true, "text": "Porque ese campo INICI\u00f6 en buenas condiciones, adem\u00e1s de que tiene una infraestructura preparada para\u2026", "hashtags": [], "topic": "infrastructure", "tweet_urls": ["https://t.co/73pyGUnZnQ"], "date": {"hour": 22, "month": 11, "iso": "2018-11-14T22:53:37", "year": 2018, "day": 14, "minute": 53}, "geo": null, "id": 1062841007547600896, "lang": "es", "emoticons": [], "user_id": 95309602, "coordinates": null, "source": "Twitter Web Client", "location": "MexicoCity", "mentions": ["@mediotiempo"]}, {"truncated": true, "text": "\u00bfQu\u00e9 nos faltar\u00e1? Infraestructura de 1er nivel+\u00e1reas densamente pobladas+libertad de pensamiento= creaci\u00f3n de zonas\u2026", "hashtags": [], "topic": "infrastructure", "tweet_urls": ["https://t.co/dGoHsw5x3F"], "date": {"hour": 22, "month": 11, "iso": "2018-11-14T22:47:31", "year": 2018, "day": 14, "minute": 47}, "geo": null, "id": 1062839473086627840, "lang": "es", "emoticons": [], "user_id": 320002058, "coordinates": null, "source": "LinkedIn", "location": "MexicoCity", "mentions": []}, {"truncated": true, "text": "\u00bfAlguien sabe qu\u00e9 obra de infraestructura de las que prometi\u00f3 en campa\u00f1a e inicio en su sexenio ya est\u00e1 termin\u2026", "hashtags": [], "topic": "infrastructure", "tweet_urls": ["https://t.co/dgByg4O28v"], "date": {"hour": 22, "month": 11, "iso": "2018-11-14T22:29:58", "year": 2018, "day": 14, "minute": 29}, "geo": null, "id": 1062835056815812610, "lang": "es", "emoticons": [], "user_id": 388849899, "coordinates": null, "source": "Twitter for iPhone", "location": "MexicoCity", "mentions": ["@EPN"]}, {"truncated": true, "text": "eso es totalmente cierto pero tambi\u00e9n hay un tema de diferencias econ\u00f3micas muy fuertes y si creo que ha\u2026", "hashtags": [], "topic": "infrastructure", "tweet_urls": ["https://t.co/9wWZtzTQ8B"], "date": {"hour": 22, "month": 11, "iso": "2018-11-14T22:02:17", "year": 2018, "day": 14, "minute": 2}, "geo": null, "id": 1062828088076263426, "lang": "es", "emoticons": [], "user_id": 20723711, "coordinates": null, "source": "TweetDeck", "location": "MexicoCity", "mentions": ["@luserrano"]}, {"truncated": true, "text": "Productividad, infraestructura de desarrollo, calidad de vida y m\u00e1s asuntos se hablaron en el Foro de Alcaldes.\u2026", "hashtags": [], "topic": "infrastructure", "tweet_urls": ["https://t.co/aqFENHmka2"], "date": {"hour": 21, "month": 11, "iso": "2018-11-14T21:02:34", "year": 2018, "day": 14, "minute": 2}, "geo": null, "id": 1062813059360661507, "lang": "es", "emoticons": [], "user_id": 20458105, "coordinates": null, "source": "Hootsuite Inc.", "location": "MexicoCity", "mentions": []}, {"truncated": true, "text": "Ma\u00f1ana, \u00faltimo d\u00eda para presentar documentaci\u00f3n y formar parte de la lista de Peritos Profesionales Certificados en\u2026", "hashtags": [], "topic": "infrastructure", "tweet_urls": ["https://t.co/fcUFQSSUMN"], "date": {"hour": 20, "month": 11, "iso": "2018-11-14T20:35:06", "year": 2018, "day": 14, "minute": 35}, "geo": null, "id": 1062806149970436101, "lang": "es", "emoticons": [], "user_id": 314220707, "coordinates": null, "source": "Hootsuite Inc.", "location": "MexicoCity", "mentions": []}, {"truncated": true, "text": "..con respuesta \"superen\" queda claro grado de desconoc\u2026", "hashtags": [], "topic": "infrastructure", "tweet_urls": ["https://t.co/vfgOtir3VD"], "date": {"hour": 20, "month": 11, "iso": "2018-11-14T20:18:10", "year": 2018, "day": 14, "minute": 18}, "geo": null, "id": 1062801887110488064, "lang": "es", "emoticons": [], "user_id": 190372625, "coordinates": null, "source": "Twitter Web Client", "location": "MexicoCity", "mentions": ["@edgargp79", "@GzItachi", "@rulocampuzano", "@tatclouthier", "@DietterW"]}, {"truncated": true, "text": "Como la prueba para licencia de manejo, como la verificaci\u00f3n f\u00edsico-mec\u00e1nica, como el lamentable est\u2026", "hashtags": [], "topic": "infrastructure", "tweet_urls": ["https://t.co/57olPdObBb"], "date": {"hour": 19, "month": 11, "iso": "2018-11-14T19:25:37", "year": 2018, "day": 14, "minute": 25}, "geo": null, "id": 1062788663577321473, "lang": "es", "emoticons": [], "user_id": 114079278, "coordinates": null, "source": "Twitter Web Client", "location": "MexicoCity", "mentions": ["@LBallesterosM"]}, {"truncated": true, "text": "Equipo de la Secretar\u00eda de Infraestructura y Servicios P\u00fablicos del gestionando la cartera de proy\u2026", "hashtags": [], "topic": "infrastructure", "tweet_urls": ["https://t.co/9izM2haDIu"], "date": {"hour": 19, "month": 11, "iso": "2018-11-14T19:11:41", "year": 2018, "day": 14, "minute": 11}, "geo": null, "id": 1062785156501659648, "lang": "es", "emoticons": [], "user_id": 63482157, "coordinates": null, "source": "Twitter for iPhone", "location": "MexicoCity", "mentions": ["@GobiernoCholula"]}, {"truncated": true, "text": "Se agradece al gobierno entrante la bonita infograf\u00eda del Seguimos esperando serie de estudios t\u00e9cnicos/\u2026", "hashtags": ["#TrenMaya."], "topic": "infrastructure", "tweet_urls": ["https://t.co/rR9GhxjTCe"], "date": {"hour": 19, "month": 11, "iso": "2018-11-14T19:10:11", "year": 2018, "day": 14, "minute": 10}, "geo": null, "id": 1062784777772826625, "lang": "es", "emoticons": [], "user_id": 435299501, "coordinates": null, "source": "Twitter for iPhone", "location": "MexicoCity", "mentions": []}, {"truncated": true, "text": "Necesitas mejorar tu l\u00f3gica... Detroit, Oakla\u2026", "hashtags": [], "topic": "infrastructure", "tweet_urls": ["https://t.co/ryJ0ZJRrup"], "date": {"hour": 18, "month": 11, "iso": "2018-11-14T18:10:48", "year": 2018, "day": 14, "minute": 10}, "geo": null, "id": 1062769835912900608, "lang": "es", "emoticons": [], "user_id": 63376202, "coordinates": null, "source": "Twitter for iPhone", "location": "MexicoCity", "mentions": ["@El_Bahia44", "@c_santandern", "@JosePabloCoello", "@lopezobrador_", "@nflmx", "@NFL"]}, {"truncated": true, "text": "Tenemos la mejor infraestructura y tecnolog\u00eda para el Contact Center, descubre c\u00f3mo podemos ayudarte a mejorar tu s\u2026", "hashtags": [], "topic": "infrastructure", "tweet_urls": ["https://t.co/bu7pn7v9l6"], "date": {"hour": 18, "month": 11, "iso": "2018-11-14T18:09:10", "year": 2018, "day": 14, "minute": 9}, "geo": null, "id": 1062769422279032835, "lang": "es", "emoticons": [], "user_id": 1571149788, "coordinates": null, "source": "HubSpot", "location": "MexicoCity", "mentions": []}, {"truncated": true, "text": "El Diputado se\u00f1al\u00f3 que es visible la infraestructura que existe para mejorar la calidad de vida de los\u2026", "hashtags": [], "topic": "infrastructure", "tweet_urls": ["https://t.co/RVPXtlEJTc"], "date": {"hour": 17, "month": 11, "iso": "2018-11-14T17:53:58", "year": 2018, "day": 14, "minute": 53}, "geo": null, "id": 1062765598776745984, "lang": "es", "emoticons": [], "user_id": 838111004, "coordinates": null, "source": "Twitter Web Client", "location": "MexicoCity", "mentions": ["@ANTERO_FER"]}, {"truncated": false, "text": "Acotado margen de AMLO para super\u00e1vit, estados bajas participaciones e infraestructura en problemas", "hashtags": [], "topic": "infrastructure", "tweet_urls": ["https://t.co/oGVYVuPZXv"], "date": {"hour": 17, "month": 11, "iso": "2018-11-14T17:47:24", "year": 2018, "day": 14, "minute": 47}, "geo": null, "id": 1062763945461727232, "lang": "es", "emoticons": [], "user_id": 21428219, "coordinates": null, "source": "Facebook", "location": "MexicoCity", "mentions": []}, {"truncated": true, "text": "Evaluando la ruta cr\u00edtica para la diseminaci\u00f3n del Observatorio del Ecosistema de Innovaci\u00f3n de las Energ\u00edas Limpia\u2026", "hashtags": [], "topic": "infrastructure", "tweet_urls": ["https://t.co/BeE9OLjgCt"], "date": {"hour": 17, "month": 11, "iso": "2018-11-14T17:37:37", "year": 2018, "day": 14, "minute": 37}, "geo": null, "id": 1062761485678534659, "lang": "es", "emoticons": [], "user_id": 2728549409, "coordinates": null, "source": "Twitter for iPhone", "location": "MexicoCity", "mentions": []}, {"truncated": true, "text": "Velasco Coello es para L\u00f3pez Obrador el interlocutor con los gobernadores del sureste en el proyecto de infraestruc\u2026", "hashtags": [], "topic": "infrastructure", "tweet_urls": ["https://t.co/10WNXaoUdq"], "date": {"hour": 17, "month": 11, "iso": "2018-11-14T17:16:50", "year": 2018, "day": 14, "minute": 16}, "geo": null, "id": 1062756252558725120, "lang": "es", "emoticons": [], "user_id": 4916960534, "coordinates": null, "source": "Twitter Web Client", "location": "MexicoCity", "mentions": []}, {"truncated": true, "text": "Pues la le dio la \u00faltima vez una calificaci\u00f3n de 3.5 al por su infraestructura, por ello tampo\u2026", "hashtags": ["#FIFA"], "topic": "infrastructure", "tweet_urls": ["https://t.co/wzK4Z0Kha4"], "date": {"hour": 17, "month": 11, "iso": "2018-11-14T17:08:04", "year": 2018, "day": 14, "minute": 8}, "geo": null, "id": 1062754048250499072, "lang": "es", "emoticons": [], "user_id": 468981628, "coordinates": null, "source": "Twitter for Android", "location": "MexicoCity", "mentions": ["@EstadioAzteca"]}, {"truncated": false, "text": "Qu\u00e9 requisitos requiere una obra de infraestructura (el Tren Maya a\u00fan no cumple ninguno) v\u00eda", "hashtags": [], "topic": "infrastructure", "tweet_urls": ["https://t.co/SnCoSdLBZP"], "date": {"hour": 16, "month": 11, "iso": "2018-11-14T16:50:42", "year": 2018, "day": 14, "minute": 50}, "geo": null, "id": 1062749677706248193, "lang": "es", "emoticons": [], "user_id": 362107691, "coordinates": null, "source": "Twitter Web Client", "location": "MexicoCity", "mentions": ["@Pajaropolitico"]}, {"truncated": false, "text": "Qu\u00e9 requisitos requiere una obra de infraestructura (el Tren Maya a\u00fan no cumple ninguno)", "hashtags": [], "topic": "infrastructure", "tweet_urls": ["https://t.co/iQnCTuguLn", "https://t.co/pqD9Lw3Ql3"], "date": {"hour": 16, "month": 11, "iso": "2018-11-14T16:36:44", "year": 2018, "day": 14, "minute": 36}, "geo": null, "id": 1062746160555683840, "lang": "es", "emoticons": [], "user_id": 712679926562824193, "coordinates": null, "source": "dlvr.it", "location": "MexicoCity", "mentions": []}, {"truncated": true, "text": "Y con todo en contra hay mediocres que est\u00e1n convencidos de que lo mafioso, lo corrupto, lo mal hecho, lo\u2026", "hashtags": [], "topic": "infrastructure", "tweet_urls": ["https://t.co/S1Ilqb2K0C"], "date": {"hour": 16, "month": 11, "iso": "2018-11-14T16:35:45", "year": 2018, "day": 14, "minute": 35}, "geo": null, "id": 1062745914672996352, "lang": "es", "emoticons": [], "user_id": 1057475538715983872, "coordinates": null, "source": "Twitter Web Client", "location": "MexicoCity", "mentions": ["@AXL__tw,"]}, {"truncated": true, "text": "Exactamente. No es el fondo (\u2026", "hashtags": [], "topic": "infrastructure", "tweet_urls": ["https://t.co/7XoGZQ9wF3"], "date": {"hour": 16, "month": 11, "iso": "2018-11-14T16:33:23", "year": 2018, "day": 14, "minute": 33}, "geo": null, "id": 1062745319111192576, "lang": "es", "emoticons": [], "user_id": 13398432, "coordinates": null, "source": "Twitter for iPhone", "location": "MexicoCity", "mentions": ["@Elviperalta", "@AllandeJesusCa2", "@isabellemexico", "@cecilianayeli81", "@MaguMonero", "@JLozanoA"]}, {"truncated": true, "text": "\u00danete al equipo de profesionales inmobiliarios. \nCENTURY 21 APOLO te ofrece la oportunidad de ser un profesional in\u2026", "hashtags": [], "topic": "infrastructure", "tweet_urls": ["https://t.co/dgv7ybcWRs"], "date": {"hour": 16, "month": 11, "iso": "2018-11-14T16:21:58", "year": 2018, "day": 14, "minute": 21}, "geo": null, "id": 1062742446822641666, "lang": "es", "emoticons": [], "user_id": 180650845, "coordinates": null, "source": "Facebook", "location": "MexicoCity", "mentions": []}, {"truncated": true, "text": "La maravillosa arquitectura y extraordinarios eventos marcaron el nacimiento del estadio azteca hac\u2026", "hashtags": [], "topic": "infrastructure", "tweet_urls": ["https://t.co/2KfpsmquSr"], "date": {"hour": 16, "month": 11, "iso": "2018-11-14T16:03:59", "year": 2018, "day": 14, "minute": 3}, "geo": null, "id": 1062737919356493824, "lang": "es", "emoticons": [], "user_id": 38232667, "coordinates": null, "source": "Twitter for iPhone", "location": "MexicoCity", "mentions": ["@alejandroberry"]}, {"truncated": true, "text": "Las muertes por colisiones viales en se redujeron en un 30% entre 2015 y 2018 de acuerdo a datos de SESNSP. \u00bf\u2026", "hashtags": ["#CDMX"], "topic": "infrastructure", "tweet_urls": ["https://t.co/HX7RuldB4c"], "date": {"hour": 16, "month": 11, "iso": "2018-11-14T16:03:28", "year": 2018, "day": 14, "minute": 3}, "geo": null, "id": 1062737788368502784, "lang": "es", "emoticons": [], "user_id": 569698444, "coordinates": null, "source": "Twitter for Android", "location": "MexicoCity", "mentions": []}, {"truncated": false, "text": "yyyyyyyyyyyy ?????? me puedes dar un ejemplo de una buena obra de infraestructura de los 3 \u00faltimos sexenios ?????", "hashtags": [], "topic": "infrastructure", "tweet_urls": [], "date": {"hour": 16, "month": 11, "iso": "2018-11-14T16:03:01", "year": 2018, "day": 14, "minute": 3}, "geo": null, "id": 1062737678444191746, "lang": "es", "emoticons": [], "user_id": 1694560004, "coordinates": null, "source": "Twitter for iPhone", "location": "MexicoCity", "mentions": ["@GlodeJo07"]}, {"truncated": true, "text": ".@CBP cerr\u00f3 tres carriles con direcci\u00f3n hacia el norte en la garita de San Ysidro y uno m\u00e1s en Otay Mesa para insta\u2026", "hashtags": [], "topic": "infrastructure", "tweet_urls": ["https://t.co/Lw0qkwcpdf"], "date": {"hour": 15, "month": 11, "iso": "2018-11-14T15:40:34", "year": 2018, "day": 14, "minute": 40}, "geo": null, "id": 1062732026862862337, "lang": "es", "emoticons": [], "user_id": 52528982, "coordinates": null, "source": "Twitter Web Client", "location": "MexicoCity", "mentions": []}, {"truncated": true, "text": "Cualquier proyecto debe cumplir con lo que las leyes ambientales marcan. Y evitar caer en la corru\u2026", "hashtags": [], "topic": "infrastructure", "tweet_urls": ["https://t.co/O60WvlEZjH"], "date": {"hour": 15, "month": 11, "iso": "2018-11-14T15:35:46", "year": 2018, "day": 14, "minute": 35}, "geo": null, "id": 1062730818743717888, "lang": "es", "emoticons": [], "user_id": 114887795, "coordinates": null, "source": "Twitter for Android", "location": "MexicoCity", "mentions": ["@lajornadaonline"]}, {"truncated": true, "text": "La pr\u00f3xima agenda digital tiene como objetivo darle valor al dinero de la ciudadan\u00eda en t\u00e9rminos de infraestructura\u2026", "hashtags": [], "topic": "infrastructure", "tweet_urls": ["https://t.co/75VhYm1IKl"], "date": {"hour": 15, "month": 11, "iso": "2018-11-14T15:20:00", "year": 2018, "day": 14, "minute": 20}, "geo": null, "id": 1062726851930415109, "lang": "es", "emoticons": [], "user_id": 14917589, "coordinates": null, "source": "Socialbakers", "location": "MexicoCity", "mentions": []}, {"truncated": true, "text": "Con el sistema acorta el tiempo en la planeaci\u00f3n y el seguimiento de proyectos de infraestructura a gran\u2026", "hashtags": ["#Enkontrol"], "topic": "infrastructure", "tweet_urls": ["https://t.co/ptngyUfH0b"], "date": {"hour": 14, "month": 11, "iso": "2018-11-14T14:30:31", "year": 2018, "day": 14, "minute": 30}, "geo": null, "id": 1062714398563844096, "lang": "es", "emoticons": [], "user_id": 593879834, "coordinates": null, "source": "Hootsuite", "location": "MexicoCity", "mentions": []}, {"truncated": true, "text": "CRE define reglas para impulsar electrolineras, con las cuales se detonar\u00e1 la construcci\u00f3n de infraestructura para\u2026", "hashtags": [], "topic": "infrastructure", "tweet_urls": ["https://t.co/vk5raQ9LmB"], "date": {"hour": 13, "month": 11, "iso": "2018-11-14T13:50:27", "year": 2018, "day": 14, "minute": 50}, "geo": null, "id": 1062704314706284544, "lang": "es", "emoticons": [], "user_id": 939196715764277248, "coordinates": null, "source": "Twitter for iPhone", "location": "MexicoCity", "mentions": []}, {"truncated": true, "text": "Al d\u00eda de hoy es uno de los campus con mejor infraestructura y \u00e1reas verdes incre\u00edbles. Simplemente un orgullo ser\u2026", "hashtags": [], "topic": "infrastructure", "tweet_urls": ["https://t.co/otUuDzmUG7"], "date": {"hour": 13, "month": 11, "iso": "2018-11-14T13:32:53", "year": 2018, "day": 14, "minute": 32}, "geo": null, "id": 1062699893112930305, "lang": "es", "emoticons": [], "user_id": 360971743, "coordinates": null, "source": "Twitter for Android", "location": "MexicoCity", "mentions": []}, {"truncated": false, "text": "\u00bfQu\u00e9 infraestructura de transporte requiere inversi\u00f3n m\u00e1s urgentemente en", "hashtags": ["#CDMX?"], "topic": "infrastructure", "tweet_urls": [], "date": {"hour": 12, "month": 11, "iso": "2018-11-14T12:42:10", "year": 2018, "day": 14, "minute": 42}, "geo": null, "id": 1062687132828008450, "lang": "es", "emoticons": [], "user_id": 296027499, "coordinates": null, "source": "Twitter for iPhone", "location": "MexicoCity", "mentions": []}, {"truncated": false, "text": "M\u00e9xico tiene capacidad de ofrecer trabajo a migrantes centroamericanos: Alejandro Solalinde\nhttps://t.co/wQhN56Toda\nhttps://t.co/SkOSYWPxEn", "hashtags": [], "topic": "infrastructure", "tweet_urls": [], "date": {"hour": 10, "month": 11, "iso": "2018-11-14T10:00:00", "year": 2018, "day": 14, "minute": 0}, "geo": null, "id": 1062646319729143809, "lang": "es", "emoticons": ["\ud83d\udc49"], "user_id": 490151722, "coordinates": null, "source": "TweetDeck", "location": "MexicoCity", "mentions": []}, {"truncated": true, "text": "Los retos del sistema son bastante intuitivos para los habitantes de la ciudad. Se requiere de infraestructura hidr\u2026", "hashtags": [], "topic": "infrastructure", "tweet_urls": ["https://t.co/mO7ZjDmf56"], "date": {"hour": 5, "month": 11, "iso": "2018-11-14T05:30:00", "year": 2018, "day": 14, "minute": 30}, "geo": null, "id": 1062578371907878913, "lang": "es", "emoticons": [], "user_id": 948683648, "coordinates": null, "source": "TweetDeck", "location": "MexicoCity", "mentions": []}, {"truncated": true, "text": "\"Un ejemplo de esta complicidad, agrega, es el caso de Joaqu\u00edn \"El Chapo\" Guzm\u00e1n quien, a pesar de haber sido deten\u2026", "hashtags": [], "topic": "infrastructure", "tweet_urls": ["https://t.co/H1Sp3SAUkE"], "date": {"hour": 5, "month": 11, "iso": "2018-11-14T05:18:46", "year": 2018, "day": 14, "minute": 18}, "geo": null, "id": 1062575545869840384, "lang": "es", "emoticons": [], "user_id": 875564809160347649, "coordinates": null, "source": "Twitter Web Client", "location": "MexicoCity", "mentions": []}, {"truncated": true, "text": "\u201cLos dem\u00f3cratas tienen dos opciones: hacerle la vida imposible en todo a Trump o tratar de colaborar en inversi\u00f3n e\u2026", "hashtags": [], "topic": "infrastructure", "tweet_urls": ["https://t.co/K6gLNt7qKu"], "date": {"hour": 4, "month": 11, "iso": "2018-11-14T04:59:28", "year": 2018, "day": 14, "minute": 59}, "geo": null, "id": 1062570689566142464, "lang": "es", "emoticons": [], "user_id": 109651819, "coordinates": null, "source": "SnappyTV.com", "location": "MexicoCity", "mentions": []}, {"truncated": true, "text": "As\u00ed es.\n\nY para eso es importante dialogar, y no acusar.\n\nLa infraestructura segura tiene t\u00e9cnica detr\u00e1s, disminuye\u2026", "hashtags": [], "topic": "infrastructure", "tweet_urls": ["https://t.co/u4wjNA1O9j"], "date": {"hour": 4, "month": 11, "iso": "2018-11-14T04:55:28", "year": 2018, "day": 14, "minute": 55}, "geo": null, "id": 1062569683390357505, "lang": "es", "emoticons": [], "user_id": 119588187, "coordinates": null, "source": "Twitter for Android", "location": "MexicoCity", "mentions": []}, {"truncated": true, "text": "No seas mentiroso. Nunca hablo de revisar el contrato de la NFL. Solo\u2026", "hashtags": [], "topic": "infrastructure", "tweet_urls": ["https://t.co/6tTYfEjOdb"], "date": {"hour": 3, "month": 11, "iso": "2018-11-14T03:58:29", "year": 2018, "day": 14, "minute": 58}, "geo": null, "id": 1062555340204519424, "lang": "es", "emoticons": [], "user_id": 71896399, "coordinates": null, "source": "Twitter for Android", "location": "MexicoCity", "mentions": ["@cierrehem", "@Rivera_al2", "@JosePabloCoello", "@NFL"]}, {"truncated": false, "text": "P\u00e9sima gesti\u00f3n de proyectos e infraestructura \ud83c\udffb\u200d\ufe0f\ud83c\udffb\u200d\ufe0f\ud83c\udffb\u200d\ufe0f Ojal\u00e1 no nos cueste un castigo", "hashtags": [], "topic": "infrastructure", "tweet_urls": [], "date": {"hour": 3, "month": 11, "iso": "2018-11-14T03:35:50", "year": 2018, "day": 14, "minute": 35}, "geo": null, "id": 1062549643450638336, "lang": "es", "emoticons": ["\ud83e\udd26", "\u2642"], "user_id": 264062313, "coordinates": null, "source": "Twitter for iPhone", "location": "MexicoCity", "mentions": ["@EstadioAzteca"]}, {"truncated": true, "text": "Estamos diciendo lo mismo con palabras distintas, Cecilia. Si el se\u00f1or L\u00f3pez Obrador quiere impu\u2026", "hashtags": [], "topic": "infrastructure", "tweet_urls": ["https://t.co/RZ8z7dgx78"], "date": {"hour": 3, "month": 11, "iso": "2018-11-14T03:27:03", "year": 2018, "day": 14, "minute": 27}, "geo": null, "id": 1062547432318398465, "lang": "es", "emoticons": [], "user_id": 15663355, "coordinates": null, "source": "Twitter for iPad", "location": "MexicoCity", "mentions": ["@ceciliasotog", "@onu"]}, {"truncated": true, "text": "m\u00e1s del 70% de la poblaci\u00f3n NO utiliza coche para para trasladarse en la CDMX, sin embargo\u2026", "hashtags": [], "topic": "infrastructure", "tweet_urls": ["https://t.co/orUHILvKt5", "https://t.co/Logudv9hlb"], "date": {"hour": 2, "month": 11, "iso": "2018-11-14T02:26:25", "year": 2018, "day": 14, "minute": 26}, "geo": null, "id": 1062532170638606337, "lang": "es", "emoticons": [], "user_id": 61839769, "coordinates": null, "source": "Twitter for Android", "location": "MexicoCity", "mentions": []}, {"truncated": false, "text": "Wembley seguir\u00e1 con partidos de NFL. Lo peor, 3s que tan solo en Londres hay m\u00e1s infraestructura que en todo M\u00e9xico", "hashtags": [], "topic": "infrastructure", "tweet_urls": [], "date": {"hour": 2, "month": 11, "iso": "2018-11-14T02:06:38", "year": 2018, "day": 14, "minute": 6}, "geo": null, "id": 1062527192767315969, "lang": "es", "emoticons": [], "user_id": 137575915, "coordinates": null, "source": "Twitter for Android", "location": "MexicoCity", "mentions": ["@gap_mar"]}, {"truncated": false, "text": "L\u00f3pez Obrador someter\u00e1 a consulta en dos semanas otros proyectos de infraestructura", "hashtags": [], "topic": "infrastructure", "tweet_urls": ["https://t.co/Fm6k98gruN", "https://t.co/HHLrs4ApJE"], "date": {"hour": 1, "month": 11, "iso": "2018-11-14T01:51:51", "year": 2018, "day": 14, "minute": 51}, "geo": null, "id": 1062523475636686849, "lang": "es", "emoticons": [], "user_id": 586963883, "coordinates": null, "source": "PermexTweets", "location": "MexicoCity", "mentions": []}, {"truncated": true, "text": "Me encuentro en reuni\u00f3n con mi equipo de trabajo del \u00e1rea de Infraestructura Hidr\u00e1ulica para checar avances de obra\u2026", "hashtags": [], "topic": "infrastructure", "tweet_urls": ["https://t.co/1LjNoYkJkQ"], "date": {"hour": 1, "month": 11, "iso": "2018-11-14T01:37:18", "year": 2018, "day": 14, "minute": 37}, "geo": null, "id": 1062519812037971969, "lang": "es", "emoticons": [], "user_id": 1004078654689894405, "coordinates": null, "source": "Twitter for Android", "location": "MexicoCity", "mentions": []}, {"truncated": true, "text": "represento a un servicio de paqueteria,socio comercial de DHL, trabajando con su infraestructura y pre\u2026", "hashtags": [], "topic": "infrastructure", "tweet_urls": ["https://t.co/nnF6QfLxCk"], "date": {"hour": 1, "month": 11, "iso": "2018-11-14T01:20:08", "year": 2018, "day": 14, "minute": 20}, "geo": null, "id": 1062515490323619845, "lang": "es", "emoticons": [], "user_id": 2960999991, "coordinates": null, "source": "Twitter Lite", "location": "MexicoCity", "mentions": ["@moiseshamui"]}, {"truncated": true, "text": "represento a un servicio de paqueteria,socio comercial de DHL, trabajando con su infraestructura y precios\u2026", "hashtags": [], "topic": "infrastructure", "tweet_urls": ["https://t.co/9X6of9HqHQ"], "date": {"hour": 1, "month": 11, "iso": "2018-11-14T01:15:48", "year": 2018, "day": 14, "minute": 15}, "geo": null, "id": 1062514402476412929, "lang": "es", "emoticons": [], "user_id": 2960999991, "coordinates": null, "source": "Twitter Lite", "location": "MexicoCity", "mentions": ["@RaqShab"]}, {"truncated": true, "text": "existe alg\u00fan status de esta petici\u00f3n en relaci\u00f3n a proporcionar instalaciones e in\u2026", "hashtags": [], "topic": "infrastructure", "tweet_urls": ["https://t.co/Z9aYZVRS5L"], "date": {"hour": 1, "month": 11, "iso": "2018-11-14T01:04:07", "year": 2018, "day": 14, "minute": 4}, "geo": null, "id": 1062511460662693889, "lang": "es", "emoticons": [], "user_id": 329443965, "coordinates": null, "source": "Twitter for iPhone", "location": "MexicoCity", "mentions": ["@AlcCuajimalpa", "@AdrianRubalcava"]}, {"truncated": true, "text": "Una es una excelente forma de expandirte en otra regi\u00f3n, sin preocuparte en trasladar toda tu infra\u2026", "hashtags": ["#OficinaVirtual"], "topic": "infrastructure", "tweet_urls": ["https://t.co/K1gnnTA5qm"], "date": {"hour": 1, "month": 11, "iso": "2018-11-14T01:00:01", "year": 2018, "day": 14, "minute": 0}, "geo": null, "id": 1062510428851331073, "lang": "es", "emoticons": [], "user_id": 2873988449, "coordinates": null, "source": "Twitter Ads Composer", "location": "MexicoCity", "mentions": []}, {"truncated": true, "text": "\u00danete al equipo de profesionales inmobiliarios. \nCENTURY 21 APOLO te ofrece la oportunidad de ser un profesional in\u2026", "hashtags": [], "topic": "infrastructure", "tweet_urls": ["https://t.co/DyG6hj3cjs"], "date": {"hour": 0, "month": 11, "iso": "2018-11-14T00:57:07", "year": 2018, "day": 14, "minute": 57}, "geo": null, "id": 1062509697847169025, "lang": "es", "emoticons": [], "user_id": 180650845, "coordinates": null, "source": "Facebook", "location": "MexicoCity", "mentions": []}, {"truncated": true, "text": "La Comisi\u00f3n de Desarrollo e Infraestructura Urbana y Vivienda se re\u00fane con el Movimiento Urbano Popular\u2026", "hashtags": ["#AlMomento|"], "topic": "infrastructure", "tweet_urls": ["https://t.co/qV1I3tZK8M"], "date": {"hour": 0, "month": 11, "iso": "2018-11-14T00:10:36", "year": 2018, "day": 14, "minute": 10}, "geo": null, "id": 1062497994107424768, "lang": "es", "emoticons": [], "user_id": 115765618, "coordinates": null, "source": "Twitter for iPhone", "location": "MexicoCity", "mentions": []}, {"truncated": false, "text": "Dijo la intelectual que va a marchar porque infraestructura aeroportuaria = c\u00faspide del progreso jeez", "hashtags": [], "topic": "infrastructure", "tweet_urls": ["https://t.co/D2M6i45xRJ"], "date": {"hour": 23, "month": 11, "iso": "2018-11-13T23:45:53", "year": 2018, "day": 13, "minute": 45}, "geo": null, "id": 1062491771165425665, "lang": "es", "emoticons": ["\ud83d\ude44"], "user_id": 42760457, "coordinates": null, "source": "Twitter for iPhone", "location": "MexicoCity", "mentions": []}, {"truncated": true, "text": "Las obras de infraestructura que dejar\u00e1 inconclusas la presente Administraci\u00f3n ser\u00e1n la prioridad del presupuesto 2\u2026", "hashtags": [], "topic": "infrastructure", "tweet_urls": ["https://t.co/aoPCHshQBq"], "date": {"hour": 23, "month": 11, "iso": "2018-11-13T23:40:59", "year": 2018, "day": 13, "minute": 40}, "geo": null, "id": 1062490539243827200, "lang": "es", "emoticons": [], "user_id": 33543881, "coordinates": null, "source": "GR_Feed", "location": "MexicoCity", "mentions": []}, {"truncated": true, "text": "La infraestructura de TI, toda la logistica de puntos de venta, las medidas de seguridad en la impresi\u00f3n, e\u2026", "hashtags": [], "topic": "infrastructure", "tweet_urls": ["https://t.co/z4fWT6QQRz"], "date": {"hour": 23, "month": 11, "iso": "2018-11-13T23:36:30", "year": 2018, "day": 13, "minute": 36}, "geo": null, "id": 1062489410170769408, "lang": "es", "emoticons": [], "user_id": 34087848, "coordinates": null, "source": "Twitter for iPhone", "location": "MexicoCity", "mentions": ["@fratta"]}, {"truncated": true, "text": "\u201cNo queremos reinventar la rueda, hay mucha infraestructura en la ciudad que ya existe, lo que queremos es reutiliz\u2026", "hashtags": [], "topic": "infrastructure", "tweet_urls": ["https://t.co/26CaCoNJcq"], "date": {"hour": 23, "month": 11, "iso": "2018-11-13T23:08:31", "year": 2018, "day": 13, "minute": 8}, "geo": null, "id": 1062482369867931649, "lang": "es", "emoticons": [], "user_id": 14917589, "coordinates": null, "source": "Twitter Web Client", "location": "MexicoCity", "mentions": []}, {"truncated": true, "text": "En te brindamos soluciones que simplifican y te ayudan a automatizar tu infraestructura, reduciendo e\u2026", "hashtags": [], "topic": "infrastructure", "tweet_urls": ["https://t.co/lo0744iuY3"], "date": {"hour": 22, "month": 11, "iso": "2018-11-13T22:59:24", "year": 2018, "day": 13, "minute": 59}, "geo": null, "id": 1062480073847136256, "lang": "es", "emoticons": [], "user_id": 114995507, "coordinates": null, "source": "Twitter for Android", "location": "MexicoCity", "mentions": ["@TotalplayEmp"]}, {"truncated": false, "text": "Las obras de infraestructura que prometi\u00f3 Pe\u00f1a Nieto, en opacidad y con retrasos | Pe\u00f1a Nieto firm\u00f3. \u00bfCumpli\u00f3?", "hashtags": [], "topic": "infrastructure", "tweet_urls": ["https://t.co/7PmmwEihDO"], "date": {"hour": 22, "month": 11, "iso": "2018-11-13T22:25:45", "year": 2018, "day": 13, "minute": 25}, "geo": null, "id": 1062471605299896322, "lang": "es", "emoticons": [], "user_id": 172783574, "coordinates": null, "source": "Facebook", "location": "MexicoCity", "mentions": []}, {"truncated": true, "text": "La cancelaci\u00f3n del vs nos hace volver a la \u00e9poca que vino en 1981, y que no se sab\u2026", "hashtags": [], "topic": "infrastructure", "tweet_urls": ["https://t.co/1uTpEc8A06"], "date": {"hour": 22, "month": 11, "iso": "2018-11-13T22:13:09", "year": 2018, "day": 13, "minute": 13}, "geo": null, "id": 1062468436624896001, "lang": "es", "emoticons": [], "user_id": 205970180, "coordinates": null, "source": "Twitter for iPhone", "location": "MexicoCity", "mentions": ["@Chiefs", "@RamsNFL,", "@QueenWillRock"]}, {"truncated": true, "text": "Participando en el Seminario de Buenas Pr\u00e1cticas FAIS 2018. Con el Fondo de Aportaciones para la Infraestructura So\u2026", "hashtags": [], "topic": "infrastructure", "tweet_urls": ["https://t.co/WIKeljrayD"], "date": {"hour": 20, "month": 11, "iso": "2018-11-13T20:55:13", "year": 2018, "day": 13, "minute": 55}, "geo": null, "id": 1062448823048507392, "lang": "es", "emoticons": [], "user_id": 744962656990199809, "coordinates": null, "source": "Twitter for iPhone", "location": "MexicoCity", "mentions": []}, {"truncated": true, "text": "yo tambi\u00e9n ruedo en Atizap\u00e1n y sufro los mismo embates con los autos y camiones que tr\u2026", "hashtags": [], "topic": "infrastructure", "tweet_urls": ["https://t.co/yc2qVxKMVV"], "date": {"hour": 20, "month": 11, "iso": "2018-11-13T20:13:05", "year": 2018, "day": 13, "minute": 13}, "geo": null, "id": 1062438219155824640, "lang": "es", "emoticons": [], "user_id": 55370066, "coordinates": null, "source": "Twitter Web Client", "location": "MexicoCity", "mentions": ["@AldoXperiaZ2", "@hola_atizapan"]}, {"truncated": false, "text": "Espera el ICED mayor presupuesto 2019 para infraestructura v\u00eda", "hashtags": [], "topic": "infrastructure", "tweet_urls": ["https://t.co/5zsQsWjsrl"], "date": {"hour": 20, "month": 11, "iso": "2018-11-13T20:11:23", "year": 2018, "day": 13, "minute": 11}, "geo": null, "id": 1062437792683192320, "lang": "es", "emoticons": [], "user_id": 164349022, "coordinates": null, "source": "Twitter Web Client", "location": "MexicoCity", "mentions": ["@\u00d3raleQChiquito"]}, {"truncated": true, "text": "Por lo menos se requieren 2 a\u00f1os de planeaci\u00f3n para estos mega proyectos. Si no se planean bien tienen todas las pr\u2026", "hashtags": [], "topic": "infrastructure", "tweet_urls": ["https://t.co/VJIXSTDRrN"], "date": {"hour": 20, "month": 11, "iso": "2018-11-13T20:11:07", "year": 2018, "day": 13, "minute": 11}, "geo": null, "id": 1062437725415137281, "lang": "es", "emoticons": [], "user_id": 125860250, "coordinates": null, "source": "Twitter for iPhone", "location": "MexicoCity", "mentions": []}, {"truncated": true, "text": "Si lleva acento, s\u00ed es afirmaci\u00f3n. Los adjetivos no construyen, los argumentos con evidencia, s\u00ed.\n\nExi\u2026", "hashtags": [], "topic": "infrastructure", "tweet_urls": ["https://t.co/Q3oRPDXzfN"], "date": {"hour": 19, "month": 11, "iso": "2018-11-13T19:52:35", "year": 2018, "day": 13, "minute": 52}, "geo": null, "id": 1062433061013544962, "lang": "es", "emoticons": [], "user_id": 23962212, "coordinates": null, "source": "Twitter for Android", "location": "MexicoCity", "mentions": ["@Patinegrete"]}, {"truncated": false, "text": "\u00a1No a ciclo v\u00eda elevada!\nNecesitamos infraestructura integral.", "hashtags": [], "topic": "infrastructure", "tweet_urls": ["https://t.co/vGNpK1gpCn"], "date": {"hour": 19, "month": 11, "iso": "2018-11-13T19:51:35", "year": 2018, "day": 13, "minute": 51}, "geo": null, "id": 1062432811066494977, "lang": "es", "emoticons": [], "user_id": 53113229, "coordinates": null, "source": "Twitter for iPhone", "location": "MexicoCity", "mentions": []}, {"truncated": true, "text": "\u00bfQu\u00e9 evidencia confirma que es mal habido? Si se confirmara de alg\u00fan asistente,\u2026", "hashtags": [], "topic": "infrastructure", "tweet_urls": ["https://t.co/LKAMlmQ831"], "date": {"hour": 19, "month": 11, "iso": "2018-11-13T19:46:43", "year": 2018, "day": 13, "minute": 46}, "geo": null, "id": 1062431583473405953, "lang": "es", "emoticons": [], "user_id": 23962212, "coordinates": null, "source": "Twitter for Android", "location": "MexicoCity", "mentions": ["@Patinegrete", "@Nitz90610", "@luispazos1"]}, {"truncated": true, "text": "Qu\u00e9 no se supone que ser\u00eda el sustituto de las viejas e inoperantes rutas? \nSi todas\u2026", "hashtags": [], "topic": "infrastructure", "tweet_urls": ["https://t.co/BHq0z9NE3F"], "date": {"hour": 19, "month": 11, "iso": "2018-11-13T19:41:51", "year": 2018, "day": 13, "minute": 41}, "geo": null, "id": 1062430359583932416, "lang": "es", "emoticons": [], "user_id": 188362102, "coordinates": null, "source": "Twitter for Android", "location": "MexicoCity", "mentions": ["@JCarlos_Valerio", "@RUTA_Puebla"]}, {"truncated": true, "text": "Mi nuevo art\u00edculo sobre publicado con J\u00e9r\u00f4me Monnet y Gu\u00e9nola Capron. \n\n\"Infraestructura pea\u2026", "hashtags": ["#banquetas", "#movilidad,"], "topic": "infrastructure", "tweet_urls": ["https://t.co/yTm6xLRhwJ"], "date": {"hour": 19, "month": 11, "iso": "2018-11-13T19:27:28", "year": 2018, "day": 13, "minute": 27}, "geo": null, "id": 1062426738708275200, "lang": "es", "emoticons": [], "user_id": 281316561, "coordinates": null, "source": "Twitter Web Client", "location": "MexicoCity", "mentions": []}, {"truncated": true, "text": "Coloca Mota\u2013Engil M\u00e9xico CERPIs por 3,000 mdp en la para proyectos de infraestructura, energ\u00eda y turis\u2026", "hashtags": [], "topic": "infrastructure", "tweet_urls": ["https://t.co/rvmKFpMzxF"], "date": {"hour": 18, "month": 11, "iso": "2018-11-13T18:52:36", "year": 2018, "day": 13, "minute": 52}, "geo": null, "id": 1062417963809230848, "lang": "es", "emoticons": [], "user_id": 156004146, "coordinates": null, "source": "Hootsuite Inc.", "location": "MexicoCity", "mentions": ["@BMVMercados"]}, {"truncated": false, "text": "tendr\u00e1 nueva infraestructura para beneficiar ciclistas", "hashtags": ["#CDMX"], "topic": "infrastructure", "tweet_urls": ["https://t.co/aMzZz7Ohye"], "date": {"hour": 18, "month": 11, "iso": "2018-11-13T18:42:01", "year": 2018, "day": 13, "minute": 42}, "geo": null, "id": 1062415303999741963, "lang": "es", "emoticons": [], "user_id": 104231063, "coordinates": null, "source": "El Semanario", "location": "MexicoCity", "mentions": []}, {"truncated": true, "text": "Ing. Roberto Aguerrebere, director del lleva a cabo una reflexi\u00f3n sobre la Movilidad y el Transporte, y los\u2026", "hashtags": [], "topic": "infrastructure", "tweet_urls": ["https://t.co/i2muyn1r9K"], "date": {"hour": 18, "month": 11, "iso": "2018-11-13T18:41:18", "year": 2018, "day": 13, "minute": 41}, "geo": null, "id": 1062415122562314240, "lang": "es", "emoticons": [], "user_id": 2868230539, "coordinates": null, "source": "Twitter for Android", "location": "MexicoCity", "mentions": ["@IMT_mx"]}, {"truncated": true, "text": "Nuestra visi\u00f3n, corresponsabilidad:\n* Capa\u2026", "hashtags": [], "topic": "infrastructure", "tweet_urls": ["https://t.co/Jbgn2o0wrt"], "date": {"hour": 18, "month": 11, "iso": "2018-11-13T18:27:42", "year": 2018, "day": 13, "minute": 27}, "geo": null, "id": 1062411700589207552, "lang": "es", "emoticons": [], "user_id": 2291402894, "coordinates": null, "source": "Twitter Web Client", "location": "MexicoCity", "mentions": ["@pacodeanda", "@ruthtzin", "@Claudiashein", "@andreslajous", "@SSP_CDMX", "@CDMX_Semovi"]}, {"truncated": true, "text": "La relaci\u00f3n energ\u00e9tica con Estados Unidos es muy s\u00f3lida e interdependiente, donde la infraestructura en\u2026", "hashtags": ["#EsNoticia."], "topic": "infrastructure", "tweet_urls": ["https://t.co/eqmoTuMvjB"], "date": {"hour": 18, "month": 11, "iso": "2018-11-13T18:17:06", "year": 2018, "day": 13, "minute": 17}, "geo": null, "id": 1062409030168166407, "lang": "es", "emoticons": [], "user_id": 2170546969, "coordinates": null, "source": "AgoraPulse Manager", "location": "MexicoCity", "mentions": []}, {"truncated": false, "text": "La infraestructura hiper convergente permite ir al nivel m\u00e1s alto de la nube h\u00edbrida. El de", "hashtags": ["#ChannelConnect"], "topic": "infrastructure", "tweet_urls": [], "date": {"hour": 18, "month": 11, "iso": "2018-11-13T18:13:05", "year": 2018, "day": 13, "minute": 13}, "geo": null, "id": 1062408020515205120, "lang": "es", "emoticons": [], "user_id": 222634243, "coordinates": null, "source": "Twitter for Android", "location": "MexicoCity", "mentions": ["@MSFTMexico"]}, {"truncated": true, "text": "Somos especialistas en de ma\u2026", "hashtags": ["#evaluaci\u00f3n", "#redes,", "#Dise\u00f1odeproyectos,", "#infraestructura,", "#cuartodetelecomunicaciones,"], "topic": "infrastructure", "tweet_urls": ["https://t.co/oe4pMqB1pb"], "date": {"hour": 18, "month": 11, "iso": "2018-11-13T18:10:43", "year": 2018, "day": 13, "minute": 10}, "geo": null, "id": 1062407427134447617, "lang": "es", "emoticons": [], "user_id": 1059925908067278848, "coordinates": null, "source": "Twitter Web Client", "location": "MexicoCity", "mentions": []}, {"truncated": false, "text": "L\u00f3pez Obrador someter\u00e1 a consulta en dos semanas otros proyectos de infraestructura v\u00eda", "hashtags": [], "topic": "infrastructure", "tweet_urls": ["https://t.co/VJwL5lR1nz"], "date": {"hour": 18, "month": 11, "iso": "2018-11-13T18:09:38", "year": 2018, "day": 13, "minute": 9}, "geo": null, "id": 1062407154152493056, "lang": "es", "emoticons": [], "user_id": 121796667, "coordinates": null, "source": "Twitter Web Client", "location": "MexicoCity", "mentions": ["@elpais_inter"]}, {"truncated": true, "text": "Ser\u00eda lo mejor. Ese estadio es una verg\u00fcenza. Si queremos mundial en M\u00e9xico hay que empezar por invertir en la infr\u2026", "hashtags": [], "topic": "infrastructure", "tweet_urls": ["https://t.co/G6gtSpgQr8"], "date": {"hour": 18, "month": 11, "iso": "2018-11-13T18:06:06", "year": 2018, "day": 13, "minute": 6}, "geo": null, "id": 1062406262971875328, "lang": "es", "emoticons": [], "user_id": 161318286, "coordinates": null, "source": "Twitter for Android", "location": "MexicoCity", "mentions": []}, {"truncated": true, "text": "La ampliaci\u00f3n del \u00e1rea natural y su decreto como Parque Nalacional Revillagigedo fu\u00e9 con el objetivo de salvaguarda\u2026", "hashtags": [], "topic": "infrastructure", "tweet_urls": ["https://t.co/un6uIloSFF"], "date": {"hour": 18, "month": 11, "iso": "2018-11-13T18:00:48", "year": 2018, "day": 13, "minute": 0}, "geo": null, "id": 1062404931527811073, "lang": "es", "emoticons": [], "user_id": 1006728752, "coordinates": null, "source": "Twitter for Android", "location": "MexicoCity", "mentions": []}, {"truncated": true, "text": "Si es cierto. Deber\u00edamos estar mejorando la infraestructura para bicicletas y transportes h\u00edbridos.\u2026", "hashtags": [], "topic": "infrastructure", "tweet_urls": ["https://t.co/fDM7y86FRN"], "date": {"hour": 17, "month": 11, "iso": "2018-11-13T17:45:29", "year": 2018, "day": 13, "minute": 45}, "geo": null, "id": 1062401077423808515, "lang": "es", "emoticons": [], "user_id": 36520710, "coordinates": null, "source": "Twitter for iPhone", "location": "MexicoCity", "mentions": ["@beltrandelrio"]}, {"truncated": true, "text": "Tuve el gusto de asistir al Seminario de buenas pr\u00e1cticas FAIS 2018 (Fondo de Aportaciones para la Infraestructura\u2026", "hashtags": [], "topic": "infrastructure", "tweet_urls": ["https://t.co/JViIPt1v2z"], "date": {"hour": 17, "month": 11, "iso": "2018-11-13T17:31:03", "year": 2018, "day": 13, "minute": 31}, "geo": null, "id": 1062397443747315712, "lang": "es", "emoticons": [], "user_id": 143955704, "coordinates": null, "source": "Sprout Social", "location": "MexicoCity", "mentions": []}, {"truncated": false, "text": "Y una calle que en un a\u00f1o va a necesitar otro relaminado igual. Infraestructura peatonal esa te va a durar muchos a\u00f1os.", "hashtags": [], "topic": "infrastructure", "tweet_urls": [], "date": {"hour": 17, "month": 11, "iso": "2018-11-13T17:06:59", "year": 2018, "day": 13, "minute": 6}, "geo": null, "id": 1062391384726953985, "lang": "es", "emoticons": [], "user_id": 144391877, "coordinates": null, "source": "Twitter for Android", "location": "MexicoCity", "mentions": ["@dobbyloca"]}, {"truncated": true, "text": "8a. En mi opini\u00f3n, D\u00edaz se preocupa m\u00e1s por su legado que por una mejora en las condiciones del pueblo. Todo el pro\u2026", "hashtags": [], "topic": "infrastructure", "tweet_urls": ["https://t.co/gtUlePEH3t"], "date": {"hour": 16, "month": 11, "iso": "2018-11-13T16:50:05", "year": 2018, "day": 13, "minute": 50}, "geo": null, "id": 1062387135251210241, "lang": "es", "emoticons": [], "user_id": 144406599, "coordinates": null, "source": "Twitter for Android", "location": "MexicoCity", "mentions": []}, {"truncated": false, "text": "Entiendan chairos porque un gobierno dan concesiones en infraestructura...\nNo es cosa f\u00e1cil...", "hashtags": [], "topic": "infrastructure", "tweet_urls": ["https://t.co/Mhny8q39xg"], "date": {"hour": 16, "month": 11, "iso": "2018-11-13T16:12:36", "year": 2018, "day": 13, "minute": 12}, "geo": null, "id": 1062377701170970630, "lang": "es", "emoticons": [], "user_id": 32312605, "coordinates": null, "source": "Facebook", "location": "MexicoCity", "mentions": []}, {"truncated": true, "text": "Certif\u00edcate como Perito Profesional en Gerencia de Proyectos de Infraestructura\nRevisa la convocatoria en\u2026", "hashtags": [], "topic": "infrastructure", "tweet_urls": ["https://t.co/iGx2upe5p4"], "date": {"hour": 16, "month": 11, "iso": "2018-11-13T16:01:06", "year": 2018, "day": 13, "minute": 1}, "geo": null, "id": 1062374808153927681, "lang": "es", "emoticons": [], "user_id": 314220707, "coordinates": null, "source": "Hootsuite Inc.", "location": "MexicoCity", "mentions": []}, {"truncated": true, "text": "\u00danete al equipo de profesionales inmobiliarios. \nCENTURY 21 APOLO te ofrece la oportunidad de ser un profesional in\u2026", "hashtags": [], "topic": "infrastructure", "tweet_urls": ["https://t.co/MpsD4Mkd0K"], "date": {"hour": 15, "month": 11, "iso": "2018-11-13T15:49:12", "year": 2018, "day": 13, "minute": 49}, "geo": null, "id": 1062371813647360002, "lang": "es", "emoticons": [], "user_id": 180650845, "coordinates": null, "source": "Facebook", "location": "MexicoCity", "mentions": []}, {"truncated": false, "text": "Falta de infraestructura provoc\u00f3 Alerta de G\u00e9nero en municipios de Durango: Fiscal", "hashtags": ["#LoM\u00e1sLe\u00eddo"], "topic": "infrastructure", "tweet_urls": ["https://t.co/xe5ETYTC8f"], "date": {"hour": 15, "month": 11, "iso": "2018-11-13T15:49:02", "year": 2018, "day": 13, "minute": 49}, "geo": null, "id": 1062371770844528645, "lang": "es", "emoticons": [], "user_id": 1380764066, "coordinates": null, "source": "CapitalMX_", "location": "MexicoCity", "mentions": []}, {"truncated": true, "text": "De \u2018Los desarrolladores han abandonado cientos de estos complejos sin completar la infraestructura, provocan\u2026", "hashtags": ["#Homex"], "topic": "infrastructure", "tweet_urls": ["https://t.co/U5srQ9KRfY"], "date": {"hour": 15, "month": 11, "iso": "2018-11-13T15:24:46", "year": 2018, "day": 13, "minute": 24}, "geo": null, "id": 1062365662356467712, "lang": "es", "emoticons": [], "user_id": 18788863, "coordinates": null, "source": "Twitter for iPhone", "location": "MexicoCity", "mentions": []}, {"truncated": false, "text": "L\u00f3pez Obrador someter\u00e1 a consulta en dos semanas otros proyectos de infraestructura", "hashtags": [], "topic": "infrastructure", "tweet_urls": ["https://t.co/2TzMTiir49", "https://t.co/9C4xFv4rDc"], "date": {"hour": 15, "month": 11, "iso": "2018-11-13T15:10:19", "year": 2018, "day": 13, "minute": 10}, "geo": null, "id": 1062362024640942081, "lang": "es", "emoticons": [], "user_id": 586963883, "coordinates": null, "source": "PermexTweets", "location": "MexicoCity", "mentions": []}, {"truncated": true, "text": "Las de este martes 13 de noviembre del 2018. Destacan: \n1) Habr\u00e1 consulta para el Tren Maya y otros\u2026", "hashtags": ["#PrimerasPlanas"], "topic": "infrastructure", "tweet_urls": ["https://t.co/IECKp2mYwl"], "date": {"hour": 15, "month": 11, "iso": "2018-11-13T15:01:49", "year": 2018, "day": 13, "minute": 1}, "geo": null, "id": 1062359887030767616, "lang": "es", "emoticons": [], "user_id": 97348985, "coordinates": null, "source": "Twitter Web Client", "location": "MexicoCity", "mentions": []}, {"truncated": true, "text": "ofrece el \u00fanico sistema 100% dise\u00f1ado de acuerdo a las necesidades de la industria", "hashtags": ["#Enkontrol", "#construcci\u00f3n\u2026"], "topic": "infrastructure", "tweet_urls": ["https://t.co/IETgwSOT2A"], "date": {"hour": 14, "month": 11, "iso": "2018-11-13T14:00:37", "year": 2018, "day": 13, "minute": 0}, "geo": null, "id": 1062344484661460994, "lang": "es", "emoticons": [], "user_id": 156004146, "coordinates": null, "source": "Hootsuite Inc.", "location": "MexicoCity", "mentions": []}]