[{"truncated": true, "text": "Join us in making the world a better place - by discovering a cure for cancer, protecting the environment, or makin\u2026", "hashtags": [], "topic": "environment", "tweet_urls": ["https://t.co/GoSNFxEd5d"], "date": {"hour": 19, "month": 11, "iso": "2018-11-04T19:08:10", "year": 2018, "day": 4, "minute": 8}, "geo": {"type": "Point", "coordinates": [19.4326077, -99.133208]}, "id": 1059160393241653249, "lang": "en", "emoticons": [], "user_id": 633894355, "coordinates": {"type": "Point", "coordinates": [-99.133208, 19.4326077]}, "source": "CareerArc 2.0", "location": "MexicoCity", "mentions": []}, {"truncated": true, "text": "\u201cIn an uncertain and unforgiving environment, following the\n madness of crowds is a good way\u2026", "hashtags": [], "topic": "environment", "tweet_urls": ["https://t.co/SQaP4CX48m"], "date": {"hour": 1, "month": 11, "iso": "2018-11-04T01:07:25", "year": 2018, "day": 4, "minute": 7}, "geo": null, "id": 1058888411002662912, "lang": "en", "emoticons": [], "user_id": 946758122, "coordinates": null, "source": "Twitter for iPad", "location": "MexicoCity", "mentions": []}, {"truncated": true, "text": "Mientras Brasil busca destruir el medio ambiente, M\u00e9xico muestra c\u00f3mo podemos defenderlo.\n\nAs Brazil looks to destr\u2026", "hashtags": [], "topic": "environment", "tweet_urls": ["https://t.co/wo7L0dCtZW"], "date": {"hour": 0, "month": 11, "iso": "2018-11-04T00:15:03", "year": 2018, "day": 4, "minute": 15}, "geo": null, "id": 1058875232419831808, "lang": "es", "emoticons": [], "user_id": 132623708, "coordinates": null, "source": "Twitter for Android", "location": "MexicoCity", "mentions": []}, {"truncated": true, "text": "After 31 teams participated at we are very happy and proud our 3 teams from are in th\u2026", "hashtags": ["#CamputSantaFe"], "topic": "environment", "tweet_urls": ["https://t.co/8QXw0wYSBb"], "date": {"hour": 22, "month": 11, "iso": "2018-11-03T22:13:38", "year": 2018, "day": 3, "minute": 13}, "geo": null, "id": 1058844676860579840, "lang": "en", "emoticons": [], "user_id": 2346224084, "coordinates": null, "source": "Twitter for Android", "location": "MexicoCity", "mentions": ["@TECcampusPUE"]}, {"truncated": true, "text": "There were literally only two high schools where I lived -- one was decent but no where near the facilit\u2026", "hashtags": [], "topic": "environment", "tweet_urls": ["https://t.co/lqW1Q2ryGt"], "date": {"hour": 18, "month": 11, "iso": "2018-11-03T18:37:55", "year": 2018, "day": 3, "minute": 37}, "geo": null, "id": 1058790390826971141, "lang": "en", "emoticons": [], "user_id": 913153515190652929, "coordinates": null, "source": "Twitter Web Client", "location": "MexicoCity", "mentions": ["@bryanAR92"]}, {"truncated": true, "text": "La contaminaci\u00f3n atmosf\u00e9rica es el \"nuevo tabaco\" El advierte diciendo que el simple act\u2026", "hashtags": ["#HablemosDeSalud"], "topic": "environment", "tweet_urls": ["https://t.co/dsJrM3eNv5"], "date": {"hour": 18, "month": 11, "iso": "2018-11-03T18:01:34", "year": 2018, "day": 3, "minute": 1}, "geo": null, "id": 1058781242320175104, "lang": "es", "emoticons": [], "user_id": 121445519, "coordinates": null, "source": "Twitter Web Client", "location": "MexicoCity", "mentions": ["@DrTedros"]}, {"truncated": true, "text": "In our diverse work environment, you\u2019ll be inspired by colleagues &amp; empowered to exercise your imagination on real-\u2026", "hashtags": [], "topic": "environment", "tweet_urls": ["https://t.co/trvUZNuanx"], "date": {"hour": 16, "month": 11, "iso": "2018-11-03T16:37:43", "year": 2018, "day": 3, "minute": 37}, "geo": {"type": "Point", "coordinates": [19.4326077, -99.133208]}, "id": 1058760144723427328, "lang": "en", "emoticons": [], "user_id": 634222614, "coordinates": {"type": "Point", "coordinates": [-99.133208, 19.4326077]}, "source": "CareerArc 2.0", "location": "MexicoCity", "mentions": []}, {"truncated": true, "text": "The world has two years to secure a deal for nature to halt a \u2018silent killer\u2019 as dangerous as climate change, says\u2026", "hashtags": [], "topic": "environment", "tweet_urls": ["https://t.co/EklABtGoqh"], "date": {"hour": 14, "month": 11, "iso": "2018-11-03T14:26:35", "year": 2018, "day": 3, "minute": 26}, "geo": null, "id": 1058727141406371841, "lang": "en", "emoticons": [], "user_id": 54229135, "coordinates": null, "source": "Facebook", "location": "MexicoCity", "mentions": []}, {"truncated": true, "text": "Manage, automate, and secure your environments through a single, consolidated management platform. Cut risk-\u2026", "hashtags": ["#cloud"], "topic": "environment", "tweet_urls": ["https://t.co/N1nNB5TebE"], "date": {"hour": 14, "month": 11, "iso": "2018-11-03T14:23:45", "year": 2018, "day": 3, "minute": 23}, "geo": null, "id": 1058726427049316352, "lang": "en", "emoticons": [], "user_id": 40305232, "coordinates": null, "source": "LinkedIn", "location": "MexicoCity", "mentions": []}, {"truncated": false, "text": "La p\u00e9rdida de la biodiversidad es tan letal para el ser humano como el cambio clim\u00e1tico", "hashtags": [], "topic": "environment", "tweet_urls": ["https://t.co/rbIjhPaInw"], "date": {"hour": 11, "month": 11, "iso": "2018-11-03T11:49:10", "year": 2018, "day": 3, "minute": 49}, "geo": null, "id": 1058687526670557184, "lang": "es", "emoticons": [], "user_id": 201841186, "coordinates": null, "source": "Twitter for iPad", "location": "MexicoCity", "mentions": []}, {"truncated": true, "text": "\u00bf#Sab\u00edasque los edificios hasta ahora construidos en la ciudad de Masdar ya utilizan el 100% de energ\u00eda renovable?\u2026", "hashtags": [], "topic": "environment", "tweet_urls": ["https://t.co/RowF1gE8tF"], "date": {"hour": 23, "month": 11, "iso": "2018-11-02T23:40:00", "year": 2018, "day": 2, "minute": 40}, "geo": null, "id": 1058504025094541313, "lang": "es", "emoticons": [], "user_id": 740820088681533440, "coordinates": null, "source": "TweetDeck", "location": "MexicoCity", "mentions": []}, {"truncated": true, "text": "I grew up in a small town, I think there was a feeling that only one of us (if any) was going to go to d\u2026", "hashtags": [], "topic": "environment", "tweet_urls": ["https://t.co/GGp5zIqGpT"], "date": {"hour": 22, "month": 11, "iso": "2018-11-02T22:14:05", "year": 2018, "day": 2, "minute": 14}, "geo": null, "id": 1058482404795523074, "lang": "en", "emoticons": [], "user_id": 23613745, "coordinates": null, "source": "Twitter Web Client", "location": "MexicoCity", "mentions": ["@SamKallis"]}, {"truncated": true, "text": "...Mi 11o. com. es que matrimonio hind\u00fa que visitaba el parque Yosemite, en California, cay\u00f3 a un barranco al quere\u2026", "hashtags": [], "topic": "environment", "tweet_urls": ["https://t.co/FSeZCifIns"], "date": {"hour": 22, "month": 11, "iso": "2018-11-02T22:00:58", "year": 2018, "day": 2, "minute": 0}, "geo": null, "id": 1058479104301981696, "lang": "es", "emoticons": [], "user_id": 100012778, "coordinates": null, "source": "Twitter Web Client", "location": "MexicoCity", "mentions": []}, {"truncated": true, "text": "Las fachadas y revestimientos inteligentes se unen a los materiales aislantes m\u00e1s innovadores con un objetivo: conv\u2026", "hashtags": [], "topic": "environment", "tweet_urls": ["https://t.co/9gXH9VYBzE"], "date": {"hour": 17, "month": 11, "iso": "2018-11-02T17:35:00", "year": 2018, "day": 2, "minute": 35}, "geo": null, "id": 1058412170277355520, "lang": "es", "emoticons": [], "user_id": 740820088681533440, "coordinates": null, "source": "TweetDeck", "location": "MexicoCity", "mentions": []}, {"truncated": true, "text": "BlackRock CEO Larry Fink says within the next 5 years all investors will measure a company's impact on society, gov\u2026", "hashtags": [], "topic": "environment", "tweet_urls": ["https://t.co/DejdODsLNE"], "date": {"hour": 16, "month": 11, "iso": "2018-11-02T16:13:03", "year": 2018, "day": 2, "minute": 13}, "geo": null, "id": 1058391547295739904, "lang": "en", "emoticons": [], "user_id": 54140945, "coordinates": null, "source": "Facebook", "location": "MexicoCity", "mentions": []}, {"truncated": true, "text": "Este triunfalismo es el que no necesitamos. Existe una gran cantidad de detalles faltantes que nos obligan a perman\u2026", "hashtags": [], "topic": "environment", "tweet_urls": ["https://t.co/4Kvcpb34qg"], "date": {"hour": 15, "month": 11, "iso": "2018-11-02T15:39:01", "year": 2018, "day": 2, "minute": 39}, "geo": null, "id": 1058382981050650627, "lang": "es", "emoticons": [], "user_id": 31296095, "coordinates": null, "source": "Twitter for iPhone", "location": "MexicoCity", "mentions": []}, {"truncated": false, "text": "Im\u00e1genes satelitales para monitorear ballenas (v\u00eda \ufe0f", "hashtags": [], "topic": "environment", "tweet_urls": ["https://t.co/bz2SS4RhzB"], "date": {"hour": 14, "month": 11, "iso": "2018-11-02T14:33:07", "year": 2018, "day": 2, "minute": 33}, "geo": null, "id": 1058366398240514048, "lang": "es", "emoticons": ["\u2b07"], "user_id": 854028438902104064, "coordinates": null, "source": "Twitter for iPhone", "location": "MexicoCity", "mentions": ["@BBCWorld)"]}, {"truncated": true, "text": "Otra tonter\u00eda, todo aquello que signifique la destrucci\u00f3n del medio ambiente debe de ser descartado\u2026", "hashtags": [], "topic": "environment", "tweet_urls": ["https://t.co/XqU30tSLxv"], "date": {"hour": 21, "month": 11, "iso": "2018-11-04T21:01:01", "year": 2018, "day": 4, "minute": 1}, "geo": null, "id": 1059188790592450560, "lang": "es", "emoticons": [], "user_id": 158820581, "coordinates": null, "source": "Twitter for iPhone", "location": "MexicoCity", "mentions": ["@mayuyagonzalez"]}, {"truncated": true, "text": "Gente que se queja de ir a CU a un partido \n\nNeta... Neta...\n\nSin palabras.\n\nLos milennials descubren el ir a un es\u2026", "hashtags": [], "topic": "environment", "tweet_urls": ["https://t.co/vYSvy2nkm2"], "date": {"hour": 20, "month": 11, "iso": "2018-11-04T20:49:26", "year": 2018, "day": 4, "minute": 49}, "geo": null, "id": 1059185875626672131, "lang": "es", "emoticons": [], "user_id": 37245168, "coordinates": null, "source": "Twitter for Android", "location": "MexicoCity", "mentions": []}, {"truncated": true, "text": "Desde Twitter, la diputada federal por Puebla invit\u00f3 a fumar marihuana en su casa con la banda The Doors para ameni\u2026", "hashtags": [], "topic": "environment", "tweet_urls": ["https://t.co/K2UZTyFL7t"], "date": {"hour": 20, "month": 11, "iso": "2018-11-04T20:05:00", "year": 2018, "day": 4, "minute": 5}, "geo": null, "id": 1059174694987988993, "lang": "es", "emoticons": [], "user_id": 111110077, "coordinates": null, "source": "TweetDeck", "location": "MexicoCity", "mentions": []}, {"truncated": true, "text": "Es complicado yo por eso me sal\u00ed del ambiente, las chicas guapas y con cuerpo dif\u00edcil de contac\u2026", "hashtags": [], "topic": "environment", "tweet_urls": ["https://t.co/3KkmIGU7vE"], "date": {"hour": 19, "month": 11, "iso": "2018-11-04T19:45:17", "year": 2018, "day": 4, "minute": 45}, "geo": null, "id": 1059169732824305670, "lang": "es", "emoticons": [], "user_id": 2378143650, "coordinates": null, "source": "Twitter for Android", "location": "MexicoCity", "mentions": ["@rex_rya", "@D_Single8"]}, {"truncated": true, "text": "Que chido (Y) :3 Debe ser padre encontrar al amor de tu vida en el mismo ambiente de chamba, yo ni con mis 1\u2026", "hashtags": [], "topic": "environment", "tweet_urls": ["https://t.co/6ajoyaLieY"], "date": {"hour": 19, "month": 11, "iso": "2018-11-04T19:28:35", "year": 2018, "day": 4, "minute": 28}, "geo": null, "id": 1059165531276746753, "lang": "es", "emoticons": [], "user_id": 940760705061531648, "coordinates": null, "source": "Twitter Web Client", "location": "MexicoCity", "mentions": ["@u4mty"]}, {"truncated": true, "text": "El gobierno chino deroga la ley que imped\u00c3\u00ada el uso de partes de rinocerontes y tigres para la investigaci\u00f3n m\u00e9dica\u2026", "hashtags": [], "topic": "environment", "tweet_urls": ["https://t.co/SH9X4rudJu"], "date": {"hour": 19, "month": 11, "iso": "2018-11-04T19:01:58", "year": 2018, "day": 4, "minute": 1}, "geo": null, "id": 1059158833849749504, "lang": "es", "emoticons": [], "user_id": 57349748, "coordinates": null, "source": "Twitter Web Client", "location": "MexicoCity", "mentions": []}, {"truncated": true, "text": "Con gran ambiente inicia la tercera funci\u00f3n de lucha libre \"Gigantes del Ring\" que organiza NRM Comunicaciones en e\u2026", "hashtags": [], "topic": "environment", "tweet_urls": ["https://t.co/hHKlIWfHbq"], "date": {"hour": 18, "month": 11, "iso": "2018-11-04T18:42:36", "year": 2018, "day": 4, "minute": 42}, "geo": null, "id": 1059153956591398912, "lang": "es", "emoticons": [], "user_id": 64022962, "coordinates": null, "source": "Twitter for Android", "location": "MexicoCity", "mentions": []}, {"truncated": true, "text": "El Paseo Noche de Muertos en 2018, organizado por la Secretar\u00eda del Medio Ambiente (Sedema) del Go\u2026", "hashtags": ["#bicicleta", "#CDMX"], "topic": "environment", "tweet_urls": ["https://t.co/NbqbMEBv8R"], "date": {"hour": 18, "month": 11, "iso": "2018-11-04T18:39:36", "year": 2018, "day": 4, "minute": 39}, "geo": null, "id": 1059153204330614784, "lang": "es", "emoticons": [], "user_id": 146475499, "coordinates": null, "source": "Instagram", "location": "MexicoCity", "mentions": []}, {"truncated": false, "text": "Estadio de CU en estos momentos.\n\nUna belleza el ambiente.\n\n#AmoM\u00e9xico", "hashtags": [], "topic": "environment", "tweet_urls": ["https://t.co/p5K2ylJbPX"], "date": {"hour": 18, "month": 11, "iso": "2018-11-04T18:37:06", "year": 2018, "day": 4, "minute": 37}, "geo": null, "id": 1059152573901430785, "lang": "es", "emoticons": [], "user_id": 37456163, "coordinates": null, "source": "Twitter for Android", "location": "MexicoCity", "mentions": []}, {"truncated": true, "text": "Hace dos semanas era un tipo que en una fiesta mataba muy s\u00e1dicamente decenas de personas en una fiesta underground\u2026", "hashtags": [], "topic": "environment", "tweet_urls": ["https://t.co/mfK0oENSXS"], "date": {"hour": 18, "month": 11, "iso": "2018-11-04T18:03:09", "year": 2018, "day": 4, "minute": 3}, "geo": null, "id": 1059144028539813888, "lang": "es", "emoticons": [], "user_id": 12901732, "coordinates": null, "source": "Twitter for iPhone", "location": "MexicoCity", "mentions": []}, {"truncated": true, "text": "A no le hace nada una portada exagerada de la En cambio, al pa\u00eds y al mismo gobiern\u2026", "hashtags": [], "topic": "environment", "tweet_urls": ["https://t.co/WHufvQFmeF"], "date": {"hour": 17, "month": 11, "iso": "2018-11-04T17:53:26", "year": 2018, "day": 4, "minute": 53}, "geo": null, "id": 1059141587404505088, "lang": "es", "emoticons": [], "user_id": 3321649578, "coordinates": null, "source": "Twitter for iPhone", "location": "MexicoCity", "mentions": ["@lopezobrador_", "@revistaproceso."]}, {"truncated": true, "text": "Por otro lado, en lo que respecta a la decoraci\u00f3n navide\u00f1a o iluminaci\u00f3n, est\u00e1 podr\u00eda abarcar las principales aveni\u2026", "hashtags": [], "topic": "environment", "tweet_urls": ["https://t.co/64ChZAD0UJ"], "date": {"hour": 17, "month": 11, "iso": "2018-11-04T17:48:52", "year": 2018, "day": 4, "minute": 48}, "geo": null, "id": 1059140437703716865, "lang": "es", "emoticons": [], "user_id": 33448436, "coordinates": null, "source": "Twitter for Android", "location": "MexicoCity", "mentions": []}, {"truncated": true, "text": "Si crees que la econom\u00eda es mas importante que el medio ambiente...Trata de aguantar la respiraci\u00f3n mientras cuenta\u2026", "hashtags": [], "topic": "environment", "tweet_urls": ["https://t.co/ge5luLF7dm"], "date": {"hour": 17, "month": 11, "iso": "2018-11-04T17:47:27", "year": 2018, "day": 4, "minute": 47}, "geo": null, "id": 1059140079791366146, "lang": "es", "emoticons": [], "user_id": 144214209, "coordinates": null, "source": "Twitter Web Client", "location": "MexicoCity", "mentions": []}, {"truncated": false, "text": "As\u00ed se vive el ambiente en el nuestra tercera funcion de", "hashtags": ["#GigantesDelRing2018"], "topic": "environment", "tweet_urls": ["https://t.co/DqcrcKCY7o"], "date": {"hour": 17, "month": 11, "iso": "2018-11-04T17:47:08", "year": 2018, "day": 4, "minute": 47}, "geo": null, "id": 1059139998488903680, "lang": "es", "emoticons": [], "user_id": 213312612, "coordinates": null, "source": "Twitter for Android", "location": "MexicoCity", "mentions": []}, {"truncated": true, "text": "\u00bfPor qu\u00e9 no esperar a criticar el trabajo en base a r\u2026", "hashtags": [], "topic": "environment", "tweet_urls": ["https://t.co/SORCmQzsDw"], "date": {"hour": 17, "month": 11, "iso": "2018-11-04T17:44:28", "year": 2018, "day": 4, "minute": 44}, "geo": null, "id": 1059139326854873091, "lang": "es", "emoticons": [], "user_id": 1072849116, "coordinates": null, "source": "Twitter for iPhone", "location": "MexicoCity", "mentions": ["@JTrianaT", "@RorroNettel", "@ValeriaMoy", "@rocionahle", "@lopezobrador_"]}, {"truncated": false, "text": "D\u00eda dos: el ambiente est\u00e1 tan tenso que para respirar necesito cuchillo de taquero.", "hashtags": [], "topic": "environment", "tweet_urls": [], "date": {"hour": 16, "month": 11, "iso": "2018-11-04T16:56:52", "year": 2018, "day": 4, "minute": 56}, "geo": null, "id": 1059127350212915200, "lang": "es", "emoticons": [], "user_id": 82775604, "coordinates": null, "source": "Twitter for Android", "location": "MexicoCity", "mentions": []}, {"truncated": true, "text": "\ufe0fVIERNES 16 de NOV\ufe0f\nGRAN INAUGURACI\u00d3N\nLos mejores cortes, los mejores tragos y la mejor atenci\u00f3n!\nMARIACHI EN\u2026", "hashtags": [], "topic": "environment", "tweet_urls": ["https://t.co/VkehCywTEA"], "date": {"hour": 16, "month": 11, "iso": "2018-11-04T16:41:02", "year": 2018, "day": 4, "minute": 41}, "geo": null, "id": 1059123367163375616, "lang": "es", "emoticons": ["\ud83e\udd69", "\ud83d\udd3b", "\u26a0"], "user_id": 768490500059828225, "coordinates": null, "source": "Facebook", "location": "MexicoCity", "mentions": []}, {"truncated": true, "text": "Ya lleg\u00f3 al Ol\u00edmpico Universitario. El ambiente fue de alegr\u00eda y porras de sus aficionados.", "hashtags": ["#Pumas", "#UNAM\u2026"], "topic": "environment", "tweet_urls": ["https://t.co/tB5OJhjJxU"], "date": {"hour": 16, "month": 11, "iso": "2018-11-04T16:29:16", "year": 2018, "day": 4, "minute": 29}, "geo": null, "id": 1059120403195486208, "lang": "es", "emoticons": [], "user_id": 5757312, "coordinates": null, "source": "Twitter for Android", "location": "MexicoCity", "mentions": ["@PumasMX"]}, {"truncated": true, "text": "Mucha afluencia de gente ya arriba al Ol\u00edmpico Universitario. El ambiente es bueno rumbo al contra\u2026", "hashtags": [], "topic": "environment", "tweet_urls": ["https://t.co/7EUkJGgqwM"], "date": {"hour": 16, "month": 11, "iso": "2018-11-04T16:22:06", "year": 2018, "day": 4, "minute": 22}, "geo": null, "id": 1059118599564980225, "lang": "es", "emoticons": [], "user_id": 1005354108, "coordinates": null, "source": "Twitter for Android", "location": "MexicoCity", "mentions": ["@PumasMX"]}, {"truncated": true, "text": "De todas maneras, ese pastel tiene una miga muy fr\u00e0gil. Lo mejor es q tengas el bet\u00fan m\u00e1s a temp ambi\u2026", "hashtags": [], "topic": "environment", "tweet_urls": ["https://t.co/6AaCZSEOua"], "date": {"hour": 16, "month": 11, "iso": "2018-11-04T16:08:05", "year": 2018, "day": 4, "minute": 8}, "geo": null, "id": 1059115074407686144, "lang": "es", "emoticons": [], "user_id": 94263256, "coordinates": null, "source": "Twitter for iPhone", "location": "MexicoCity", "mentions": ["@rachelmujica"]}, {"truncated": true, "text": "Portada dise\u00f1ada para que el p\u00fablico la compre y crear un ambiente de dialogo a \"alto nivel\", para que finalmente s\u2026", "hashtags": [], "topic": "environment", "tweet_urls": ["https://t.co/357Aiw1DZV"], "date": {"hour": 16, "month": 11, "iso": "2018-11-04T16:07:46", "year": 2018, "day": 4, "minute": 7}, "geo": null, "id": 1059114992698621953, "lang": "es", "emoticons": [], "user_id": 250209596, "coordinates": null, "source": "Twitter Web Client", "location": "MexicoCity", "mentions": []}, {"truncated": true, "text": "Me molesta que estemos totalmente occidentalizados del cerebro. \n\nQue veamos a los intereses del patr\u00f3n como prio\u2026", "hashtags": [], "topic": "environment", "tweet_urls": ["https://t.co/yZMnO8jdSW"], "date": {"hour": 16, "month": 11, "iso": "2018-11-04T16:05:44", "year": 2018, "day": 4, "minute": 5}, "geo": null, "id": 1059114481299537921, "lang": "es", "emoticons": ["\ud83d\ude21"], "user_id": 168307833, "coordinates": null, "source": "Twitter for Android", "location": "MexicoCity", "mentions": []}, {"truncated": true, "text": "De acuersdo, solo que nunca aclara que es opini\u00f3n de Diego Valadez, y en si el articu\u2026", "hashtags": [], "topic": "environment", "tweet_urls": ["https://t.co/FUDZPFLk5Y"], "date": {"hour": 15, "month": 11, "iso": "2018-11-04T15:49:11", "year": 2018, "day": 4, "minute": 49}, "geo": null, "id": 1059110316359933952, "lang": "es", "emoticons": [], "user_id": 37081348, "coordinates": null, "source": "Twitter Web Client", "location": "MexicoCity", "mentions": ["@roblesmaloof", "@revistaproceso"]}, {"truncated": true, "text": "Esta ma\u00f1ana el centro de la TT se localiz\u00f3 a 190 km al suroeste de Manzanillo, Col., con vientos de 85 km/h\u2026", "hashtags": ["#Xavier"], "topic": "environment", "tweet_urls": ["https://t.co/DfqQ48s4db"], "date": {"hour": 15, "month": 11, "iso": "2018-11-04T15:08:55", "year": 2018, "day": 4, "minute": 8}, "geo": null, "id": 1059100181424037889, "lang": "es", "emoticons": [], "user_id": 101812390, "coordinates": null, "source": "Twitter for iPad", "location": "MexicoCity", "mentions": []}, {"truncated": true, "text": "es un espacio abierto al intercambio de informaci\u00f3n y experiencias relacionadas con", "hashtags": ["#Salud,\u2026"], "topic": "environment", "tweet_urls": ["https://t.co/2uYpZvb1yF"], "date": {"hour": 15, "month": 11, "iso": "2018-11-04T15:03:34", "year": 2018, "day": 4, "minute": 3}, "geo": null, "id": 1059098836885356544, "lang": "es", "emoticons": ["\u2b50"], "user_id": 80064831, "coordinates": null, "source": "Twitter for iPhone", "location": "MexicoCity", "mentions": ["@DialogosCanal11"]}, {"truncated": false, "text": "Gran lugar, excelente ambiente. S\u00faper recomendando. Prueben las salchichas", "hashtags": [], "topic": "environment", "tweet_urls": [], "date": {"hour": 14, "month": 11, "iso": "2018-11-04T14:40:51", "year": 2018, "day": 4, "minute": 40}, "geo": null, "id": 1059093121588436998, "lang": "es", "emoticons": ["\ud83d\ude00"], "user_id": 69598840, "coordinates": null, "source": "Facebook", "location": "MexicoCity", "mentions": []}, {"truncated": true, "text": "El humano aprovech\u00f3 su posici\u00f3n ontol\u00f3gica para configurar una idea del medio ambiente que se basa en\u2026", "hashtags": ["#EnLaOpini\u00f3n"], "topic": "environment", "tweet_urls": ["https://t.co/SIqW86EngM"], "date": {"hour": 14, "month": 11, "iso": "2018-11-04T14:01:10", "year": 2018, "day": 4, "minute": 1}, "geo": null, "id": 1059083133683929089, "lang": "es", "emoticons": [], "user_id": 110323625, "coordinates": null, "source": "Hootsuite Inc.", "location": "MexicoCity", "mentions": []}, {"truncated": true, "text": "Pues no vendr\u00eda nada mal probar, ya que hemos comido mierda durante m\u00e1s de 150 a\u00f1os con la\u2026", "hashtags": [], "topic": "environment", "tweet_urls": ["https://t.co/a02D5v1GbY"], "date": {"hour": 13, "month": 11, "iso": "2018-11-04T13:22:22", "year": 2018, "day": 4, "minute": 22}, "geo": null, "id": 1059073369918881795, "lang": "es", "emoticons": [], "user_id": 2607727807, "coordinates": null, "source": "Twitter Lite", "location": "MexicoCity", "mentions": ["@luzmar_c", "@sergioaraujoc"]}, {"truncated": false, "text": "\u00a1 Se comienza a sentir un gran ambiente previo al inicio de la competencia en Parque Fundidora!", "hashtags": [], "topic": "environment", "tweet_urls": ["https://t.co/rpbXs2e7qo"], "date": {"hour": 12, "month": 11, "iso": "2018-11-04T12:57:36", "year": 2018, "day": 4, "minute": 57}, "geo": null, "id": 1059067137396887552, "lang": "es", "emoticons": ["\ud83d\ude42"], "user_id": 842539802, "coordinates": null, "source": "Twitter for Android", "location": "MexicoCity", "mentions": ["@TerniumMexico"]}, {"truncated": true, "text": "Me dicen de derechas pero soy: \u201cprochoice\u201d, pro muerte digna, pro legalizaci\u00f3n de drogas, pro educaci\u00f3n, salud y pe\u2026", "hashtags": [], "topic": "environment", "tweet_urls": ["https://t.co/XbSST0hhxt"], "date": {"hour": 8, "month": 11, "iso": "2018-11-04T08:41:42", "year": 2018, "day": 4, "minute": 41}, "geo": null, "id": 1059002737709465600, "lang": "es", "emoticons": [], "user_id": 368441876, "coordinates": null, "source": "Twitter for iPhone", "location": "MexicoCity", "mentions": []}, {"truncated": false, "text": "Todo muy bonito con lo de \u201ccuidar el medio ambiente\u201d, hasta que se dan cuenta que no es otra moda c\u00f3moda de consumo \u201c\u00e9tico\u201d.", "hashtags": [], "topic": "environment", "tweet_urls": [], "date": {"hour": 7, "month": 11, "iso": "2018-11-04T07:57:08", "year": 2018, "day": 4, "minute": 57}, "geo": null, "id": 1058991519766601728, "lang": "es", "emoticons": [], "user_id": 791463730013798400, "coordinates": null, "source": "Twitter for iPhone", "location": "MexicoCity", "mentions": []}, {"truncated": false, "text": "Este es el triste ambiente en el que vivimos d\u00eda a d\u00eda", "hashtags": [], "topic": "environment", "tweet_urls": ["https://t.co/YgA9RNTnHf"], "date": {"hour": 7, "month": 11, "iso": "2018-11-04T07:07:26", "year": 2018, "day": 4, "minute": 7}, "geo": null, "id": 1058979013606195200, "lang": "es", "emoticons": ["\ud83d\ude1f"], "user_id": 738526948641542146, "coordinates": null, "source": "IFTTT", "location": "MexicoCity", "mentions": []}, {"truncated": false, "text": "GOEY \u00bfAMBIENTE REGRES\u00d3?\nPorque pinches nadie avisa de esos reencuentros \u00fanicos, me cagan :)", "hashtags": [], "topic": "environment", "tweet_urls": [], "date": {"hour": 6, "month": 11, "iso": "2018-11-04T06:35:49", "year": 2018, "day": 4, "minute": 35}, "geo": null, "id": 1058971057099587584, "lang": "es", "emoticons": [], "user_id": 334951607, "coordinates": null, "source": "Twitter for Android", "location": "MexicoCity", "mentions": []}, {"truncated": false, "text": "Evita infecciones de transmisi\u00f3n sexual como el \u00a1ponte cond\u00f3n o p\u00f3nselo a tu pareja!", "hashtags": ["#VIH,"], "topic": "environment", "tweet_urls": ["https://t.co/mKyEVI3MHZ"], "date": {"hour": 5, "month": 11, "iso": "2018-11-04T05:48:57", "year": 2018, "day": 4, "minute": 48}, "geo": null, "id": 1058959263526240256, "lang": "es", "emoticons": [], "user_id": 36153274, "coordinates": null, "source": "Buffer", "location": "MexicoCity", "mentions": []}, {"truncated": false, "text": "Estoy pensando seriamente no ba\u00f1arme, ya que ma\u00f1ana ir\u00e9 al estadio ol\u00edmpico, digo, para sentirme en ambiente.", "hashtags": [], "topic": "environment", "tweet_urls": [], "date": {"hour": 5, "month": 11, "iso": "2018-11-04T05:11:06", "year": 2018, "day": 4, "minute": 11}, "geo": null, "id": 1058949739025068032, "lang": "es", "emoticons": [], "user_id": 152750812, "coordinates": null, "source": "Twitter for iPhone", "location": "MexicoCity", "mentions": []}, {"truncated": true, "text": "La rodada D\u00eda de Muertos 2018 en la es organizada por la Secretar\u00eda de Medio Ambiente de la ciudad y aunque l\u2026", "hashtags": ["#CDMX"], "topic": "environment", "tweet_urls": ["https://t.co/7f477bEYHO"], "date": {"hour": 5, "month": 11, "iso": "2018-11-04T05:01:27", "year": 2018, "day": 4, "minute": 1}, "geo": {"type": "Point", "coordinates": [19.4326, -99.1332]}, "id": 1058947307838685184, "lang": "es", "emoticons": [], "user_id": 146475499, "coordinates": {"type": "Point", "coordinates": [-99.1332, 19.4326]}, "source": "Instagram", "location": "MexicoCity", "mentions": []}, {"truncated": true, "text": "Por eso no me gusta ir al teatro. Resulta caro y ademas no tenemos la cultura de entender el ambiente y respetar la\u2026", "hashtags": [], "topic": "environment", "tweet_urls": ["https://t.co/DtUh6kIE1a"], "date": {"hour": 5, "month": 11, "iso": "2018-11-04T05:01:26", "year": 2018, "day": 4, "minute": 1}, "geo": null, "id": 1058947303858270208, "lang": "es", "emoticons": [], "user_id": 94003154, "coordinates": null, "source": "Twitter for Android", "location": "MexicoCity", "mentions": []}, {"truncated": true, "text": "S\u00faper recomendable\n-Ingredientes buenos\n-servicio excelente\n-precio regular\n-ambiente agradable\n- Burguer muy buena\u2026", "hashtags": [], "topic": "environment", "tweet_urls": ["https://t.co/rfdlNcsvhJ"], "date": {"hour": 4, "month": 11, "iso": "2018-11-04T04:03:59", "year": 2018, "day": 4, "minute": 3}, "geo": {"type": "Point", "coordinates": [19.34517, -99.18094]}, "id": 1058932846377791488, "lang": "es", "emoticons": [], "user_id": 346231411, "coordinates": {"type": "Point", "coordinates": [-99.18094, 19.34517]}, "source": "Instagram", "location": "MexicoCity", "mentions": []}, {"truncated": false, "text": "Extraer material de las entra\u00f1as de la tierra, procesarlo y quemarlo para lanzarlo al ambiente, mala cosa.", "hashtags": [], "topic": "environment", "tweet_urls": [], "date": {"hour": 4, "month": 11, "iso": "2018-11-04T04:02:17", "year": 2018, "day": 4, "minute": 2}, "geo": null, "id": 1058932418252484608, "lang": "es", "emoticons": [], "user_id": 1005880874599100418, "coordinates": null, "source": "Twitter Web Client", "location": "MexicoCity", "mentions": ["@rinconsolar"]}, {"truncated": true, "text": "PODR\u00c1N DECIR MISA PENDEJOS, PERO 30 MILLONES DE MEXICANOS NO ESTAMOS EQUIVOCADOS, EL NACM EN TEXCOCO ES UN NIDO DE\u2026", "hashtags": [], "topic": "environment", "tweet_urls": ["https://t.co/OgHwilM8oG"], "date": {"hour": 4, "month": 11, "iso": "2018-11-04T04:02:15", "year": 2018, "day": 4, "minute": 2}, "geo": null, "id": 1058932412036464641, "lang": "es", "emoticons": [], "user_id": 3038677710, "coordinates": null, "source": "Twitter Web Client", "location": "MexicoCity", "mentions": []}, {"truncated": false, "text": "Entre m\u00e1s corriente, m\u00e1s ambiente", "hashtags": [], "topic": "environment", "tweet_urls": [], "date": {"hour": 3, "month": 11, "iso": "2018-11-04T03:34:17", "year": 2018, "day": 4, "minute": 34}, "geo": null, "id": 1058925374892097543, "lang": "es", "emoticons": ["\ud83d\ude4c\ud83c\udffc"], "user_id": 97134724, "coordinates": null, "source": "Twitter for iPhone", "location": "MexicoCity", "mentions": []}, {"truncated": false, "text": "S\u00e1bado y tenemos el mejor ambiente para tu d\u00eda libre", "hashtags": ["#Club51"], "topic": "environment", "tweet_urls": ["https://t.co/KrpQi4Nryq"], "date": {"hour": 3, "month": 11, "iso": "2018-11-04T03:00:26", "year": 2018, "day": 4, "minute": 0}, "geo": null, "id": 1058916856084467713, "lang": "es", "emoticons": [], "user_id": 1000117645117673472, "coordinates": null, "source": "Hootsuite Inc.", "location": "MexicoCity", "mentions": []}, {"truncated": true, "text": "\u00bfquieres consentir tus manos y pies?\nNuestro y son lo que est\u00e1s buscando, en un amb\u2026", "hashtags": ["#TopStyler,", "#manicure", "#pedicure"], "topic": "environment", "tweet_urls": ["https://t.co/EynueFrGrc"], "date": {"hour": 3, "month": 11, "iso": "2018-11-04T03:00:08", "year": 2018, "day": 4, "minute": 0}, "geo": null, "id": 1058916777185460225, "lang": "es", "emoticons": [], "user_id": 152892994, "coordinates": null, "source": "Hootsuite Inc.", "location": "MexicoCity", "mentions": []}, {"truncated": true, "text": "\"Nosotros rechazar\u00edamos esa participaci\u00f3n por no crear un ambiente negativo de lo que creemos que ha sido una parti\u2026", "hashtags": [], "topic": "environment", "tweet_urls": ["https://t.co/F3xMRBPdrv"], "date": {"hour": 3, "month": 11, "iso": "2018-11-04T03:00:05", "year": 2018, "day": 4, "minute": 0}, "geo": null, "id": 1058916765776953344, "lang": "es", "emoticons": [], "user_id": 38278953, "coordinates": null, "source": "Hootsuite Inc.", "location": "MexicoCity", "mentions": []}, {"truncated": true, "text": "Los turistas que entran por ah\u00ed que generan millones al pais y a los mexicanos,el comercio naciona\u2026", "hashtags": [], "topic": "environment", "tweet_urls": ["https://t.co/a2AoxTIGfX"], "date": {"hour": 2, "month": 11, "iso": "2018-11-04T02:55:02", "year": 2018, "day": 4, "minute": 55}, "geo": null, "id": 1058915494172839936, "lang": "es", "emoticons": [], "user_id": 2823522218, "coordinates": null, "source": "Twitter for iPhone", "location": "MexicoCity", "mentions": ["@homestaffmexico"]}, {"truncated": true, "text": "Ciudadanos haciendo trabajo de procuradores del medio ambiente, y ustedes en la insoportable levedad. \n\nVes a lo qu\u2026", "hashtags": [], "topic": "environment", "tweet_urls": ["https://t.co/7q39HPZn55"], "date": {"hour": 2, "month": 11, "iso": "2018-11-04T02:45:21", "year": 2018, "day": 4, "minute": 45}, "geo": null, "id": 1058913058955976710, "lang": "es", "emoticons": [], "user_id": 31042409, "coordinates": null, "source": "Twitter for Android", "location": "MexicoCity", "mentions": []}, {"truncated": true, "text": "\"La obesidad infantil no surge de las elecciones de los ni\u00f1os. Surge de entornos creados por la sociedad y apoyados\u2026", "hashtags": [], "topic": "environment", "tweet_urls": ["https://t.co/6JluVaTA61"], "date": {"hour": 2, "month": 11, "iso": "2018-11-04T02:35:00", "year": 2018, "day": 4, "minute": 35}, "geo": null, "id": 1058910453907316736, "lang": "es", "emoticons": [], "user_id": 148944244, "coordinates": null, "source": "Buffer", "location": "MexicoCity", "mentions": []}, {"truncated": false, "text": "La afici\u00f3n toluque\u00f1a pone el ambiente en el Estadio Azteca. \n\n#Jornada15", "hashtags": ["#Ligamx"], "topic": "environment", "tweet_urls": ["https://t.co/JZwhER1qrL"], "date": {"hour": 2, "month": 11, "iso": "2018-11-04T02:30:09", "year": 2018, "day": 4, "minute": 30}, "geo": null, "id": 1058909232324636672, "lang": "es", "emoticons": [], "user_id": 782814934723735553, "coordinates": null, "source": "Twitter for iPad", "location": "MexicoCity", "mentions": []}, {"truncated": false, "text": "Entre lluvia y neblina generan un ambiente m\u00e1s l\u00fagubre, la mejor temporada \n#JRGlifestyle en Six Flags Mexico", "hashtags": [], "topic": "environment", "tweet_urls": ["https://t.co/IAeufa7bIa"], "date": {"hour": 2, "month": 11, "iso": "2018-11-04T02:08:27", "year": 2018, "day": 4, "minute": 8}, "geo": {"type": "Point", "coordinates": [19.29494224, -99.2099762]}, "id": 1058903771084816384, "lang": "es", "emoticons": ["\ud83d\ude0e", "\ud83d\udc80"], "user_id": 306293940, "coordinates": {"type": "Point", "coordinates": [-99.2099762, 19.29494224]}, "source": "Instagram", "location": "MexicoCity", "mentions": []}, {"truncated": true, "text": "En esta casa ya lleg\u00f3 el ambiente navide\u00f1o!!!\n\ufe0f\n\ufe0f\n\ufe0f\n#navidad", "hashtags": ["#familia", "#family", "#christmas", "#christmastree\u2026"], "topic": "environment", "tweet_urls": ["https://t.co/v4ONYa8UjW"], "date": {"hour": 2, "month": 11, "iso": "2018-11-04T02:06:17", "year": 2018, "day": 4, "minute": 6}, "geo": {"type": "Point", "coordinates": [19.4326, -99.1332]}, "id": 1058903227591262209, "lang": "es", "emoticons": ["\u2603", "\ud83e\udd36", "\ud83c\udf81", "\ud83e\udddd", "\ud83c\udf85", "\ud83c\udf84", "\ud83d\udc82", "\u25aa"], "user_id": 19494409, "coordinates": {"type": "Point", "coordinates": [-99.1332, 19.4326]}, "source": "Instagram", "location": "MexicoCity", "mentions": []}, {"truncated": true, "text": "Ya reflexion\u00e9 mejor todas las difamaciones, todos los chismes, todas las peleas, todas las mamadas que han sucedido\u2026", "hashtags": [], "topic": "environment", "tweet_urls": ["https://t.co/iMkpotDHNd"], "date": {"hour": 1, "month": 11, "iso": "2018-11-04T01:53:01", "year": 2018, "day": 4, "minute": 53}, "geo": null, "id": 1058899890628124673, "lang": "es", "emoticons": [], "user_id": 328197651, "coordinates": null, "source": "Twitter for Android", "location": "MexicoCity", "mentions": []}, {"truncated": true, "text": "OTRA DE CONSULTAS; determin\u00f3 (22 08 2018) que se debi\u00f3 CONSULTAR a la comunidad Bac\u00e1nuchi antes de autorizar\u2026", "hashtags": [], "topic": "environment", "tweet_urls": ["https://t.co/7jmbHVFGTU"], "date": {"hour": 1, "month": 11, "iso": "2018-11-04T01:42:18", "year": 2018, "day": 4, "minute": 42}, "geo": null, "id": 1058897190557532160, "lang": "es", "emoticons": [], "user_id": 379505110, "coordinates": null, "source": "Twitter Web Client", "location": "MexicoCity", "mentions": ["@SCJN"]}, {"truncated": false, "text": "5 productos inesperados que est\u00e1n da\u00f1ando el medio ambiente\n@CanunNino", "hashtags": [], "topic": "environment", "tweet_urls": ["https://t.co/RRUcuBaqxf"], "date": {"hour": 0, "month": 11, "iso": "2018-11-04T00:56:35", "year": 2018, "day": 4, "minute": 56}, "geo": null, "id": 1058885686743441408, "lang": "es", "emoticons": [], "user_id": 63201802, "coordinates": null, "source": "Twitter for Android", "location": "MexicoCity", "mentions": ["@RayoVen", "@vladimirgaleana"]}, {"truncated": false, "text": "Beb\u00e9s necesito de su sabidur\u00eda jotestica y arrabalera. \u00bfEn cu\u00e1l de estos bares hay mejor ambiente/alcohol? \n\nEs para una tarea", "hashtags": [], "topic": "environment", "tweet_urls": [], "date": {"hour": 0, "month": 11, "iso": "2018-11-04T00:43:30", "year": 2018, "day": 4, "minute": 43}, "geo": null, "id": 1058882395837845504, "lang": "es", "emoticons": [], "user_id": 103095655, "coordinates": null, "source": "Twitter for Android", "location": "MexicoCity", "mentions": []}, {"truncated": true, "text": "Elecciones Brasil 2018: Las propuestas de Bolsonaro en seguridad, medio ambiente, econom\u00eda y educaci\u00f3n | Internacio\u2026", "hashtags": [], "topic": "environment", "tweet_urls": ["https://t.co/RwF0c2ubUq"], "date": {"hour": 0, "month": 11, "iso": "2018-11-04T00:28:20", "year": 2018, "day": 4, "minute": 28}, "geo": null, "id": 1058878579193380864, "lang": "es", "emoticons": [], "user_id": 86242785, "coordinates": null, "source": "Twitter for iPhone", "location": "MexicoCity", "mentions": []}, {"truncated": true, "text": "Apoya compartiendo, as\u00ed ayudar\u00e1s a alguien a conseguir trabajo/negocio, mejorar\u00e1s el medio ambiente poniendo tu gra\u2026", "hashtags": [], "topic": "environment", "tweet_urls": ["https://t.co/NB63bqn6Ha"], "date": {"hour": 0, "month": 11, "iso": "2018-11-04T00:21:00", "year": 2018, "day": 4, "minute": 21}, "geo": null, "id": 1058876732135145472, "lang": "es", "emoticons": [], "user_id": 4880453608, "coordinates": null, "source": "Facebook", "location": "MexicoCity", "mentions": []}, {"truncated": true, "text": "Mientras Brasil busca destruir el medio ambiente, M\u00e9xico muestra c\u00f3mo podemos defenderlo.\n\nAs Brazil looks to destr\u2026", "hashtags": [], "topic": "environment", "tweet_urls": ["https://t.co/wo7L0dCtZW"], "date": {"hour": 0, "month": 11, "iso": "2018-11-04T00:15:03", "year": 2018, "day": 4, "minute": 15}, "geo": null, "id": 1058875232419831808, "lang": "es", "emoticons": [], "user_id": 132623708, "coordinates": null, "source": "Twitter for Android", "location": "MexicoCity", "mentions": []}, {"truncated": true, "text": "es un espacio abierto al intercambio de informaci\u00f3n y experiencias relacionadas con", "hashtags": ["#Salud,\u2026"], "topic": "environment", "tweet_urls": ["https://t.co/qP7TRqtC3V"], "date": {"hour": 0, "month": 11, "iso": "2018-11-04T00:03:55", "year": 2018, "day": 4, "minute": 3}, "geo": null, "id": 1058872434609156097, "lang": "es", "emoticons": ["\u2b50"], "user_id": 80064831, "coordinates": null, "source": "Twitter for iPhone", "location": "MexicoCity", "mentions": ["@DialogosCanal11"]}, {"truncated": true, "text": "Spots en los que la arquitectura, el ambiente y la gente mariden de maravilla con una buena cerveza\u2026", "hashtags": [], "topic": "environment", "tweet_urls": ["https://t.co/rHJ2WDSS5A"], "date": {"hour": 0, "month": 11, "iso": "2018-11-04T00:00:40", "year": 2018, "day": 4, "minute": 0}, "geo": null, "id": 1058871614551535616, "lang": "es", "emoticons": [], "user_id": 123969582, "coordinates": null, "source": "Hootsuite Inc.", "location": "MexicoCity", "mentions": []}, {"truncated": true, "text": "y ecl\u00e9ctica de m\u00fasica instrumental sonora con matices de jazz, experiencia \u00fanica\u2026", "hashtags": [], "topic": "environment", "tweet_urls": ["https://t.co/ehYVKcRYRn"], "date": {"hour": 23, "month": 11, "iso": "2018-11-03T23:30:00", "year": 2018, "day": 3, "minute": 30}, "geo": null, "id": 1058863897380356096, "lang": "es", "emoticons": [], "user_id": 131094825, "coordinates": null, "source": "TweetDeck", "location": "MexicoCity", "mentions": ["@alyoshab", "@alexmercadojazz\nFusi\u00f3n"]}, {"truncated": true, "text": "Es m\u00e1s f\u00e1cil estigmatizar a las personas que padecen obesidad y sobrepeso que se\u00f1alar y modificar las estructuras q\u2026", "hashtags": [], "topic": "environment", "tweet_urls": ["https://t.co/ctnhr2NFlP"], "date": {"hour": 23, "month": 11, "iso": "2018-11-03T23:06:29", "year": 2018, "day": 3, "minute": 6}, "geo": null, "id": 1058857977631916032, "lang": "es", "emoticons": [], "user_id": 148944244, "coordinates": null, "source": "Buffer", "location": "MexicoCity", "mentions": []}, {"truncated": true, "text": "Cuando sabes que la luz est\u00e1 en tu coraz\u00f3n y en tu alma\ntus ilusiones\ntus planes o proyectos\nA\u00fan baj\u00f3 la cr\u00edtica y\u2026", "hashtags": [], "topic": "environment", "tweet_urls": ["https://t.co/ABptTrlbkf"], "date": {"hour": 23, "month": 11, "iso": "2018-11-03T23:04:23", "year": 2018, "day": 3, "minute": 4}, "geo": null, "id": 1058857451800481794, "lang": "es", "emoticons": [], "user_id": 242235969, "coordinates": null, "source": "Twitter for Android", "location": "MexicoCity", "mentions": []}, {"truncated": true, "text": "Aaayyy la boda de _________ hermosa!!! La decoraci\u00f3n, el ambiente, la comida, la m\u00fasica... de ENSUE\u00d1O!!...\n\n...por\u2026", "hashtags": [], "topic": "environment", "tweet_urls": ["https://t.co/BHnDukPQxi"], "date": {"hour": 22, "month": 11, "iso": "2018-11-03T22:59:49", "year": 2018, "day": 3, "minute": 59}, "geo": null, "id": 1058856299377512448, "lang": "es", "emoticons": [], "user_id": 14656007, "coordinates": null, "source": "Twitter for iPhone", "location": "MexicoCity", "mentions": []}, {"truncated": true, "text": "m\u00e1nager de es recibido en Caguas, su ciudad natal de Puerto Rico, en medio de un ambiente euf\u00f3r\u2026", "hashtags": [], "topic": "environment", "tweet_urls": ["https://t.co/t5HA6YNqKY"], "date": {"hour": 22, "month": 11, "iso": "2018-11-03T22:27:22", "year": 2018, "day": 3, "minute": 27}, "geo": null, "id": 1058848134862987264, "lang": "es", "emoticons": [], "user_id": 31578131, "coordinates": null, "source": "GR_Feed", "location": "MexicoCity", "mentions": ["@ac13alex,", "@RedSox,"]}, {"truncated": true, "text": "Pinches chilangos andaban mame y mame que quer\u00edan el lago y el puto medio ambiente, pero ahorita llevan 4 d\u00edas sin\u2026", "hashtags": [], "topic": "environment", "tweet_urls": ["https://t.co/9Ggoj35KEO"], "date": {"hour": 22, "month": 11, "iso": "2018-11-03T22:20:22", "year": 2018, "day": 3, "minute": 20}, "geo": null, "id": 1058846372697264128, "lang": "es", "emoticons": [], "user_id": 337398829, "coordinates": null, "source": "Twitter for Android", "location": "MexicoCity", "mentions": []}, {"truncated": true, "text": "\u00a1En el ambiente hay 3 reglas fundamentales!\n\n\nCu\u00e9ntanos... \u00bfTe atrever\u00edas?\n\nBoletos en Taquilla del Teat\u2026", "hashtags": ["#Swinger"], "topic": "environment", "tweet_urls": ["https://t.co/bqbTU3CpsV"], "date": {"hour": 21, "month": 11, "iso": "2018-11-03T21:50:19", "year": 2018, "day": 3, "minute": 50}, "geo": null, "id": 1058838809054535680, "lang": "es", "emoticons": ["\ud83d\ude09", "\ud83d\ude32"], "user_id": 932925951716892672, "coordinates": null, "source": "Twitter for Android", "location": "MexicoCity", "mentions": []}, {"truncated": false, "text": "Hoy hago el setup de mi ambiente de node con three.js como ni\u00f1a grande y no utilizando glitch. Wish me luck.", "hashtags": [], "topic": "environment", "tweet_urls": [], "date": {"hour": 21, "month": 11, "iso": "2018-11-03T21:25:12", "year": 2018, "day": 3, "minute": 25}, "geo": null, "id": 1058832492340355072, "lang": "es", "emoticons": [], "user_id": 68201509, "coordinates": null, "source": "Twitter Web Client", "location": "MexicoCity", "mentions": []}, {"truncated": false, "text": "Quiero llevar a a un lugar de ambiente, donde todo es diferente, a bailar toda la noche ah\u00ed", "hashtags": [], "topic": "environment", "tweet_urls": [], "date": {"hour": 21, "month": 11, "iso": "2018-11-03T21:13:46", "year": 2018, "day": 3, "minute": 13}, "geo": null, "id": 1058829614544551936, "lang": "es", "emoticons": [], "user_id": 2585066168, "coordinates": null, "source": "Twitter Web Client", "location": "MexicoCity", "mentions": ["@Osvaldvs"]}, {"truncated": true, "text": "02:23 p. m. marca el reloj de y estoy viendo el Tradiciones se torna un ambiente\u2026", "hashtags": ["#HechosS\u00e1bado", "#M\u00e9xicoDeMilColores"], "topic": "environment", "tweet_urls": ["https://t.co/laejAJf5v8"], "date": {"hour": 20, "month": 11, "iso": "2018-11-03T20:35:40", "year": 2018, "day": 3, "minute": 35}, "geo": null, "id": 1058820022804463616, "lang": "es", "emoticons": [], "user_id": 1220700266, "coordinates": null, "source": "Twitter for Android", "location": "MexicoCity", "mentions": []}, {"truncated": true, "text": "Gracias por venir a divertirte con nosotros el pasado d\u00eda de muertos. Hubo buen ambiente, disfraces y por supuesto\u2026", "hashtags": [], "topic": "environment", "tweet_urls": ["https://t.co/MeYItsxAcA"], "date": {"hour": 20, "month": 11, "iso": "2018-11-03T20:24:34", "year": 2018, "day": 3, "minute": 24}, "geo": null, "id": 1058817233269481472, "lang": "es", "emoticons": [], "user_id": 702463583624499200, "coordinates": null, "source": "Twitter for iPhone", "location": "MexicoCity", "mentions": []}, {"truncated": true, "text": "Domingo apacible. En cuanto se disipen las nieblas matinales el ambiente ser\u00e1 soleado. Viento del sur, intensific\u00e1n\u2026", "hashtags": [], "topic": "environment", "tweet_urls": ["https://t.co/Zipg64Ep82"], "date": {"hour": 19, "month": 11, "iso": "2018-11-03T19:32:00", "year": 2018, "day": 3, "minute": 32}, "geo": null, "id": 1058804002111012865, "lang": "es", "emoticons": [], "user_id": 229867798, "coordinates": null, "source": "TweetDeck", "location": "MexicoCity", "mentions": []}, {"truncated": true, "text": "Es un lugar de ambiente donde todo es diferente...\n\n... y tambi\u00e9n es d\u00f3nde est\u00e1 bola de casquivanos a\u00f1ade\u2026", "hashtags": [], "topic": "environment", "tweet_urls": ["https://t.co/reeJQtSDNA"], "date": {"hour": 19, "month": 11, "iso": "2018-11-03T19:27:18", "year": 2018, "day": 3, "minute": 27}, "geo": null, "id": 1058802817706668032, "lang": "es", "emoticons": [], "user_id": 282288543, "coordinates": null, "source": "Twitter for iPhone", "location": "MexicoCity", "mentions": ["@Zoi_Kat"]}, {"truncated": false, "text": "\u00a1As\u00ed se puso el ambiente en el juegazo del viernes por la noche entre y", "hashtags": [], "topic": "environment", "tweet_urls": [], "date": {"hour": 18, "month": 11, "iso": "2018-11-03T18:38:58", "year": 2018, "day": 3, "minute": 38}, "geo": null, "id": 1058790656129331201, "lang": "es", "emoticons": [], "user_id": 109621903, "coordinates": null, "source": "TweetDeck", "location": "MexicoCity", "mentions": ["@ClubPueblaMX", "@Chivas!\n\nhttps://t.co/ZWQC30yUOw"]}, {"truncated": false, "text": "\u00a1\u00a1\u00a1Esa es la actitud!! Ambiente navide\u00f1o desde ahora.", "hashtags": [], "topic": "environment", "tweet_urls": [], "date": {"hour": 18, "month": 11, "iso": "2018-11-03T18:27:15", "year": 2018, "day": 3, "minute": 27}, "geo": null, "id": 1058787707822989312, "lang": "es", "emoticons": [], "user_id": 759457943641214976, "coordinates": null, "source": "Twitter for Android", "location": "MexicoCity", "mentions": ["@MissRoxyMusic"]}, {"truncated": true, "text": "\"Simplemente, una de las mejores bandas que haya visto en vivo, el setlist perfecto, con la compa\u00f1\u00eda perfecta y con\u2026", "hashtags": [], "topic": "environment", "tweet_urls": ["https://t.co/bznkt2h7lk"], "date": {"hour": 18, "month": 11, "iso": "2018-11-03T18:23:42", "year": 2018, "day": 3, "minute": 23}, "geo": {"type": "Point", "coordinates": [19.49741175, -99.17481874]}, "id": 1058786813341560832, "lang": "es", "emoticons": [], "user_id": 75477070, "coordinates": {"type": "Point", "coordinates": [-99.17481874, 19.49741175]}, "source": "Instagram", "location": "MexicoCity", "mentions": []}, {"truncated": true, "text": "FC Beef originarios de Veracruz, marcan pauta en calidad y sabor en nuestro pa\u00eds. Comprometidos con sus clientes y\u2026", "hashtags": [], "topic": "environment", "tweet_urls": ["https://t.co/9e0O0lGpT5"], "date": {"hour": 18, "month": 11, "iso": "2018-11-03T18:22:33", "year": 2018, "day": 3, "minute": 22}, "geo": null, "id": 1058786525972819970, "lang": "es", "emoticons": [], "user_id": 124254565, "coordinates": null, "source": "TweetDeck", "location": "MexicoCity", "mentions": []}, {"truncated": true, "text": "BRAM STOKER\u00b4S DR\u00c1CULA (1992) OBRA SUBLIME DE FRANCIS FORD COPPOLA.\nMagn\u00edfica ambientaci\u00f3n neog\u00f3tica, el film revita\u2026", "hashtags": [], "topic": "environment", "tweet_urls": ["https://t.co/PEkRSdCj26"], "date": {"hour": 18, "month": 11, "iso": "2018-11-03T18:10:48", "year": 2018, "day": 3, "minute": 10}, "geo": null, "id": 1058783568476979201, "lang": "es", "emoticons": [], "user_id": 105617611, "coordinates": null, "source": "Twitter for iPhone", "location": "MexicoCity", "mentions": []}, {"truncated": true, "text": "Y deben de entender que este.proyecto da\u00f1a m\u00e1s al medio ambiente y s M\u00e9xico un pu\u00f1ado de inversionista\u2026", "hashtags": [], "topic": "environment", "tweet_urls": ["https://t.co/64XRLviDuQ"], "date": {"hour": 17, "month": 11, "iso": "2018-11-03T17:23:26", "year": 2018, "day": 3, "minute": 23}, "geo": null, "id": 1058771648130756608, "lang": "es", "emoticons": [], "user_id": 1004228532409700352, "coordinates": null, "source": "Twitter for Android", "location": "MexicoCity", "mentions": ["@AlmaDeliaMC"]}, {"truncated": false, "text": "Vive el mejor ambiente con las mejores promociones.\n\u00a1Todos los viernes ochenteros!\nS\u00f3lo en", "hashtags": ["#RestauranteVolver"], "topic": "environment", "tweet_urls": ["https://t.co/wI6FFuhG0r"], "date": {"hour": 16, "month": 11, "iso": "2018-11-03T16:15:09", "year": 2018, "day": 3, "minute": 15}, "geo": null, "id": 1058754463274618880, "lang": "es", "emoticons": [], "user_id": 935290979321495552, "coordinates": null, "source": "Hootsuite Inc.", "location": "MexicoCity", "mentions": []}, {"truncated": false, "text": "Buen d\u00eda. Por ac\u00e1 tenemos solecito pero ambiente fresco. Saludos", "hashtags": [], "topic": "environment", "tweet_urls": [], "date": {"hour": 16, "month": 11, "iso": "2018-11-03T16:05:32", "year": 2018, "day": 3, "minute": 5}, "geo": null, "id": 1058752044222177280, "lang": "es", "emoticons": [], "user_id": 105241943, "coordinates": null, "source": "Twitter for Android", "location": "MexicoCity", "mentions": ["@VicOdin2099"]}, {"truncated": true, "text": "...Mi 8o. com. es que EU, seg\u00fan, ya es el primer productor mundial de petr\u00f3leo: Pero es der\u2026", "hashtags": [], "topic": "environment", "tweet_urls": ["https://t.co/vTZhkxIVMR", "https://t.co/25SqRvz9Jl"], "date": {"hour": 15, "month": 11, "iso": "2018-11-03T15:54:52", "year": 2018, "day": 3, "minute": 54}, "geo": null, "id": 1058749357816721408, "lang": "es", "emoticons": [], "user_id": 100012778, "coordinates": null, "source": "Twitter Web Client", "location": "MexicoCity", "mentions": []}, {"truncated": true, "text": "Arquitecto, le dar\u00e9 mi opini\u00f3n sobre este tema con la intenci\u00f3n de intercambiar ideas y puntos de vista, a\u2026", "hashtags": [], "topic": "environment", "tweet_urls": ["https://t.co/OGfYlzTe3B"], "date": {"hour": 15, "month": 11, "iso": "2018-11-03T15:54:47", "year": 2018, "day": 3, "minute": 54}, "geo": null, "id": 1058749337692504064, "lang": "es", "emoticons": [], "user_id": 151911984, "coordinates": null, "source": "Twitter for Android", "location": "MexicoCity", "mentions": ["@AXL__tw"]}, {"truncated": true, "text": "Sabias que hoy en d\u00eda mas del 50% de las empresas pe\u00f1as y grandes ya operan sobre Voz ip (VoIP), tu que esperas ??\u2026", "hashtags": [], "topic": "environment", "tweet_urls": ["https://t.co/PArW9tq5AD"], "date": {"hour": 15, "month": 11, "iso": "2018-11-03T15:47:02", "year": 2018, "day": 3, "minute": 47}, "geo": null, "id": 1058747385935998977, "lang": "es", "emoticons": [], "user_id": 135999748, "coordinates": null, "source": "Facebook", "location": "MexicoCity", "mentions": []}, {"truncated": true, "text": "Me encant\u00f3 que en esta ofrenda aparezca una bicicleta pues para mi simboliza la intersecci\u00f3n de tradici\u00f3n\u2026", "hashtags": [], "topic": "environment", "tweet_urls": ["https://t.co/YhH3Hdh9Hz"], "date": {"hour": 15, "month": 11, "iso": "2018-11-03T15:18:03", "year": 2018, "day": 3, "minute": 18}, "geo": null, "id": 1058740094360842240, "lang": "es", "emoticons": [], "user_id": 134094758, "coordinates": null, "source": "Twitter for iPad", "location": "MexicoCity", "mentions": ["@VaneGDmx"]}, {"truncated": false, "text": "M\u00e1s y ambiente fr\u00edo en todo el pa\u00eds\n\ufe0fhttps://t.co/7yBkVoRmHw", "hashtags": ["#lluvia"], "topic": "environment", "tweet_urls": ["https://t.co/3bNb5sknsc"], "date": {"hour": 15, "month": 11, "iso": "2018-11-03T15:17:56", "year": 2018, "day": 3, "minute": 17}, "geo": null, "id": 1058740065638195201, "lang": "es", "emoticons": ["\u27a1"], "user_id": 104283869, "coordinates": null, "source": "TweetDeck", "location": "MexicoCity", "mentions": []}, {"truncated": true, "text": "La bicicleta es una opci\u00f3n de movilidad para que todos adoptemos formas de transporte amigables con el medio ambien\u2026", "hashtags": [], "topic": "environment", "tweet_urls": ["https://t.co/UpW1xIoGvA"], "date": {"hour": 15, "month": 11, "iso": "2018-11-03T15:00:01", "year": 2018, "day": 3, "minute": 0}, "geo": null, "id": 1058735557642194946, "lang": "es", "emoticons": [], "user_id": 730996422, "coordinates": null, "source": "TweetDeck", "location": "MexicoCity", "mentions": []}, {"truncated": false, "text": "Pe\u00f1alosa no que iban a reemplazar por el\u00e9ctricos? El medio ambiente lo vale", "hashtags": [], "topic": "environment", "tweet_urls": [], "date": {"hour": 14, "month": 11, "iso": "2018-11-03T14:50:54", "year": 2018, "day": 3, "minute": 50}, "geo": null, "id": 1058733261684441088, "lang": "es", "emoticons": [], "user_id": 339141980, "coordinates": null, "source": "Twitter for Android", "location": "MexicoCity", "mentions": ["@EnriquePenalosa"]}, {"truncated": true, "text": "As\u00ed reportan los participantes el ambiente en el Torneo de la Amistad 2018 desde . Comparte tus historia\u2026", "hashtags": ["#Monterrey"], "topic": "environment", "tweet_urls": ["https://t.co/JsGeeqFOMb"], "date": {"hour": 14, "month": 11, "iso": "2018-11-03T14:45:43", "year": 2018, "day": 3, "minute": 45}, "geo": null, "id": 1058731955511087104, "lang": "es", "emoticons": [], "user_id": 777933893605306368, "coordinates": null, "source": "Twitter for iPhone", "location": "MexicoCity", "mentions": []}, {"truncated": true, "text": "es un espacio abierto al intercambio de informaci\u00f3n y experiencias relacionadas con", "hashtags": ["#Salud,\u2026"], "topic": "environment", "tweet_urls": ["https://t.co/9tHYVorRBt"], "date": {"hour": 14, "month": 11, "iso": "2018-11-03T14:37:21", "year": 2018, "day": 3, "minute": 37}, "geo": null, "id": 1058729851908173824, "lang": "es", "emoticons": ["\u2b50"], "user_id": 80064831, "coordinates": null, "source": "Twitter for iPhone", "location": "MexicoCity", "mentions": ["@DialogosCanal11"]}, {"truncated": true, "text": "Este s\u00e1bado dominar\u00e1 el ambiente fresco con una temperatura m\u00e1xima de 20\u00b0C. Por la tarde y noche se presentar\u00e1n llu\u2026", "hashtags": [], "topic": "environment", "tweet_urls": ["https://t.co/AYIOxWOORv"], "date": {"hour": 14, "month": 11, "iso": "2018-11-03T14:06:07", "year": 2018, "day": 3, "minute": 6}, "geo": null, "id": 1058721990893322240, "lang": "es", "emoticons": [], "user_id": 109157742, "coordinates": null, "source": "Twitter for iPhone", "location": "MexicoCity", "mentions": []}, {"truncated": true, "text": "A unos d\u00edas de que AMLO, presidente electo, tome posesi\u00f3n y pueda cumplir con la obligaci\u00f3n de gobernar, existe un\u2026", "hashtags": [], "topic": "environment", "tweet_urls": ["https://t.co/hhsWzGTzbt"], "date": {"hour": 13, "month": 11, "iso": "2018-11-03T13:48:50", "year": 2018, "day": 3, "minute": 48}, "geo": null, "id": 1058717642197008384, "lang": "es", "emoticons": [], "user_id": 287446406, "coordinates": null, "source": "Facebook", "location": "MexicoCity", "mentions": []}, {"truncated": true, "text": "\u00a1Familia! Los invito a escuchar mi colaboraci\u00f3n con por a las 10:00 de la ma\u00f1ana. Hablare\u2026", "hashtags": [], "topic": "environment", "tweet_urls": ["https://t.co/zQ5V6N3WIx"], "date": {"hour": 13, "month": 11, "iso": "2018-11-03T13:45:08", "year": 2018, "day": 3, "minute": 45}, "geo": null, "id": 1058716711409647618, "lang": "es", "emoticons": [], "user_id": 317860109, "coordinates": null, "source": "Hootsuite Inc.", "location": "MexicoCity", "mentions": ["@EnriqueB01", "@889Noticias"]}, {"truncated": false, "text": "Odio a mis vecinos, llevan horas en una fiesta con m\u00fasica chidisima y un super ambiente. . . La envidia me corroe.", "hashtags": [], "topic": "environment", "tweet_urls": [], "date": {"hour": 8, "month": 11, "iso": "2018-11-03T08:25:30", "year": 2018, "day": 3, "minute": 25}, "geo": null, "id": 1058636273181773824, "lang": "es", "emoticons": [], "user_id": 2333802972, "coordinates": null, "source": "Twitter for Android", "location": "MexicoCity", "mentions": []}, {"truncated": false, "text": "As\u00ed el ambiente con Juli\u00f3n \u00c1lvarez", "hashtags": [], "topic": "environment", "tweet_urls": ["https://t.co/9A9XPRTqkW"], "date": {"hour": 7, "month": 11, "iso": "2018-11-03T07:52:08", "year": 2018, "day": 3, "minute": 52}, "geo": null, "id": 1058627873328652288, "lang": "es", "emoticons": [], "user_id": 92370748, "coordinates": null, "source": "Periscope", "location": "MexicoCity", "mentions": []}, {"truncated": true, "text": "Los claros se ir\u00e1n imponiendo. A primeras horas quedar\u00e1n restos de nubosidad y tendremos algunas nieblas, que dar\u00e1n\u2026", "hashtags": [], "topic": "environment", "tweet_urls": ["https://t.co/oZpARPZfZe"], "date": {"hour": 6, "month": 11, "iso": "2018-11-03T06:43:44", "year": 2018, "day": 3, "minute": 43}, "geo": null, "id": 1058610659905146882, "lang": "es", "emoticons": [], "user_id": 229867798, "coordinates": null, "source": "TweetDeck", "location": "MexicoCity", "mentions": []}, {"truncated": true, "text": "As\u00ed el ambiente desde la Arena M\u00e9xico, previo a la funci\u00f3n especial por el D\u00eda de Muertos del", "hashtags": [], "topic": "environment", "tweet_urls": ["https://t.co/W1zgVxH868"], "date": {"hour": 6, "month": 11, "iso": "2018-11-03T06:15:19", "year": 2018, "day": 3, "minute": 15}, "geo": null, "id": 1058603509107568643, "lang": "es", "emoticons": [], "user_id": 279714192, "coordinates": null, "source": "Twitter for Android", "location": "MexicoCity", "mentions": ["@CMLL_OFICIAL\u2026"]}, {"truncated": false, "text": "Hace un mont\u00f3n de fr\u00edo y el ambiente se siente l\u00fagubre, luego me acord\u00e9 que es D\u00eda de Muertos y entend\u00ed todo", "hashtags": [], "topic": "environment", "tweet_urls": [], "date": {"hour": 6, "month": 11, "iso": "2018-11-03T06:09:16", "year": 2018, "day": 3, "minute": 9}, "geo": null, "id": 1058601989892960256, "lang": "es", "emoticons": ["\ud83d\ude02"], "user_id": 94444919, "coordinates": null, "source": "Twitter for Android", "location": "MexicoCity", "mentions": []}, {"truncated": true, "text": "Desafortunadamente la decisi\u00f3n no la tomaron con i formacion se especialistas, si hay corrupci\u00f3n la exhiba y combat\u2026", "hashtags": [], "topic": "environment", "tweet_urls": ["https://t.co/4mv7A7bg4v"], "date": {"hour": 5, "month": 11, "iso": "2018-11-03T05:40:33", "year": 2018, "day": 3, "minute": 40}, "geo": null, "id": 1058594762125643776, "lang": "es", "emoticons": [], "user_id": 301858068, "coordinates": null, "source": "Twitter for Android", "location": "MexicoCity", "mentions": []}, {"truncated": true, "text": "Paco una comisi\u00f3n de investigaci\u00f3n sobre los delitos\u2026", "hashtags": [], "topic": "environment", "tweet_urls": ["https://t.co/cDKBF1gB4p"], "date": {"hour": 4, "month": 11, "iso": "2018-11-03T04:58:40", "year": 2018, "day": 3, "minute": 58}, "geo": null, "id": 1058584219096674304, "lang": "es", "emoticons": [], "user_id": 113803789, "coordinates": null, "source": "Twitter for iPhone", "location": "MexicoCity", "mentions": ["@Taibo2", "@abrahamfraijo", "@JOFAGARCIA", "@roblesmaloof", "@alconsumidor"]}, {"truncated": false, "text": "\u201cMou pondr\u00e1 un ambiente pesado en el equipo\u201d, en 2008 e \u201cIcardi no merece ser el capit\u00e1n, mejor Handanovic\u201d, en 2015.", "hashtags": [], "topic": "environment", "tweet_urls": [], "date": {"hour": 4, "month": 11, "iso": "2018-11-03T04:52:30", "year": 2018, "day": 3, "minute": 52}, "geo": null, "id": 1058582668865093633, "lang": "es", "emoticons": [], "user_id": 149633311, "coordinates": null, "source": "Twitter for iPhone", "location": "MexicoCity", "mentions": ["@inter_latino"]}, {"truncated": true, "text": "Ya comienza a calentarse el ambiente en nuestra fiesta anual de disfraces !! Hoy celebramos en conjunto 4 a\u00f1os de e\u2026", "hashtags": [], "topic": "environment", "tweet_urls": ["https://t.co/DTfobmNUzY"], "date": {"hour": 4, "month": 11, "iso": "2018-11-03T04:37:33", "year": 2018, "day": 3, "minute": 37}, "geo": {"type": "Point", "coordinates": [19.48051405, -99.18658768]}, "id": 1058578908516417536, "lang": "es", "emoticons": [], "user_id": 281577381, "coordinates": {"type": "Point", "coordinates": [-99.18658768, 19.48051405]}, "source": "Instagram", "location": "MexicoCity", "mentions": []}, {"truncated": false, "text": "\u00bfQui\u00e9n anda en coyo? En el Pugs the bar est\u00e1 bueno el ambiente \ud83e\udd73", "hashtags": [], "topic": "environment", "tweet_urls": [], "date": {"hour": 4, "month": 11, "iso": "2018-11-03T04:36:15", "year": 2018, "day": 3, "minute": 36}, "geo": null, "id": 1058578581016723457, "lang": "es", "emoticons": [], "user_id": 3320986633, "coordinates": null, "source": "Twitter for iPhone", "location": "MexicoCity", "mentions": []}, {"truncated": true, "text": "Lo peligroso de estos tipos es Q quieren implementar un enrarecimiento del ambiente tal como hacen l\u2026", "hashtags": [], "topic": "environment", "tweet_urls": ["https://t.co/Un2DrxvItm"], "date": {"hour": 4, "month": 11, "iso": "2018-11-03T04:32:45", "year": 2018, "day": 3, "minute": 32}, "geo": null, "id": 1058577697847177216, "lang": "es", "emoticons": [], "user_id": 543923311, "coordinates": null, "source": "Twitter Web Client", "location": "MexicoCity", "mentions": ["@Revolucion3_0"]}, {"truncated": true, "text": ".@AxelMuniz_Music tambi\u00e9n estar\u00e1 poniendo el ambiente en el festejo \u00a1Atentos a las redes sociales de\u2026", "hashtags": ["#Telehit25A\u00f1os"], "topic": "environment", "tweet_urls": ["https://t.co/Aom6Bu31sJ"], "date": {"hour": 3, "month": 11, "iso": "2018-11-03T03:52:41", "year": 2018, "day": 3, "minute": 52}, "geo": null, "id": 1058567615004721153, "lang": "es", "emoticons": [], "user_id": 19784567, "coordinates": null, "source": "Twitter for iPhone", "location": "MexicoCity", "mentions": []}, {"truncated": true, "text": "Hermosa May! Est\u00e1 muy bonito el lugar y efectivamente grandes conocimientos aplicados en su arquite\u2026", "hashtags": [], "topic": "environment", "tweet_urls": ["https://t.co/HGGQXe7mPO"], "date": {"hour": 3, "month": 11, "iso": "2018-11-03T03:04:23", "year": 2018, "day": 3, "minute": 4}, "geo": null, "id": 1058555459588837376, "lang": "es", "emoticons": [], "user_id": 2371065506, "coordinates": null, "source": "Twitter Web Client", "location": "MexicoCity", "mentions": ["@maytelascurain"]}, {"truncated": true, "text": "es un espacio abierto al intercambio de informaci\u00f3n y experiencias relacionadas con", "hashtags": ["#Salud,\u2026"], "topic": "environment", "tweet_urls": ["https://t.co/5nH8bJG3aa"], "date": {"hour": 3, "month": 11, "iso": "2018-11-03T03:01:54", "year": 2018, "day": 3, "minute": 1}, "geo": null, "id": 1058554835316830208, "lang": "es", "emoticons": ["\u2b50"], "user_id": 80064831, "coordinates": null, "source": "Twitter for iPhone", "location": "MexicoCity", "mentions": ["@DialogosCanal11"]}, {"truncated": true, "text": "Dir\u00e1n lo que quieran, obvio el Madrid y el Barca son de otro planeta pero lo juro por mi vida que s\u2026", "hashtags": [], "topic": "environment", "tweet_urls": ["https://t.co/EUJMB0PF8d"], "date": {"hour": 2, "month": 11, "iso": "2018-11-03T02:49:26", "year": 2018, "day": 3, "minute": 49}, "geo": null, "id": 1058551699562991616, "lang": "es", "emoticons": [], "user_id": 119526063, "coordinates": null, "source": "Twitter for iPhone", "location": "MexicoCity", "mentions": ["@Faitelson_ESPN"]}, {"truncated": true, "text": "es un espacio abierto al intercambio de informaci\u00f3n y experiencias relacionadas con", "hashtags": ["#Salud,\u2026"], "topic": "environment", "tweet_urls": ["https://t.co/uku3b6I8iu"], "date": {"hour": 1, "month": 11, "iso": "2018-11-03T01:22:17", "year": 2018, "day": 3, "minute": 22}, "geo": null, "id": 1058529764711886848, "lang": "es", "emoticons": ["\u2b50"], "user_id": 80064831, "coordinates": null, "source": "Twitter for iPhone", "location": "MexicoCity", "mentions": ["@DialogosCanal11"]}, {"truncated": true, "text": "Sali\u00f3 a la luz p\u00fablica que en 2017 el Manchester City le hizo una millonaria propuesta a Lionel Messi quien la rech\u2026", "hashtags": [], "topic": "environment", "tweet_urls": ["https://t.co/ElfD0RDvQW"], "date": {"hour": 0, "month": 11, "iso": "2018-11-03T00:20:22", "year": 2018, "day": 3, "minute": 20}, "geo": null, "id": 1058514186127454208, "lang": "es", "emoticons": [], "user_id": 118893974, "coordinates": null, "source": "Twitter for iPhone", "location": "MexicoCity", "mentions": []}, {"truncated": true, "text": "No te quedes en tu casa, te esperamos a partir de la 8 en La Gloria \n\nEst\u00e1 va a ser una noche de miedo en La Gloria\u2026", "hashtags": [], "topic": "environment", "tweet_urls": ["https://t.co/ekZS5ystM6"], "date": {"hour": 23, "month": 11, "iso": "2018-11-02T23:45:18", "year": 2018, "day": 2, "minute": 45}, "geo": null, "id": 1058505360821104640, "lang": "es", "emoticons": [], "user_id": 473331724, "coordinates": null, "source": "Facebook", "location": "MexicoCity", "mentions": []}, {"truncated": true, "text": "\u201cCien personas comen, seg\u00fan cien gustos\u201d\nQu\u00e9 hacer con la luna Hoy.\n2 de Noviembre 2018\nLa Luna transitando por el\u2026", "hashtags": [], "topic": "environment", "tweet_urls": ["https://t.co/AHw95fHvah"], "date": {"hour": 23, "month": 11, "iso": "2018-11-02T23:24:45", "year": 2018, "day": 2, "minute": 24}, "geo": null, "id": 1058500186283089920, "lang": "es", "emoticons": [], "user_id": 104207940, "coordinates": null, "source": "Facebook", "location": "MexicoCity", "mentions": []}, {"truncated": true, "text": "Aunque la mayor\u00eda de las personas busca un salario bien remunerado, existen muchas formas de motivar a tu equipo de\u2026", "hashtags": [], "topic": "environment", "tweet_urls": ["https://t.co/8UuyYZlJxj"], "date": {"hour": 23, "month": 11, "iso": "2018-11-02T23:20:16", "year": 2018, "day": 2, "minute": 20}, "geo": null, "id": 1058499060359970816, "lang": "es", "emoticons": [], "user_id": 293694548, "coordinates": null, "source": "Twitter for iPhone", "location": "MexicoCity", "mentions": []}, {"truncated": true, "text": "Hola, soy , fugas de mis ductos contaminaron 4 mil 500 sitios, da\u00f1ando el medio ambiente y la salud de las p\u2026", "hashtags": [], "topic": "environment", "tweet_urls": ["https://t.co/65WcYJavgw"], "date": {"hour": 23, "month": 11, "iso": "2018-11-02T23:10:00", "year": 2018, "day": 2, "minute": 10}, "geo": null, "id": 1058496476119220224, "lang": "es", "emoticons": [], "user_id": 54238309, "coordinates": null, "source": "TweetDeck", "location": "MexicoCity", "mentions": ["@Pemex"]}, {"truncated": true, "text": "\u00a1Norte\u00f1o banda en vivo y el mejor ambiente al oriente de la ciudad te esperan en Marisquer\u00eda esta noc\u2026", "hashtags": ["#PlazaCentral"], "topic": "environment", "tweet_urls": ["https://t.co/CaSXg4jZBn"], "date": {"hour": 23, "month": 11, "iso": "2018-11-02T23:00:01", "year": 2018, "day": 2, "minute": 0}, "geo": null, "id": 1058493961789206528, "lang": "es", "emoticons": [], "user_id": 2388023263, "coordinates": null, "source": "TweetDeck", "location": "MexicoCity", "mentions": []}, {"truncated": true, "text": "El 1o Nov 2017 por la tarde deb\u00eda caminar para llegar a la casa con mi pap\u00e1...En el vecindario los ni\u00f1os disfrazado\u2026", "hashtags": [], "topic": "environment", "tweet_urls": ["https://t.co/bgelIioi3m"], "date": {"hour": 22, "month": 11, "iso": "2018-11-02T22:52:57", "year": 2018, "day": 2, "minute": 52}, "geo": null, "id": 1058492185878745088, "lang": "es", "emoticons": [], "user_id": 163552083, "coordinates": null, "source": "Twitter for Android", "location": "MexicoCity", "mentions": []}, {"truncated": true, "text": "\u00a1DISFRUTA DE LA MEJOR M\u00daSICA EN VIVO CON BLACK MARIA!\n\n\u00a1HOY! EN BURGER'S SONS ROMA SUR.\nEL MEJOR AMBIENTE, EN EL ME\u2026", "hashtags": [], "topic": "environment", "tweet_urls": ["https://t.co/k1ZhwBYiBS"], "date": {"hour": 22, "month": 11, "iso": "2018-11-02T22:52:06", "year": 2018, "day": 2, "minute": 52}, "geo": null, "id": 1058491969960329216, "lang": "es", "emoticons": [], "user_id": 4710655273, "coordinates": null, "source": "Twitter Web Client", "location": "MexicoCity", "mentions": []}, {"truncated": true, "text": "...ambiente f\u00fanebre...fueron las palabras que utilzo una persona hoy en la radio...un hombre se queria suicidar en\u2026", "hashtags": [], "topic": "environment", "tweet_urls": ["https://t.co/KIOonVzumo"], "date": {"hour": 22, "month": 11, "iso": "2018-11-02T22:46:00", "year": 2018, "day": 2, "minute": 46}, "geo": null, "id": 1058490437361577984, "lang": "es", "emoticons": [], "user_id": 163552083, "coordinates": null, "source": "Twitter for Android", "location": "MexicoCity", "mentions": []}, {"truncated": true, "text": "H\u2026", "hashtags": [], "topic": "environment", "tweet_urls": ["https://t.co/m98EqTJVaI"], "date": {"hour": 22, "month": 11, "iso": "2018-11-02T22:45:30", "year": 2018, "day": 2, "minute": 45}, "geo": null, "id": 1058490309745627136, "lang": "es", "emoticons": [], "user_id": 1058143544647462912, "coordinates": null, "source": "Twitter for Android", "location": "MexicoCity", "mentions": ["@LoBandas", "@CorneliusAmad2", "@CaradeTortilla1", "@EsposaEs", "@EsposasCalient3", "@casadasycornud1", "@adictos_tr_sw", "@ExhiEsposa"]}, {"truncated": false, "text": "Los espero hoy en directamente en la cabina poni\u00e9ndole ambiente a la noche..!!", "hashtags": ["#Atizapan"], "topic": "environment", "tweet_urls": ["https://t.co/YjDR9a9knH"], "date": {"hour": 22, "month": 11, "iso": "2018-11-02T22:41:28", "year": 2018, "day": 2, "minute": 41}, "geo": null, "id": 1058489295479193600, "lang": "es", "emoticons": [], "user_id": 4347377780, "coordinates": null, "source": "Twitter for Android", "location": "MexicoCity", "mentions": []}, {"truncated": true, "text": "Voy llegando al pante\u00f3n donde est\u00e1n mis abuelos y mi hermano. A diferencia de otros a\u00f1os, esta vez, esta alegre el\u2026", "hashtags": [], "topic": "environment", "tweet_urls": ["https://t.co/hVSFZUE6ob"], "date": {"hour": 22, "month": 11, "iso": "2018-11-02T22:19:11", "year": 2018, "day": 2, "minute": 19}, "geo": null, "id": 1058483689355706368, "lang": "es", "emoticons": [], "user_id": 130686364, "coordinates": null, "source": "Twitter for Android", "location": "MexicoCity", "mentions": []}, {"truncated": true, "text": "Les preocupa tanto un lago seco como el de Texcoco, pero no les importa el calentamiento global y consumo de produc\u2026", "hashtags": [], "topic": "environment", "tweet_urls": ["https://t.co/WAswWRwPBG"], "date": {"hour": 21, "month": 11, "iso": "2018-11-02T21:52:26", "year": 2018, "day": 2, "minute": 52}, "geo": null, "id": 1058476957833158657, "lang": "es", "emoticons": [], "user_id": 98960507, "coordinates": null, "source": "Twitter Web Client", "location": "MexicoCity", "mentions": []}, {"truncated": true, "text": "El mejor club de playa en Puerto Vallarta. sofisticado, exclusivo, elegante y moderno club de playa\u2026", "hashtags": [], "topic": "environment", "tweet_urls": ["https://t.co/NJUIO1EKDC"], "date": {"hour": 20, "month": 11, "iso": "2018-11-02T20:29:45", "year": 2018, "day": 2, "minute": 29}, "geo": null, "id": 1058456149098487808, "lang": "es", "emoticons": [], "user_id": 964027390723874816, "coordinates": null, "source": "Twitter for iPhone", "location": "MexicoCity", "mentions": ["@MantamarBC\nEs"]}, {"truncated": true, "text": "2 mensajes de la poder econ\u00f3mico: se acab\u00f3. No + megaproyectos en detrimento del erario, el ambien\u2026", "hashtags": ["#ConsultaNAIM\nAl"], "topic": "environment", "tweet_urls": ["https://t.co/wuU0b8cgeO"], "date": {"hour": 20, "month": 11, "iso": "2018-11-02T20:29:07", "year": 2018, "day": 2, "minute": 29}, "geo": null, "id": 1058455989136080898, "lang": "es", "emoticons": [], "user_id": 85697134, "coordinates": null, "source": "Twitter Web Client", "location": "MexicoCity", "mentions": []}, {"truncated": true, "text": "Desmolden ya que est\u00e9 fr\u00edo. La prisa y la gula son los peores enemigos de la reposter\u00eda... esp\u00e9rense a que el paste\u2026", "hashtags": [], "topic": "environment", "tweet_urls": ["https://t.co/rxv90kkqFe"], "date": {"hour": 20, "month": 11, "iso": "2018-11-02T20:05:26", "year": 2018, "day": 2, "minute": 5}, "geo": null, "id": 1058450026534363136, "lang": "es", "emoticons": [], "user_id": 94263256, "coordinates": null, "source": "Twitter for iPhone", "location": "MexicoCity", "mentions": []}, {"truncated": true, "text": "\u2605Info Anime reciente\u2605\nAnime \"Sarazanmai\" se public\u00f3 el video promocional. l director es Kunihiko Ikuhara. Tiene un\u2026", "hashtags": [], "topic": "environment", "tweet_urls": ["https://t.co/GDg9eawE5m"], "date": {"hour": 20, "month": 11, "iso": "2018-11-02T20:00:20", "year": 2018, "day": 2, "minute": 0}, "geo": null, "id": 1058448745640157184, "lang": "es", "emoticons": [], "user_id": 492636284, "coordinates": null, "source": "Hootsuite Inc.", "location": "MexicoCity", "mentions": []}, {"truncated": true, "text": "\u2605Info Anime reciente\u2605\nAnime \"Sarazanmai\" se public\u00f3 el video promocional. l director es Kunihiko Ikuhara. Tiene un\u2026", "hashtags": [], "topic": "environment", "tweet_urls": ["https://t.co/BGRFjlrQnL"], "date": {"hour": 20, "month": 11, "iso": "2018-11-02T20:00:09", "year": 2018, "day": 2, "minute": 0}, "geo": null, "id": 1058448700534677504, "lang": "es", "emoticons": [], "user_id": 492636284, "coordinates": null, "source": "Facebook", "location": "MexicoCity", "mentions": []}, {"truncated": true, "text": "El antro con m\u00e1s glamour de la zona de palmas ha llegado a darte las mejores fiestas con un ambiente cool y gente p\u2026", "hashtags": [], "topic": "environment", "tweet_urls": ["https://t.co/Sw7i01yzyv"], "date": {"hour": 20, "month": 11, "iso": "2018-11-02T20:00:08", "year": 2018, "day": 2, "minute": 0}, "geo": null, "id": 1058448696067719168, "lang": "es", "emoticons": [], "user_id": 2859095369, "coordinates": null, "source": "Facebook", "location": "MexicoCity", "mentions": []}, {"truncated": true, "text": "Para los pasteles de cajita:\n-En lugar de agua le a\u00f1ado leche. \n-En lugar de solo aceite le a\u00f1ado mitad aceite y mi\u2026", "hashtags": [], "topic": "environment", "tweet_urls": ["https://t.co/6hhyrKDKgp"], "date": {"hour": 19, "month": 11, "iso": "2018-11-02T19:36:46", "year": 2018, "day": 2, "minute": 36}, "geo": null, "id": 1058442816102182913, "lang": "es", "emoticons": [], "user_id": 94263256, "coordinates": null, "source": "Twitter for iPhone", "location": "MexicoCity", "mentions": []}, {"truncated": false, "text": "No manches :( y es de ambiente nocturno tambi\u00e9n?", "hashtags": [], "topic": "environment", "tweet_urls": [], "date": {"hour": 19, "month": 11, "iso": "2018-11-02T19:28:30", "year": 2018, "day": 2, "minute": 28}, "geo": null, "id": 1058440735291310082, "lang": "es", "emoticons": [], "user_id": 32892592, "coordinates": null, "source": "Twitter for Android", "location": "MexicoCity", "mentions": ["@OhMiAlexis"]}, {"truncated": true, "text": "En grupo de odontolog\u00eda avanzada,\nla muerte se andaba asomando\ny al ver que con dientes sal\u00edan,\nse emocionaba con o\u2026", "hashtags": [], "topic": "environment", "tweet_urls": ["https://t.co/y5dA9wvjnU"], "date": {"hour": 19, "month": 11, "iso": "2018-11-02T19:28:22", "year": 2018, "day": 2, "minute": 28}, "geo": null, "id": 1058440702189862912, "lang": "es", "emoticons": [], "user_id": 163120964, "coordinates": null, "source": "Facebook", "location": "MexicoCity", "mentions": []}, {"truncated": true, "text": "Zero Mass water permite obtener hasta 10 litros diarios de agua potable obtenidos de la humedad del ambiente por me\u2026", "hashtags": [], "topic": "environment", "tweet_urls": ["https://t.co/z0kfpIyyDT"], "date": {"hour": 19, "month": 11, "iso": "2018-11-02T19:28:03", "year": 2018, "day": 2, "minute": 28}, "geo": null, "id": 1058440620392484864, "lang": "es", "emoticons": [], "user_id": 34501046, "coordinates": null, "source": "Twitter Web Client", "location": "MexicoCity", "mentions": []}, {"truncated": false, "text": "Estar\u00e9 dejando este s\u00edmbolo al costo de 150 para personas del ambiente RT.", "hashtags": [], "topic": "environment", "tweet_urls": ["https://t.co/XXJOIwlsIC"], "date": {"hour": 19, "month": 11, "iso": "2018-11-02T19:20:59", "year": 2018, "day": 2, "minute": 20}, "geo": null, "id": 1058438842179563520, "lang": "es", "emoticons": [], "user_id": 993712640890466304, "coordinates": null, "source": "Twitter for Android", "location": "MexicoCity", "mentions": []}, {"truncated": true, "text": "La transformaci\u00f3n llegando hasta los peores medios...\n\u00a1Muy bien!\u00a1Sigan as\u00ed!\n\nYa por f\u00edn hacen cr\u00edtic\u2026", "hashtags": [], "topic": "environment", "tweet_urls": ["https://t.co/YWnLpX7Lv2"], "date": {"hour": 19, "month": 11, "iso": "2018-11-02T19:10:02", "year": 2018, "day": 2, "minute": 10}, "geo": null, "id": 1058436085120933889, "lang": "es", "emoticons": [], "user_id": 124935986, "coordinates": null, "source": "Twitter for Android", "location": "MexicoCity", "mentions": ["@beltrandelrio"]}, {"truncated": true, "text": "Un ambiente apocal\u00edptico\npareciera comenzar\nbajo lluvias torrenciales \ncon un viento fantasmal.\nSe han escuchado r\u2026", "hashtags": [], "topic": "environment", "tweet_urls": ["https://t.co/ixQ8o8i6mG"], "date": {"hour": 18, "month": 11, "iso": "2018-11-02T18:57:48", "year": 2018, "day": 2, "minute": 57}, "geo": null, "id": 1058433007047053313, "lang": "es", "emoticons": [], "user_id": 94874785, "coordinates": null, "source": "Twitter Web Client", "location": "MexicoCity", "mentions": []}, {"truncated": true, "text": "Datos del \u00c1guila Real sobre su concepci\u00f3n en mesoam\u00e9rica, valoraci\u00f3n actual entre los pueblos ind\u00edgenas y su uso ac\u2026", "hashtags": [], "topic": "environment", "tweet_urls": ["https://t.co/zuuAXbc8qx"], "date": {"hour": 18, "month": 11, "iso": "2018-11-02T18:00:04", "year": 2018, "day": 2, "minute": 0}, "geo": null, "id": 1058418480154734592, "lang": "es", "emoticons": [], "user_id": 938084670247456768, "coordinates": null, "source": "Zoho Social", "location": "MexicoCity", "mentions": []}, {"truncated": true, "text": "Comencemos a se\u00f1alar al ambiente obesog\u00e9nico como uno de los principales motores de la epidemia de obesidad, no los\u2026", "hashtags": [], "topic": "environment", "tweet_urls": ["https://t.co/onWuwmH5pv"], "date": {"hour": 17, "month": 11, "iso": "2018-11-02T17:30:59", "year": 2018, "day": 2, "minute": 30}, "geo": null, "id": 1058411161023070211, "lang": "es", "emoticons": [], "user_id": 148944244, "coordinates": null, "source": "Buffer", "location": "MexicoCity", "mentions": []}, {"truncated": true, "text": "Despu\u00e9s de haber obtenido el t\u00edtulo de la Copa MX se percibe un gran ambiente en el campamento de La M\u00e1q\u2026", "hashtags": ["#CruzAzul."], "topic": "environment", "tweet_urls": ["https://t.co/wvQefJqMG5"], "date": {"hour": 17, "month": 11, "iso": "2018-11-02T17:14:26", "year": 2018, "day": 2, "minute": 14}, "geo": null, "id": 1058406992950255623, "lang": "es", "emoticons": [], "user_id": 187678790, "coordinates": null, "source": "Twitter for Android", "location": "MexicoCity", "mentions": []}, {"truncated": true, "text": "De que sirve eso. Lo que se busca en un partido es calidad. De nada sirve ese ambiente\u2026", "hashtags": [], "topic": "environment", "tweet_urls": ["https://t.co/4zCWu33NIx"], "date": {"hour": 16, "month": 11, "iso": "2018-11-02T16:57:43", "year": 2018, "day": 2, "minute": 57}, "geo": null, "id": 1058402790035374080, "lang": "es", "emoticons": [], "user_id": 1039705665537826820, "coordinates": null, "source": "Twitter for Android", "location": "MexicoCity", "mentions": ["@erwin26orc", "@Faitelson_ESPN"]}, {"truncated": true, "text": "No sr, este proyecto, c\u00f3mo lo llama iba a causar m\u00e1s da\u00f1o al medio ambiente, las aves que llegan ah\u2026", "hashtags": [], "topic": "environment", "tweet_urls": ["https://t.co/cSNWqn9yiz"], "date": {"hour": 16, "month": 11, "iso": "2018-11-02T16:33:26", "year": 2018, "day": 2, "minute": 33}, "geo": null, "id": 1058396675373457408, "lang": "es", "emoticons": [], "user_id": 1004228532409700352, "coordinates": null, "source": "Twitter for Android", "location": "MexicoCity", "mentions": ["@CartonCalderon"]}, {"truncated": false, "text": "Niebla y ambiente fr\u00edo se prev\u00e9 para norte, centro y oriente de M\u00e9xico", "hashtags": [], "topic": "environment", "tweet_urls": ["https://t.co/bPK0dKW0mk", "https://t.co/gDXNQDgzxy"], "date": {"hour": 16, "month": 11, "iso": "2018-11-02T16:29:11", "year": 2018, "day": 2, "minute": 29}, "geo": null, "id": 1058395608187355137, "lang": "es", "emoticons": [], "user_id": 156091238, "coordinates": null, "source": "Twitter Web Client", "location": "MexicoCity", "mentions": []}, {"truncated": false, "text": "El Atl\u00e1ntico ha crecido m\u00e1s de dos metros en dos ocasiones", "hashtags": [], "topic": "environment", "tweet_urls": ["https://t.co/IN0i0OTD5b"], "date": {"hour": 16, "month": 11, "iso": "2018-11-02T16:06:44", "year": 2018, "day": 2, "minute": 6}, "geo": null, "id": 1058389957176369153, "lang": "es", "emoticons": [], "user_id": 314220707, "coordinates": null, "source": "Hootsuite Inc.", "location": "MexicoCity", "mentions": []}, {"truncated": true, "text": "EMPEORA CLIMA DE NEGOCIOS\nEl 26% de los analistas encuestados por Banxico consideran que el ambiente de negocios em\u2026", "hashtags": [], "topic": "environment", "tweet_urls": ["https://t.co/8al2l5aSSD"], "date": {"hour": 15, "month": 11, "iso": "2018-11-02T15:58:04", "year": 2018, "day": 2, "minute": 58}, "geo": null, "id": 1058387775945404416, "lang": "es", "emoticons": [], "user_id": 2525784180, "coordinates": null, "source": "Twitter for Android", "location": "MexicoCity", "mentions": []}, {"truncated": true, "text": "Viernes de \n\nCon su gente, el medio ambiente, la sociedad e incluso sus programas \u00bfc\u2026", "hashtags": ["#EncuestaExpok", "#RSE", "#CaraACara"], "topic": "environment", "tweet_urls": ["https://t.co/ORhXOj2bD8"], "date": {"hour": 15, "month": 11, "iso": "2018-11-02T15:05:42", "year": 2018, "day": 2, "minute": 5}, "geo": null, "id": 1058374599950385152, "lang": "es", "emoticons": [], "user_id": 17882784, "coordinates": null, "source": "Twitter Web Client", "location": "MexicoCity", "mentions": []}, {"truncated": false, "text": "M\u00e1rquez: He hecho demasiadas salvadas, pero ya sabemos el por qu\u00e9", "hashtags": [], "topic": "environment", "tweet_urls": ["https://t.co/f9vDdQil3B"], "date": {"hour": 14, "month": 11, "iso": "2018-11-02T14:41:00", "year": 2018, "day": 2, "minute": 41}, "geo": null, "id": 1058368382771388418, "lang": "es", "emoticons": [], "user_id": 362755733, "coordinates": null, "source": "Twitter Web Client", "location": "MexicoCity", "mentions": []}, {"truncated": false, "text": "\u00a1A abrigarse! Se espera ambiente fr\u00edo en el\u00a0pa\u00eds", "hashtags": [], "topic": "environment", "tweet_urls": ["https://t.co/VPrOUkkOdW", "https://t.co/oiXtvsN9WE"], "date": {"hour": 14, "month": 11, "iso": "2018-11-02T14:23:16", "year": 2018, "day": 2, "minute": 23}, "geo": null, "id": 1058363919482400773, "lang": "es", "emoticons": [], "user_id": 171991828, "coordinates": null, "source": "WordPress.com", "location": "MexicoCity", "mentions": []}]