[{"truncated": false, "text": "Y en 'infrastructure', \u00bfqu\u00e9 cuentas entrega EPN? Tambi\u00e9n tiene obras canceladas.\n\nhttps://t.co/Pc15OEa6OU", "hashtags": [], "topic": "infrastructure", "tweet_urls": [], "date": {"hour": 23, "month": 11, "iso": "2018-11-12T23:40:35", "year": 2018, "day": 12, "minute": 40}, "geo": null, "id": 1062128052505886720, "lang": "es", "emoticons": [], "user_id": 352685378, "coordinates": null, "source": "Twitter Web Client", "location": "MexicoCity", "mentions": []}, {"truncated": true, "text": "jajajaja NO EXISTE fuente inagotable\u2026", "hashtags": [], "topic": "infrastructure", "tweet_urls": ["https://t.co/Cdwf3ly3jV"], "date": {"hour": 7, "month": 11, "iso": "2018-11-13T07:44:24", "year": 2018, "day": 13, "minute": 44}, "geo": null, "id": 1062249805911535616, "lang": "es", "emoticons": [], "user_id": 434719881, "coordinates": null, "source": "Twitter Web Client", "location": "MexicoCity", "mentions": ["@NavaEsquivel", "@tatclouthier", "@DARTH_ZULEYMAN", "@MarvanMaria", "@Reforma", "@galvanochoa"]}, {"truncated": true, "text": "A\u00f1os oyendo la misma mamada: Infraestructura que atraiga m\u2026", "hashtags": [], "topic": "infrastructure", "tweet_urls": ["https://t.co/j0nkc1OmQk"], "date": {"hour": 7, "month": 11, "iso": "2018-11-13T07:42:08", "year": 2018, "day": 13, "minute": 42}, "geo": null, "id": 1062249239026298886, "lang": "es", "emoticons": [], "user_id": 826967030, "coordinates": null, "source": "Twitter Web Client", "location": "MexicoCity", "mentions": ["@mp4mariano", "@lavodnitas", "@Angiefdr", "@Megafono_Mx", "@NachoRgz"]}, {"truncated": true, "text": "\u00a1EL PUEBLO UNIDO, JAM\u00c1S SER\u00c1 VENCIDO! Con civilidad demostramos nuestro disgusto por la malas decisio\u2026", "hashtags": [], "topic": "infrastructure", "tweet_urls": ["https://t.co/lVUhOE5JAb"], "date": {"hour": 5, "month": 11, "iso": "2018-11-13T05:53:29", "year": 2018, "day": 13, "minute": 53}, "geo": null, "id": 1062221894978560000, "lang": "es", "emoticons": [], "user_id": 241650977, "coordinates": null, "source": "Twitter for iPhone", "location": "MexicoCity", "mentions": ["@dianarouzaud"]}, {"truncated": true, "text": "tu cifras no son correctas. Beiking 13 mil\u2026", "hashtags": [], "topic": "infrastructure", "tweet_urls": ["https://t.co/Yifd5mVZz4"], "date": {"hour": 5, "month": 11, "iso": "2018-11-13T05:36:19", "year": 2018, "day": 13, "minute": 36}, "geo": null, "id": 1062217576602755072, "lang": "es", "emoticons": [], "user_id": 110346752, "coordinates": null, "source": "Twitter Web Client", "location": "MexicoCity", "mentions": ["@Jorkhen4", "@guruambrit", "@fernyaguirre973", "@Zepeda_Sofia", "@Omarel44", "@YouTube"]}, {"truncated": true, "text": "\u00bfC\u00f3mo ha cambiado el sur de la Ciudad de M\u00e9xico en cincuenta a\u00f1os? Conoce la infraestructura ol\u00edmpica que se constr\u2026", "hashtags": [], "topic": "infrastructure", "tweet_urls": ["https://t.co/w4K8o5ZT9N"], "date": {"hour": 5, "month": 11, "iso": "2018-11-13T05:23:42", "year": 2018, "day": 13, "minute": 23}, "geo": null, "id": 1062214399652515840, "lang": "es", "emoticons": [], "user_id": 257809119, "coordinates": null, "source": "Twitter for iPhone", "location": "MexicoCity", "mentions": []}, {"truncated": true, "text": "Agenda 12 de \n\n* 17:00 - Sal\u00f3n \u201cLuis Donaldo Colosio\u201d - Reuni\u00f3n de trabajo de la Comisi\u00f3n de De\u2026", "hashtags": ["#Martes", "#Noviembre:"], "topic": "infrastructure", "tweet_urls": ["https://t.co/4XOiBWeYq5"], "date": {"hour": 5, "month": 11, "iso": "2018-11-13T05:19:36", "year": 2018, "day": 13, "minute": 19}, "geo": null, "id": 1062213367664926720, "lang": "es", "emoticons": [], "user_id": 115765618, "coordinates": null, "source": "Twitter Web Client", "location": "MexicoCity", "mentions": []}, {"truncated": true, "text": "As\u00ed se construyeron los ejes viales, ciudad Sahag\u00fan, la infraestructura original de Canc\u2026", "hashtags": [], "topic": "infrastructure", "tweet_urls": ["https://t.co/9zZHkXt0Fr"], "date": {"hour": 4, "month": 11, "iso": "2018-11-13T04:49:45", "year": 2018, "day": 13, "minute": 49}, "geo": null, "id": 1062205856044015616, "lang": "es", "emoticons": [], "user_id": 150409941, "coordinates": null, "source": "Twitter for iPhone", "location": "MexicoCity", "mentions": ["@carlosbravoreg", "@macariomx"]}, {"truncated": true, "text": "mmm esos \"unos cuantos\" del aeropuerto, van a ser muchos miles m\u00e1s que los que pueda aportar el\u2026", "hashtags": [], "topic": "infrastructure", "tweet_urls": ["https://t.co/w6ANNHA6ZE"], "date": {"hour": 4, "month": 11, "iso": "2018-11-13T04:35:06", "year": 2018, "day": 13, "minute": 35}, "geo": null, "id": 1062202168697147393, "lang": "es", "emoticons": [], "user_id": 19959069, "coordinates": null, "source": "TweetDeck", "location": "MexicoCity", "mentions": ["@pepmac", "@LaOximoron"]}, {"truncated": true, "text": "Siempre ser\u00e1 mejor opci\u00f3n varios grandes proyectos de infraestructura que lleven desarrollo a m\u00faltiples\u2026", "hashtags": [], "topic": "infrastructure", "tweet_urls": ["https://t.co/dFpsTxxNa4"], "date": {"hour": 4, "month": 11, "iso": "2018-11-13T04:32:18", "year": 2018, "day": 13, "minute": 32}, "geo": null, "id": 1062201465215823873, "lang": "es", "emoticons": [], "user_id": 36685786, "coordinates": null, "source": "Twitter for Android", "location": "MexicoCity", "mentions": ["@LaOximoron"]}, {"truncated": true, "text": "Ser Pejistas, fififs, chairos etc... Creo que debemos avanzar hacia un mismo objetivo. PUEBLO NO PODEMOS SEGUIR DIV\u2026", "hashtags": [], "topic": "infrastructure", "tweet_urls": ["https://t.co/uL2cU0E1Ac"], "date": {"hour": 4, "month": 11, "iso": "2018-11-13T04:16:58", "year": 2018, "day": 13, "minute": 16}, "geo": null, "id": 1062197604925227009, "lang": "es", "emoticons": [], "user_id": 1595198984, "coordinates": null, "source": "Twitter for Android", "location": "MexicoCity", "mentions": []}, {"truncated": true, "text": "Yo pienso que le falta a la poblaci\u00f3n, a les millones en pobreza, para moverse. Cualquier econom\u00eda re\u2026", "hashtags": [], "topic": "infrastructure", "tweet_urls": ["https://t.co/lEN60p5CQb"], "date": {"hour": 4, "month": 11, "iso": "2018-11-13T04:05:24", "year": 2018, "day": 13, "minute": 5}, "geo": null, "id": 1062194693952409600, "lang": "es", "emoticons": [], "user_id": 158165217, "coordinates": null, "source": "Twitter for iPad", "location": "MexicoCity", "mentions": ["@elfilosoflow"]}, {"truncated": true, "text": "Entiendo que, en muchos tramos, el tren pasar\u00eda por v\u00edas ya existentes. Igual no tendr\u00edan por qu\u00e9 pas\u2026", "hashtags": [], "topic": "infrastructure", "tweet_urls": ["https://t.co/vIKd8Aa34B"], "date": {"hour": 3, "month": 11, "iso": "2018-11-13T03:55:42", "year": 2018, "day": 13, "minute": 55}, "geo": null, "id": 1062192254893375488, "lang": "es", "emoticons": [], "user_id": 158165217, "coordinates": null, "source": "Twitter for iPad", "location": "MexicoCity", "mentions": ["@elfilosoflow"]}, {"truncated": true, "text": ".@lopezobrador_ en sus tres campa\u00f1as presidenciales: condenamos la corrupci\u00f3n, las licitaciones ficticias y arregla\u2026", "hashtags": [], "topic": "infrastructure", "tweet_urls": ["https://t.co/iQFwekF5R4"], "date": {"hour": 3, "month": 11, "iso": "2018-11-13T03:44:39", "year": 2018, "day": 13, "minute": 44}, "geo": null, "id": 1062189471117033472, "lang": "es", "emoticons": [], "user_id": 60161813, "coordinates": null, "source": "Twitter for iPhone", "location": "MexicoCity", "mentions": []}, {"truncated": true, "text": "Debieran ocuparse de hacer los estudios de viabilidad requeridos por ley para sus proyectos de infraestructura y ol\u2026", "hashtags": [], "topic": "infrastructure", "tweet_urls": ["https://t.co/u1OjMqcjHa"], "date": {"hour": 3, "month": 11, "iso": "2018-11-13T03:10:14", "year": 2018, "day": 13, "minute": 10}, "geo": null, "id": 1062180810130894849, "lang": "es", "emoticons": [], "user_id": 34718178, "coordinates": null, "source": "Twitter for iPhone", "location": "MexicoCity", "mentions": []}, {"truncated": true, "text": "Eso es prueba de q no la ignor\u00f3; precisamente porque vio la convocatoria, es q decidi\u00f3 hacer su co\u2026", "hashtags": [], "topic": "infrastructure", "tweet_urls": ["https://t.co/pOxlVY0YwI"], "date": {"hour": 2, "month": 11, "iso": "2018-11-13T02:59:39", "year": 2018, "day": 13, "minute": 59}, "geo": null, "id": 1062178146315730946, "lang": "es", "emoticons": [], "user_id": 107566581, "coordinates": null, "source": "Twitter for Android", "location": "MexicoCity", "mentions": ["@homestaffmexico"]}, {"truncated": true, "text": "Es cierto, el problema es que este tipo de transporte no cuenta con la infraestructu\u2026", "hashtags": [], "topic": "infrastructure", "tweet_urls": ["https://t.co/T6qZ6z6f7A"], "date": {"hour": 2, "month": 11, "iso": "2018-11-13T02:45:53", "year": 2018, "day": 13, "minute": 45}, "geo": null, "id": 1062174682181361665, "lang": "es", "emoticons": [], "user_id": 270496467, "coordinates": null, "source": "Twitter for iPhone", "location": "MexicoCity", "mentions": ["@tmullergarcia", "@IGeografiaUNAM"]}, {"truncated": true, "text": "Nos interesa escuchar a los huixquiluquenses, por ello, la Direcci\u00f3n de Infraestructura junto con COPACI realizaron\u2026", "hashtags": [], "topic": "infrastructure", "tweet_urls": ["https://t.co/YJGmLJPEnQ"], "date": {"hour": 2, "month": 11, "iso": "2018-11-13T02:30:03", "year": 2018, "day": 13, "minute": 30}, "geo": null, "id": 1062170697760473089, "lang": "es", "emoticons": [], "user_id": 143955704, "coordinates": null, "source": "Sprout Social", "location": "MexicoCity", "mentions": []}, {"truncated": true, "text": "Al sur, pero el tramo m\u00e1s importante para garantizar conectividad al res\u2026", "hashtags": [], "topic": "infrastructure", "tweet_urls": ["https://t.co/V39bb6jIov"], "date": {"hour": 2, "month": 11, "iso": "2018-11-13T02:26:12", "year": 2018, "day": 13, "minute": 26}, "geo": null, "id": 1062169729325035520, "lang": "es", "emoticons": [], "user_id": 16522031, "coordinates": null, "source": "Twitter Web Client", "location": "MexicoCity", "mentions": ["@Exal_Azcap", "@Alcaldia_Coy", "@manuelnegrete22"]}, {"truncated": true, "text": "\u00bfTe gustar\u00eda conocer las sanciones e infracciones que establece la de \u00a1Participa en\u2026", "hashtags": ["#LeyYReglamento", "#ObrasP\u00fablicas?"], "topic": "infrastructure", "tweet_urls": ["https://t.co/oWo5kJ9Syu"], "date": {"hour": 2, "month": 11, "iso": "2018-11-13T02:20:04", "year": 2018, "day": 13, "minute": 20}, "geo": null, "id": 1062168186605453312, "lang": "es", "emoticons": [], "user_id": 189228741, "coordinates": null, "source": "Hootsuite Inc.", "location": "MexicoCity", "mentions": []}, {"truncated": true, "text": "No se confundan. No molesta que se consulten obras de infraestructura, o que se busquen m\u00e1s mecanismos de democraci\u2026", "hashtags": [], "topic": "infrastructure", "tweet_urls": ["https://t.co/9Cn7hJBhCZ"], "date": {"hour": 2, "month": 11, "iso": "2018-11-13T02:06:25", "year": 2018, "day": 13, "minute": 6}, "geo": null, "id": 1062164749591429120, "lang": "es", "emoticons": [], "user_id": 58888273, "coordinates": null, "source": "Twitter Web Client", "location": "MexicoCity", "mentions": []}, {"truncated": true, "text": "Para el beneficio de las comunidades, la Direcci\u00f3n de Infraestructura contin\u00faa con trabajos de construcci\u00f3n de muro\u2026", "hashtags": [], "topic": "infrastructure", "tweet_urls": ["https://t.co/zbSwfIZQqJ"], "date": {"hour": 2, "month": 11, "iso": "2018-11-13T02:00:05", "year": 2018, "day": 13, "minute": 0}, "geo": null, "id": 1062163159690158080, "lang": "es", "emoticons": [], "user_id": 143955704, "coordinates": null, "source": "Sprout Social", "location": "MexicoCity", "mentions": []}, {"truncated": true, "text": "y muy ocupado. s\u00f3lo ser\u00e1 posible si contratas a socios con infraestructura robusta\u2026", "hashtags": ["#Felizlunes", "#LaRevolucionDigital"], "topic": "infrastructure", "tweet_urls": ["https://t.co/KSxZrKRXq0"], "date": {"hour": 1, "month": 11, "iso": "2018-11-13T01:38:02", "year": 2018, "day": 13, "minute": 38}, "geo": null, "id": 1062157610634354689, "lang": "es", "emoticons": [], "user_id": 1056928833826365444, "coordinates": null, "source": "Twitter for iPhone", "location": "MexicoCity", "mentions": []}, {"truncated": true, "text": "La mejora continua en nuestro municipio es de gran prioridad, por ello, la Direcci\u00f3n de Infraestructura inicia con\u2026", "hashtags": [], "topic": "infrastructure", "tweet_urls": ["https://t.co/csfrQAuLi0"], "date": {"hour": 1, "month": 11, "iso": "2018-11-13T01:30:07", "year": 2018, "day": 13, "minute": 30}, "geo": null, "id": 1062155618407079936, "lang": "es", "emoticons": [], "user_id": 143955704, "coordinates": null, "source": "Sprout Social", "location": "MexicoCity", "mentions": []}, {"truncated": true, "text": "\u00danete al equipo de profesionales inmobiliarios. \nCENTURY 21 APOLO te ofrece la oportunidad de ser un profesional in\u2026", "hashtags": [], "topic": "infrastructure", "tweet_urls": ["https://t.co/QCq6pWYpeD"], "date": {"hour": 1, "month": 11, "iso": "2018-11-13T01:10:33", "year": 2018, "day": 13, "minute": 10}, "geo": null, "id": 1062150693316935680, "lang": "es", "emoticons": [], "user_id": 180650845, "coordinates": null, "source": "Facebook", "location": "MexicoCity", "mentions": []}, {"truncated": true, "text": "Neta qu\u00e9 pinche broma de gobierno bananero! M\u00e1s consultas a modo y un pu\u00f1ado de gente decidiendo sobre temas de inf\u2026", "hashtags": [], "topic": "infrastructure", "tweet_urls": ["https://t.co/GaiAmOSkbA"], "date": {"hour": 1, "month": 11, "iso": "2018-11-13T01:02:21", "year": 2018, "day": 13, "minute": 2}, "geo": null, "id": 1062148629262188544, "lang": "es", "emoticons": [], "user_id": 14792551, "coordinates": null, "source": "Twitter for iPhone", "location": "MexicoCity", "mentions": []}, {"truncated": true, "text": "Conocemos las necesidades del municipio, por ello, La Direcci\u00f3n de Infraestructura contin\u00faa trabajos para la rehabi\u2026", "hashtags": [], "topic": "infrastructure", "tweet_urls": ["https://t.co/27uh8SUNjL"], "date": {"hour": 1, "month": 11, "iso": "2018-11-13T01:00:08", "year": 2018, "day": 13, "minute": 0}, "geo": null, "id": 1062148072057307136, "lang": "es", "emoticons": [], "user_id": 143955704, "coordinates": null, "source": "Sprout Social", "location": "MexicoCity", "mentions": []}, {"truncated": true, "text": "Porque trabajamos para ti, la Direcci\u00f3n de Infraestructura y Edificaci\u00f3n trabaja en la pavimentaci\u00f3n de la calle Lu\u2026", "hashtags": [], "topic": "infrastructure", "tweet_urls": ["https://t.co/ZLV7AwqYhu"], "date": {"hour": 0, "month": 11, "iso": "2018-11-13T00:30:07", "year": 2018, "day": 13, "minute": 30}, "geo": null, "id": 1062140517339856901, "lang": "es", "emoticons": [], "user_id": 143955704, "coordinates": null, "source": "Sprout Social", "location": "MexicoCity", "mentions": []}, {"truncated": true, "text": "En beneficio de los habitantes, la Direcci\u00f3n de Infraestructura trabaja en la rehabilitaci\u00f3n de banquetas en el fra\u2026", "hashtags": [], "topic": "infrastructure", "tweet_urls": ["https://t.co/ZVE6LILDIz"], "date": {"hour": 0, "month": 11, "iso": "2018-11-13T00:00:17", "year": 2018, "day": 13, "minute": 0}, "geo": null, "id": 1062133008034119680, "lang": "es", "emoticons": [], "user_id": 143955704, "coordinates": null, "source": "Sprout Social", "location": "MexicoCity", "mentions": []}, {"truncated": true, "text": "RT Vertiv y Anixter dieron a conocer una alianza en Am\u00e9rica Latina que dar\u00e1 acceso a los\u2026", "hashtags": ["#NoticiasTI"], "topic": "infrastructure", "tweet_urls": ["https://t.co/C7trL9nD06"], "date": {"hour": 23, "month": 11, "iso": "2018-11-12T23:35:01", "year": 2018, "day": 12, "minute": 35}, "geo": null, "id": 1062126649171501058, "lang": "es", "emoticons": [], "user_id": 41696512, "coordinates": null, "source": "Twitter Web Client", "location": "MexicoCity", "mentions": ["@DataCenterES"]}, {"truncated": true, "text": "Esta administraci\u00f3n trabaja continuamente, por ello, la Direcci\u00f3n de Infraestructura inicia trabajos para la constr\u2026", "hashtags": [], "topic": "infrastructure", "tweet_urls": ["https://t.co/lpN7CtpeJh"], "date": {"hour": 23, "month": 11, "iso": "2018-11-12T23:30:12", "year": 2018, "day": 12, "minute": 30}, "geo": null, "id": 1062125438837891072, "lang": "es", "emoticons": [], "user_id": 143955704, "coordinates": null, "source": "Sprout Social", "location": "MexicoCity", "mentions": []}, {"truncated": true, "text": "Y triplemente te lo tendr\u00e9 que decir: es un aeropuerto militar. No es infraestructu\u2026", "hashtags": [], "topic": "infrastructure", "tweet_urls": ["https://t.co/U24lSjs9ew"], "date": {"hour": 22, "month": 11, "iso": "2018-11-12T22:29:43", "year": 2018, "day": 12, "minute": 29}, "geo": null, "id": 1062110217645776897, "lang": "es", "emoticons": [], "user_id": 271822683, "coordinates": null, "source": "Twitter Web Client", "location": "MexicoCity", "mentions": ["@Maugermolop", "@ahope71", "@EnzoSojo"]}, {"truncated": true, "text": "Entrega obras de infraestructura a planteles del donde se invirtieron m\u00e1s de 22 millones d\u2026", "hashtags": ["#Cobaem,"], "topic": "infrastructure", "tweet_urls": ["https://t.co/uyVx2mm9mR"], "date": {"hour": 22, "month": 11, "iso": "2018-11-12T22:19:11", "year": 2018, "day": 12, "minute": 19}, "geo": null, "id": 1062107568493932544, "lang": "es", "emoticons": [], "user_id": 846871671285805060, "coordinates": null, "source": "Twitter for iPhone", "location": "MexicoCity", "mentions": ["@alfredodelmazo"]}, {"truncated": false, "text": "\u00a1Qu\u00e9 extra\u00f1o, no vandalizaron las avenidas, la infraestructura p\u00fablica ni la propiedad privada.", "hashtags": [], "topic": "infrastructure", "tweet_urls": ["https://t.co/lEGl1C0kYj"], "date": {"hour": 22, "month": 11, "iso": "2018-11-12T22:10:36", "year": 2018, "day": 12, "minute": 10}, "geo": null, "id": 1062105406825205763, "lang": "es", "emoticons": [], "user_id": 94058157, "coordinates": null, "source": "Twitter for iPhone", "location": "MexicoCity", "mentions": []}, {"truncated": true, "text": "Gracias a nuestro presidente EPN por seguir desarrollando la infraestructura de M\u00e9xico.\n\n(Cuando pongo\u2026", "hashtags": [], "topic": "infrastructure", "tweet_urls": ["https://t.co/plnEL10Ji0"], "date": {"hour": 22, "month": 11, "iso": "2018-11-12T22:03:07", "year": 2018, "day": 12, "minute": 3}, "geo": null, "id": 1062103521384955904, "lang": "es", "emoticons": [], "user_id": 83723132, "coordinates": null, "source": "Twitter for Android", "location": "MexicoCity", "mentions": ["@lopezdoriga"]}, {"truncated": true, "text": "Comprometidos con la formaci\u00f3n profesional de los habitantes de la zona rural, inicia la construcci\u00f3n del edificio\u2026", "hashtags": [], "topic": "infrastructure", "tweet_urls": ["https://t.co/YwyTTQJPgw"], "date": {"hour": 21, "month": 11, "iso": "2018-11-12T21:58:00", "year": 2018, "day": 12, "minute": 58}, "geo": null, "id": 1062102233909731328, "lang": "es", "emoticons": [], "user_id": 595653850, "coordinates": null, "source": "Twitter for Android", "location": "MexicoCity", "mentions": []}, {"truncated": true, "text": "Alejandro Manzano Ram\u00edrez del fue galardonado por el desarrollo de para la\u2026", "hashtags": ["#investigador", "#bloques"], "topic": "infrastructure", "tweet_urls": ["https://t.co/tjWOqloGAw"], "date": {"hour": 21, "month": 11, "iso": "2018-11-12T21:40:24", "year": 2018, "day": 12, "minute": 40}, "geo": null, "id": 1062097808138887168, "lang": "es", "emoticons": [], "user_id": 202278224, "coordinates": null, "source": "Twitter Web Client", "location": "MexicoCity", "mentions": ["@CinvestavQ"]}, {"truncated": true, "text": "Presidente seguramente ya lo tiene en su radar la\u2026", "hashtags": [], "topic": "infrastructure", "tweet_urls": ["https://t.co/bJvISge6Pd"], "date": {"hour": 19, "month": 11, "iso": "2018-11-12T19:54:38", "year": 2018, "day": 12, "minute": 54}, "geo": null, "id": 1062071191169630208, "lang": "es", "emoticons": [], "user_id": 110790706, "coordinates": null, "source": "Twitter for iPhone", "location": "MexicoCity", "mentions": ["@SergioPMariscal", "@ClaudiaPavlovic", "@PUROPOTRILLO", "@SergioPMariscal"]}, {"truncated": false, "text": "\u00c9tica, normativa y tecnolog\u00eda: Elementos para construir grandes estructuras.\n\nhttps://t.co/Tz4CiKrI7Q", "hashtags": [], "topic": "infrastructure", "tweet_urls": ["https://t.co/25dQ9ttLtG"], "date": {"hour": 19, "month": 11, "iso": "2018-11-12T19:21:00", "year": 2018, "day": 12, "minute": 21}, "geo": null, "id": 1062062724513841152, "lang": "es", "emoticons": [], "user_id": 987032901240872960, "coordinates": null, "source": "TweetDeck", "location": "MexicoCity", "mentions": []}, {"truncated": true, "text": "Torre c\u00e1psula Nakagin, Tokio, Jap\u00f3n. Este es un edificio considerado un emblema arquitect\u00f3nico del resurgimiento de\u2026", "hashtags": [], "topic": "infrastructure", "tweet_urls": ["https://t.co/MJ0ejo4APl"], "date": {"hour": 19, "month": 11, "iso": "2018-11-12T19:01:26", "year": 2018, "day": 12, "minute": 1}, "geo": null, "id": 1062057802548490240, "lang": "es", "emoticons": [], "user_id": 717716886713028608, "coordinates": null, "source": "Twitter for iPhone", "location": "MexicoCity", "mentions": []}, {"truncated": true, "text": "La propuesta integrada para duplicar la infraestructura y equipamiento en los 6 pr\u00f3ximos a\u00f1os suena interesante htt\u2026", "hashtags": [], "topic": "infrastructure", "tweet_urls": ["https://t.co/HWCpFEJE9p"], "date": {"hour": 18, "month": 11, "iso": "2018-11-12T18:43:27", "year": 2018, "day": 12, "minute": 43}, "geo": null, "id": 1062053275267084290, "lang": "es", "emoticons": [], "user_id": 63790769, "coordinates": null, "source": "Twitter for iPhone", "location": "MexicoCity", "mentions": []}, {"truncated": true, "text": "Hoy se presenta el una estrategia para fomentar el uso de este modo sustentable en la CDMX. Se basa\u2026", "hashtags": ["#PlanBiciCDMX,"], "topic": "infrastructure", "tweet_urls": ["https://t.co/CSoaGPav6C"], "date": {"hour": 18, "month": 11, "iso": "2018-11-12T18:34:01", "year": 2018, "day": 12, "minute": 34}, "geo": null, "id": 1062050900955541504, "lang": "es", "emoticons": [], "user_id": 110844650, "coordinates": null, "source": "Twitter Web Client", "location": "MexicoCity", "mentions": []}, {"truncated": true, "text": "El proyecto puso en l\u00ednea los resultados del proyecto en El primer resultado interesante e\u2026", "hashtags": [], "topic": "infrastructure", "tweet_urls": ["https://t.co/0lWkRWOz8h.", "https://t.co/yqfWO0CJXj"], "date": {"hour": 18, "month": 11, "iso": "2018-11-12T18:29:26", "year": 2018, "day": 12, "minute": 29}, "geo": null, "id": 1062049749187014657, "lang": "es", "emoticons": [], "user_id": 63790769, "coordinates": null, "source": "Twitter for iPhone", "location": "MexicoCity", "mentions": []}, {"truncated": true, "text": "En el presidente de la Ing. se\u00f1al\u00f3 que el objetivo de los consultores o\u2026", "hashtags": ["#Entrevista,"], "topic": "infrastructure", "tweet_urls": ["https://t.co/nQHz6CCdyB"], "date": {"hour": 18, "month": 11, "iso": "2018-11-12T18:23:15", "year": 2018, "day": 12, "minute": 23}, "geo": null, "id": 1062048193024872448, "lang": "es", "emoticons": [], "user_id": 127674582, "coordinates": null, "source": "Twitter Web Client", "location": "MexicoCity", "mentions": ["@CNEC_Mexico,", "@A_VazquezLopez,"]}, {"truncated": true, "text": "Un equipo de alto desempe\u00f1o integrado por 5 estados y varias secretarias de estado con un objetivo en com\u00fan: llevar\u2026", "hashtags": [], "topic": "infrastructure", "tweet_urls": ["https://t.co/qCDBYWQx2t"], "date": {"hour": 18, "month": 11, "iso": "2018-11-12T18:08:08", "year": 2018, "day": 12, "minute": 8}, "geo": null, "id": 1062044387574734849, "lang": "es", "emoticons": [], "user_id": 14507727, "coordinates": null, "source": "Twitter for iPhone", "location": "MexicoCity", "mentions": []}, {"truncated": true, "text": "Ambas cosas. Aunque es much\u00edsimo m\u00e1s peligrosa la falta de cultura vial. En el reciente accidente del tr\u2026", "hashtags": [], "topic": "infrastructure", "tweet_urls": ["https://t.co/nQEE9LKIoB"], "date": {"hour": 17, "month": 11, "iso": "2018-11-12T17:13:08", "year": 2018, "day": 12, "minute": 13}, "geo": null, "id": 1062030544681271296, "lang": "es", "emoticons": [], "user_id": 217666088, "coordinates": null, "source": "TweetDeck", "location": "MexicoCity", "mentions": ["@jelidleon"]}, {"truncated": true, "text": "La alcaldesa electa de Tec\u00e1mac, consider\u00f3 tener el tiempo para coadyuvar con el gobierno federal de AMLO y concluir\u2026", "hashtags": [], "topic": "infrastructure", "tweet_urls": ["https://t.co/4FtKwY9bZ7"], "date": {"hour": 16, "month": 11, "iso": "2018-11-12T16:50:00", "year": 2018, "day": 12, "minute": 50}, "geo": null, "id": 1062024724132388865, "lang": "es", "emoticons": [], "user_id": 111110077, "coordinates": null, "source": "TweetDeck", "location": "MexicoCity", "mentions": []}, {"truncated": true, "text": "espero que le hagas entender a AMLO lo importante de tener confianza de mercados para bajar las ta\u2026", "hashtags": [], "topic": "infrastructure", "tweet_urls": ["https://t.co/j6824Vghr4"], "date": {"hour": 16, "month": 11, "iso": "2018-11-12T16:49:58", "year": 2018, "day": 12, "minute": 49}, "geo": null, "id": 1062024716268064769, "lang": "es", "emoticons": [], "user_id": 67731941, "coordinates": null, "source": "Twitter for iPhone", "location": "MexicoCity", "mentions": ["@esquivelgerardo"]}, {"truncated": true, "text": "\"La es la lengua materna del arquitecto; un es un que piensa y habla en el idioma\u2026", "hashtags": ["#construcci\u00f3n", "#arquitecto", "#poeta"], "topic": "infrastructure", "tweet_urls": ["https://t.co/iBEXg2qR9l"], "date": {"hour": 16, "month": 11, "iso": "2018-11-12T16:20:12", "year": 2018, "day": 12, "minute": 20}, "geo": null, "id": 1062017224892973057, "lang": "es", "emoticons": [], "user_id": 202278224, "coordinates": null, "source": "Hootsuite", "location": "MexicoCity", "mentions": []}, {"truncated": true, "text": "Rodolfo del Rosal en el explicando los procesos de una refiner\u00eda, las capacidades , necesidades de M\u2026", "hashtags": [], "topic": "infrastructure", "tweet_urls": ["https://t.co/0HqrDLmOi9"], "date": {"hour": 15, "month": 11, "iso": "2018-11-12T15:50:21", "year": 2018, "day": 12, "minute": 50}, "geo": null, "id": 1062009711791230976, "lang": "es", "emoticons": [], "user_id": 405583102, "coordinates": null, "source": "Twitter for Android", "location": "MexicoCity", "mentions": ["@CICMoficial"]}, {"truncated": true, "text": ".@AnaGabrielaGue descarta nueva infraestructura para 2019.\nLa pr\u00f3xima titular de la Conade, tambi\u00e9n descart\u00f3 la fir\u2026", "hashtags": [], "topic": "infrastructure", "tweet_urls": ["https://t.co/LxoP4U7FCC"], "date": {"hour": 15, "month": 11, "iso": "2018-11-12T15:42:37", "year": 2018, "day": 12, "minute": 42}, "geo": null, "id": 1062007768834547712, "lang": "es", "emoticons": [], "user_id": 137474821, "coordinates": null, "source": "Twitter Web Client", "location": "MexicoCity", "mentions": []}, {"truncated": true, "text": "Si ser Fif\u00ed es pedir que para obras de infraestructura se tome en cuenta la opini\u00f3n de los mayores expertos mundial\u2026", "hashtags": [], "topic": "infrastructure", "tweet_urls": ["https://t.co/yB8cJLkUte"], "date": {"hour": 14, "month": 11, "iso": "2018-11-12T14:36:12", "year": 2018, "day": 12, "minute": 36}, "geo": null, "id": 1061991050976395264, "lang": "es", "emoticons": [], "user_id": 86797573, "coordinates": null, "source": "Facebook", "location": "MexicoCity", "mentions": []}, {"truncated": true, "text": "Sabes que las avenidas transportan a un 30% de la poblaci\u00f3n\u2026", "hashtags": [], "topic": "infrastructure", "tweet_urls": ["https://t.co/g7BaQbS7Ty"], "date": {"hour": 13, "month": 11, "iso": "2018-11-12T13:44:58", "year": 2018, "day": 12, "minute": 44}, "geo": null, "id": 1061978159531229185, "lang": "es", "emoticons": [], "user_id": 75701161, "coordinates": null, "source": "Twitter for Android", "location": "MexicoCity", "mentions": ["@Tonkarazmilic", "@GuzzzA40", "@patriciofer1973", "@LavinJoaquin"]}, {"truncated": true, "text": "LA COOPERACI\u00d3N ES UN PILAR QUE SOSTIENE ESTRATEGIAS,sin duda alguna este aporte que nos regala el Subsecretario Jav\u2026", "hashtags": [], "topic": "infrastructure", "tweet_urls": ["https://t.co/vcqXKIOoVY"], "date": {"hour": 13, "month": 11, "iso": "2018-11-12T13:44:46", "year": 2018, "day": 12, "minute": 44}, "geo": null, "id": 1061978111112286209, "lang": "es", "emoticons": [], "user_id": 2385834576, "coordinates": null, "source": "Twitter for iPhone", "location": "MexicoCity", "mentions": []}, {"truncated": true, "text": "Ojo\n@AnaGabrielaGue descarta nueva infraestructura para 2019.\nLa pr\u00f3xima titular de la Conade, tambi\u00e9n descart\u00f3 l\u2026", "hashtags": [], "topic": "infrastructure", "tweet_urls": ["https://t.co/y21njRGsky"], "date": {"hour": 7, "month": 11, "iso": "2018-11-12T07:00:09", "year": 2018, "day": 12, "minute": 0}, "geo": null, "id": 1061876282047283200, "lang": "es", "emoticons": ["\ud83d\udc47\ud83c\udffc"], "user_id": 137474821, "coordinates": null, "source": "Hootsuite Inc.", "location": "MexicoCity", "mentions": []}, {"truncated": true, "text": "Claramente dijo que las decisiones importantes en infraestructura las debe tomar el gobierno; y en\u2026", "hashtags": [], "topic": "infrastructure", "tweet_urls": ["https://t.co/t9U0qfQa7X"], "date": {"hour": 4, "month": 11, "iso": "2018-11-12T04:15:54", "year": 2018, "day": 12, "minute": 15}, "geo": null, "id": 1061834947239936000, "lang": "es", "emoticons": [], "user_id": 111058016, "coordinates": null, "source": "Twitter for Android", "location": "MexicoCity", "mentions": ["@AristeguiOnline"]}, {"truncated": true, "text": "Antes de la \u201cconsulta\u201d los terrenos se estaban vendiendo entre $1,500.00 y $\u2026", "hashtags": [], "topic": "infrastructure", "tweet_urls": ["https://t.co/YWhIDb3YUp"], "date": {"hour": 3, "month": 11, "iso": "2018-11-12T03:16:43", "year": 2018, "day": 12, "minute": 16}, "geo": null, "id": 1061820054088675329, "lang": "es", "emoticons": [], "user_id": 119805491, "coordinates": null, "source": "Twitter for iPhone", "location": "MexicoCity", "mentions": ["@GianinoLoera", "@ANGEL_BERBER", "@GlodeJo07"]}, {"truncated": true, "text": "Quiero ver la educaci\u00f3n al alcance de los pobres, la infraestructura al alance de los pobres, aliment\u2026", "hashtags": [], "topic": "infrastructure", "tweet_urls": ["https://t.co/6sf5F8vo8j"], "date": {"hour": 2, "month": 11, "iso": "2018-11-12T02:47:08", "year": 2018, "day": 12, "minute": 47}, "geo": null, "id": 1061812610784550912, "lang": "es", "emoticons": [], "user_id": 101814617, "coordinates": null, "source": "Twitter for Android", "location": "MexicoCity", "mentions": ["@HernanGomezB"]}, {"truncated": true, "text": "Hahaha habla la burra mas burra del pais que no sabe cuanto es\u2026", "hashtags": [], "topic": "infrastructure", "tweet_urls": ["https://t.co/NvkjVqYUe7"], "date": {"hour": 2, "month": 11, "iso": "2018-11-12T02:46:37", "year": 2018, "day": 12, "minute": 46}, "geo": null, "id": 1061812482212331520, "lang": "es", "emoticons": [], "user_id": 561557540, "coordinates": null, "source": "Twitter for Android", "location": "MexicoCity", "mentions": ["@galvanochoa", "@tatclouthier", "@Coparmex", "@cceoficialmx"]}, {"truncated": true, "text": "Chile acaba de construir la linea del metro m\u00e1s avanzada de latinoam\u00e9rica mientras que en M\u00e9xico cancelamos aeropue\u2026", "hashtags": [], "topic": "infrastructure", "tweet_urls": ["https://t.co/dT1Ig9oIlW"], "date": {"hour": 2, "month": 11, "iso": "2018-11-12T02:10:56", "year": 2018, "day": 12, "minute": 10}, "geo": null, "id": 1061803501800562688, "lang": "es", "emoticons": [], "user_id": 240526012, "coordinates": null, "source": "Twitter Web Client", "location": "MexicoCity", "mentions": []}, {"truncated": true, "text": "Les compartimos el \u00faltimo n\u00famero de la Revista Con art\u00edculos sobre gentrificaci\u00f3n, acuerdos amb\u2026", "hashtags": ["#SolucionesUrbanas."], "topic": "infrastructure", "tweet_urls": ["https://t.co/B3ee10z6B4"], "date": {"hour": 2, "month": 11, "iso": "2018-11-12T02:00:14", "year": 2018, "day": 12, "minute": 0}, "geo": null, "id": 1061800807123861504, "lang": "es", "emoticons": [], "user_id": 192089676, "coordinates": null, "source": "Hootsuite Inc.", "location": "MexicoCity", "mentions": []}, {"truncated": true, "text": "Asi son los chairos obradoristas se les ofreci\u00f3 cambiar su fosa de mierda basurero de texco\u2026", "hashtags": [], "topic": "infrastructure", "tweet_urls": ["https://t.co/zu5pCD4hXh"], "date": {"hour": 1, "month": 11, "iso": "2018-11-12T01:47:13", "year": 2018, "day": 12, "minute": 47}, "geo": null, "id": 1061797532815126528, "lang": "es", "emoticons": [], "user_id": 963029605547360256, "coordinates": null, "source": "Twitter for Android", "location": "MexicoCity", "mentions": ["@GlodeJo07", "@isidrocorro"]}, {"truncated": true, "text": "Yo tengo 22 a\u00f1os consecutivos ejer\u2026", "hashtags": [], "topic": "infrastructure", "tweet_urls": ["https://t.co/ARVWfw72yq"], "date": {"hour": 1, "month": 11, "iso": "2018-11-12T01:31:20", "year": 2018, "day": 12, "minute": 31}, "geo": null, "id": 1061793533252812800, "lang": "es", "emoticons": [], "user_id": 4533127273, "coordinates": null, "source": "Twitter for iPhone", "location": "MexicoCity", "mentions": ["@R_SalazarTD", "@amarchesin1", "@ClubAmerica", "@TD_Deportes", "@UnivisionSports", "@Tres60TDN"]}, {"truncated": true, "text": "Esto es intolerable, les conseguimos el recurso para infraestructura ciclista y solo se dedicaron a distraernos dic\u2026", "hashtags": [], "topic": "infrastructure", "tweet_urls": ["https://t.co/yEQQICl00W"], "date": {"hour": 0, "month": 11, "iso": "2018-11-12T00:43:26", "year": 2018, "day": 12, "minute": 43}, "geo": null, "id": 1061781479892504581, "lang": "es", "emoticons": [], "user_id": 40294406, "coordinates": null, "source": "Twitter for iPhone", "location": "MexicoCity", "mentions": []}, {"truncated": true, "text": "Para nada es incongruente: si crees que es m\u00e1s importante un proyecto de infraestructura corrupto\u2026", "hashtags": [], "topic": "infrastructure", "tweet_urls": ["https://t.co/3dI5xRs3Cm"], "date": {"hour": 0, "month": 11, "iso": "2018-11-12T00:36:24", "year": 2018, "day": 12, "minute": 36}, "geo": null, "id": 1061779709904777217, "lang": "es", "emoticons": [], "user_id": 830268938193772548, "coordinates": null, "source": "Twitter for Android", "location": "MexicoCity", "mentions": ["@PumaCapitalista"]}, {"truncated": true, "text": "Este ciclista ha visto muchas pel\u00edculas \nLa falta de cultura de parte del automovilista y tamb\u2026", "hashtags": [], "topic": "infrastructure", "tweet_urls": ["https://t.co/Qv0CRGRCj5"], "date": {"hour": 0, "month": 11, "iso": "2018-11-12T00:14:24", "year": 2018, "day": 12, "minute": 14}, "geo": null, "id": 1061774174094614529, "lang": "es", "emoticons": ["\ud83d\udcfa"], "user_id": 877393512337158144, "coordinates": null, "source": "Twitter Web Client", "location": "MexicoCity", "mentions": ["@CarlosAlvarezMX"]}, {"truncated": true, "text": "De acuerdo con la fiscal de la entidad, los municipios propiciaron la alerta por falta de protocol\u2026", "hashtags": ["#Ent\u00e9rateDurango"], "topic": "infrastructure", "tweet_urls": ["https://t.co/84eru5ORkS"], "date": {"hour": 0, "month": 11, "iso": "2018-11-12T00:01:13", "year": 2018, "day": 12, "minute": 1}, "geo": null, "id": 1061770854588125185, "lang": "es", "emoticons": [], "user_id": 1380764066, "coordinates": null, "source": "CapitalMX_", "location": "MexicoCity", "mentions": []}, {"truncated": true, "text": "Si creo que eso es necesario en muchos sentidos. Pero\u2026", "hashtags": [], "topic": "infrastructure", "tweet_urls": ["https://t.co/esdg7srT3S"], "date": {"hour": 23, "month": 11, "iso": "2018-11-11T23:12:15", "year": 2018, "day": 11, "minute": 12}, "geo": null, "id": 1061758535262973953, "lang": "es", "emoticons": [], "user_id": 275595958, "coordinates": null, "source": "Twitter for iPhone", "location": "MexicoCity", "mentions": ["@wikihijodelcura", "@LustLady", "@takerglez71", "@carol1cious", "@szurita"]}, {"truncated": true, "text": "El pasado y presente de econ\u00f3mico de M\u00e9xico ha sido el saqueo, inmensa deuda, millones de pobres, desigualdad e inj\u2026", "hashtags": [], "topic": "infrastructure", "tweet_urls": ["https://t.co/g0YjlPQe3U"], "date": {"hour": 22, "month": 11, "iso": "2018-11-11T22:42:24", "year": 2018, "day": 11, "minute": 42}, "geo": null, "id": 1061751021372813312, "lang": "es", "emoticons": [], "user_id": 238220731, "coordinates": null, "source": "Twitter Lite", "location": "MexicoCity", "mentions": []}, {"truncated": true, "text": "No descubriste algo nuevo. Me sorprende que t\u00fa lo resaltes. Es obvio que la mejor organizaci\u00f3n, la infraestructura\u2026", "hashtags": [], "topic": "infrastructure", "tweet_urls": ["https://t.co/UV9qNvsK6w"], "date": {"hour": 22, "month": 11, "iso": "2018-11-11T22:13:53", "year": 2018, "day": 11, "minute": 13}, "geo": null, "id": 1061743846134960129, "lang": "es", "emoticons": [], "user_id": 996612748850155520, "coordinates": null, "source": "Twitter for Android", "location": "MexicoCity", "mentions": []}, {"truncated": true, "text": "Durante los sexenios de Fox, Calder\u00f3n y Pe\u00f1a Nieto se anunciaron 6 planes de infraestructura p\u00fablica qu\u2026", "hashtags": ["#DeLaSemana"], "topic": "infrastructure", "tweet_urls": ["https://t.co/h4PAtvwveR"], "date": {"hour": 22, "month": 11, "iso": "2018-11-11T22:05:31", "year": 2018, "day": 11, "minute": 5}, "geo": null, "id": 1061741737264201729, "lang": "es", "emoticons": [], "user_id": 948683648, "coordinates": null, "source": "Twitter for Android", "location": "MexicoCity", "mentions": []}, {"truncated": true, "text": "L\u00f3pez todav\u00eda no es formalmente presidente y cancel\u00f3 el proyecto de infraestructura mas importante del pa\u00eds, tumb\u00f3\u2026", "hashtags": [], "topic": "infrastructure", "tweet_urls": ["https://t.co/euqYuAi5eZ"], "date": {"hour": 21, "month": 11, "iso": "2018-11-11T21:54:58", "year": 2018, "day": 11, "minute": 54}, "geo": null, "id": 1061739082282401792, "lang": "es", "emoticons": [], "user_id": 70673673, "coordinates": null, "source": "Twitter for Android", "location": "MexicoCity", "mentions": []}, {"truncated": true, "text": "Y entonces un ejercicio de opini\u00f3n a sus bases defini\u00f3 la obra de infraestructura m\u00e1s importante del pa\u00eds en d\u00e9cada\u2026", "hashtags": [], "topic": "infrastructure", "tweet_urls": ["https://t.co/AbMgBbyQXn"], "date": {"hour": 21, "month": 11, "iso": "2018-11-11T21:44:05", "year": 2018, "day": 11, "minute": 44}, "geo": null, "id": 1061736346291748866, "lang": "es", "emoticons": [], "user_id": 96047177, "coordinates": null, "source": "Twitter for iPhone", "location": "MexicoCity", "mentions": []}, {"truncated": false, "text": "En mi pueblo se llama \"infraestructura\" a las cuestiones de construcci\u00f3n", "hashtags": [], "topic": "infrastructure", "tweet_urls": [], "date": {"hour": 21, "month": 11, "iso": "2018-11-11T21:11:58", "year": 2018, "day": 11, "minute": 11}, "geo": null, "id": 1061728264803225602, "lang": "es", "emoticons": [], "user_id": 110876679, "coordinates": null, "source": "Twitter for Android", "location": "MexicoCity", "mentions": ["@LBallesterosM"]}, {"truncated": false, "text": "El M\u00e9xico en el que vale m\u00e1s la construcci\u00f3n de infraestructura que la vida de las personas.", "hashtags": [], "topic": "infrastructure", "tweet_urls": ["https://t.co/nwG0yEtlwX"], "date": {"hour": 20, "month": 11, "iso": "2018-11-11T20:37:34", "year": 2018, "day": 11, "minute": 37}, "geo": null, "id": 1061719605180284928, "lang": "es", "emoticons": [], "user_id": 83413521, "coordinates": null, "source": "Twitter for Android", "location": "MexicoCity", "mentions": []}, {"truncated": false, "text": "Pese a alta afiliaci\u00f3n, n\u00famero de hospitales de IMSS son insuficientes para demanda pues presenta rezago en infraestructura, seg\u00fan an\u00e1lisis.", "hashtags": [], "topic": "infrastructure", "tweet_urls": [], "date": {"hour": 19, "month": 11, "iso": "2018-11-11T19:40:05", "year": 2018, "day": 11, "minute": 40}, "geo": null, "id": 1061705141378863110, "lang": "es", "emoticons": [], "user_id": 91628518, "coordinates": null, "source": "Hootsuite Inc.", "location": "MexicoCity", "mentions": []}, {"truncated": true, "text": "A mi gusta el proyecto del tren, pero como proyecto de promoci\u00f3n tur\u00edstica, no como proyecto de infraestru\u2026", "hashtags": [], "topic": "infrastructure", "tweet_urls": ["https://t.co/Ymawr9MHNW"], "date": {"hour": 19, "month": 11, "iso": "2018-11-11T19:21:15", "year": 2018, "day": 11, "minute": 21}, "geo": null, "id": 1061700401940987904, "lang": "es", "emoticons": [], "user_id": 17068688, "coordinates": null, "source": "Twitter for iPhone", "location": "MexicoCity", "mentions": ["@greenod"]}]