[{"truncated": true, "text": "When Mexico sends its people, they're not sending their best. They're not sending you. They're sending people that\u2026", "hashtags": [], "topic": "crime", "tweet_urls": ["https://t.co/o7l2sfhNDE"], "date": {"hour": 5, "month": 11, "iso": "2018-11-19T05:37:15", "year": 2018, "day": 19, "minute": 37}, "geo": null, "id": 1064392136806883329, "lang": "en", "emoticons": [], "user_id": 1468516256, "coordinates": null, "source": "Twitter for iPhone", "id_str": "1064392136806883329", "mentions": [], "location": "MexicoCity"}, {"truncated": false, "text": "My partner in crime. en Aut\u00f3dromo Hnos. Rodr\u00edguez", "hashtags": [], "topic": "crime", "tweet_urls": ["https://t.co/kvckkCpgfp"], "date": {"hour": 0, "month": 11, "iso": "2018-11-19T00:48:08", "year": 2018, "day": 19, "minute": 48}, "geo": {"type": "Point", "coordinates": [19.40475893, -99.09189489]}, "id": 1064319376541851649, "lang": "es", "emoticons": ["\ud83d\udda4", "\ud83e\udd18\ud83c\udffb"], "user_id": 161027960, "coordinates": {"type": "Point", "coordinates": [-99.09189489, 19.40475893]}, "source": "Instagram", "id_str": "1064319376541851649", "mentions": [], "location": "MexicoCity"}, {"truncated": true, "text": "you heard the sad stories &amp; struggle from Centroamerucanos? Good, we have exactly the same problems, t\u2026", "hashtags": [], "topic": "crime", "tweet_urls": ["https://t.co/T3t3GREfld"], "date": {"hour": 1, "month": 11, "iso": "2018-11-18T01:40:49", "year": 2018, "day": 18, "minute": 40}, "geo": null, "id": 1063970247223402497, "lang": "en", "emoticons": [], "user_id": 37081348, "coordinates": null, "source": "Twitter Lite", "id_str": "1063970247223402497", "mentions": ["@danvineberg"], "location": "MexicoCity"}, {"truncated": false, "text": "The search for justice: The trial of El Chapo and the crime-fighting plan of AMLO v\u00eda TheEconomist", "hashtags": [], "topic": "crime", "tweet_urls": ["https://t.co/Uo1Z1CBPM1"], "date": {"hour": 12, "month": 11, "iso": "2018-11-17T12:08:26", "year": 2018, "day": 17, "minute": 8}, "geo": null, "id": 1063765804959899648, "lang": "en", "emoticons": [], "user_id": 2937226749, "coordinates": null, "source": "IFTTT", "id_str": "1063765804959899648", "mentions": [], "location": "MexicoCity"}, {"truncated": false, "text": "Russia Textbook Piracy Is In the News: 160,000 Copies Reported Seized \ufe0f\n\nhttps://t.co/yovd6dmFYs", "hashtags": ["#publishing", "#piracy"], "topic": "crime", "tweet_urls": [], "date": {"hour": 1, "month": 11, "iso": "2018-11-17T01:16:02", "year": 2018, "day": 17, "minute": 16}, "geo": null, "id": 1063601624147533824, "lang": "en", "emoticons": ["\u203c"], "user_id": 141627379, "coordinates": null, "source": "Crowdfire - Go Big", "id_str": "1063601624147533824", "mentions": [], "location": "MexicoCity"}, {"truncated": true, "text": "Parece, pero no, no es la nueva Guardia Nacional (Bolivariana) al acecho, pero no del crimen organizado, sino de lo\u2026", "hashtags": [], "topic": "crime", "tweet_urls": ["https://t.co/tj3kL4guey"], "date": {"hour": 6, "month": 11, "iso": "2018-11-19T06:40:30", "year": 2018, "day": 19, "minute": 40}, "geo": null, "id": 1064408056090382341, "lang": "es", "emoticons": [], "user_id": 1048752327396548608, "coordinates": null, "source": "Twitter for Android", "id_str": "1064408056090382341", "mentions": [], "location": "MexicoCity"}, {"truncated": true, "text": "Yo creo que no, los he visto en el albergue en Zapopan y no hubo ning\u00fan \"crimen\" el unico crimen f\u2026", "hashtags": [], "topic": "crime", "tweet_urls": ["https://t.co/oxILcbB7tw"], "date": {"hour": 5, "month": 11, "iso": "2018-11-19T05:30:44", "year": 2018, "day": 19, "minute": 30}, "geo": null, "id": 1064390498071322625, "lang": "es", "emoticons": [], "user_id": 1466321420, "coordinates": null, "source": "Twitter for Android", "id_str": "1064390498071322625", "mentions": ["@AristeguiOnline"], "location": "MexicoCity"}, {"truncated": true, "text": "\u00bfTienes algo que decir sobre las declaraciones del Chapo y narcos protegidos por la justicia gringa en torno a la p\u2026", "hashtags": [], "topic": "crime", "tweet_urls": ["https://t.co/1emN8Pwf2v"], "date": {"hour": 4, "month": 11, "iso": "2018-11-19T04:40:03", "year": 2018, "day": 19, "minute": 40}, "geo": null, "id": 1064377740390936576, "lang": "es", "emoticons": [], "user_id": 1057475538715983872, "coordinates": null, "source": "Twitter Web Client", "id_str": "1064377740390936576", "mentions": [], "location": "MexicoCity"}, {"truncated": true, "text": "\u00bfTienes algo que decir sobre las declaraciones del Chapo y narcos protegidos por la justicia gringa en torno a\u2026", "hashtags": [], "topic": "crime", "tweet_urls": ["https://t.co/olSrXDZPBN"], "date": {"hour": 4, "month": 11, "iso": "2018-11-19T04:39:34", "year": 2018, "day": 19, "minute": 39}, "geo": null, "id": 1064377618777104384, "lang": "es", "emoticons": [], "user_id": 1057475538715983872, "coordinates": null, "source": "Twitter Web Client", "id_str": "1064377618777104384", "mentions": ["@qtf"], "location": "MexicoCity"}, {"truncated": false, "text": "\u00bfY las finanzas del crimen?", "hashtags": [], "topic": "crime", "tweet_urls": ["https://t.co/hcgZ47WxcF"], "date": {"hour": 4, "month": 11, "iso": "2018-11-19T04:27:18", "year": 2018, "day": 19, "minute": 27}, "geo": null, "id": 1064374531459026944, "lang": "es", "emoticons": [], "user_id": 112939528, "coordinates": null, "source": "Twitter Web Client", "id_str": "1064374531459026944", "mentions": [], "location": "MexicoCity"}, {"truncated": true, "text": "Pena N ha sido demandado por traici\u00f3n a la patria; falta desaforarlo para que tambi\u00e9n responda por este crimen de l\u2026", "hashtags": [], "topic": "crime", "tweet_urls": ["https://t.co/fDLvnreBkr"], "date": {"hour": 3, "month": 11, "iso": "2018-11-19T03:13:10", "year": 2018, "day": 19, "minute": 13}, "geo": null, "id": 1064355875140321280, "lang": "es", "emoticons": [], "user_id": 559033514, "coordinates": null, "source": "Twitter for Android", "id_str": "1064355875140321280", "mentions": [], "location": "MexicoCity"}, {"truncated": false, "text": "ver de nuevo La est\u00e9tica del crimen fue incre\u00edble, la compa\u00f1\u00eda lo mejor y el elenco maravilloso", "hashtags": [], "topic": "crime", "tweet_urls": ["https://t.co/MNOYj6RSj7"], "date": {"hour": 3, "month": 11, "iso": "2018-11-19T03:08:51", "year": 2018, "day": 19, "minute": 8}, "geo": null, "id": 1064354788777885696, "lang": "es", "emoticons": [], "user_id": 792587471582138368, "coordinates": null, "source": "Twitter for Android", "id_str": "1064354788777885696", "mentions": ["@_Maniguis"], "location": "MexicoCity"}, {"truncated": true, "text": "Estamos a nada de llegar a nuestra funci\u00f3n 600 y nos llena de emoci\u00f3n. \nEn 3 semanas cerramos esta temporada muy\u2026", "hashtags": [], "topic": "crime", "tweet_urls": ["https://t.co/dBr6UWzgnT"], "date": {"hour": 2, "month": 11, "iso": "2018-11-19T02:08:26", "year": 2018, "day": 19, "minute": 8}, "geo": {"type": "Point", "coordinates": [19.44093918, -99.16570172]}, "id": 1064339588028583936, "lang": "es", "emoticons": ["\ud83d\ude00"], "user_id": 80898130, "coordinates": {"type": "Point", "coordinates": [-99.16570172, 19.44093918]}, "source": "Instagram", "id_str": "1064339588028583936", "mentions": [], "location": "MexicoCity"}, {"truncated": true, "text": "PERD\u00d3N? El mejor presidente? Y los miles de muertos? Y sus nexos con el c\u2026", "hashtags": [], "topic": "crime", "tweet_urls": ["https://t.co/NjbxlVUoxy"], "date": {"hour": 1, "month": 11, "iso": "2018-11-19T01:53:50", "year": 2018, "day": 19, "minute": 53}, "geo": null, "id": 1064335912597897216, "lang": "es", "emoticons": [], "user_id": 270546486, "coordinates": null, "source": "Twitter for iPhone", "id_str": "1064335912597897216", "mentions": ["@Tumbaburross1", "@jesus_246", "@FelipeCalderon"], "location": "MexicoCity"}, {"truncated": true, "text": ".@EPN deja un panorama complejo en materia de seguridad.\nEl contraste en sus iniciativas para combatir al crimen, d\u2026", "hashtags": [], "topic": "crime", "tweet_urls": ["https://t.co/0Z833GDgg7"], "date": {"hour": 0, "month": 11, "iso": "2018-11-19T00:45:04", "year": 2018, "day": 19, "minute": 45}, "geo": null, "id": 1064318605624573952, "lang": "es", "emoticons": [], "user_id": 137474821, "coordinates": null, "source": "Hootsuite Inc.", "id_str": "1064318605624573952", "mentions": [], "location": "MexicoCity"}, {"truncated": true, "text": "No somos nosostros mismos, es el crimen organizado que al parecer ellos y el Gobierno son enemigos de\u2026", "hashtags": [], "topic": "crime", "tweet_urls": ["https://t.co/c0fT7P8i6D"], "date": {"hour": 0, "month": 11, "iso": "2018-11-19T00:43:34", "year": 2018, "day": 19, "minute": 43}, "geo": null, "id": 1064318230301474816, "lang": "es", "emoticons": [], "user_id": 365098530, "coordinates": null, "source": "Twitter for Android", "id_str": "1064318230301474816", "mentions": ["@R3PORT3ANDO"], "location": "MexicoCity"}, {"truncated": false, "text": "Este crimen no tiene nombre. No debi\u00f3 ocurrir.", "hashtags": [], "topic": "crime", "tweet_urls": ["https://t.co/9fHUDbPSBZ"], "date": {"hour": 0, "month": 11, "iso": "2018-11-19T00:40:24", "year": 2018, "day": 19, "minute": 40}, "geo": null, "id": 1064317431139581952, "lang": "es", "emoticons": [], "user_id": 137499128, "coordinates": null, "source": "Twidere for Android #7", "id_str": "1064317431139581952", "mentions": [], "location": "MexicoCity"}, {"truncated": true, "text": "Dicen los de El Mayo que gente de el gobierno de AMLO recib\u00eda sobornos. Pero como yo si tengo tres gramos de neuron\u2026", "hashtags": [], "topic": "crime", "tweet_urls": ["https://t.co/1kR1utfjhW"], "date": {"hour": 23, "month": 11, "iso": "2018-11-18T23:44:14", "year": 2018, "day": 18, "minute": 44}, "geo": null, "id": 1064303295697584129, "lang": "es", "emoticons": [], "user_id": 14713951, "coordinates": null, "source": "Twitter for iPhone", "id_str": "1064303295697584129", "mentions": [], "location": "MexicoCity"}, {"truncated": true, "text": "Una de los recursos dram\u00e1ticos de los que echan mano en la serie \"Narcos: M\u00e9xico\", es la relaci\u00f3n de Caro Quintero\u2026", "hashtags": [], "topic": "crime", "tweet_urls": ["https://t.co/1HHJExhddX"], "date": {"hour": 23, "month": 11, "iso": "2018-11-18T23:43:51", "year": 2018, "day": 18, "minute": 43}, "geo": null, "id": 1064303202189877248, "lang": "es", "emoticons": [], "user_id": 289131386, "coordinates": null, "source": "Twitter for Android", "id_str": "1064303202189877248", "mentions": [], "location": "MexicoCity"}, {"truncated": true, "text": "No soy d izquierda. Soy 1ciudadana q quiero lo mejor p mi pa\u00eds. Odio la corrupci\u00f3n y la impunidad q son\u2026", "hashtags": [], "topic": "crime", "tweet_urls": ["https://t.co/mS6LmjoT0o"], "date": {"hour": 23, "month": 11, "iso": "2018-11-18T23:10:31", "year": 2018, "day": 18, "minute": 10}, "geo": null, "id": 1064294813292347392, "lang": "es", "emoticons": [], "user_id": 2856056140, "coordinates": null, "source": "Twitter for iPhone", "id_str": "1064294813292347392", "mentions": ["@cesarfaz"], "location": "MexicoCity"}, {"truncated": true, "text": "Cuando me opuse a que se recibiera a los de la sabia que tarde que temprano iba a suceder que\u2026", "hashtags": ["#Caravanademigrantes"], "topic": "crime", "tweet_urls": ["https://t.co/Tk6oiKJbDW"], "date": {"hour": 22, "month": 11, "iso": "2018-11-18T22:29:20", "year": 2018, "day": 18, "minute": 29}, "geo": null, "id": 1064284447359598592, "lang": "es", "emoticons": [], "user_id": 2363026393, "coordinates": null, "source": "Twitter for Android", "id_str": "1064284447359598592", "mentions": [], "location": "MexicoCity"}, {"truncated": true, "text": "Apoyo y rechazo, recibe de la ciudadan\u00eda la propuesta de que Fuerzas Armadas, sigan en las calles combati\u2026", "hashtags": ["#Nacional"], "topic": "crime", "tweet_urls": ["https://t.co/n7vqms4VIy"], "date": {"hour": 21, "month": 11, "iso": "2018-11-18T21:56:46", "year": 2018, "day": 18, "minute": 56}, "geo": null, "id": 1064276252939468802, "lang": "es", "emoticons": [], "user_id": 64022962, "coordinates": null, "source": "Hootsuite Inc.", "id_str": "1064276252939468802", "mentions": [], "location": "MexicoCity"}, {"truncated": true, "text": "Jajajaja. \n\nDurante TODA su campa\u00f1a habl\u00f3 MIERDA del ej\u00e9rcito y de la estrategia militarizada vs el\u2026", "hashtags": [], "topic": "crime", "tweet_urls": ["https://t.co/CZNIsxLS6B"], "date": {"hour": 21, "month": 11, "iso": "2018-11-18T21:33:34", "year": 2018, "day": 18, "minute": 33}, "geo": null, "id": 1064270413801213952, "lang": "es", "emoticons": [], "user_id": 104868692, "coordinates": null, "source": "Twitter for iPhone", "id_str": "1064270413801213952", "mentions": ["@lopezobrador_"], "location": "MexicoCity"}, {"truncated": false, "text": "Migrantes est\u00e1n causando crimen y grandes problemas en M\u00e9xico: Trump", "hashtags": [], "topic": "crime", "tweet_urls": ["https://t.co/cXZ1WuklrX", "https://t.co/BMaGDJmgkL"], "date": {"hour": 21, "month": 11, "iso": "2018-11-18T21:30:00", "year": 2018, "day": 18, "minute": 30}, "geo": null, "id": 1064269517575081984, "lang": "es", "emoticons": [], "user_id": 141668931, "coordinates": null, "source": "TweetDeck", "id_str": "1064269517575081984", "mentions": [], "location": "MexicoCity"}, {"truncated": false, "text": "acusa a de causar \u201ccrimen y problemas\u201d a\u00a0M\u00e9xico", "hashtags": ["#Trump", "#migrantes"], "topic": "crime", "tweet_urls": ["https://t.co/znG07IDPeT", "https://t.co/2DtoUctlFP"], "date": {"hour": 21, "month": 11, "iso": "2018-11-18T21:13:33", "year": 2018, "day": 18, "minute": 13}, "geo": null, "id": 1064265376467492865, "lang": "es", "emoticons": [], "user_id": 887706484024496128, "coordinates": null, "source": "WordPress.com", "id_str": "1064265376467492865", "mentions": [], "location": "MexicoCity"}, {"truncated": true, "text": "\u00a1Ent\u00e9rate!\nUn estadounidense llamado Patrick Brexton-Andrew fue asesinado durante una fiesta por sujetos\u2026", "hashtags": ["#Polic\u00eda"], "topic": "crime", "tweet_urls": ["https://t.co/RlzCgTgxSM"], "date": {"hour": 20, "month": 11, "iso": "2018-11-18T20:30:09", "year": 2018, "day": 18, "minute": 30}, "geo": null, "id": 1064254456391335936, "lang": "es", "emoticons": [], "user_id": 2482888046, "coordinates": null, "source": "TweetDeck", "id_str": "1064254456391335936", "mentions": [], "location": "MexicoCity"}, {"truncated": true, "text": "Algunos foros internacionales dejan de lado el tremendo impacto de la corrupci\u00f3n y el crimen organizado. Tan solo e\u2026", "hashtags": [], "topic": "crime", "tweet_urls": ["https://t.co/3zOKcHdBGm"], "date": {"hour": 20, "month": 11, "iso": "2018-11-18T20:14:07", "year": 2018, "day": 18, "minute": 14}, "geo": null, "id": 1064250417578762243, "lang": "es", "emoticons": [], "user_id": 36172031, "coordinates": null, "source": "Twitter for iPhone", "id_str": "1064250417578762243", "mentions": [], "location": "MexicoCity"}, {"truncated": false, "text": "Me gust\u00f3 un video de Latinoam\u00e9rica Piensa 14 - Narcotr\u00e1fico y crimen organizado en Am\u00e9rica Latina", "hashtags": [], "topic": "crime", "tweet_urls": ["https://t.co/D8w5Drj7IU"], "date": {"hour": 19, "month": 11, "iso": "2018-11-18T19:37:22", "year": 2018, "day": 18, "minute": 37}, "geo": null, "id": 1064241170786570240, "lang": "es", "emoticons": [], "user_id": 74040529, "coordinates": null, "source": "Google", "id_str": "1064241170786570240", "mentions": ["@YouTube"], "location": "MexicoCity"}, {"truncated": false, "text": "Con Mancera se estableci\u00f3 el crimen organizado en la CDMX: Jes\u00fas Orta", "hashtags": [], "topic": "crime", "tweet_urls": ["https://t.co/3LJ32MzEcn"], "date": {"hour": 19, "month": 11, "iso": "2018-11-18T19:18:40", "year": 2018, "day": 18, "minute": 18}, "geo": null, "id": 1064236464173539328, "lang": "es", "emoticons": [], "user_id": 71956520, "coordinates": null, "source": "Twitter for iPhone", "id_str": "1064236464173539328", "mentions": [], "location": "MexicoCity"}, {"truncated": true, "text": "El presidente citando al alcalde de Tijuana, quien ha tambi\u00e9n expresado su rechazo a los migrantes. \n\nAmbos asegura\u2026", "hashtags": [], "topic": "crime", "tweet_urls": ["https://t.co/eJWDB28gIk"], "date": {"hour": 18, "month": 11, "iso": "2018-11-18T18:49:46", "year": 2018, "day": 18, "minute": 49}, "geo": null, "id": 1064229194236915712, "lang": "es", "emoticons": [], "user_id": 402293144, "coordinates": null, "source": "Twitter Web Client", "id_str": "1064229194236915712", "mentions": [], "location": "MexicoCity"}, {"truncated": true, "text": "Como? Entonces tu que deseabas? Que se regresar\u00e1 a sus bases a lo militares y que siga\u2026", "hashtags": [], "topic": "crime", "tweet_urls": ["https://t.co/uthZ5UV21l"], "date": {"hour": 18, "month": 11, "iso": "2018-11-18T18:22:23", "year": 2018, "day": 18, "minute": 22}, "geo": null, "id": 1064222301464522752, "lang": "es", "emoticons": [], "user_id": 989316885333401600, "coordinates": null, "source": "Twitter for Android", "id_str": "1064222301464522752", "mentions": ["@genarolozano", "@AlvarezMaynez"], "location": "MexicoCity"}, {"truncated": true, "text": "\u201cEl despliegue de las Fuerzas Armadas en la lucha contra el crimen no ha tra\u00eddo seguridad. En cambio, las perso\u2026", "hashtags": ["#tb"], "topic": "crime", "tweet_urls": ["https://t.co/uoY6DYi4hU"], "date": {"hour": 17, "month": 11, "iso": "2018-11-18T17:59:31", "year": 2018, "day": 18, "minute": 59}, "geo": null, "id": 1064216546711486464, "lang": "es", "emoticons": [], "user_id": 143137590, "coordinates": null, "source": "Twitter Web Client", "id_str": "1064216546711486464", "mentions": [], "location": "MexicoCity"}, {"truncated": false, "text": "\"La Barbie\" acusa a Calder\u00f3n y a Garc\u00eda Luna de supuesto pacto con grupos del crimen y de recibir dinero del narco", "hashtags": [], "topic": "crime", "tweet_urls": ["https://t.co/5SOFwAazw2"], "date": {"hour": 17, "month": 11, "iso": "2018-11-18T17:18:08", "year": 2018, "day": 18, "minute": 18}, "geo": null, "id": 1064206132561014784, "lang": "es", "emoticons": [], "user_id": 241020707, "coordinates": null, "source": "Facebook", "id_str": "1064206132561014784", "mentions": [], "location": "MexicoCity"}, {"truncated": true, "text": "Millones? Esta imagen expresa mejor mi sentir y mi indignaci\u00f3n x haber ten\u2026", "hashtags": [], "topic": "crime", "tweet_urls": ["https://t.co/Z5z7CncsVu"], "date": {"hour": 17, "month": 11, "iso": "2018-11-18T17:12:23", "year": 2018, "day": 18, "minute": 12}, "geo": null, "id": 1064204683596701700, "lang": "es", "emoticons": [], "user_id": 989316885333401600, "coordinates": null, "source": "Twitter for Android", "id_str": "1064204683596701700", "mentions": ["@FelipeCalderon", "@CartonCalderon", "@Reforma"], "location": "MexicoCity"}, {"truncated": false, "text": "Comienza la reuni\u00f3n m\u00e1s importante del organismo", "hashtags": [], "topic": "crime", "tweet_urls": ["https://t.co/kiAwlPiJ2t"], "date": {"hour": 16, "month": 11, "iso": "2018-11-18T16:10:00", "year": 2018, "day": 18, "minute": 10}, "geo": null, "id": 1064188985164161025, "lang": "es", "emoticons": [], "user_id": 42782290, "coordinates": null, "source": "TweetDeck", "id_str": "1064188985164161025", "mentions": [], "location": "MexicoCity"}, {"truncated": true, "text": "Ya se discuti\u00f3 demasiado y la conclusi\u00f3n sigue siendo la misma solo el ejercito puede enfrentar al cr\u2026", "hashtags": [], "topic": "crime", "tweet_urls": ["https://t.co/AGXEtoOV73"], "date": {"hour": 15, "month": 11, "iso": "2018-11-18T15:57:49", "year": 2018, "day": 18, "minute": 57}, "geo": null, "id": 1064185917932474368, "lang": "es", "emoticons": [], "user_id": 102457669, "coordinates": null, "source": "Twitter for Android", "id_str": "1064185917932474368", "mentions": ["@andreslajous"], "location": "MexicoCity"}, {"truncated": true, "text": "O tambi\u00e9n est\u00e1 involucrados con el crimen organizado, los d\u00f3lares del narco corren por los pasillos de los grupos f\u2026", "hashtags": [], "topic": "crime", "tweet_urls": ["https://t.co/ooQePHuMSY"], "date": {"hour": 15, "month": 11, "iso": "2018-11-18T15:48:43", "year": 2018, "day": 18, "minute": 48}, "geo": null, "id": 1064183628807135238, "lang": "es", "emoticons": [], "user_id": 208330853, "coordinates": null, "source": "Twitter for iPhone", "id_str": "1064183628807135238", "mentions": [], "location": "MexicoCity"}, {"truncated": true, "text": "\u201cEl caso de la amnist\u00eda s\u00ed aplicar\u00e1 para campesinos y j\u00f3venes; en el caso de grupos del@crimen organizado puede dar\u2026", "hashtags": [], "topic": "crime", "tweet_urls": ["https://t.co/dUl03kAJ8Q"], "date": {"hour": 15, "month": 11, "iso": "2018-11-18T15:35:30", "year": 2018, "day": 18, "minute": 35}, "geo": null, "id": 1064180302476537856, "lang": "es", "emoticons": [], "user_id": 97348985, "coordinates": null, "source": "Twitter for iPhone", "id_str": "1064180302476537856", "mentions": [], "location": "MexicoCity"}, {"truncated": false, "text": "Interpol alerta de que el crimen es m\u00e1s internacional y complejo que nunca", "hashtags": [], "topic": "crime", "tweet_urls": ["https://t.co/jXuNqsrHMm"], "date": {"hour": 15, "month": 11, "iso": "2018-11-18T15:06:21", "year": 2018, "day": 18, "minute": 6}, "geo": null, "id": 1064172967263854597, "lang": "es", "emoticons": [], "user_id": 66715854, "coordinates": null, "source": "Twitter for Android", "id_str": "1064172967263854597", "mentions": [], "location": "MexicoCity"}, {"truncated": true, "text": "Q va hacer la con los \"tarimeros\" en banquetas, doble y triple fila, se adue\u00f1an de las calles, caja\u2026", "hashtags": [], "topic": "crime", "tweet_urls": ["https://t.co/QW3ephiSCS"], "date": {"hour": 9, "month": 11, "iso": "2018-11-18T09:27:02", "year": 2018, "day": 18, "minute": 27}, "geo": null, "id": 1064087574858342401, "lang": "es", "emoticons": [], "user_id": 3138225775, "coordinates": null, "source": "Twitter for Android", "id_str": "1064087574858342401", "mentions": ["@AzcapotzalcoMx"], "location": "MexicoCity"}, {"truncated": true, "text": "Los q han denostado sin conocer a la \u00fanica Instituci\u00f3n q sigue siendo leal a M\u00e9xico y es la ultima\u2026", "hashtags": [], "topic": "crime", "tweet_urls": ["https://t.co/g6WD8c0rpo"], "date": {"hour": 8, "month": 11, "iso": "2018-11-18T08:54:12", "year": 2018, "day": 18, "minute": 54}, "geo": null, "id": 1064079313727877121, "lang": "es", "emoticons": [], "user_id": 224854332, "coordinates": null, "source": "Twitter for iPhone", "id_str": "1064079313727877121", "mentions": ["@epigmenioibarra"], "location": "MexicoCity"}, {"truncated": true, "text": "Sobornar? \nQu\u00e9 pas\u00f3? \nTal vez en esas bibliotecas donde se haya formado no hay registros de que el\u2026", "hashtags": [], "topic": "crime", "tweet_urls": ["https://t.co/i1VuqKkvG1"], "date": {"hour": 8, "month": 11, "iso": "2018-11-18T08:17:28", "year": 2018, "day": 18, "minute": 17}, "geo": null, "id": 1064070066851991552, "lang": "es", "emoticons": [], "user_id": 945812123875241984, "coordinates": null, "source": "Twitter for Android", "id_str": "1064070066851991552", "mentions": ["@DeniseDresserG"], "location": "MexicoCity"}, {"truncated": true, "text": "No s\u00e9 qu\u00e9 parte no entiendes? La polic\u00eda est\u00e1 al servicio del cr\u00edmen organizado y corrompida. Por lo t\u2026", "hashtags": [], "topic": "crime", "tweet_urls": ["https://t.co/B1DeklK7qD"], "date": {"hour": 7, "month": 11, "iso": "2018-11-18T07:07:26", "year": 2018, "day": 18, "minute": 7}, "geo": null, "id": 1064052445716856832, "lang": "es", "emoticons": [], "user_id": 1024513498070626306, "coordinates": null, "source": "Twitter for Android", "id_str": "1064052445716856832", "mentions": ["@f_solorzano"], "location": "MexicoCity"}, {"truncated": false, "text": "Con Mancera se estableci\u00f3 el crimen organizado en la CDMX: Jes\u00fas Orta", "hashtags": [], "topic": "crime", "tweet_urls": ["https://t.co/9YC0ZJcuL6"], "date": {"hour": 6, "month": 11, "iso": "2018-11-18T06:52:06", "year": 2018, "day": 18, "minute": 52}, "geo": null, "id": 1064048585963159552, "lang": "es", "emoticons": [], "user_id": 102891072, "coordinates": null, "source": "Twitter Web Client", "id_str": "1064048585963159552", "mentions": [], "location": "MexicoCity"}, {"truncated": true, "text": "Debemos entender que la polic\u00eda por la formaci\u00f3n que tienen y la forma que seleccionan,no les alca\u2026", "hashtags": [], "topic": "crime", "tweet_urls": ["https://t.co/50fjgLbnFB"], "date": {"hour": 6, "month": 11, "iso": "2018-11-18T06:30:27", "year": 2018, "day": 18, "minute": 30}, "geo": null, "id": 1064043136173764608, "lang": "es", "emoticons": [], "user_id": 863501401, "coordinates": null, "source": "Twitter for Android", "id_str": "1064043136173764608", "mentions": ["@DeniseDresserG"], "location": "MexicoCity"}, {"truncated": true, "text": "La espera me agot\u00f3, no se nada de vos. Dejaste tanto en mi, en llamas me acost\u00e9, en un lento degrades, supe que te\u2026", "hashtags": [], "topic": "crime", "tweet_urls": ["https://t.co/By20OIKjRj"], "date": {"hour": 5, "month": 11, "iso": "2018-11-18T05:11:27", "year": 2018, "day": 18, "minute": 11}, "geo": {"type": "Point", "coordinates": [19.4326, -99.1332]}, "id": 1064023256494157825, "lang": "es", "emoticons": [], "user_id": 489691632, "coordinates": {"type": "Point", "coordinates": [-99.1332, 19.4326]}, "source": "Instagram", "id_str": "1064023256494157825", "mentions": [], "location": "MexicoCity"}, {"truncated": true, "text": "Polic\u00edas locales quedar\u00e1n borradas del mapa, pues en el plan todo es centralizar y acrecentar el poder federal. Est\u2026", "hashtags": [], "topic": "crime", "tweet_urls": ["https://t.co/uvi02XkLxq"], "date": {"hour": 4, "month": 11, "iso": "2018-11-18T04:11:56", "year": 2018, "day": 18, "minute": 11}, "geo": null, "id": 1064008277686538240, "lang": "es", "emoticons": [], "user_id": 91969434, "coordinates": null, "source": "Twitter Web Client", "id_str": "1064008277686538240", "mentions": [], "location": "MexicoCity"}, {"truncated": true, "text": "Es un cr\u00edmen; es un enorme da\u00f1o al patrimonio nacional; en su momento deber\u00e1 respond\u2026", "hashtags": [], "topic": "crime", "tweet_urls": ["https://t.co/G78eHwgdk2"], "date": {"hour": 4, "month": 11, "iso": "2018-11-18T04:11:12", "year": 2018, "day": 18, "minute": 11}, "geo": null, "id": 1064008092604452864, "lang": "es", "emoticons": [], "user_id": 107566581, "coordinates": null, "source": "Twitter for Android", "id_str": "1064008092604452864", "mentions": ["@Juan1250Mexico", "@lopezobrador_"], "location": "MexicoCity"}, {"truncated": true, "text": "El delincuente que cree que su crimen o delito es perfecto, siempre va a decir \"que me lo comprueben\u2026", "hashtags": [], "topic": "crime", "tweet_urls": ["https://t.co/0jj5fwLONJ"], "date": {"hour": 4, "month": 11, "iso": "2018-11-18T04:05:24", "year": 2018, "day": 18, "minute": 5}, "geo": null, "id": 1064006634052169728, "lang": "es", "emoticons": [], "user_id": 256512017, "coordinates": null, "source": "Twitter for Android", "id_str": "1064006634052169728", "mentions": ["@brozoxmiswebs"], "location": "MexicoCity"}, {"truncated": true, "text": "As\u00ed es, Menny. Es un crimen robar huevos de tortuga, matar y torturar animales, pero es un derecho matar\u2026", "hashtags": [], "topic": "crime", "tweet_urls": ["https://t.co/mcW9yWJOsC"], "date": {"hour": 3, "month": 11, "iso": "2018-11-18T03:54:07", "year": 2018, "day": 18, "minute": 54}, "geo": null, "id": 1064003792591572997, "lang": "es", "emoticons": [], "user_id": 998666898, "coordinates": null, "source": "Twitter for Android", "id_str": "1064003792591572997", "mentions": ["@mennyhdz"], "location": "MexicoCity"}, {"truncated": true, "text": "La intervenci\u00f3n de la industria en las decisiones de pol\u00edtica por la salud han provocado el fracaso de la estrategi\u2026", "hashtags": [], "topic": "crime", "tweet_urls": ["https://t.co/jFk34LuYIm"], "date": {"hour": 2, "month": 11, "iso": "2018-11-18T02:35:00", "year": 2018, "day": 18, "minute": 35}, "geo": null, "id": 1063983883547492353, "lang": "es", "emoticons": [], "user_id": 148944244, "coordinates": null, "source": "Buffer", "id_str": "1063983883547492353", "mentions": [], "location": "MexicoCity"}, {"truncated": false, "text": "Y por cierto ya empez\u00f3 en historias reales de la vida real.", "hashtags": ["#NarcosMexico"], "topic": "crime", "tweet_urls": ["https://t.co/Om4qeJvvIf"], "date": {"hour": 0, "month": 11, "iso": "2018-11-18T00:47:08", "year": 2018, "day": 18, "minute": 47}, "geo": null, "id": 1063956736967626753, "lang": "es", "emoticons": [], "user_id": 154269346, "coordinates": null, "source": "Twitter for Android", "id_str": "1063956736967626753", "mentions": ["@NetflixLAT"], "location": "MexicoCity"}, {"truncated": false, "text": "Pregunta, y cu\u00e1l es el crimen cometido por la se\u00f1ora Rivera y sus hijas? No entiendo!", "hashtags": [], "topic": "crime", "tweet_urls": [], "date": {"hour": 23, "month": 11, "iso": "2018-11-17T23:58:23", "year": 2018, "day": 17, "minute": 58}, "geo": null, "id": 1063944470285205505, "lang": "es", "emoticons": [], "user_id": 96855947, "coordinates": null, "source": "Twitter for iPhone", "id_str": "1063944470285205505", "mentions": ["@r_sanchezp", "@PacoCobos"], "location": "MexicoCity"}, {"truncated": true, "text": "El robo de una pintura llev\u00f3 a un descubrimiento, una obra pintada por Leonardo da Vinci que estaba escondida dentr\u2026", "hashtags": [], "topic": "crime", "tweet_urls": ["https://t.co/JP9t95TWVT"], "date": {"hour": 23, "month": 11, "iso": "2018-11-17T23:00:00", "year": 2018, "day": 17, "minute": 0}, "geo": null, "id": 1063929778330308609, "lang": "es", "emoticons": [], "user_id": 27139214, "coordinates": null, "source": "TweetDeck", "id_str": "1063929778330308609", "mentions": [], "location": "MexicoCity"}, {"truncated": true, "text": "\u00bfAlguien podr\u00eda corroborar esto? \u00bfHay m\u00e1s datos?\nCaravana migrante: 65 ni\u00f1os y siete mujeres fueron vendidos al cri\u2026", "hashtags": [], "topic": "crime", "tweet_urls": ["https://t.co/tYjttLptCY"], "date": {"hour": 22, "month": 11, "iso": "2018-11-17T22:46:24", "year": 2018, "day": 17, "minute": 46}, "geo": null, "id": 1063926354159185920, "lang": "es", "emoticons": [], "user_id": 56776890, "coordinates": null, "source": "Twitter Web Client", "id_str": "1063926354159185920", "mentions": [], "location": "MexicoCity"}, {"truncated": false, "text": "Con Mancera se estableci\u00f3 el crimen organizado en la CDMX: Jes\u00fas Orta.\n\n#SeguridadSinGuerra\n", "hashtags": [], "topic": "crime", "tweet_urls": ["https://t.co/VEY2nihuZQ"], "date": {"hour": 22, "month": 11, "iso": "2018-11-17T22:30:45", "year": 2018, "day": 17, "minute": 30}, "geo": null, "id": 1063922417167417355, "lang": "es", "emoticons": [], "user_id": 2920244979, "coordinates": null, "source": "Twitter for Android", "id_str": "1063922417167417355", "mentions": [], "location": "MexicoCity"}, {"truncated": true, "text": "Esta tan grave la situaci\u00f3n de la delincuencia, el crimen ha escalado a grados superlativos, tanto.\u2026", "hashtags": [], "topic": "crime", "tweet_urls": ["https://t.co/U7jNzx2E0H"], "date": {"hour": 21, "month": 11, "iso": "2018-11-17T21:26:10", "year": 2018, "day": 17, "minute": 26}, "geo": null, "id": 1063906165279477760, "lang": "es", "emoticons": [], "user_id": 2829896199, "coordinates": null, "source": "Twitter for iPad", "id_str": "1063906165279477760", "mentions": ["@Trolmalpagado"], "location": "MexicoCity"}, {"truncated": true, "text": "agregar\u00eda un item a la consulta: Estas de acuerdo en que Fernanda Familiar rezuma odio contra AMLO, sus inicia\u2026", "hashtags": [], "topic": "crime", "tweet_urls": ["https://t.co/273M3SCv7i"], "date": {"hour": 20, "month": 11, "iso": "2018-11-17T20:25:00", "year": 2018, "day": 17, "minute": 25}, "geo": null, "id": 1063890771386875904, "lang": "es", "emoticons": [], "user_id": 1057475538715983872, "coordinates": null, "source": "Twitter Web Client", "id_str": "1063890771386875904", "mentions": ["@qtf"], "location": "MexicoCity"}, {"truncated": true, "text": "Las formas de atacar la inseguirdad deben de ser contundentes, no podemos negociar perdona\u2026", "hashtags": [], "topic": "crime", "tweet_urls": ["https://t.co/IhABpYtd1K", "https://t.co/o2MJVhtViL"], "date": {"hour": 19, "month": 11, "iso": "2018-11-17T19:50:37", "year": 2018, "day": 17, "minute": 50}, "geo": null, "id": 1063882117795467264, "lang": "es", "emoticons": [], "user_id": 23341667, "coordinates": null, "source": "Twitter for Android", "id_str": "1063882117795467264", "mentions": [], "location": "MexicoCity"}, {"truncated": false, "text": "S\u00ed mi crimen es ser hermosa que descansen en paz las envidiosas", "hashtags": [], "topic": "crime", "tweet_urls": [], "date": {"hour": 19, "month": 11, "iso": "2018-11-17T19:44:42", "year": 2018, "day": 17, "minute": 44}, "geo": null, "id": 1063880628255551489, "lang": "es", "emoticons": [], "user_id": 2573417887, "coordinates": null, "source": "TW Blue", "id_str": "1063880628255551489", "mentions": [], "location": "MexicoCity"}, {"truncated": true, "text": "El economista John R. Lott Jr. especialista en seguridad abre el debate en La Ciudad de las Ideas con la interroga\u2026", "hashtags": [], "topic": "crime", "tweet_urls": ["https://t.co/uIFypbOMIC"], "date": {"hour": 19, "month": 11, "iso": "2018-11-17T19:34:08", "year": 2018, "day": 17, "minute": 34}, "geo": null, "id": 1063877970333446144, "lang": "es", "emoticons": [], "user_id": 107154171, "coordinates": null, "source": "Twitter Web Client", "id_str": "1063877970333446144", "mentions": [], "location": "MexicoCity"}, {"truncated": true, "text": "todo ilicito o robo y crimen son el soporte de todo lo MALo asi es como hacen aquello con lo cual da\u2026", "hashtags": [], "topic": "crime", "tweet_urls": ["https://t.co/dlVcwNZPO6"], "date": {"hour": 18, "month": 11, "iso": "2018-11-17T18:52:27", "year": 2018, "day": 17, "minute": 52}, "geo": null, "id": 1063867478349135872, "lang": "es", "emoticons": [], "user_id": 961293492180979713, "coordinates": null, "source": "Twitter Web Client", "id_str": "1063867478349135872", "mentions": ["@lopezdoriga"], "location": "MexicoCity"}, {"truncated": true, "text": "Ahora el deporte favorito es pegarle a Pe\u00f1a Nieto, para que quiere dinero si tant\u00edsima corrupci\u00f3n\u2026", "hashtags": [], "topic": "crime", "tweet_urls": ["https://t.co/p18KpSKjdZ"], "date": {"hour": 18, "month": 11, "iso": "2018-11-17T18:31:44", "year": 2018, "day": 17, "minute": 31}, "geo": null, "id": 1063862267601543169, "lang": "es", "emoticons": [], "user_id": 216246205, "coordinates": null, "source": "Twitter for Android", "id_str": "1063862267601543169", "mentions": ["@AristeguiOnline"], "location": "MexicoCity"}, {"truncated": true, "text": "Hoy en Milenio, una entrevista con Jes\u00fas Orta, pr\u00f3ximo titular de Seguridad Ciudadana de la CdMx (hoy conocida como\u2026", "hashtags": [], "topic": "crime", "tweet_urls": ["https://t.co/24Nxryr9sZ"], "date": {"hour": 17, "month": 11, "iso": "2018-11-17T17:22:08", "year": 2018, "day": 17, "minute": 22}, "geo": null, "id": 1063844750208323584, "lang": "es", "emoticons": [], "user_id": 134229698, "coordinates": null, "source": "Twitter for iPhone", "id_str": "1063844750208323584", "mentions": [], "location": "MexicoCity"}, {"truncated": true, "text": "No hay tal crimen en\u2026", "hashtags": [], "topic": "crime", "tweet_urls": ["https://t.co/XzV1NjwLQN"], "date": {"hour": 17, "month": 11, "iso": "2018-11-17T17:21:49", "year": 2018, "day": 17, "minute": 21}, "geo": null, "id": 1063844672227938304, "lang": "es", "emoticons": [], "user_id": 2806067203, "coordinates": null, "source": "Twitter for Android", "id_str": "1063844672227938304", "mentions": ["@Anne_1203", "@desqsal", "@HammersmitL", "@LAURABARRANCO", "@senadomexicano", "@RicardoMonrealA", "@martibatres"], "location": "MexicoCity"}, {"truncated": true, "text": "Hoy en Milenio, una entrevista con Jes\u00fas Orta, pr\u00f3ximo titular de Seguridad Ciudadana de la CdMx (hoy conocida como\u2026", "hashtags": [], "topic": "crime", "tweet_urls": ["https://t.co/V7p9eAR85f"], "date": {"hour": 17, "month": 11, "iso": "2018-11-17T17:21:07", "year": 2018, "day": 17, "minute": 21}, "geo": null, "id": 1063844496738181121, "lang": "es", "emoticons": [], "user_id": 134229698, "coordinates": null, "source": "Twitter for iPhone", "id_str": "1063844496738181121", "mentions": [], "location": "MexicoCity"}, {"truncated": false, "text": "(?)\nSobretodo desde las independencias se acentu\u00f3 el crimen organizado a nivel mundial.", "hashtags": [], "topic": "crime", "tweet_urls": [], "date": {"hour": 17, "month": 11, "iso": "2018-11-17T17:20:05", "year": 2018, "day": 17, "minute": 20}, "geo": null, "id": 1063844236175556609, "lang": "es", "emoticons": [], "user_id": 1146798283, "coordinates": null, "source": "Twitter for Android", "id_str": "1063844236175556609", "mentions": ["@LizbethCaro07", "@ManceraMiguelMX"], "location": "MexicoCity"}, {"truncated": false, "text": "Extinci\u00f3n de Dominio a corruptos y quienes est\u00e9n en el crimen organizado: Ana Lilia Rivera (MORENA)", "hashtags": [], "topic": "crime", "tweet_urls": ["https://t.co/YfLPUl4jOX"], "date": {"hour": 17, "month": 11, "iso": "2018-11-17T17:19:49", "year": 2018, "day": 17, "minute": 19}, "geo": null, "id": 1063844168475308033, "lang": "es", "emoticons": [], "user_id": 731946781244678144, "coordinates": null, "source": "Facebook", "id_str": "1063844168475308033", "mentions": [], "location": "MexicoCity"}, {"truncated": false, "text": "Con Mancera lleg\u00f3 el crimen organizado: Orta", "hashtags": ["#Las8Columnas", "#lacronicadehoy:"], "topic": "crime", "tweet_urls": ["https://t.co/941bQtIbcJ"], "date": {"hour": 17, "month": 11, "iso": "2018-11-17T17:16:01", "year": 2018, "day": 17, "minute": 16}, "geo": null, "id": 1063843211469238272, "lang": "es", "emoticons": [], "user_id": 270196028, "coordinates": null, "source": "Twitter Web Client", "id_str": "1063843211469238272", "mentions": [], "location": "MexicoCity"}, {"truncated": true, "text": "Ahora se entiende que haya actuado como un VERDADERO T\u00cdTERE. \n\nEl crecimiento exponencial en M\u00e9xico del crimen orga\u2026", "hashtags": [], "topic": "crime", "tweet_urls": ["https://t.co/vxAQHD0bBt"], "date": {"hour": 17, "month": 11, "iso": "2018-11-17T17:14:21", "year": 2018, "day": 17, "minute": 14}, "geo": null, "id": 1063842792441610242, "lang": "es", "emoticons": [], "user_id": 886298551709569024, "coordinates": null, "source": "Twitter Lite", "id_str": "1063842792441610242", "mentions": [], "location": "MexicoCity"}, {"truncated": true, "text": "Campa\u00f1a contra la trata de personas. Una propuesta gr\u00e1fica y audiovisual que pretende dar a\u2026", "hashtags": ["#Importante", "#AQUIESTOY"], "topic": "crime", "tweet_urls": ["https://t.co/0f4iZLVR51"], "date": {"hour": 17, "month": 11, "iso": "2018-11-17T17:00:00", "year": 2018, "day": 17, "minute": 0}, "geo": null, "id": 1063839180445425664, "lang": "es", "emoticons": [], "user_id": 722558310428180482, "coordinates": null, "source": "TweetDeck", "id_str": "1063839180445425664", "mentions": [], "location": "MexicoCity"}, {"truncated": true, "text": "Encuentra al culpable en las funciones de hoy en Fernando Soler, 5:00 y 8:30 pm. Compra aq\u2026", "hashtags": [], "topic": "crime", "tweet_urls": ["https://t.co/U7cQYjFbMQ"], "date": {"hour": 16, "month": 11, "iso": "2018-11-17T16:45:19", "year": 2018, "day": 17, "minute": 45}, "geo": null, "id": 1063835487301918722, "lang": "es", "emoticons": [], "user_id": 64857959, "coordinates": null, "source": "Twitter for iPhone", "id_str": "1063835487301918722", "mentions": ["@EsteticaCrimen.\n\nTeatro"], "location": "MexicoCity"}, {"truncated": true, "text": "El Plan Nacional de Paz y Seguridad que present\u00f3 es coherente y prometedor.\nNo mas guerras absurdas\u2026", "hashtags": [], "topic": "crime", "tweet_urls": ["https://t.co/zW2guXQvFn"], "date": {"hour": 16, "month": 11, "iso": "2018-11-17T16:24:28", "year": 2018, "day": 17, "minute": 24}, "geo": null, "id": 1063830236381491202, "lang": "es", "emoticons": [], "user_id": 1063644124333654031, "coordinates": null, "source": "Twitter for Android", "id_str": "1063830236381491202", "mentions": ["@lopezobrador_"], "location": "MexicoCity"}, {"truncated": false, "text": "\u00bfcu\u00e1l es su plan para combatir crimen en transporte p\u00fablico que afecta a cientos de ciudadanos?", "hashtags": [], "topic": "crime", "tweet_urls": [], "date": {"hour": 15, "month": 11, "iso": "2018-11-17T15:05:34", "year": 2018, "day": 17, "minute": 5}, "geo": null, "id": 1063810380684619777, "lang": "es", "emoticons": [], "user_id": 49649978, "coordinates": null, "source": "Twitter for iPhone", "id_str": "1063810380684619777", "mentions": ["@pduranreveles"], "location": "MexicoCity"}, {"truncated": false, "text": "Juicio al Chapo: una semana de historias de corrupci\u00f3n, sangre y crimen\n\n", "hashtags": [], "topic": "crime", "tweet_urls": ["https://t.co/QqINWe8h1Z"], "date": {"hour": 14, "month": 11, "iso": "2018-11-17T14:02:15", "year": 2018, "day": 17, "minute": 2}, "geo": null, "id": 1063794447559741441, "lang": "es", "emoticons": [], "user_id": 15553386, "coordinates": null, "source": "Twitter for Android", "id_str": "1063794447559741441", "mentions": [], "location": "MexicoCity"}, {"truncated": true, "text": "(7/10) Sobre la estrategia de seguridad 2018-2024: Gran iniciativa, recup\u2026", "hashtags": ["#PazYSeguridad", "#PlanDeSeguridadYPaz", "#AMLO"], "topic": "crime", "tweet_urls": ["https://t.co/tkt5ARJC2k"], "date": {"hour": 13, "month": 11, "iso": "2018-11-17T13:47:45", "year": 2018, "day": 17, "minute": 47}, "geo": null, "id": 1063790799526207488, "lang": "es", "emoticons": [], "user_id": 855899779, "coordinates": null, "source": "Twitter Web Client", "id_str": "1063790799526207488", "mentions": [], "location": "MexicoCity"}, {"truncated": false, "text": "Citando a Edgardo Buscaglia: \u201cel crimen m\u00e1s organizado est\u00e1 en el gobierno\u201d.", "hashtags": [], "topic": "crime", "tweet_urls": ["https://t.co/SEKFxP8CaW"], "date": {"hour": 13, "month": 11, "iso": "2018-11-17T13:12:41", "year": 2018, "day": 17, "minute": 12}, "geo": null, "id": 1063781975427870722, "lang": "es", "emoticons": ["\ud83d\udc47"], "user_id": 435299501, "coordinates": null, "source": "Twitter for iPhone", "id_str": "1063781975427870722", "mentions": [], "location": "MexicoCity"}, {"truncated": false, "text": "| Reforzar\u00e1n lucha para abatir el crimen en el transporte del Edomex", "hashtags": ["#Qu\u00e9BuenaNoticia"], "topic": "crime", "tweet_urls": ["https://t.co/2bf5fCIMMX", "https://t.co/vXJyUDFnYa"], "date": {"hour": 8, "month": 11, "iso": "2018-11-17T08:00:00", "year": 2018, "day": 17, "minute": 0}, "geo": null, "id": 1063703285289365504, "lang": "es", "emoticons": [], "user_id": 2826319492, "coordinates": null, "source": "TweetDeck", "id_str": "1063703285289365504", "mentions": [], "location": "MexicoCity"}, {"truncated": true, "text": "La premisa de esta adaptaci\u00f3n es extraordinariamente simple y genial: brindar al jugador la experiencia de c\u00f3mo se\u2026", "hashtags": [], "topic": "crime", "tweet_urls": ["https://t.co/wOr8TXQoMC"], "date": {"hour": 5, "month": 11, "iso": "2018-11-17T05:30:00", "year": 2018, "day": 17, "minute": 30}, "geo": null, "id": 1063665535848722435, "lang": "es", "emoticons": [], "user_id": 948683648, "coordinates": null, "source": "TweetDeck", "id_str": "1063665535848722435", "mentions": [], "location": "MexicoCity"}, {"truncated": true, "text": "LOS QUE LE MENTABAN LA MADRE A LAS FUERZAS ARMADAS INCLUIDO EL PEJE HOY NO ENCUENTRAN OTRA SOLUCION PARA C\u2026", "hashtags": [], "topic": "crime", "tweet_urls": ["https://t.co/CKMBg6WUHy"], "date": {"hour": 5, "month": 11, "iso": "2018-11-17T05:22:00", "year": 2018, "day": 17, "minute": 22}, "geo": null, "id": 1063663524914769921, "lang": "es", "emoticons": [], "user_id": 415768951, "coordinates": null, "source": "Twitter for Android", "id_str": "1063663524914769921", "mentions": ["@lovrega"], "location": "MexicoCity"}, {"truncated": true, "text": "Con Mancera lleg\u00f3 crimen organizado a CDMX: Jes\u00fas Orta; Pactan Monreal y Urz\u00faa estudiar iniciativas; Hay boleta par\u2026", "hashtags": [], "topic": "crime", "tweet_urls": ["https://t.co/n1O4ErVRx1"], "date": {"hour": 4, "month": 11, "iso": "2018-11-17T04:36:34", "year": 2018, "day": 17, "minute": 36}, "geo": null, "id": 1063652091183403009, "lang": "es", "emoticons": [], "user_id": 376382339, "coordinates": null, "source": "Twitter for Android", "id_str": "1063652091183403009", "mentions": [], "location": "MexicoCity"}, {"truncated": true, "text": "El gobierno de Pena N trat\u00f3 infructuosamente de achacar la culpa al crimen organizado de \u00e9ste caso; hoy en una cort\u2026", "hashtags": [], "topic": "crime", "tweet_urls": ["https://t.co/HOZe0lHJ0l"], "date": {"hour": 4, "month": 11, "iso": "2018-11-17T04:20:39", "year": 2018, "day": 17, "minute": 20}, "geo": null, "id": 1063648083756662784, "lang": "es", "emoticons": [], "user_id": 559033514, "coordinates": null, "source": "Twitter for Android", "id_str": "1063648083756662784", "mentions": [], "location": "MexicoCity"}, {"truncated": true, "text": "M\u00e9xico vivi\u00f3 18 a\u00f1os de crimen, ilegalidad constitucional y corrupci\u00f3n al amparo de desgobiernos espurios, sin cont\u2026", "hashtags": [], "topic": "crime", "tweet_urls": ["https://t.co/80Mn3FghHr"], "date": {"hour": 4, "month": 11, "iso": "2018-11-17T04:11:20", "year": 2018, "day": 17, "minute": 11}, "geo": null, "id": 1063645739560112128, "lang": "es", "emoticons": [], "user_id": 559033514, "coordinates": null, "source": "Twitter for Android", "id_str": "1063645739560112128", "mentions": [], "location": "MexicoCity"}, {"truncated": true, "text": "Como si en los \u00faltimos a\u00f1os los militares no hubieran sido corrompidos por el crimen organizado. Pensar que est\u00e1n l\u2026", "hashtags": [], "topic": "crime", "tweet_urls": ["https://t.co/jgYgn2EVU4"], "date": {"hour": 4, "month": 11, "iso": "2018-11-17T04:03:03", "year": 2018, "day": 17, "minute": 3}, "geo": null, "id": 1063643656681385984, "lang": "es", "emoticons": [], "user_id": 83413521, "coordinates": null, "source": "Twitter for Android", "id_str": "1063643656681385984", "mentions": [], "location": "MexicoCity"}, {"truncated": true, "text": "Para acabar con la epidemia de obesidad y diabetes que vive el pa\u00eds \ufe0f tenemos que modificar el ambiente obesog\u00e9nic\u2026", "hashtags": [], "topic": "crime", "tweet_urls": ["https://t.co/T8CBUg8YWe"], "date": {"hour": 3, "month": 11, "iso": "2018-11-17T03:43:00", "year": 2018, "day": 17, "minute": 43}, "geo": null, "id": 1063638610531024896, "lang": "es", "emoticons": ["\u2620"], "user_id": 148944244, "coordinates": null, "source": "Buffer", "id_str": "1063638610531024896", "mentions": [], "location": "MexicoCity"}, {"truncated": true, "text": "\u00bfAmedrentar? Describir t\u00fa doble moral y falta de \u00e9tica, eres un vividor fifi que hace apolog\u00eda de\u2026", "hashtags": [], "topic": "crime", "tweet_urls": ["https://t.co/gjUqaIxFQx"], "date": {"hour": 3, "month": 11, "iso": "2018-11-17T03:22:45", "year": 2018, "day": 17, "minute": 22}, "geo": null, "id": 1063633511528243201, "lang": "es", "emoticons": [], "user_id": 308283695, "coordinates": null, "source": "Twitter for Android", "id_str": "1063633511528243201", "mentions": ["@epigmenioibarra"], "location": "MexicoCity"}, {"truncated": true, "text": "Muy malita reforma de extinci\u00f3n de dominio que incumple los est\u00e1ndares de la ONU.\u2026", "hashtags": [], "topic": "crime", "tweet_urls": ["https://t.co/NV8EI5pB0V"], "date": {"hour": 3, "month": 11, "iso": "2018-11-17T03:01:12", "year": 2018, "day": 17, "minute": 1}, "geo": null, "id": 1063628090407034880, "lang": "es", "emoticons": [], "user_id": 26440316, "coordinates": null, "source": "Twitter for iPhone", "id_str": "1063628090407034880", "mentions": ["@senadomexicano", "@ManceraMiguelMX"], "location": "MexicoCity"}, {"truncated": true, "text": "\u00c9ste hombre tiene raz\u00f3n.... se debe regresar de inmediato a las FFAA a sus cuarteles, y dejar la seguridad y combat\u2026", "hashtags": [], "topic": "crime", "tweet_urls": ["https://t.co/26fEGndNmU"], "date": {"hour": 2, "month": 11, "iso": "2018-11-17T02:49:15", "year": 2018, "day": 17, "minute": 49}, "geo": null, "id": 1063625082214465536, "lang": "es", "emoticons": [], "user_id": 519037486, "coordinates": null, "source": "Twitter Web Client", "id_str": "1063625082214465536", "mentions": [], "location": "MexicoCity"}, {"truncated": false, "text": "Veo que prefieren tener en las calles a Polic\u00edas ineptos, corruptos, asociados con el crimen organizado.", "hashtags": [], "topic": "crime", "tweet_urls": [], "date": {"hour": 1, "month": 11, "iso": "2018-11-17T01:33:02", "year": 2018, "day": 17, "minute": 33}, "geo": null, "id": 1063605903038054402, "lang": "es", "emoticons": [], "user_id": 553224242, "coordinates": null, "source": "Twitter for Android", "id_str": "1063605903038054402", "mentions": [], "location": "MexicoCity"}, {"truncated": true, "text": "Mueren 5 veces m\u00e1s personas por diabetes que por el crimen organizado, por fracaso de la Estrategia contra Obesidad\u2026", "hashtags": [], "topic": "crime", "tweet_urls": ["https://t.co/Gp5fIKMOYt"], "date": {"hour": 1, "month": 11, "iso": "2018-11-17T01:20:23", "year": 2018, "day": 17, "minute": 20}, "geo": null, "id": 1063602717606772737, "lang": "es", "emoticons": [], "user_id": 2832795977, "coordinates": null, "source": "Twitter for iPhone", "id_str": "1063602717606772737", "mentions": [], "location": "MexicoCity"}, {"truncated": false, "text": "\u00a1Selfie en el momento oportuno salva a joven de terminar en prisi\u00f3n por un crimen que no cometi\u00f3!", "hashtags": [], "topic": "crime", "tweet_urls": ["https://t.co/8t60rZWf1b"], "date": {"hour": 1, "month": 11, "iso": "2018-11-17T01:15:04", "year": 2018, "day": 17, "minute": 15}, "geo": null, "id": 1063601379401449472, "lang": "es", "emoticons": [], "user_id": 25401359, "coordinates": null, "source": "Hootsuite Inc.", "id_str": "1063601379401449472", "mentions": [], "location": "MexicoCity"}, {"truncated": true, "text": "Costa Rica Investigan el brutal crimen de Stephanie Paola Castro, una joven lesbiana.\nLa organizaciones exigen just\u2026", "hashtags": [], "topic": "crime", "tweet_urls": ["https://t.co/fZaqB47cYQ"], "date": {"hour": 1, "month": 11, "iso": "2018-11-17T01:09:58", "year": 2018, "day": 17, "minute": 9}, "geo": null, "id": 1063600095034249217, "lang": "es", "emoticons": [], "user_id": 41463390, "coordinates": null, "source": "Twitter for iPhone", "id_str": "1063600095034249217", "mentions": [], "location": "MexicoCity"}, {"truncated": true, "text": "Exacto, hay familias enteras que se dedican al crimen (incluyendo crimenes d\u2026", "hashtags": [], "topic": "crime", "tweet_urls": ["https://t.co/NtX3TH2ZYO"], "date": {"hour": 0, "month": 11, "iso": "2018-11-17T00:49:30", "year": 2018, "day": 17, "minute": 49}, "geo": null, "id": 1063594944831635456, "lang": "es", "emoticons": [], "user_id": 41640876, "coordinates": null, "source": "Twitter for Android", "id_str": "1063594944831635456", "mentions": ["@dcastillov", "@petesaez", "@mendozarockwell"], "location": "MexicoCity"}, {"truncated": true, "text": "Uuuuuyyy, ahora es Diputado de fue el que permiti\u00f3 que Acapulco, Guerrero fuera del\u2026", "hashtags": [], "topic": "crime", "tweet_urls": ["https://t.co/FBhHePOMPw"], "date": {"hour": 0, "month": 11, "iso": "2018-11-17T00:32:57", "year": 2018, "day": 17, "minute": 32}, "geo": null, "id": 1063590780332199936, "lang": "es", "emoticons": [], "user_id": 81854337, "coordinates": null, "source": "Twitter for Android", "id_str": "1063590780332199936", "mentions": ["@FelixSalMac", "@PartidoMoneraMx\ny"], "location": "MexicoCity"}, {"truncated": true, "text": "El mejor pa\u00eds para compararlo es Brasil y su polic\u00eda militar combatiendo el crimen. Vea cada quien\u2026", "hashtags": [], "topic": "crime", "tweet_urls": ["https://t.co/Pn44ANyw4S"], "date": {"hour": 0, "month": 11, "iso": "2018-11-17T00:18:11", "year": 2018, "day": 17, "minute": 18}, "geo": null, "id": 1063587063298183168, "lang": "es", "emoticons": [], "user_id": 1943507900, "coordinates": null, "source": "Twitter for Android", "id_str": "1063587063298183168", "mentions": ["@AristeguiOnline"], "location": "MexicoCity"}, {"truncated": true, "text": "\u00a1El aprob\u00f3 modificaciones a la Constituci\u00f3n para combatir impunidad, crimen organizado y corrupci\u00f3n\u2026", "hashtags": [], "topic": "crime", "tweet_urls": ["https://t.co/viIEpLwVjU"], "date": {"hour": 0, "month": 11, "iso": "2018-11-17T00:14:50", "year": 2018, "day": 17, "minute": 14}, "geo": null, "id": 1063586222646411264, "lang": "es", "emoticons": [], "user_id": 3166004946, "coordinates": null, "source": "Twitter for Android", "id_str": "1063586222646411264", "mentions": ["@senadomexicano"], "location": "MexicoCity"}, {"truncated": true, "text": "| Con EPN se duplicaron las agresiones contra mujeres periodistas: en la mayor\u00eda de los casos se tra\u2026", "hashtags": ["#Investigaci\u00f3n"], "topic": "crime", "tweet_urls": ["https://t.co/84cPNaejtG"], "date": {"hour": 0, "month": 11, "iso": "2018-11-17T00:00:00", "year": 2018, "day": 17, "minute": 0}, "geo": null, "id": 1063582490537967621, "lang": "es", "emoticons": [], "user_id": 825801828956782592, "coordinates": null, "source": "TweetDeck", "id_str": "1063582490537967621", "mentions": [], "location": "MexicoCity"}, {"truncated": true, "text": "Sujetos armados le dan plomo a empresario en No se descarta que este asesinado se derive por el\u2026", "hashtags": ["#Republica", "#Oaxaca"], "topic": "crime", "tweet_urls": ["https://t.co/ykFMM3VBCN"], "date": {"hour": 23, "month": 11, "iso": "2018-11-16T23:34:21", "year": 2018, "day": 16, "minute": 34}, "geo": null, "id": 1063576032131854336, "lang": "es", "emoticons": [], "user_id": 2482888046, "coordinates": null, "source": "Hootsuite Inc.", "id_str": "1063576032131854336", "mentions": [], "location": "MexicoCity"}, {"truncated": true, "text": "Asesinan a polic\u00eda ministerial en Se encontraron 28 casquillos percutidos en la zona del crimen\u2026", "hashtags": ["#Policia", "#Tultitlan"], "topic": "crime", "tweet_urls": ["https://t.co/Ux5B7Mp8pM"], "date": {"hour": 22, "month": 11, "iso": "2018-11-16T22:35:01", "year": 2018, "day": 16, "minute": 35}, "geo": null, "id": 1063561104188743681, "lang": "es", "emoticons": [], "user_id": 2482888046, "coordinates": null, "source": "Hootsuite Inc.", "id_str": "1063561104188743681", "mentions": [], "location": "MexicoCity"}, {"truncated": true, "text": "pero,solo aplicaba si y solo si se te comprobaba crimen\u2026", "hashtags": [], "topic": "crime", "tweet_urls": ["https://t.co/QJpY5Hx76K"], "date": {"hour": 22, "month": 11, "iso": "2018-11-16T22:24:06", "year": 2018, "day": 16, "minute": 24}, "geo": null, "id": 1063558354486747136, "lang": "es", "emoticons": [], "user_id": 164077092, "coordinates": null, "source": "Twitter Web Client", "id_str": "1063558354486747136", "mentions": ["@FluxusMentis", "@martibatres", "@senadomexicano", "@FelipeCalderon"], "location": "MexicoCity"}, {"truncated": true, "text": "M\u00e9xico como siempre ir\u00f3nico, nos quejamos de la violencia pero desde hace 10 a\u00f1os que nuestros hombres de acci\u00f3n fa\u2026", "hashtags": [], "topic": "crime", "tweet_urls": ["https://t.co/a03CReelzJ"], "date": {"hour": 22, "month": 11, "iso": "2018-11-16T22:02:46", "year": 2018, "day": 16, "minute": 2}, "geo": null, "id": 1063552988134998016, "lang": "es", "emoticons": [], "user_id": 123496743, "coordinates": null, "source": "Twitter Web Client", "id_str": "1063552988134998016", "mentions": [], "location": "MexicoCity"}, {"truncated": true, "text": "Epigmenio, el maromero Ibarra, defiende uso de \u201cpolic\u00eda militar\u201d en M\u00e9xico. Hasta hace poco pensaba que \u201cla Marina\u2026", "hashtags": [], "topic": "crime", "tweet_urls": ["https://t.co/Ei1bg8Rn4w"], "date": {"hour": 21, "month": 11, "iso": "2018-11-16T21:24:18", "year": 2018, "day": 16, "minute": 24}, "geo": null, "id": 1063543305026199552, "lang": "es", "emoticons": [], "user_id": 366716418, "coordinates": null, "source": "Twitter for iPhone", "id_str": "1063543305026199552", "mentions": [], "location": "MexicoCity"}, {"truncated": true, "text": "El despliegue de las Fuerzas Armadas de la \u00faltima d\u00e9cada en la lucha contra el crimen no ha tra\u00eddo seguridad. \"En c\u2026", "hashtags": [], "topic": "crime", "tweet_urls": ["https://t.co/43AadunLLr"], "date": {"hour": 21, "month": 11, "iso": "2018-11-16T21:10:01", "year": 2018, "day": 16, "minute": 10}, "geo": null, "id": 1063539710864220161, "lang": "es", "emoticons": [], "user_id": 111110077, "coordinates": null, "source": "TweetDeck", "id_str": "1063539710864220161", "mentions": [], "location": "MexicoCity"}, {"truncated": true, "text": "O sea que el problema era el nombre de la instituci\u00f3n... No la corrupci\u00f3n ni la filtraci\u00f3n del crim\u2026", "hashtags": [], "topic": "crime", "tweet_urls": ["https://t.co/zgTTEPgjMu"], "date": {"hour": 21, "month": 11, "iso": "2018-11-16T21:02:54", "year": 2018, "day": 16, "minute": 2}, "geo": null, "id": 1063537921595076609, "lang": "es", "emoticons": [], "user_id": 113717783, "coordinates": null, "source": "Twitter for Android", "id_str": "1063537921595076609", "mentions": ["@DrLorenzoMeyer"], "location": "MexicoCity"}, {"truncated": true, "text": "En la Central Camionera del Norte de la Ciudad de M\u00e9xico, autoridades aseguraron cerca de 19 kilogramos de coca\u00edna,\u2026", "hashtags": [], "topic": "crime", "tweet_urls": ["https://t.co/o9BP0P2ZJp"], "date": {"hour": 21, "month": 11, "iso": "2018-11-16T21:02:00", "year": 2018, "day": 16, "minute": 2}, "geo": null, "id": 1063537693475299328, "lang": "es", "emoticons": [], "user_id": 38293203, "coordinates": null, "source": "TweetDeck", "id_str": "1063537693475299328", "mentions": [], "location": "MexicoCity"}, {"truncated": false, "text": "| Reforzar\u00e1n lucha para abatir el crimen en el transporte del Edomex", "hashtags": ["#Qu\u00e9BuenaNoticia"], "topic": "crime", "tweet_urls": ["https://t.co/2bf5fCIMMX", "https://t.co/syd6YMfhKT"], "date": {"hour": 20, "month": 11, "iso": "2018-11-16T20:28:10", "year": 2018, "day": 16, "minute": 28}, "geo": null, "id": 1063529181475151873, "lang": "es", "emoticons": [], "user_id": 2826319492, "coordinates": null, "source": "Twitter Web Client", "id_str": "1063529181475151873", "mentions": [], "location": "MexicoCity"}, {"truncated": true, "text": "Haber y con todas estas declaraciones que van a decir EPN y Calder\u00f3n, obvio que lo niegan pero todo\u2026", "hashtags": [], "topic": "crime", "tweet_urls": ["https://t.co/0kNj6aDdlS"], "date": {"hour": 19, "month": 11, "iso": "2018-11-16T19:54:34", "year": 2018, "day": 16, "minute": 54}, "geo": null, "id": 1063520724789411841, "lang": "es", "emoticons": [], "user_id": 1004228532409700352, "coordinates": null, "source": "Twitter for Android", "id_str": "1063520724789411841", "mentions": ["@brozoxmiswebs"], "location": "MexicoCity"}, {"truncated": true, "text": "Atole con el dedo Princess, AMLO sabe que esto no funciona as\u00ed. Cada d\u00eda me queda m\u00e1s claro que entr\u2026", "hashtags": [], "topic": "crime", "tweet_urls": ["https://t.co/Yf10ca0OTj"], "date": {"hour": 19, "month": 11, "iso": "2018-11-16T19:37:18", "year": 2018, "day": 16, "minute": 37}, "geo": null, "id": 1063516378861199360, "lang": "es", "emoticons": [], "user_id": 2856056140, "coordinates": null, "source": "Twitter for iPhone", "id_str": "1063516378861199360", "mentions": ["@PrincessPrian"], "location": "MexicoCity"}, {"truncated": false, "text": "Plan de AMLO: Guardia Militar para la sociedad; amnist\u00eda para el crimen organizado.", "hashtags": [], "topic": "crime", "tweet_urls": ["https://t.co/mpMLlxMU4c"], "date": {"hour": 19, "month": 11, "iso": "2018-11-16T19:35:01", "year": 2018, "day": 16, "minute": 35}, "geo": null, "id": 1063515803465773057, "lang": "es", "emoticons": ["\ud83d\udc4e\ud83c\udffe", "\ud83d\ude1c", "\ud83d\ude31"], "user_id": 857389495, "coordinates": null, "source": "Twitter for iPhone", "id_str": "1063515803465773057", "mentions": [], "location": "MexicoCity"}, {"truncated": true, "text": "\u201cEl despliegue de las Fuerzas Armadas en la lucha contra el crimen no ha tra\u00eddo seguridad. En cambio, las personas\u2026", "hashtags": [], "topic": "crime", "tweet_urls": ["https://t.co/PQkV7gQKEf"], "date": {"hour": 19, "month": 11, "iso": "2018-11-16T19:30:08", "year": 2018, "day": 16, "minute": 30}, "geo": null, "id": 1063514575100882947, "lang": "es", "emoticons": [], "user_id": 143137590, "coordinates": null, "source": "Hootsuite Inc.", "id_str": "1063514575100882947", "mentions": [], "location": "MexicoCity"}, {"truncated": true, "text": "Para los preocupados por la \"militarizaci\u00f3n\" la pregunta es simple: \u00bfD\u00f3nde estas los\u2026", "hashtags": [], "topic": "crime", "tweet_urls": ["https://t.co/2Glsng3P36"], "date": {"hour": 19, "month": 11, "iso": "2018-11-16T19:01:13", "year": 2018, "day": 16, "minute": 1}, "geo": null, "id": 1063507297517953025, "lang": "es", "emoticons": [], "user_id": 963605831966183425, "coordinates": null, "source": "Twitter Web Client", "id_str": "1063507297517953025", "mentions": ["@Navegaciones", "@lajornadaonline"], "location": "MexicoCity"}, {"truncated": true, "text": "El presidente del Instituto Nacional Electoral (@INEMexico), neg\u00f3 que existan evidencias de que e\u2026", "hashtags": [], "topic": "crime", "tweet_urls": ["https://t.co/uqS3y7grIS"], "date": {"hour": 19, "month": 11, "iso": "2018-11-16T19:01:01", "year": 2018, "day": 16, "minute": 1}, "geo": null, "id": 1063507249136578561, "lang": "es", "emoticons": [], "user_id": 110323625, "coordinates": null, "source": "Hootsuite Inc.", "id_str": "1063507249136578561", "mentions": ["@lorenzocordovav,"], "location": "MexicoCity"}, {"truncated": false, "text": "65 ni\u00f1os de la caravana migrante fueron secuestrados y entregados al crimen organizado, seg\u00fan una denuncia oficial", "hashtags": [], "topic": "crime", "tweet_urls": ["https://t.co/7mYUDmbQ1v"], "date": {"hour": 18, "month": 11, "iso": "2018-11-16T18:51:46", "year": 2018, "day": 16, "minute": 51}, "geo": null, "id": 1063504918500265985, "lang": "es", "emoticons": [], "user_id": 197911207, "coordinates": null, "source": "Facebook", "id_str": "1063504918500265985", "mentions": [], "location": "MexicoCity"}, {"truncated": true, "text": "\u00bfY donde est\u00e1 ese poder civil? \u00bfDonde est\u00e1n los cuadros polic\u00edacos, con formaci\u00f3n poli\u2026", "hashtags": [], "topic": "crime", "tweet_urls": ["https://t.co/7PTxhyUV8f"], "date": {"hour": 18, "month": 11, "iso": "2018-11-16T18:51:39", "year": 2018, "day": 16, "minute": 51}, "geo": null, "id": 1063504891547697153, "lang": "es", "emoticons": [], "user_id": 963605831966183425, "coordinates": null, "source": "Twitter Web Client", "id_str": "1063504891547697153", "mentions": ["@DiegoPetersen", "@SinEmbargoMX"], "location": "MexicoCity"}, {"truncated": false, "text": "2. John R. Lott Jr. Prohibir la posesi\u00f3n de armas no disminuye el crimen.", "hashtags": [], "topic": "crime", "tweet_urls": [], "date": {"hour": 18, "month": 11, "iso": "2018-11-16T18:22:50", "year": 2018, "day": 16, "minute": 22}, "geo": null, "id": 1063497637247225856, "lang": "es", "emoticons": [], "user_id": 115495028, "coordinates": null, "source": "Twitter for iPhone", "id_str": "1063497637247225856", "mentions": [], "location": "MexicoCity"}, {"truncated": true, "text": "| Con EPN se duplicaron las agresiones contra mujeres periodistas: en la mayor\u00eda de los casos se tra\u2026", "hashtags": ["#Investigaci\u00f3n"], "topic": "crime", "tweet_urls": ["https://t.co/mvElInqoh0"], "date": {"hour": 18, "month": 11, "iso": "2018-11-16T18:00:00", "year": 2018, "day": 16, "minute": 0}, "geo": null, "id": 1063491892069883904, "lang": "es", "emoticons": [], "user_id": 825801828956782592, "coordinates": null, "source": "TweetDeck", "id_str": "1063491892069883904", "mentions": [], "location": "MexicoCity"}, {"truncated": true, "text": "Es que Epigmenio cree que la Polic\u00eda Militar es como los agentes de tr\u00e1nsito... supo\u2026", "hashtags": [], "topic": "crime", "tweet_urls": ["https://t.co/9zlhM1Cisc"], "date": {"hour": 17, "month": 11, "iso": "2018-11-16T17:55:43", "year": 2018, "day": 16, "minute": 55}, "geo": null, "id": 1063490816096710657, "lang": "es", "emoticons": [], "user_id": 889661170558304257, "coordinates": null, "source": "Twitter Web Client", "id_str": "1063490816096710657", "mentions": ["@OSWALDORIOSM", "@epigmenioibarra"], "location": "MexicoCity"}, {"truncated": true, "text": "Es necesario que se queden los a cargo de la lucha contra el cr\u00edmen organizado.\nEl", "hashtags": ["#Militares", "#PlanDePazySeguridad\u2026"], "topic": "crime", "tweet_urls": ["https://t.co/nOprXlwaHD"], "date": {"hour": 17, "month": 11, "iso": "2018-11-16T17:49:40", "year": 2018, "day": 16, "minute": 49}, "geo": null, "id": 1063489290263359488, "lang": "es", "emoticons": [], "user_id": 2358834848, "coordinates": null, "source": "Twitter for Android", "id_str": "1063489290263359488", "mentions": [], "location": "MexicoCity"}, {"truncated": true, "text": "Finalmente AMLO es arropado, ante su manifiesta incapacidad, por la narco \u00e9lite empresarial ligada al sat\u00e1nico Geor\u2026", "hashtags": [], "topic": "crime", "tweet_urls": ["https://t.co/HQNlLPEe4Z"], "date": {"hour": 17, "month": 11, "iso": "2018-11-16T17:26:44", "year": 2018, "day": 16, "minute": 26}, "geo": null, "id": 1063483518540488705, "lang": "es", "emoticons": [], "user_id": 55831797, "coordinates": null, "source": "Twitter Web Client", "id_str": "1063483518540488705", "mentions": [], "location": "MexicoCity"}, {"truncated": true, "text": "| se\u00f1ala que el problema de violencia y de crimen en M\u00e9xico est\u00e1 asociado con la disfuncionalid\u2026", "hashtags": ["#Opini\u00f3n"], "topic": "crime", "tweet_urls": ["https://t.co/AGX0Mc3tVo"], "date": {"hour": 16, "month": 11, "iso": "2018-11-16T16:56:41", "year": 2018, "day": 16, "minute": 56}, "geo": null, "id": 1063475956235436033, "lang": "es", "emoticons": [], "user_id": 78698153, "coordinates": null, "source": "TweetDeck", "id_str": "1063475956235436033", "mentions": ["@EdnaJaime"], "location": "MexicoCity"}, {"truncated": true, "text": "\u00bfProhibir las narcoseries ser\u00eda negar la realidad del pa\u00eds? \u00bfSeguirlas produciendo es una apolog\u00eda al cr\u2026", "hashtags": ["#EnPortada"], "topic": "crime", "tweet_urls": ["https://t.co/spjrxcVuCC"], "date": {"hour": 16, "month": 11, "iso": "2018-11-16T16:32:53", "year": 2018, "day": 16, "minute": 32}, "geo": null, "id": 1063469969264992261, "lang": "es", "emoticons": [], "user_id": 63845768, "coordinates": null, "source": "Twitter for iPhone", "id_str": "1063469969264992261", "mentions": [], "location": "MexicoCity"}, {"truncated": true, "text": "Que no te dejen ir a trabajar envuelto en tus cobijas bajo estas fat\u00eddicas condiciones deber\u00eda considerarse un cri\u2026", "hashtags": [], "topic": "crime", "tweet_urls": ["https://t.co/rCrIIdanZ7"], "date": {"hour": 16, "month": 11, "iso": "2018-11-16T16:15:19", "year": 2018, "day": 16, "minute": 15}, "geo": null, "id": 1063465547290066945, "lang": "es", "emoticons": [], "user_id": 1047614626509324288, "coordinates": null, "source": "Twitter for iPhone", "id_str": "1063465547290066945", "mentions": [], "location": "MexicoCity"}, {"truncated": true, "text": "Ademas de todo lo que pasa en M\u00e9xico.Haces un cagadero sabiendo que no van a dejar pasar a los migrantes, a\u00fan as\u00ed d\u2026", "hashtags": [], "topic": "crime", "tweet_urls": ["https://t.co/jcdD7zYiTs"], "date": {"hour": 16, "month": 11, "iso": "2018-11-16T16:11:20", "year": 2018, "day": 16, "minute": 11}, "geo": null, "id": 1063464544230678529, "lang": "es", "emoticons": [], "user_id": 105718377, "coordinates": null, "source": "Twitter for Android", "id_str": "1063464544230678529", "mentions": [], "location": "MexicoCity"}, {"truncated": true, "text": "Detenciones sin estar ligadas al asesinato de la hija de Carmen Medel.\nEl gobernador de rechaz\u00f3 que 4 de\u2026", "hashtags": ["#Veracruz,"], "topic": "crime", "tweet_urls": ["https://t.co/rX5CxDopVE"], "date": {"hour": 16, "month": 11, "iso": "2018-11-16T16:11:02", "year": 2018, "day": 16, "minute": 11}, "geo": null, "id": 1063464471857836033, "lang": "es", "emoticons": [], "user_id": 137474821, "coordinates": null, "source": "Twitter Web Client", "id_str": "1063464471857836033", "mentions": [], "location": "MexicoCity"}, {"truncated": true, "text": "Todo el que no apoye al viejo in\u00fatil impotente e incontinente de Lopez segun ustedes es u\u2026", "hashtags": [], "topic": "crime", "tweet_urls": ["https://t.co/Lk8HRphj3i"], "date": {"hour": 16, "month": 11, "iso": "2018-11-16T16:09:15", "year": 2018, "day": 16, "minute": 9}, "geo": null, "id": 1063464019330244610, "lang": "es", "emoticons": [], "user_id": 27128524, "coordinates": null, "source": "Twitter for Android", "id_str": "1063464019330244610", "mentions": ["@monchska", "@chooseempathy1"], "location": "MexicoCity"}, {"truncated": true, "text": "\u00bfDesarmar al crimen organizado mediante di\u00e1logo? JaJa , van a terminar negociando y haciendo lo que el\u2026", "hashtags": [], "topic": "crime", "tweet_urls": ["https://t.co/W9CJ9axuxT"], "date": {"hour": 16, "month": 11, "iso": "2018-11-16T16:03:45", "year": 2018, "day": 16, "minute": 3}, "geo": null, "id": 1063462638267625473, "lang": "es", "emoticons": [], "user_id": 195539176, "coordinates": null, "source": "Twitter Web Client", "id_str": "1063462638267625473", "mentions": ["@JuanIZavala"], "location": "MexicoCity"}, {"truncated": true, "text": "Si, lo recuerdo, s\u00f3lo que al ununciar el Plan Nacional de Paz y Segurida\u2026", "hashtags": [], "topic": "crime", "tweet_urls": ["https://t.co/vS7B4MZVb2"], "date": {"hour": 15, "month": 11, "iso": "2018-11-16T15:52:30", "year": 2018, "day": 16, "minute": 52}, "geo": null, "id": 1063459804927221760, "lang": "es", "emoticons": [], "user_id": 765899462, "coordinates": null, "source": "Twitter for Android", "id_str": "1063459804927221760", "mentions": ["@ManabendraNR", "@SinEmbargoMX", "@AlfonsoDurazo"], "location": "MexicoCity"}]