[{"truncated": true, "text": "Asia Bibi, a mother of five believed to now be in her late 40s, was accused of insulting the Prophet Muhammad after\u2026", "hashtags": [], "topic": "unrest", "tweet_urls": ["https://t.co/Um622nYODf"], "date": {"hour": 19, "month": 11, "iso": "2018-11-02T19:09:30", "year": 2018, "day": 2, "minute": 9}, "geo": null, "id": 1058435952287330305, "lang": "en", "emoticons": [], "user_id": 54229135, "coordinates": null, "source": "Facebook", "location": "MexicoCity", "mentions": []}, {"truncated": false, "text": "Mexico City architects protest \"fake, unlawful\" referendum on Foster-designed airport v\u00eda", "hashtags": [], "topic": "unrest", "tweet_urls": ["https://t.co/veq3qxXyvP"], "date": {"hour": 17, "month": 11, "iso": "2018-11-02T17:28:53", "year": 2018, "day": 2, "minute": 28}, "geo": null, "id": 1058410632914104320, "lang": "en", "emoticons": [], "user_id": 323316316, "coordinates": null, "source": "Twitter Web Client", "location": "MexicoCity", "mentions": ["@dezeen"]}, {"truncated": true, "text": "\"Google Walkout: Employees Stage Protest Over Handling of Sexual Harassment\" by DAISUKE WAKABAYASHI, ERIN GRIFFITH,\u2026", "hashtags": [], "topic": "unrest", "tweet_urls": ["https://t.co/8fMe21IufP"], "date": {"hour": 7, "month": 11, "iso": "2018-11-02T07:04:33", "year": 2018, "day": 2, "minute": 4}, "geo": null, "id": 1058253511446544384, "lang": "en", "emoticons": [], "user_id": 2321720552, "coordinates": null, "source": "IFTTT", "location": "MexicoCity", "mentions": []}, {"truncated": true, "text": "\"#GoogleWalkout: Thousands of workers protest sexual harassment and pay inequality, demand changes\" via FOX NEWS\u2026", "hashtags": [], "topic": "unrest", "tweet_urls": ["https://t.co/qb1YJ9mFWK"], "date": {"hour": 7, "month": 11, "iso": "2018-11-02T07:03:57", "year": 2018, "day": 2, "minute": 3}, "geo": null, "id": 1058253362611683328, "lang": "en", "emoticons": [], "user_id": 273200312, "coordinates": null, "source": "IFTTT", "location": "MexicoCity", "mentions": []}, {"truncated": true, "text": "\"Google Walkout: Employees Stage Protest Over Handling of Sexual Harassment\" by DAISUKE WAKABAYASHI, ERIN GRIFFITH,\u2026", "hashtags": [], "topic": "unrest", "tweet_urls": ["https://t.co/zf1bQugoj2"], "date": {"hour": 7, "month": 11, "iso": "2018-11-02T07:00:16", "year": 2018, "day": 2, "minute": 0}, "geo": null, "id": 1058252433413951488, "lang": "en", "emoticons": [], "user_id": 2321720552, "coordinates": null, "source": "IFTTT", "location": "MexicoCity", "mentions": []}, {"truncated": true, "text": "\"Google Walkout: Employees Stage Protest Over Handling of Sexual Harassment\" by AMIE TSANG and ADAM SATARIANO via N\u2026", "hashtags": [], "topic": "unrest", "tweet_urls": ["https://t.co/tpIM3bAxe9"], "date": {"hour": 16, "month": 11, "iso": "2018-11-01T16:54:14", "year": 2018, "day": 1, "minute": 54}, "geo": null, "id": 1058039524708831232, "lang": "en", "emoticons": [], "user_id": 261944010, "coordinates": null, "source": "IFTTT", "location": "MexicoCity", "mentions": []}, {"truncated": false, "text": "Rinde protesta Mar\u00eda del Carmen Ram\u00edrez Morales como directora del\u00a0Immujer", "hashtags": [], "topic": "unrest", "tweet_urls": ["https://t.co/7pNhx2r4RG", "https://t.co/ROzaSzhLpl"], "date": {"hour": 2, "month": 11, "iso": "2018-11-03T02:34:06", "year": 2018, "day": 3, "minute": 34}, "geo": null, "id": 1058547837909303296, "lang": "es", "emoticons": [], "user_id": 30079695, "coordinates": null, "source": "WordPress.com", "location": "MexicoCity", "mentions": []}, {"truncated": true, "text": "de catrinas en protesta por los feminicidios y desapariciones forzadas de mujeres registradas en el pa\u00eds, a\u2026", "hashtags": ["#Marcha"], "topic": "unrest", "tweet_urls": ["https://t.co/8fPV0eNw1n"], "date": {"hour": 1, "month": 11, "iso": "2018-11-03T01:04:55", "year": 2018, "day": 3, "minute": 4}, "geo": null, "id": 1058525395035799553, "lang": "es", "emoticons": [], "user_id": 37705479, "coordinates": null, "source": "Twitter for Android", "location": "MexicoCity", "mentions": []}, {"truncated": true, "text": "\u00a0Trabajadores de esta empresa tecnol\u00f3gica planean plant\u00f3n frente a las oficinas de la firma, \u00a1ent\u00e9rate! \u2026", "hashtags": [], "topic": "unrest", "tweet_urls": ["https://t.co/0qHhk4C79G"], "date": {"hour": 23, "month": 11, "iso": "2018-11-02T23:30:00", "year": 2018, "day": 2, "minute": 30}, "geo": null, "id": 1058501510244425729, "lang": "es", "emoticons": ["\ud83d\udea9", "\ud83d\udcbb", "\ud83d\udc47\ud83c\udffd"], "user_id": 17882784, "coordinates": null, "source": "TweetDeck", "location": "MexicoCity", "mentions": []}, {"truncated": true, "text": "Porque no se le ocurre que cada quien se organiza y protesta por lo que desea. \nPorque da por sentado qu\u2026", "hashtags": [], "topic": "unrest", "tweet_urls": ["https://t.co/NLNbRPv0zp"], "date": {"hour": 21, "month": 11, "iso": "2018-11-02T21:48:50", "year": 2018, "day": 2, "minute": 48}, "geo": null, "id": 1058476051242893312, "lang": "es", "emoticons": [], "user_id": 107613155, "coordinates": null, "source": "Twitter for iPhone", "location": "MexicoCity", "mentions": ["@warkentin"]}, {"truncated": false, "text": "\u2018Un error pol\u00edtico cerrar la avenida Obreg\u00f3n por toma de protesta del alcalde\u2019: Ca\u00a0naco", "hashtags": [], "topic": "unrest", "tweet_urls": ["https://t.co/lczQhfFxhE"], "date": {"hour": 20, "month": 11, "iso": "2018-11-02T20:48:33", "year": 2018, "day": 2, "minute": 48}, "geo": null, "id": 1058460878604001285, "lang": "es", "emoticons": [], "user_id": 30079695, "coordinates": null, "source": "WordPress.com", "location": "MexicoCity", "mentions": []}, {"truncated": false, "text": "La apag\u00f3 sus luces en protesta por el asesinato de periodistas.", "hashtags": ["#TorreEiffel"], "topic": "unrest", "tweet_urls": ["https://t.co/7TtMcHs89h"], "date": {"hour": 19, "month": 11, "iso": "2018-11-02T19:58:28", "year": 2018, "day": 2, "minute": 58}, "geo": null, "id": 1058448276813475842, "lang": "es", "emoticons": [], "user_id": 1944222290, "coordinates": null, "source": "Twitter for iPhone", "location": "MexicoCity", "mentions": []}, {"truncated": true, "text": "No s\u00e9 si no se entendi\u00f3 mi tuit, pero eso fue lo que me estaban argumentando unos Pejefans ayer. Que com\u2026", "hashtags": [], "topic": "unrest", "tweet_urls": ["https://t.co/rhwzqfC7HV"], "date": {"hour": 17, "month": 11, "iso": "2018-11-02T17:54:05", "year": 2018, "day": 2, "minute": 54}, "geo": null, "id": 1058416972201951232, "lang": "es", "emoticons": [], "user_id": 396947847, "coordinates": null, "source": "Twitter for Android", "location": "MexicoCity", "mentions": ["@GlodeJo07"]}, {"truncated": true, "text": "Pero s\u00ed hay una causa superior a otra. No son equiparables el escenario apocal\u00edptico p\u2026", "hashtags": [], "topic": "unrest", "tweet_urls": ["https://t.co/nsFhhj3zyW"], "date": {"hour": 17, "month": 11, "iso": "2018-11-02T17:46:40", "year": 2018, "day": 2, "minute": 46}, "geo": null, "id": 1058415105694728193, "lang": "es", "emoticons": [], "user_id": 127123055, "coordinates": null, "source": "Twitter Web Client", "location": "MexicoCity", "mentions": ["@angiejassoc", "@pepegonzalezmx"]}, {"truncated": false, "text": "Felipe Ju\u00e1rez toma protesta como nuevo director del\u00a0IMDA", "hashtags": [], "topic": "unrest", "tweet_urls": ["https://t.co/hqmXUeYz3l", "https://t.co/FyzDzSrzLc"], "date": {"hour": 17, "month": 11, "iso": "2018-11-02T17:42:26", "year": 2018, "day": 2, "minute": 42}, "geo": null, "id": 1058414040379219968, "lang": "es", "emoticons": [], "user_id": 30079695, "coordinates": null, "source": "WordPress.com", "location": "MexicoCity", "mentions": []}, {"truncated": true, "text": "en el fraude del Aeropuerto de Morelos cometido nadie se desgarr\u00f3 la\u2026", "hashtags": [], "topic": "unrest", "tweet_urls": ["https://t.co/MJ5c2nplAJ"], "date": {"hour": 17, "month": 11, "iso": "2018-11-02T17:41:11", "year": 2018, "day": 2, "minute": 41}, "geo": null, "id": 1058413727240859649, "lang": "es", "emoticons": [], "user_id": 2941513859, "coordinates": null, "source": "Twitter for Android", "location": "MexicoCity", "mentions": ["@ManabendraNR", "@alvaro_delgado", "@FelipeCalderon"]}, {"truncated": true, "text": "Pero bueno, ser\u00e1 falta de callo. Como parece que pocas cosas les ha movido a la protesta en los \u00faltimos a\u00f1os, pues\u2026", "hashtags": [], "topic": "unrest", "tweet_urls": ["https://t.co/S3dP1R2S2Q"], "date": {"hour": 17, "month": 11, "iso": "2018-11-02T17:17:10", "year": 2018, "day": 2, "minute": 17}, "geo": null, "id": 1058407682095398913, "lang": "es", "emoticons": [], "user_id": 21174297, "coordinates": null, "source": "Twitter for iPhone", "location": "MexicoCity", "mentions": []}, {"truncated": true, "text": "La campa\u00f1a del D\u00eda de Muertos \u201cPEN Protesta\u201d re\u00fane a autores de diversas nacionalidades para hacer un llamado a los\u2026", "hashtags": [], "topic": "unrest", "tweet_urls": ["https://t.co/WnUNiSexFw"], "date": {"hour": 17, "month": 11, "iso": "2018-11-02T17:15:03", "year": 2018, "day": 2, "minute": 15}, "geo": null, "id": 1058407152153477120, "lang": "es", "emoticons": [], "user_id": 132346487, "coordinates": null, "source": "Facebook", "location": "MexicoCity", "mentions": []}, {"truncated": true, "text": "No les gusta que les cuestiones su marcha aeroportuaria, que no les critiques el luto, que qu\u00e9 onda con la superior\u2026", "hashtags": [], "topic": "unrest", "tweet_urls": ["https://t.co/a8cinz3gv9"], "date": {"hour": 17, "month": 11, "iso": "2018-11-02T17:15:03", "year": 2018, "day": 2, "minute": 15}, "geo": null, "id": 1058407150802923521, "lang": "es", "emoticons": [], "user_id": 21174297, "coordinates": null, "source": "Twitter for iPhone", "location": "MexicoCity", "mentions": []}, {"truncated": false, "text": "No mames, tu twit ya cambi\u00f3 el mundo, gracias por tu protesta social desde un smartphone.", "hashtags": [], "topic": "unrest", "tweet_urls": [], "date": {"hour": 16, "month": 11, "iso": "2018-11-02T16:54:41", "year": 2018, "day": 2, "minute": 54}, "geo": null, "id": 1058402025464086529, "lang": "es", "emoticons": [], "user_id": 1101872858, "coordinates": null, "source": "Twitter for Android", "location": "MexicoCity", "mentions": ["@MongeEmiliano", "@FeerHeernaandez"]}, {"truncated": true, "text": "Oigan... y si cerramos la M\u00e9xico-Pachuca en protesta de la consulta como cierto personaje que cerr\u00f3 Reforma 2 meses\u2026", "hashtags": [], "topic": "unrest", "tweet_urls": ["https://t.co/eZw8Y5csLh"], "date": {"hour": 16, "month": 11, "iso": "2018-11-02T16:51:38", "year": 2018, "day": 2, "minute": 51}, "geo": null, "id": 1058401256706920448, "lang": "es", "emoticons": [], "user_id": 462481094, "coordinates": null, "source": "Twitter for iPhone", "location": "MexicoCity", "mentions": []}, {"truncated": true, "text": "No nos re\u00edmos de que marchen, celebro que lo hagan pues la protesta forma parte fundamental del sistema democr\u00e1tico\u2026", "hashtags": [], "topic": "unrest", "tweet_urls": ["https://t.co/epK7gPzQy7"], "date": {"hour": 16, "month": 11, "iso": "2018-11-02T16:51:36", "year": 2018, "day": 2, "minute": 51}, "geo": null, "id": 1058401246783201280, "lang": "es", "emoticons": [], "user_id": 782482, "coordinates": null, "source": "Twitter for Android", "location": "MexicoCity", "mentions": []}, {"truncated": true, "text": "AMLO es El Se\u00f1or de Las Marchas, el Dios de La Protesta. el Amo de Las Plazas.\u00bfQui\u00e9n contra eso? Nadie tiene credib\u2026", "hashtags": [], "topic": "unrest", "tweet_urls": ["https://t.co/IAoCSoHEGS"], "date": {"hour": 16, "month": 11, "iso": "2018-11-02T16:06:58", "year": 2018, "day": 2, "minute": 6}, "geo": null, "id": 1058390015699509249, "lang": "es", "emoticons": [], "user_id": 89879972, "coordinates": null, "source": "Twitter for Android", "location": "MexicoCity", "mentions": []}, {"truncated": true, "text": "El domingo, los medios y coment\u00f3cratas Chayoteros y dem\u00e1s diciendo sobre la\u2026", "hashtags": [], "topic": "unrest", "tweet_urls": ["https://t.co/riLNK0EyTz"], "date": {"hour": 16, "month": 11, "iso": "2018-11-02T16:03:57", "year": 2018, "day": 2, "minute": 3}, "geo": null, "id": 1058389258426290176, "lang": "es", "emoticons": [], "user_id": 299342620, "coordinates": null, "source": "Twitter Lite", "location": "MexicoCity", "mentions": ["@CarlosLoret", "@leozuckermann", "@LeonKrauze"]}, {"truncated": true, "text": "\n3- ANTE ESTO, LOS ORGANIZADORES DE LA PROTESTA PIDIERON A UNOS 90 MIL EMPLEAD\u2026", "hashtags": ["#ConOtroTono", "#Las5ParaLlevar", "#Google"], "topic": "unrest", "tweet_urls": ["https://t.co/5Lnqao7Q9z"], "date": {"hour": 15, "month": 11, "iso": "2018-11-02T15:16:09", "year": 2018, "day": 2, "minute": 16}, "geo": null, "id": 1058377227623190529, "lang": "es", "emoticons": [], "user_id": 108970065, "coordinates": null, "source": "Twitter for iPhone", "location": "MexicoCity", "mentions": []}, {"truncated": true, "text": "Estoy cuestionando en t\u00e9rminos morales el vestir de negro en se\u00f1al de luto en esta\u2026", "hashtags": [], "topic": "unrest", "tweet_urls": ["https://t.co/XrcYIuE58f"], "date": {"hour": 15, "month": 11, "iso": "2018-11-02T15:10:40", "year": 2018, "day": 2, "minute": 10}, "geo": null, "id": 1058375849412608000, "lang": "es", "emoticons": [], "user_id": 21174297, "coordinates": null, "source": "Twitter for iPhone", "location": "MexicoCity", "mentions": ["@AugustoRosales4", "@palabrafilica"]}, {"truncated": false, "text": "Al menos 13 jud\u00edos ultraortodoxos fueron arrestados durante una protesta contra el servicio militar en Israel", "hashtags": [], "topic": "unrest", "tweet_urls": ["https://t.co/tdqTlPB5eI"], "date": {"hour": 15, "month": 11, "iso": "2018-11-02T15:03:37", "year": 2018, "day": 2, "minute": 3}, "geo": null, "id": 1058374072864858112, "lang": "es", "emoticons": [], "user_id": 163453309, "coordinates": null, "source": "Hootsuite Inc.", "location": "MexicoCity", "mentions": []}, {"truncated": true, "text": "Fuero no \"estorbar\u00e1\" en el proceso legal de No\u00e9 Casta\u00f1\u00f3n, dice que pese a tomar protesta como\u2026", "hashtags": [], "topic": "unrest", "tweet_urls": ["https://t.co/reQwFwT4XS"], "date": {"hour": 14, "month": 11, "iso": "2018-11-02T14:25:29", "year": 2018, "day": 2, "minute": 25}, "geo": null, "id": 1058364477970767872, "lang": "es", "emoticons": [], "user_id": 137474821, "coordinates": null, "source": "Twitter Web Client", "location": "MexicoCity", "mentions": ["@osoriochong.\nAclar\u00f3"]}, {"truncated": true, "text": "El pa\u00eds se ha venido cayendo a pedazos, entre sangre y dolor... pero algunos que siempre han condenado a los que ma\u2026", "hashtags": [], "topic": "unrest", "tweet_urls": ["https://t.co/njhrt4p4QY"], "date": {"hour": 13, "month": 11, "iso": "2018-11-02T13:21:55", "year": 2018, "day": 2, "minute": 21}, "geo": null, "id": 1058348479653789696, "lang": "es", "emoticons": [], "user_id": 46904887, "coordinates": null, "source": "Facebook", "location": "MexicoCity", "mentions": []}, {"truncated": false, "text": "Maduro asistir\u00e1 a toma de protesta de AMLO", "hashtags": ["#LoM\u00e1sLe\u00eddo"], "topic": "unrest", "tweet_urls": ["https://t.co/i1PajOVyOa"], "date": {"hour": 12, "month": 11, "iso": "2018-11-02T12:49:01", "year": 2018, "day": 2, "minute": 49}, "geo": null, "id": 1058340201976737792, "lang": "es", "emoticons": [], "user_id": 1380764066, "coordinates": null, "source": "CapitalMX_", "location": "MexicoCity", "mentions": []}, {"truncated": true, "text": "Todos lo hemos usado y quisi\u00e9ramos que fuera permitido pero no lo es, la protesta deber\u2026", "hashtags": [], "topic": "unrest", "tweet_urls": ["https://t.co/LUrkoudTpN"], "date": {"hour": 12, "month": 11, "iso": "2018-11-02T12:18:08", "year": 2018, "day": 2, "minute": 18}, "geo": null, "id": 1058332427670769665, "lang": "es", "emoticons": [], "user_id": 193855813, "coordinates": null, "source": "Twitter for Android", "location": "MexicoCity", "mentions": ["@UnidosCoyoacan", "@andygamila"]}, {"truncated": true, "text": "Gaby rara vez estoy en desacuerdo contigo, pero toda protesta es leg\u00edtima. No solo aeropuerto es toda su\u2026", "hashtags": [], "topic": "unrest", "tweet_urls": ["https://t.co/bH8Stn8Xbo"], "date": {"hour": 11, "month": 11, "iso": "2018-11-02T11:34:42", "year": 2018, "day": 2, "minute": 34}, "geo": null, "id": 1058321499092803585, "lang": "es", "emoticons": [], "user_id": 145074282, "coordinates": null, "source": "Twitter for iPhone", "location": "MexicoCity", "mentions": ["@warkentin"]}, {"truncated": true, "text": "A ver fachos: \n\n\u00bfD\u00f3nde est\u00e1 la cr\u00edtica para por ir rid\u00edculamente disfrazada al Senado?\n\n\u00a1Pero bien,\u2026", "hashtags": [], "topic": "unrest", "tweet_urls": ["https://t.co/RO8hat6alN"], "date": {"hour": 11, "month": 11, "iso": "2018-11-02T11:28:30", "year": 2018, "day": 2, "minute": 28}, "geo": null, "id": 1058319939721969664, "lang": "es", "emoticons": [], "user_id": 102696287, "coordinates": null, "source": "Twitter for iPhone", "location": "MexicoCity", "mentions": ["@XochitlGalvez;"]}, {"truncated": true, "text": "Se\u00f1or WM de la Guardia Civil. Vivimos en una democracia no?. La gente puede mofarse de cualquier s\u00edmb\u2026", "hashtags": [], "topic": "unrest", "tweet_urls": ["https://t.co/24R5dDwKzO"], "date": {"hour": 8, "month": 11, "iso": "2018-11-02T08:54:15", "year": 2018, "day": 2, "minute": 54}, "geo": null, "id": 1058281118238171136, "lang": "es", "emoticons": [], "user_id": 229230204, "coordinates": null, "source": "Twitter for Android", "location": "MexicoCity", "mentions": ["@guardiacivil"]}, {"truncated": true, "text": "No comprendo porque dicen una sarta de estupideces si no saben *El nuevo gobierno entra hasta el 1de dic\u201d jaaaa t\u2026", "hashtags": [], "topic": "unrest", "tweet_urls": ["https://t.co/kPSOphXyp0"], "date": {"hour": 8, "month": 11, "iso": "2018-11-02T08:09:18", "year": 2018, "day": 2, "minute": 9}, "geo": null, "id": 1058269808750252033, "lang": "es", "emoticons": ["\ud83d\ude44"], "user_id": 761459186685267968, "coordinates": null, "source": "Twitter for iPhone", "location": "MexicoCity", "mentions": []}, {"truncated": true, "text": "Y le exijo su gobierno ha sido el m\u00e1s corrupto, bueno para nada solo nos de\u2026", "hashtags": [], "topic": "unrest", "tweet_urls": ["https://t.co/SX8jjjFmgU"], "date": {"hour": 8, "month": 11, "iso": "2018-11-02T08:03:12", "year": 2018, "day": 2, "minute": 3}, "geo": null, "id": 1058268272041197573, "lang": "es", "emoticons": [], "user_id": 761459186685267968, "coordinates": null, "source": "Twitter for iPhone", "location": "MexicoCity", "mentions": ["@laUu_nice", "@camboVer", "@Kitis53", "@JLozanoA"]}, {"truncated": true, "text": "Wey, no es porque sea una protesta contra AMLO, es porque la causa es un aeropuerto cuyos bene\u2026", "hashtags": [], "topic": "unrest", "tweet_urls": ["https://t.co/LYJCIpwEco"], "date": {"hour": 7, "month": 11, "iso": "2018-11-02T07:56:06", "year": 2018, "day": 2, "minute": 56}, "geo": null, "id": 1058266486303846400, "lang": "es", "emoticons": [], "user_id": 830268938193772548, "coordinates": null, "source": "Twitter for Android", "location": "MexicoCity", "mentions": ["@DimeFred", "@DenYanine"]}, {"truncated": true, "text": "Pobre pa\u00eds con tanto resentimiento, quien te dividi\u00f3? Un hijo fifi en Europa se perdona q venga Maduro\u2026", "hashtags": ["#MarchaFifi"], "topic": "unrest", "tweet_urls": ["https://t.co/bQTQVTEnyl"], "date": {"hour": 6, "month": 11, "iso": "2018-11-02T06:36:09", "year": 2018, "day": 2, "minute": 36}, "geo": null, "id": 1058246367343083521, "lang": "es", "emoticons": [], "user_id": 110892876, "coordinates": null, "source": "Twitter for Android", "location": "MexicoCity", "mentions": []}, {"truncated": true, "text": "Efectivamente, con el ritmo que lleva \"ya no sabemos\" si el primero de diciembre ren\u2026", "hashtags": ["#CartonPol\u00edtico"], "topic": "unrest", "tweet_urls": ["https://t.co/hSLzO3zoyw"], "date": {"hour": 5, "month": 11, "iso": "2018-11-02T05:01:27", "year": 2018, "day": 2, "minute": 1}, "geo": null, "id": 1058222535131709440, "lang": "es", "emoticons": [], "user_id": 109374325, "coordinates": null, "source": "Twitter Web Client", "location": "MexicoCity", "mentions": ["@lopezobrador_"]}, {"truncated": false, "text": "Rinden protesta nuevos integrantes del Patronato del Sistema DIF\u00a0Mazatl\u00e1n", "hashtags": [], "topic": "unrest", "tweet_urls": ["https://t.co/ItuAqmSZbz", "https://t.co/KSU3AnkojS"], "date": {"hour": 4, "month": 11, "iso": "2018-11-02T04:09:31", "year": 2018, "day": 2, "minute": 9}, "geo": null, "id": 1058209462270521344, "lang": "es", "emoticons": [], "user_id": 30079695, "coordinates": null, "source": "WordPress.com", "location": "MexicoCity", "mentions": []}, {"truncated": false, "text": "Rinde Protesta El Gabinete Municipal De\u00a0Badiraguato", "hashtags": [], "topic": "unrest", "tweet_urls": ["https://t.co/evSWaqwX8e"], "date": {"hour": 4, "month": 11, "iso": "2018-11-02T04:08:54", "year": 2018, "day": 2, "minute": 8}, "geo": null, "id": 1058209308742221824, "lang": "es", "emoticons": [], "user_id": 30079695, "coordinates": null, "source": "WordPress.com", "location": "MexicoCity", "mentions": []}, {"truncated": false, "text": "Toma Protesta Iees A Tres Nuevos\u00a0Consejeros", "hashtags": [], "topic": "unrest", "tweet_urls": ["https://t.co/yNsCkZCfAh"], "date": {"hour": 4, "month": 11, "iso": "2018-11-02T04:08:41", "year": 2018, "day": 2, "minute": 8}, "geo": null, "id": 1058209253444513792, "lang": "es", "emoticons": [], "user_id": 30079695, "coordinates": null, "source": "WordPress.com", "location": "MexicoCity", "mentions": []}, {"truncated": false, "text": "Cu\u00e9n Ojeda asiste a toma de protesta del presidente municipal de\u00a0Culiac\u00e1n", "hashtags": [], "topic": "unrest", "tweet_urls": ["https://t.co/zZVly5XxTE", "https://t.co/uHagV5CnzG"], "date": {"hour": 4, "month": 11, "iso": "2018-11-02T04:04:17", "year": 2018, "day": 2, "minute": 4}, "geo": null, "id": 1058208148127956992, "lang": "es", "emoticons": [], "user_id": 30079695, "coordinates": null, "source": "WordPress.com", "location": "MexicoCity", "mentions": []}, {"truncated": true, "text": "Miren, Daniela retuitea a alguien que en realidad expresa mi punto sobre el \"abaratam\u2026", "hashtags": [], "topic": "unrest", "tweet_urls": ["https://t.co/94RWU7bvaV"], "date": {"hour": 4, "month": 11, "iso": "2018-11-02T04:02:45", "year": 2018, "day": 2, "minute": 2}, "geo": null, "id": 1058207762147143682, "lang": "es", "emoticons": [], "user_id": 107792238, "coordinates": null, "source": "Twitter for Android", "location": "MexicoCity", "mentions": ["@DanielaLuiselli", "@Vivianolala"]}, {"truncated": false, "text": "Lorena P\u00e9rez integra y toma protesta a su\u00a0gabinete", "hashtags": [], "topic": "unrest", "tweet_urls": ["https://t.co/QPKQf2lP0o", "https://t.co/TWMO54T7hD"], "date": {"hour": 4, "month": 11, "iso": "2018-11-02T04:02:32", "year": 2018, "day": 2, "minute": 2}, "geo": null, "id": 1058207706484498432, "lang": "es", "emoticons": [], "user_id": 30079695, "coordinates": null, "source": "WordPress.com", "location": "MexicoCity", "mentions": []}, {"truncated": true, "text": "Miles de empleados de Google en el mundo realizaron este jueves un paro laboral en protesta al acoso sexual en la e\u2026", "hashtags": [], "topic": "unrest", "tweet_urls": ["https://t.co/q0qGwg68jd"], "date": {"hour": 4, "month": 11, "iso": "2018-11-02T04:00:05", "year": 2018, "day": 2, "minute": 0}, "geo": null, "id": 1058207091440173056, "lang": "es", "emoticons": [], "user_id": 25401359, "coordinates": null, "source": "Hootsuite Inc.", "location": "MexicoCity", "mentions": []}, {"truncated": false, "text": "Y estar\u00e1 en toma de protesta de Alfaro?", "hashtags": [], "topic": "unrest", "tweet_urls": ["https://t.co/vdsYRCTXVm"], "date": {"hour": 3, "month": 11, "iso": "2018-11-02T03:35:54", "year": 2018, "day": 2, "minute": 35}, "geo": null, "id": 1058201002480975874, "lang": "es", "emoticons": ["\ud83e\udd2b"], "user_id": 107570689, "coordinates": null, "source": "Twitter for Android", "location": "MexicoCity", "mentions": []}, {"truncated": true, "text": "Una porrista de San Francisco se arrodill\u00f3 en la ceremonia del Himno de Estados Unidos previo al juego entre", "hashtags": [], "topic": "unrest", "tweet_urls": ["https://t.co/aTXz1HWmf0"], "date": {"hour": 3, "month": 11, "iso": "2018-11-02T03:05:10", "year": 2018, "day": 2, "minute": 5}, "geo": null, "id": 1058193268842868736, "lang": "es", "emoticons": [], "user_id": 31578131, "coordinates": null, "source": "TweetDeck", "location": "MexicoCity", "mentions": ["@49ers\u2026"]}, {"truncated": true, "text": "Miles de empleados de Google se levantaron en protesta por el trato indulgente que la empresa dio a directivos acus\u2026", "hashtags": [], "topic": "unrest", "tweet_urls": ["https://t.co/4e6O99G2GV"], "date": {"hour": 2, "month": 11, "iso": "2018-11-02T02:40:15", "year": 2018, "day": 2, "minute": 40}, "geo": null, "id": 1058187000199532544, "lang": "es", "emoticons": [], "user_id": 14917589, "coordinates": null, "source": "Socialbakers", "location": "MexicoCity", "mentions": []}, {"truncated": true, "text": "-Un mes para la toma de protesta de amlo.\n-5 a\u00f1os y 11 meses para que acabe su mandato (octubre 2024).\n-10 a\u00f1os par\u2026", "hashtags": [], "topic": "unrest", "tweet_urls": ["https://t.co/QeDLvbNf2y"], "date": {"hour": 2, "month": 11, "iso": "2018-11-02T02:09:59", "year": 2018, "day": 2, "minute": 9}, "geo": null, "id": 1058179382336880643, "lang": "es", "emoticons": [], "user_id": 67500788, "coordinates": null, "source": "Twitter for iPhone", "location": "MexicoCity", "mentions": []}, {"truncated": true, "text": "La corrupci\u00f3n se atribuye al gobierno, no a empresas, investigar s\u00f3lo hasta que tome prote\u2026", "hashtags": [], "topic": "unrest", "tweet_urls": ["https://t.co/rxkupXLpMc"], "date": {"hour": 0, "month": 11, "iso": "2018-11-02T00:53:32", "year": 2018, "day": 2, "minute": 53}, "geo": null, "id": 1058160142401757184, "lang": "es", "emoticons": [], "user_id": 135742251, "coordinates": null, "source": "Twitter for Android", "location": "MexicoCity", "mentions": ["@anafvega", "@lopezobrador_"]}, {"truncated": false, "text": "Al menos JOLOPO se esper\u00f3 a los \u00faltimos dos a\u00f1os. Aqui a\u00fan no toman protesta y ya est\u00e1n en tensi\u00f3n.", "hashtags": [], "topic": "unrest", "tweet_urls": [], "date": {"hour": 0, "month": 11, "iso": "2018-11-02T00:09:16", "year": 2018, "day": 2, "minute": 9}, "geo": null, "id": 1058149004742135809, "lang": "es", "emoticons": [], "user_id": 195424394, "coordinates": null, "source": "Twitter Web Client", "location": "MexicoCity", "mentions": ["@JACrespo1"]}, {"truncated": true, "text": "Qu\u00e9 pasa Gaby, parece que te molesta la protesta. Por lo que recuerdo mensualmente se protesta por desap\u2026", "hashtags": [], "topic": "unrest", "tweet_urls": ["https://t.co/qnQy3DDGv9"], "date": {"hour": 0, "month": 11, "iso": "2018-11-02T00:06:57", "year": 2018, "day": 2, "minute": 6}, "geo": null, "id": 1058148422018945024, "lang": "es", "emoticons": [], "user_id": 122433890, "coordinates": null, "source": "Twitter for iPhone", "location": "MexicoCity", "mentions": ["@warkentin"]}, {"truncated": true, "text": "Gabriela. Yo te admiro y sigo tu programa todas las ma\u00f1anas. La protesta del aeropuerto va m\u00e1s all\u00e1 del\u2026", "hashtags": [], "topic": "unrest", "tweet_urls": ["https://t.co/lFaXt2U92f"], "date": {"hour": 0, "month": 11, "iso": "2018-11-02T00:06:13", "year": 2018, "day": 2, "minute": 6}, "geo": null, "id": 1058148236966420481, "lang": "es", "emoticons": [], "user_id": 92098574, "coordinates": null, "source": "Twitter for iPhone", "location": "MexicoCity", "mentions": ["@warkentin"]}, {"truncated": true, "text": "El presidente electo, AMLO, indic\u00f3 que a un mes de tomar protesta ya se encuentra trabajando en la elaboraci\u00f3n del\u2026", "hashtags": [], "topic": "unrest", "tweet_urls": ["https://t.co/6n9bpHLqZt"], "date": {"hour": 23, "month": 11, "iso": "2018-11-01T23:55:18", "year": 2018, "day": 1, "minute": 55}, "geo": null, "id": 1058145488799780865, "lang": "es", "emoticons": [], "user_id": 594235567, "coordinates": null, "source": "Facebook", "location": "MexicoCity", "mentions": []}, {"truncated": true, "text": "Seguramente habremos personas que hemos participado en marchas a favor de la equidad de g\u00e9nero, por lo\u2026", "hashtags": [], "topic": "unrest", "tweet_urls": ["https://t.co/rpRFQ07I3Q"], "date": {"hour": 23, "month": 11, "iso": "2018-11-01T23:46:31", "year": 2018, "day": 1, "minute": 46}, "geo": null, "id": 1058143279852724230, "lang": "es", "emoticons": [], "user_id": 74578962, "coordinates": null, "source": "Twitter for iPhone", "location": "MexicoCity", "mentions": ["@luigiowicha"]}, {"truncated": true, "text": "Ni un paso atr\u00e1s! ALTO a la violencia contra la mujer! Este sujeto no debi\u00f3 tomar protesta! V\u2026", "hashtags": [], "topic": "unrest", "tweet_urls": ["https://t.co/y4GRnIu8w5"], "date": {"hour": 22, "month": 11, "iso": "2018-11-01T22:59:31", "year": 2018, "day": 1, "minute": 59}, "geo": null, "id": 1058131452011929601, "lang": "es", "emoticons": [], "user_id": 162126246, "coordinates": null, "source": "Twitter for iPhone", "location": "MexicoCity", "mentions": ["@ruvimaya", "@MaluMicher"]}, {"truncated": true, "text": "Los empleados Google abandonan su lugar de trabajo en protesta por el trato a la mujeres y la liquidaci\u00f3n que se le\u2026", "hashtags": [], "topic": "unrest", "tweet_urls": ["https://t.co/wn2ui6TAbb"], "date": {"hour": 22, "month": 11, "iso": "2018-11-01T22:28:19", "year": 2018, "day": 1, "minute": 28}, "geo": null, "id": 1058123597460463616, "lang": "es", "emoticons": [], "user_id": 201841186, "coordinates": null, "source": "Twitter for iPad", "location": "MexicoCity", "mentions": []}, {"truncated": true, "text": "Y este es el que viene a la toma de protesta, no me cabe duda que cuanto entro Maduro ten\u00eda a las masas vitore\u00e1ndol\u2026", "hashtags": [], "topic": "unrest", "tweet_urls": ["https://t.co/vSOOAIM3Dm"], "date": {"hour": 22, "month": 11, "iso": "2018-11-01T22:00:16", "year": 2018, "day": 1, "minute": 0}, "geo": null, "id": 1058116540611129345, "lang": "es", "emoticons": [], "user_id": 243460128, "coordinates": null, "source": "Facebook", "location": "MexicoCity", "mentions": []}, {"truncated": false, "text": "EU &gt; Empleados de Google se van a paro por esc\u00e1ndalos de acoso sexual", "hashtags": ["#todos", "#feedly"], "topic": "unrest", "tweet_urls": ["https://t.co/AKSriseJPT"], "date": {"hour": 21, "month": 11, "iso": "2018-11-01T21:48:38", "year": 2018, "day": 1, "minute": 48}, "geo": null, "id": 1058113613645328384, "lang": "es", "emoticons": [], "user_id": 403533748, "coordinates": null, "source": "Twitter Web Client", "location": "MexicoCity", "mentions": []}, {"truncated": true, "text": "A un mes de que tome protesta, \n@lopezobrador_ inform\u00f3 que ya tiene avances en la elaboraci\u00f3n del Presupuesto 2019\u2026", "hashtags": [], "topic": "unrest", "tweet_urls": ["https://t.co/vOjCnGK2vH"], "date": {"hour": 21, "month": 11, "iso": "2018-11-01T21:30:00", "year": 2018, "day": 1, "minute": 30}, "geo": null, "id": 1058108922295451648, "lang": "es", "emoticons": [], "user_id": 900122660537077762, "coordinates": null, "source": "TweetDeck", "location": "MexicoCity", "mentions": []}, {"truncated": true, "text": "Ni la corriente esa de ni ustedes est\u00e1n en posici\u00f3n de exigir absol\u2026", "hashtags": [], "topic": "unrest", "tweet_urls": ["https://t.co/srlC9bmR6P"], "date": {"hour": 20, "month": 11, "iso": "2018-11-01T20:50:56", "year": 2018, "day": 1, "minute": 50}, "geo": null, "id": 1058099089898983429, "lang": "es", "emoticons": [], "user_id": 131309006, "coordinates": null, "source": "Twitter for Android", "location": "MexicoCity", "mentions": ["@SenadoresdelPAN", "@XochitlGalvez", "@XochitlGalvez"]}, {"truncated": true, "text": "\u00bfSe marcha solo por el aeropuerto? Pienso que va a ir gente que protesta por un primer acto\u2026", "hashtags": [], "topic": "unrest", "tweet_urls": ["https://t.co/sejcs1ZH6u"], "date": {"hour": 20, "month": 11, "iso": "2018-11-01T20:47:37", "year": 2018, "day": 1, "minute": 47}, "geo": null, "id": 1058098255974752256, "lang": "es", "emoticons": [], "user_id": 321724942, "coordinates": null, "source": "Twitter for iPhone", "location": "MexicoCity", "mentions": ["@esteban_is", "@LaReimers"]}, {"truncated": true, "text": "\u00bfY cuando haces oficial tu salida de Mo\u2026", "hashtags": [], "topic": "unrest", "tweet_urls": ["https://t.co/ZLAiuhIPqD"], "date": {"hour": 20, "month": 11, "iso": "2018-11-01T20:47:14", "year": 2018, "day": 1, "minute": 47}, "geo": null, "id": 1058098161007321088, "lang": "es", "emoticons": [], "user_id": 311691919, "coordinates": null, "source": "Twitter for Android", "location": "MexicoCity", "mentions": ["@mario_delgado1", "@rosafresa8", "@DiputadosMorena", "@Mx_Diputados", "@PartidoMorenaMx"]}, {"truncated": true, "text": "El polic\u00eda federal Geovanni Ra\u00fal Mej\u00eda Olgu\u00edn rindi\u00f3 protesta esta tarde como titular de la Secretar\u00eda de Seguridad\u2026", "hashtags": [], "topic": "unrest", "tweet_urls": ["https://t.co/ggnfqfnf7j"], "date": {"hour": 20, "month": 11, "iso": "2018-11-01T20:37:19", "year": 2018, "day": 1, "minute": 37}, "geo": null, "id": 1058095665799196677, "lang": "es", "emoticons": [], "user_id": 33543881, "coordinates": null, "source": "GR_Feed", "location": "MexicoCity", "mentions": []}, {"truncated": false, "text": "Protesta sin precedentes en Google por acoso a mujeres v\u00eda", "hashtags": ["#LoViEnUnoTV"], "topic": "unrest", "tweet_urls": ["https://t.co/pZJ2kq9lvp"], "date": {"hour": 20, "month": 11, "iso": "2018-11-01T20:34:29", "year": 2018, "day": 1, "minute": 34}, "geo": null, "id": 1058094952872210434, "lang": "es", "emoticons": [], "user_id": 981237531906682881, "coordinates": null, "source": "Twitter for Android", "location": "MexicoCity", "mentions": ["@UnoNoticias"]}, {"truncated": true, "text": "No es nada m\u00e1s por un aeropuerto, la protesta es contra la forma de hacer gobierno de A\u2026", "hashtags": [], "topic": "unrest", "tweet_urls": ["https://t.co/z84LFhxfqq"], "date": {"hour": 20, "month": 11, "iso": "2018-11-01T20:32:37", "year": 2018, "day": 1, "minute": 32}, "geo": null, "id": 1058094480077787136, "lang": "es", "emoticons": [], "user_id": 21170327, "coordinates": null, "source": "Twitter for Android", "location": "MexicoCity", "mentions": ["@SoyLadyCorrales", "@omarbaruk"]}, {"truncated": true, "text": "Antes los presidentes esperaban a llegar al poder para destrozar los logros, por peque\u00f1os que fueran, de su anteces\u2026", "hashtags": [], "topic": "unrest", "tweet_urls": ["https://t.co/BtPS11wl9d"], "date": {"hour": 20, "month": 11, "iso": "2018-11-01T20:23:27", "year": 2018, "day": 1, "minute": 23}, "geo": null, "id": 1058092173386809345, "lang": "es", "emoticons": [], "user_id": 83172269, "coordinates": null, "source": "Twitter for Android", "location": "MexicoCity", "mentions": []}, {"truncated": true, "text": "Las marchas son una v\u00eda leg\u00edtima de protesta, hasta para los que siempre han dicho que no, que esas\u2026", "hashtags": [], "topic": "unrest", "tweet_urls": ["https://t.co/ARdTnU1hKO"], "date": {"hour": 20, "month": 11, "iso": "2018-11-01T20:17:20", "year": 2018, "day": 1, "minute": 17}, "geo": null, "id": 1058090636732194816, "lang": "es", "emoticons": [], "user_id": 24131464, "coordinates": null, "source": "Twitter for Android", "location": "MexicoCity", "mentions": ["@Frank_lozanodr"]}, {"truncated": true, "text": "Mi\u2026", "hashtags": [], "topic": "unrest", "tweet_urls": ["https://t.co/H5F2JaDb8R"], "date": {"hour": 20, "month": 11, "iso": "2018-11-01T20:16:05", "year": 2018, "day": 1, "minute": 16}, "geo": null, "id": 1058090319860957185, "lang": "es", "emoticons": [], "user_id": 2583320808, "coordinates": null, "source": "Twitter for Android", "location": "MexicoCity", "mentions": ["@mataperro67", "@AlbertoLozanoMa", "@FaridGonzalez2", "@Andagone", "@RolandoChristi1", "@aby_laz", "@revistaproceso", "@lopezobrador_"]}, {"truncated": true, "text": "Cuando realizamos la Marcha de Protesta por la inseguridad y era Jefe de Gobierno la desacredit\u00f3,\u2026", "hashtags": [], "topic": "unrest", "tweet_urls": ["https://t.co/4rCIcmqHv9"], "date": {"hour": 20, "month": 11, "iso": "2018-11-01T20:15:21", "year": 2018, "day": 1, "minute": 15}, "geo": null, "id": 1058090134925705216, "lang": "es", "emoticons": [], "user_id": 201523148, "coordinates": null, "source": "Twitter Web Client", "location": "MexicoCity", "mentions": ["@MeridaPrincesa1"]}, {"truncated": true, "text": "[Todo en Uno] Las noticias en un minuto:\n\u00a0Hallan una caja negra del avi\u00f3n accidentado en Indonesia\n\u00a0Protesta sin\u2026", "hashtags": [], "topic": "unrest", "tweet_urls": ["https://t.co/2dI8MSSYko"], "date": {"hour": 20, "month": 11, "iso": "2018-11-01T20:15:00", "year": 2018, "day": 1, "minute": 15}, "geo": null, "id": 1058090047944171520, "lang": "es", "emoticons": ["\u2705"], "user_id": 37705479, "coordinates": null, "source": "Twitter Ads", "location": "MexicoCity", "mentions": []}, {"truncated": true, "text": "\"Protesta la tecnocracia \nsu cinismo nos insulta, \nles molesta la consulta, \nporque odian la democracia.\nSe derrumb\u2026", "hashtags": [], "topic": "unrest", "tweet_urls": ["https://t.co/vEDxC2gbSH"], "date": {"hour": 20, "month": 11, "iso": "2018-11-01T20:00:32", "year": 2018, "day": 1, "minute": 0}, "geo": null, "id": 1058086409494585346, "lang": "es", "emoticons": [], "user_id": 745806714, "coordinates": null, "source": "Facebook", "location": "MexicoCity", "mentions": []}, {"truncated": false, "text": "Joya para la protesta en contra de la cancelaci\u00f3n del paradero de aviones de Texcoco", "hashtags": [], "topic": "unrest", "tweet_urls": ["https://t.co/bJ4tsfexJx"], "date": {"hour": 19, "month": 11, "iso": "2018-11-01T19:57:03", "year": 2018, "day": 1, "minute": 57}, "geo": null, "id": 1058085532314558465, "lang": "es", "emoticons": ["\ud83d\ude02"], "user_id": 90334872, "coordinates": null, "source": "Facebook", "location": "MexicoCity", "mentions": []}, {"truncated": false, "text": "Al rato se les va a ocurrir dar carn\u00e9 de protesta. O sea se van a convertir en lo que combaten.", "hashtags": [], "topic": "unrest", "tweet_urls": [], "date": {"hour": 19, "month": 11, "iso": "2018-11-01T19:50:24", "year": 2018, "day": 1, "minute": 50}, "geo": null, "id": 1058083855872245760, "lang": "es", "emoticons": [], "user_id": 14713951, "coordinates": null, "source": "Twitter Web Client", "location": "MexicoCity", "mentions": ["@Clionautica"]}, {"truncated": true, "text": "Fuero no \"estorbar\u00e1\" en el proceso legal de No\u00e9 Casta\u00f1\u00f3n, dice que pese a tomar protesta como\u2026", "hashtags": [], "topic": "unrest", "tweet_urls": ["https://t.co/wfvQOTnQLg"], "date": {"hour": 19, "month": 11, "iso": "2018-11-01T19:36:52", "year": 2018, "day": 1, "minute": 36}, "geo": null, "id": 1058080451271761920, "lang": "es", "emoticons": [], "user_id": 137474821, "coordinates": null, "source": "Twitter Web Client", "location": "MexicoCity", "mentions": ["@osoriochong.\nAclar\u00f3"]}, {"truncated": true, "text": "Darle la bienvenida a Maduro en la toma de protesta es minimizar e ignorar el sufrimiento del pueblo venezolano.\u2026", "hashtags": [], "topic": "unrest", "tweet_urls": ["https://t.co/hgixKZFr6K"], "date": {"hour": 18, "month": 11, "iso": "2018-11-01T18:28:28", "year": 2018, "day": 1, "minute": 28}, "geo": null, "id": 1058063238338936838, "lang": "es", "emoticons": [], "user_id": 1007799985033883649, "coordinates": null, "source": "Twitter for Android", "location": "MexicoCity", "mentions": []}, {"truncated": false, "text": "Empleados de Google est\u00e1n inconformes con el manejo de acusaciones de acoso sexual en la empresa. \n\nhttps://t.co/bF67im8kdQ", "hashtags": [], "topic": "unrest", "tweet_urls": [], "date": {"hour": 18, "month": 11, "iso": "2018-11-01T18:00:01", "year": 2018, "day": 1, "minute": 0}, "geo": null, "id": 1058056078158553088, "lang": "es", "emoticons": ["\ud83d\udc4a"], "user_id": 14917589, "coordinates": null, "source": "Socialbakers", "location": "MexicoCity", "mentions": []}, {"truncated": true, "text": "Y me da risa por las ocurrencias. \nDesde hace un tiempo he estado a favor de la protesta social (la que fuera), y b\u2026", "hashtags": [], "topic": "unrest", "tweet_urls": ["https://t.co/XiStagurmN"], "date": {"hour": 17, "month": 11, "iso": "2018-11-01T17:35:10", "year": 2018, "day": 1, "minute": 35}, "geo": null, "id": 1058049826867331072, "lang": "es", "emoticons": [], "user_id": 98963972, "coordinates": null, "source": "Twitter for iPhone", "location": "MexicoCity", "mentions": []}, {"truncated": true, "text": "Las palabras Google y Paro en una misma oraci\u00f3n deben hacer cortocircuito en varias cabecitas derecharias. Like, vi\u2026", "hashtags": [], "topic": "unrest", "tweet_urls": ["https://t.co/JBedOB2H3z"], "date": {"hour": 16, "month": 11, "iso": "2018-11-01T16:36:19", "year": 2018, "day": 1, "minute": 36}, "geo": null, "id": 1058035015978795008, "lang": "es", "emoticons": [], "user_id": 3281209334, "coordinates": null, "source": "Twitter Web Client", "location": "MexicoCity", "mentions": []}, {"truncated": true, "text": "En marcha sesi\u00f3n solemne de inicio de funciones de la 62 Legislatura estatal, se tomar\u00e1 protesta al diputado\u2026", "hashtags": [], "topic": "unrest", "tweet_urls": ["https://t.co/b9onAWZ0Vf"], "date": {"hour": 16, "month": 11, "iso": "2018-11-01T16:22:03", "year": 2018, "day": 1, "minute": 22}, "geo": null, "id": 1058031422320066562, "lang": "es", "emoticons": [], "user_id": 107570689, "coordinates": null, "source": "Twitter for Android", "location": "MexicoCity", "mentions": []}, {"truncated": true, "text": "No han captado a la esposa de Duarte en residencia dr lujo?? A Elba Esther en los Angeles de shopping en acion pri\u2026", "hashtags": [], "topic": "unrest", "tweet_urls": ["https://t.co/fl1S0Il5dv"], "date": {"hour": 16, "month": 11, "iso": "2018-11-01T16:00:17", "year": 2018, "day": 1, "minute": 0}, "geo": null, "id": 1058025948505763840, "lang": "es", "emoticons": [], "user_id": 175334107, "coordinates": null, "source": "Twitter for Android", "location": "MexicoCity", "mentions": []}, {"truncated": true, "text": "Ofensa para Venezuela, asistencia de Maduro a toma de protesta de AMLO: Supremo venezolano\n\nEl presidente del Tribu\u2026", "hashtags": [], "topic": "unrest", "tweet_urls": ["https://t.co/e357GiqrEQ"], "date": {"hour": 15, "month": 11, "iso": "2018-11-01T15:45:00", "year": 2018, "day": 1, "minute": 45}, "geo": null, "id": 1058022099900686338, "lang": "es", "emoticons": [], "user_id": 138799676, "coordinates": null, "source": "TweetDeck", "location": "MexicoCity", "mentions": []}, {"truncated": false, "text": "En un mes tomar\u00e1 protesta como Presidente de M\u00e9xico, le quedan 30 d\u00edas a", "hashtags": [], "topic": "unrest", "tweet_urls": [], "date": {"hour": 15, "month": 11, "iso": "2018-11-01T15:39:32", "year": 2018, "day": 1, "minute": 39}, "geo": null, "id": 1058020725070708736, "lang": "es", "emoticons": [], "user_id": 84432223, "coordinates": null, "source": "Twitter Web Client", "location": "MexicoCity", "mentions": ["@lopezobrador_", "@EPN"]}, {"truncated": true, "text": "100a\u00f1os de PRIISMO y no he visto que ejecuten alguna acci\u00f3n de protesta hacia est\u00e1s ratas\u2026", "hashtags": [], "topic": "unrest", "tweet_urls": ["https://t.co/m6E2ERIrcj"], "date": {"hour": 15, "month": 11, "iso": "2018-11-01T15:23:06", "year": 2018, "day": 1, "minute": 23}, "geo": null, "id": 1058016591122718720, "lang": "es", "emoticons": [], "user_id": 1056783812183629824, "coordinates": null, "source": "Twitter for Android", "location": "MexicoCity", "mentions": ["@Makiamore", "@lopezobrador_"]}, {"truncated": true, "text": "Cuando el PRI otorga obras sin licitar nadie protesta, cuando otros lo hacen los satanizan. \"Ganones\" e intereses h\u2026", "hashtags": [], "topic": "unrest", "tweet_urls": ["https://t.co/MFJDuxDY6u"], "date": {"hour": 15, "month": 11, "iso": "2018-11-01T15:07:10", "year": 2018, "day": 1, "minute": 7}, "geo": null, "id": 1058012581028421632, "lang": "es", "emoticons": [], "user_id": 87631989, "coordinates": null, "source": "Twitter for Android", "location": "MexicoCity", "mentions": []}, {"truncated": true, "text": "Sarcasmos perfecto es aburrido; lo humano es hermoso.\nBOMBITAS\nEncendida protesta de un liberal ofendido: \u201c\u2026", "hashtags": ["#985\nLo"], "topic": "unrest", "tweet_urls": ["https://t.co/cURkDNjPM3"], "date": {"hour": 15, "month": 11, "iso": "2018-11-01T15:01:42", "year": 2018, "day": 1, "minute": 1}, "geo": null, "id": 1058011202574577665, "lang": "es", "emoticons": [], "user_id": 216517801, "coordinates": null, "source": "Twitter Web Client", "location": "MexicoCity", "mentions": []}, {"truncated": false, "text": "Marcelo Ebrard revela cu\u00e1ndo anunciar\u00e1n a los pr\u00f3ximos embajadores", "hashtags": [], "topic": "unrest", "tweet_urls": ["https://t.co/6dojRQAuRy", "https://t.co/VSHs5bV08H"], "date": {"hour": 14, "month": 11, "iso": "2018-11-01T14:48:24", "year": 2018, "day": 1, "minute": 48}, "geo": null, "id": 1058007854513315841, "lang": "es", "emoticons": [], "user_id": 236636515, "coordinates": null, "source": "TweetDeck", "location": "MexicoCity", "mentions": []}, {"truncated": false, "text": "Ese vejete no tendr\u00eda por que tomar decisiones, a\u00fan no toma protesta", "hashtags": [], "topic": "unrest", "tweet_urls": [], "date": {"hour": 14, "month": 11, "iso": "2018-11-01T14:47:13", "year": 2018, "day": 1, "minute": 47}, "geo": null, "id": 1058007559238533120, "lang": "es", "emoticons": [], "user_id": 154562781, "coordinates": null, "source": "Twitter Lite", "location": "MexicoCity", "mentions": ["@PsAstolfo"]}, {"truncated": true, "text": "Seguro los que van a manifestarse a favor del NAICM son esas personas a las que le encantan las mar\u2026", "hashtags": [], "topic": "unrest", "tweet_urls": ["https://t.co/lDSvtaE49C"], "date": {"hour": 14, "month": 11, "iso": "2018-11-01T14:40:29", "year": 2018, "day": 1, "minute": 40}, "geo": null, "id": 1058005866119680000, "lang": "es", "emoticons": [], "user_id": 571099116, "coordinates": null, "source": "Twitter for iPhone", "location": "MexicoCity", "mentions": ["@abrahamendieta"]}, {"truncated": true, "text": "Llegamos al 1 de Noviembre, estamos a un mes de la toma de protesta del Presidente electo, Lic. y el\u2026", "hashtags": [], "topic": "unrest", "tweet_urls": ["https://t.co/8MnpvX2O8e"], "date": {"hour": 13, "month": 11, "iso": "2018-11-01T13:59:30", "year": 2018, "day": 1, "minute": 59}, "geo": null, "id": 1057995549092257792, "lang": "es", "emoticons": [], "user_id": 243476925, "coordinates": null, "source": "Twitter for iPhone", "location": "MexicoCity", "mentions": ["@lopezobrador_"]}, {"truncated": true, "text": "Tu no publicas nada mas que quejas, y te falto decir porque hizo lo de la refineria,\u2026", "hashtags": [], "topic": "unrest", "tweet_urls": ["https://t.co/fQ5WtqRVm3"], "date": {"hour": 13, "month": 11, "iso": "2018-11-01T13:28:02", "year": 2018, "day": 1, "minute": 28}, "geo": null, "id": 1057987631596912640, "lang": "es", "emoticons": [], "user_id": 71736772, "coordinates": null, "source": "Twitter Web Client", "location": "MexicoCity", "mentions": ["@GUADIS2", "@JuanJoseMZ", "@JLozanoA"]}, {"truncated": true, "text": "No se escucha ninguna protesta en masa por este il\u00edcito, la prensa fifi no le pone empe\u00f1o, tienen la encomienda de\u2026", "hashtags": [], "topic": "unrest", "tweet_urls": ["https://t.co/YNmSYTiDhe"], "date": {"hour": 10, "month": 11, "iso": "2018-11-01T10:27:08", "year": 2018, "day": 1, "minute": 27}, "geo": null, "id": 1057942107803938817, "lang": "es", "emoticons": [], "user_id": 153523965, "coordinates": null, "source": "Twitter for iPad", "location": "MexicoCity", "mentions": []}]