[{"truncated": false, "text": "Te amooo tanto \ufe0f", "hashtags": [], "topic": "environment", "tweet_urls": [], "date": {"hour": 22, "month": 11, "iso": "2018-11-18T22:18:46", "year": 2018, "day": 18, "minute": 18}, "geo": null, "id": 1064281789345292288, "lang": "es", "emoticons": ["\u2764", "\ud83d\ude2d"], "user_id": 215804861, "coordinates": null, "source": "Twitter Lite", "id_str": "1064281789345292288", "mentions": ["@Environment_18"], "location": "MexicoCity"}, {"truncated": false, "text": "No puede ser \ufe0f", "hashtags": [], "topic": "environment", "tweet_urls": ["https://t.co/5OE8ebXtjM"], "date": {"hour": 22, "month": 11, "iso": "2018-11-18T22:18:21", "year": 2018, "day": 18, "minute": 18}, "geo": null, "id": 1064281683975917574, "lang": "es", "emoticons": ["\u2764", "\ud83d\ude02"], "user_id": 215804861, "coordinates": null, "source": "Twitter Lite", "id_str": "1064281683975917574", "mentions": ["@Environment_18"], "location": "MexicoCity"}, {"truncated": false, "text": "Im care about education, health care and the environment. so I\u2019m a little more concerned about what that other party is doing...", "hashtags": [], "topic": "environment", "tweet_urls": [], "date": {"hour": 21, "month": 11, "iso": "2018-11-18T21:42:51", "year": 2018, "day": 18, "minute": 42}, "geo": null, "id": 1064272752071360512, "lang": "en", "emoticons": [], "user_id": 283308847, "coordinates": null, "source": "Twitter for iPhone", "id_str": "1064272752071360512", "mentions": ["@SBlockOut"], "location": "MexicoCity"}, {"truncated": true, "text": "Pompeyo Mercado trabaja con maestr\u00eda el cobre y el lat\u00f3n para crear figuras decorativas. Quienes gustan\u2026", "hashtags": ["#Michoacan"], "topic": "environment", "tweet_urls": ["https://t.co/E4tnrSeDU2"], "date": {"hour": 1, "month": 11, "iso": "2018-11-19T01:33:36", "year": 2018, "day": 19, "minute": 33}, "geo": null, "id": 1064330818804428802, "lang": "es", "emoticons": [], "user_id": 177994891, "coordinates": null, "source": "IFTTT", "id_str": "1064330818804428802", "mentions": [], "location": "MexicoCity"}, {"truncated": false, "text": "Extasys disco m\u00f3vil ya con el ambiente esta noche", "hashtags": [], "topic": "environment", "tweet_urls": [], "date": {"hour": 1, "month": 11, "iso": "2018-11-19T01:21:44", "year": 2018, "day": 19, "minute": 21}, "geo": null, "id": 1064327834100002817, "lang": "es", "emoticons": [], "user_id": 550261779, "coordinates": null, "source": "Facebook", "id_str": "1064327834100002817", "mentions": [], "location": "MexicoCity"}, {"truncated": true, "text": "\"La comida excelente, el lugar se llena mucho, hay que llevar tiempo o paciencia. Buen ambiente, sabores incre\u00edbles\u2026", "hashtags": [], "topic": "environment", "tweet_urls": ["https://t.co/zwEujrUIEF"], "date": {"hour": 1, "month": 11, "iso": "2018-11-19T01:11:22", "year": 2018, "day": 19, "minute": 11}, "geo": null, "id": 1064325225209360385, "lang": "es", "emoticons": [], "user_id": 131207343, "coordinates": null, "source": "Foursquare", "id_str": "1064325225209360385", "mentions": [], "location": "MexicoCity"}, {"truncated": true, "text": "Con un ambiente lleno de felicidad, se llev\u00f3 a cabo el evento \"Destapando Sonrisas\" organizado por nuestro Sistema\u2026", "hashtags": [], "topic": "environment", "tweet_urls": ["https://t.co/gn56Viyo4R"], "date": {"hour": 1, "month": 11, "iso": "2018-11-19T01:05:31", "year": 2018, "day": 19, "minute": 5}, "geo": null, "id": 1064323754480754689, "lang": "es", "emoticons": [], "user_id": 143955704, "coordinates": null, "source": "Twitter for Android", "id_str": "1064323754480754689", "mentions": [], "location": "MexicoCity"}, {"truncated": true, "text": "No me gusta la Navidad; hay m\u00e1s estr\u00e9s que nunca en el ambiente, adem\u00e1s de la carga de tener que cerrar algo, pero\u2026", "hashtags": [], "topic": "environment", "tweet_urls": ["https://t.co/vIiOs2npb3"], "date": {"hour": 0, "month": 11, "iso": "2018-11-19T00:51:04", "year": 2018, "day": 19, "minute": 51}, "geo": null, "id": 1064320114235977728, "lang": "es", "emoticons": [], "user_id": 154405125, "coordinates": null, "source": "Twitter for Android", "id_str": "1064320114235977728", "mentions": [], "location": "MexicoCity"}, {"truncated": true, "text": "Con temperaturas superiores a los 32 grados, buen ambiente y playas llenas, es como transcurre en Acapulco, Guerrer\u2026", "hashtags": [], "topic": "environment", "tweet_urls": ["https://t.co/B3BSckI0tP"], "date": {"hour": 0, "month": 11, "iso": "2018-11-19T00:20:03", "year": 2018, "day": 19, "minute": 20}, "geo": null, "id": 1064312310980886528, "lang": "es", "emoticons": [], "user_id": 25401359, "coordinates": null, "source": "Hootsuite Inc.", "id_str": "1064312310980886528", "mentions": [], "location": "MexicoCity"}, {"truncated": true, "text": "T-MEC profundiza en materia social, dice representante de AMLO en el tratado indic\u00f3 que trata temas\u2026", "hashtags": [], "topic": "environment", "tweet_urls": ["https://t.co/HutV9LRhj3"], "date": {"hour": 23, "month": 11, "iso": "2018-11-18T23:30:12", "year": 2018, "day": 18, "minute": 30}, "geo": null, "id": 1064299765649866756, "lang": "es", "emoticons": [], "user_id": 137474821, "coordinates": null, "source": "Hootsuite Inc.", "id_str": "1064299765649866756", "mentions": ["@JesusSeade.\nEl"], "location": "MexicoCity"}, {"truncated": true, "text": "Representantes de la Alcald\u00eda y autoridades tradicionales de San Andr\u00e9s Ahuayucan se reunieron, en un\u2026", "hashtags": ["#BrevesDelDia"], "topic": "environment", "tweet_urls": ["https://t.co/nm0dakAOYe"], "date": {"hour": 23, "month": 11, "iso": "2018-11-18T23:16:59", "year": 2018, "day": 18, "minute": 16}, "geo": null, "id": 1064296441336610817, "lang": "es", "emoticons": [], "user_id": 1092383726, "coordinates": null, "source": "Twitter for Android", "id_str": "1064296441336610817", "mentions": [], "location": "MexicoCity"}, {"truncated": true, "text": "En unos instantes: X\u00f3chitl Cruz cerrar\u00e1 la und\u00e9cima edici\u00f3n de Es una cient\u00edfica mexicana de 9 a\u00f1os\u2026", "hashtags": [], "topic": "environment", "tweet_urls": ["https://t.co/5aNZfSX735"], "date": {"hour": 23, "month": 11, "iso": "2018-11-18T23:15:03", "year": 2018, "day": 18, "minute": 15}, "geo": null, "id": 1064295952171847686, "lang": "es", "emoticons": [], "user_id": 157709105, "coordinates": null, "source": "Twitter for iPhone", "id_str": "1064295952171847686", "mentions": ["@cddelasideas."], "location": "MexicoCity"}, {"truncated": true, "text": "\u00bfQ soy yo si quiero esto y no soy de Izq.? 1-C\u00e1rcel a corruptos (empresarios y pol\u00edticos) 2-\u2026", "hashtags": [], "topic": "environment", "tweet_urls": ["https://t.co/k3qAgDZt1Z"], "date": {"hour": 23, "month": 11, "iso": "2018-11-18T23:02:34", "year": 2018, "day": 18, "minute": 2}, "geo": null, "id": 1064292812135362560, "lang": "es", "emoticons": [], "user_id": 2856056140, "coordinates": null, "source": "Twitter for iPhone", "id_str": "1064292812135362560", "mentions": ["@PAlatriste", "@cesarfaz"], "location": "MexicoCity"}, {"truncated": true, "text": "Soy apartidista, me gusta cuidar el ambiente, odio al PRI. No soporto el populismo d las izquierdas, no l\u2026", "hashtags": [], "topic": "environment", "tweet_urls": ["https://t.co/B5s00tssNp"], "date": {"hour": 22, "month": 11, "iso": "2018-11-18T22:45:26", "year": 2018, "day": 18, "minute": 45}, "geo": null, "id": 1064288499551981569, "lang": "es", "emoticons": [], "user_id": 2856056140, "coordinates": null, "source": "Twitter for iPhone", "id_str": "1064288499551981569", "mentions": ["@cesarfaz"], "location": "MexicoCity"}, {"truncated": true, "text": "A esta persona si no le gusta lo q le dan q no se lo coma y listo, no por ella se tiene q crear 1\u2026", "hashtags": [], "topic": "environment", "tweet_urls": ["https://t.co/yuMAP1eK9p"], "date": {"hour": 22, "month": 11, "iso": "2018-11-18T22:37:38", "year": 2018, "day": 18, "minute": 37}, "geo": null, "id": 1064286538438197249, "lang": "es", "emoticons": [], "user_id": 989316885333401600, "coordinates": null, "source": "Twitter for Android", "id_str": "1064286538438197249", "mentions": ["@HistoriaEnFotos"], "location": "MexicoCity"}, {"truncated": true, "text": "\u201cAl SON que les toquen BAILAN\u201d .... Por algo son POL\u00cdTICOS.... CAMOFLAJEARSE para SOBREVIVIR... La AD\u2026", "hashtags": [], "topic": "environment", "tweet_urls": ["https://t.co/JWOnpet4Lg"], "date": {"hour": 22, "month": 11, "iso": "2018-11-18T22:08:59", "year": 2018, "day": 18, "minute": 8}, "geo": null, "id": 1064279327175598080, "lang": "es", "emoticons": [], "user_id": 321051070, "coordinates": null, "source": "Twitter for iPhone", "id_str": "1064279327175598080", "mentions": ["@genarolozano"], "location": "MexicoCity"}, {"truncated": false, "text": "Era mejor Demetrio el gladiador. M\u00e1s ambiente estilo Satiric\u00f3n y menos leprosas.", "hashtags": [], "topic": "environment", "tweet_urls": [], "date": {"hour": 22, "month": 11, "iso": "2018-11-18T22:02:31", "year": 2018, "day": 18, "minute": 2}, "geo": null, "id": 1064277697692647429, "lang": "es", "emoticons": [], "user_id": 35563094, "coordinates": null, "source": "Twitter for Android", "id_str": "1064277697692647429", "mentions": ["@Ajruizlo", "@caroruizcastel", "@igncioruiz"], "location": "MexicoCity"}, {"truncated": true, "text": "La ha creado un marco jur\u00eddico justo para todos los actores del sector de incluido el medio a\u2026", "hashtags": ["#ASEA", "#hidrocarburos,"], "topic": "environment", "tweet_urls": ["https://t.co/IGM6djUKWs"], "date": {"hour": 22, "month": 11, "iso": "2018-11-18T22:02:16", "year": 2018, "day": 18, "minute": 2}, "geo": null, "id": 1064277636640370688, "lang": "es", "emoticons": [], "user_id": 2916081012, "coordinates": null, "source": "Twitter Web Client", "id_str": "1064277636640370688", "mentions": [], "location": "MexicoCity"}, {"truncated": true, "text": "S\u00faper noche! Nuevos amigos un excelente ambiente que mas se puede pedir!!!", "hashtags": [], "topic": "environment", "tweet_urls": ["https://t.co/g7XR3EQuoo"], "date": {"hour": 22, "month": 11, "iso": "2018-11-18T22:01:32", "year": 2018, "day": 18, "minute": 1}, "geo": null, "id": 1064277452829143040, "lang": "es", "emoticons": [], "user_id": 1006427374634917888, "coordinates": null, "source": "Twitter for iPhone", "id_str": "1064277452829143040", "mentions": ["@elvergalan69", "@MikyAnnsw1\u2026"], "location": "MexicoCity"}, {"truncated": true, "text": "Los electrodom\u00e9sticos de LG ofrecen un ambiente de equilibrio para tu casa y estilo de vida. Equipa tu hogar con lo\u2026", "hashtags": [], "topic": "environment", "tweet_urls": ["https://t.co/qetEUoKzEq"], "date": {"hour": 22, "month": 11, "iso": "2018-11-18T22:00:22", "year": 2018, "day": 18, "minute": 0}, "geo": null, "id": 1064277157109788674, "lang": "es", "emoticons": [], "user_id": 40002725, "coordinates": null, "source": "Buffer", "id_str": "1064277157109788674", "mentions": [], "location": "MexicoCity"}, {"truncated": false, "text": "No mamen, a\u00fan no estoy preparado para el ambiente navide\u00f1o.", "hashtags": [], "topic": "environment", "tweet_urls": [], "date": {"hour": 21, "month": 11, "iso": "2018-11-18T21:53:14", "year": 2018, "day": 18, "minute": 53}, "geo": null, "id": 1064275362211782656, "lang": "es", "emoticons": [], "user_id": 184082395, "coordinates": null, "source": "Twitter for iPhone", "id_str": "1064275362211782656", "mentions": [], "location": "MexicoCity"}, {"truncated": true, "text": "Desde cu\u00e1ndo ser de derechas es (a huevo) estar en contra del medio ambiente y de las poblaciones ind\u00edgenas. El mil\u2026", "hashtags": [], "topic": "environment", "tweet_urls": ["https://t.co/c68CMeLCDs"], "date": {"hour": 21, "month": 11, "iso": "2018-11-18T21:33:22", "year": 2018, "day": 18, "minute": 33}, "geo": null, "id": 1064270363612381189, "lang": "es", "emoticons": [], "user_id": 368441876, "coordinates": null, "source": "Twitter for iPhone", "id_str": "1064270363612381189", "mentions": [], "location": "MexicoCity"}, {"truncated": true, "text": "\n*Hola a todas las parejas, singles y HW que nos siguen los invitamos al grupo principal en donde se encuentr\u2026", "hashtags": [], "topic": "environment", "tweet_urls": ["https://t.co/KPiPLNNwYe"], "date": {"hour": 21, "month": 11, "iso": "2018-11-18T21:24:20", "year": 2018, "day": 18, "minute": 24}, "geo": null, "id": 1064268089397833730, "lang": "es", "emoticons": ["\u2757"], "user_id": 801582793, "coordinates": null, "source": "Twitter for Android", "id_str": "1064268089397833730", "mentions": [], "location": "MexicoCity"}]