[{"truncated": false, "text": "V\u00eddeo: Al menos 21 palestinos heridos por los ataques israel\u00edes contra la marcha mar\u00edtima de Gaza (eng)", "hashtags": [], "topic": "unrest", "tweet_urls": ["https://t.co/zOIwcFIodV"], "date": {"hour": 20, "month": 11, "iso": "2018-11-05T20:16:22", "year": 2018, "day": 5, "minute": 16}, "geo": null, "id": 1059539945168293888, "lang": "es", "emoticons": [], "user_id": 163453309, "coordinates": null, "source": "Hootsuite Inc.", "location": "MexicoCity", "mentions": []}, {"truncated": true, "text": "As\u00ed ser\u00e1 la agenda de el d\u00eda que tome protesta como Presidente Constitucional!\u2026", "hashtags": ["#AMLOnoEst\u00e1sSolo"], "topic": "unrest", "tweet_urls": ["https://t.co/xPFQI9oZlB"], "date": {"hour": 7, "month": 11, "iso": "2018-11-06T07:24:30", "year": 2018, "day": 6, "minute": 24}, "geo": null, "id": 1059708086271832064, "lang": "es", "emoticons": [], "user_id": 2941513859, "coordinates": null, "source": "Twitter for Android", "location": "MexicoCity", "mentions": []}, {"truncated": true, "text": "Seg\u00fan la derech4riza est\u00e1 bien q invit\u00e9 a su toma protesta al ultraderechista Iv\u00e1n Duque, president\u2026", "hashtags": ["#AMLOPresidente"], "topic": "unrest", "tweet_urls": ["https://t.co/tfCRNNE392"], "date": {"hour": 7, "month": 11, "iso": "2018-11-06T07:05:14", "year": 2018, "day": 6, "minute": 5}, "geo": null, "id": 1059703234577752064, "lang": "es", "emoticons": [], "user_id": 971571572426399744, "coordinates": null, "source": "Twitter for Android", "location": "MexicoCity", "mentions": []}, {"truncated": false, "text": "Socorro Castro a la Jumapag; elmi\u00e9rcoles le toman\u00a0protesta", "hashtags": [], "topic": "unrest", "tweet_urls": ["https://t.co/4n0a7qbA4k", "https://t.co/JmMF4S5QAJ"], "date": {"hour": 6, "month": 11, "iso": "2018-11-06T06:20:55", "year": 2018, "day": 6, "minute": 20}, "geo": null, "id": 1059692083731185665, "lang": "es", "emoticons": [], "user_id": 30079695, "coordinates": null, "source": "WordPress.com", "location": "MexicoCity", "mentions": []}, {"truncated": true, "text": "El 30 de noviembre ser\u00e1 la ceremonia de premiaci\u00f3n de mejores art\u00edculos y rese\u00f1as del Comit\u00e9 Mexicano de Ciencias H\u2026", "hashtags": [], "topic": "unrest", "tweet_urls": ["https://t.co/2APd0sRsn1"], "date": {"hour": 4, "month": 11, "iso": "2018-11-06T04:33:39", "year": 2018, "day": 6, "minute": 33}, "geo": null, "id": 1059665090629140480, "lang": "es", "emoticons": [], "user_id": 180236262, "coordinates": null, "source": "Twitter for Android", "location": "MexicoCity", "mentions": []}, {"truncated": true, "text": "Creaci\u00f3n de la SSP busca apretar el acelerador.\nA menos de un mes de que AMLO rinda protesta, Morena pretende que l\u2026", "hashtags": [], "topic": "unrest", "tweet_urls": ["https://t.co/IvMdvFBpM2"], "date": {"hour": 3, "month": 11, "iso": "2018-11-06T03:42:57", "year": 2018, "day": 6, "minute": 42}, "geo": null, "id": 1059652329190907905, "lang": "es", "emoticons": [], "user_id": 137474821, "coordinates": null, "source": "Twitter Web Client", "location": "MexicoCity", "mentions": []}, {"truncated": false, "text": "As\u00ed ser\u00e1 la agenda de AMLO el d\u00eda que tome protesta como Presidente -", "hashtags": [], "topic": "unrest", "tweet_urls": ["https://t.co/LvLEqlYp9A"], "date": {"hour": 2, "month": 11, "iso": "2018-11-06T02:34:53", "year": 2018, "day": 6, "minute": 34}, "geo": null, "id": 1059635201297600512, "lang": "es", "emoticons": [], "user_id": 107830385, "coordinates": null, "source": "Twitter Web Client", "location": "MexicoCity", "mentions": []}, {"truncated": true, "text": "| Las verdaderas gacelas de por \ufe0f\n\nA un mes de que AMLO tome protesta como Pr\u2026", "hashtags": ["#BigVoices"], "topic": "unrest", "tweet_urls": ["https://t.co/XMCZVB0z9J"], "date": {"hour": 2, "month": 11, "iso": "2018-11-06T02:16:23", "year": 2018, "day": 6, "minute": 16}, "geo": null, "id": 1059630542621237248, "lang": "es", "emoticons": ["\ud83d\udd8b"], "user_id": 2826319492, "coordinates": null, "source": "Twitter Web Client", "location": "MexicoCity", "mentions": ["@lopezobrador_", "@Hermes_07"]}, {"truncated": false, "text": "PAN rechaza visita de Maduro a M\u00e9xico, para toma de protesta de AMLO", "hashtags": [], "topic": "unrest", "tweet_urls": ["https://t.co/RMGKHBrcM7", "https://t.co/3EdVQMZhFX"], "date": {"hour": 2, "month": 11, "iso": "2018-11-06T02:15:04", "year": 2018, "day": 6, "minute": 15}, "geo": null, "id": 1059630211728371712, "lang": "es", "emoticons": [], "user_id": 109651819, "coordinates": null, "source": "Hootsuite Inc.", "location": "MexicoCity", "mentions": []}, {"truncated": true, "text": "\u00bfAsistir\u00e1s a la toma de protesta de como Presidente de M\u00e9xico ?\n\nEsto es lo debes saber sobre su i\u2026", "hashtags": [], "topic": "unrest", "tweet_urls": ["https://t.co/TQ6T2l9uGs"], "date": {"hour": 2, "month": 11, "iso": "2018-11-06T02:11:50", "year": 2018, "day": 6, "minute": 11}, "geo": null, "id": 1059629397961920513, "lang": "es", "emoticons": ["\ud83c\uddf2\ud83c\uddfd"], "user_id": 2891380160, "coordinates": null, "source": "Twitter Web Client", "location": "MexicoCity", "mentions": ["@LopezObrador_"]}, {"truncated": true, "text": "No s\u00e9 porque suenan tan familiares algunas frases, lamentable que sigan defendiendo a un r\u00e9gimen y a\u00fan\u2026", "hashtags": [], "topic": "unrest", "tweet_urls": ["https://t.co/pTqqX1KaLl"], "date": {"hour": 2, "month": 11, "iso": "2018-11-06T02:03:04", "year": 2018, "day": 6, "minute": 3}, "geo": null, "id": 1059627191913324546, "lang": "es", "emoticons": [], "user_id": 55417801, "coordinates": null, "source": "Twitter for Android", "location": "MexicoCity", "mentions": ["@LeonKrauze"]}, {"truncated": true, "text": "Marcelo Torres, entreg\u00f3 una carta en la Embajada de Venezuela en M\u00e9xico en la que extern\u00f3 el rechazo del partido a\u2026", "hashtags": [], "topic": "unrest", "tweet_urls": ["https://t.co/rznHJ3VZnH"], "date": {"hour": 1, "month": 11, "iso": "2018-11-06T01:45:03", "year": 2018, "day": 6, "minute": 45}, "geo": null, "id": 1059622660504719360, "lang": "es", "emoticons": [], "user_id": 25401359, "coordinates": null, "source": "Hootsuite Inc.", "location": "MexicoCity", "mentions": []}, {"truncated": true, "text": "\"La empresa es extraordi\u2026", "hashtags": [], "topic": "unrest", "tweet_urls": ["https://t.co/bVClJoq5EQ"], "date": {"hour": 1, "month": 11, "iso": "2018-11-06T01:33:49", "year": 2018, "day": 6, "minute": 33}, "geo": null, "id": 1059619831241207809, "lang": "es", "emoticons": [], "user_id": 141072743, "coordinates": null, "source": "Twitter for Android", "location": "MexicoCity", "mentions": ["@Fafhoo", "@rodalon", "@DeniseDresserG", "@revistaproceso", "@FelipeCalderon", "@Mzavalagc", "@lopezobrador_"]}, {"truncated": false, "text": "Cobaes protesta en\u00e9rgicamente por asesinato de su\u00a0profesora", "hashtags": [], "topic": "unrest", "tweet_urls": ["https://t.co/bwfS5fyzxp"], "date": {"hour": 1, "month": 11, "iso": "2018-11-06T01:21:05", "year": 2018, "day": 6, "minute": 21}, "geo": null, "id": 1059616629686976512, "lang": "es", "emoticons": [], "user_id": 30079695, "coordinates": null, "source": "WordPress.com", "location": "MexicoCity", "mentions": []}, {"truncated": true, "text": "Lo segundo es un mensaje claro desde la toma de protesta. Se van a distanciar, por fin, de la pol\u00edtica exterior est\u2026", "hashtags": [], "topic": "unrest", "tweet_urls": ["https://t.co/eC93xMgDgh"], "date": {"hour": 0, "month": 11, "iso": "2018-11-06T00:49:06", "year": 2018, "day": 6, "minute": 49}, "geo": null, "id": 1059608577541844993, "lang": "es", "emoticons": [], "user_id": 207168924, "coordinates": null, "source": "Twitter Web Client", "location": "MexicoCity", "mentions": []}, {"truncated": true, "text": "Revisando los confirmados para la toma de protesta me doy cuenta de dos agradables sorpresas. La pri\u2026", "hashtags": [], "topic": "unrest", "tweet_urls": ["https://t.co/Z2shFOP6df"], "date": {"hour": 0, "month": 11, "iso": "2018-11-06T00:45:44", "year": 2018, "day": 6, "minute": 45}, "geo": null, "id": 1059607733035511808, "lang": "es", "emoticons": [], "user_id": 207168924, "coordinates": null, "source": "Twitter Web Client", "location": "MexicoCity", "mentions": ["@lopezobrador_"]}, {"truncated": true, "text": "El 5 de noviembre de 1937 M\u00e9xico present\u00f3 ante la Sociedad de Naciones una protesta por la invasi\u00f3n del\u2026", "hashtags": ["#Sab\u00edasQue"], "topic": "unrest", "tweet_urls": ["https://t.co/XhCDuVxJ74"], "date": {"hour": 0, "month": 11, "iso": "2018-11-06T00:30:00", "year": 2018, "day": 6, "minute": 30}, "geo": null, "id": 1059603772459036672, "lang": "es", "emoticons": [], "user_id": 15988093, "coordinates": null, "source": "TweetDeck", "location": "MexicoCity", "mentions": []}, {"truncated": false, "text": "Estos ser\u00e1n los eventos por la toma de protesta de AMLO.", "hashtags": [], "topic": "unrest", "tweet_urls": ["https://t.co/G15FBv4vdl"], "date": {"hour": 0, "month": 11, "iso": "2018-11-06T00:21:58", "year": 2018, "day": 6, "minute": 21}, "geo": null, "id": 1059601749164650496, "lang": "es", "emoticons": [], "user_id": 157511835, "coordinates": null, "source": "Twitter Web Client", "location": "MexicoCity", "mentions": ["@VincentRend8"]}, {"truncated": false, "text": "Rinde protesta el nuevo director de\u00a0Comun", "hashtags": [], "topic": "unrest", "tweet_urls": ["https://t.co/IAwYlqH1dA"], "date": {"hour": 23, "month": 11, "iso": "2018-11-05T23:22:22", "year": 2018, "day": 5, "minute": 22}, "geo": null, "id": 1059586750878810113, "lang": "es", "emoticons": [], "user_id": 30079695, "coordinates": null, "source": "WordPress.com", "location": "MexicoCity", "mentions": []}, {"truncated": false, "text": "Toman protesta a directores y subdirectores en Ayuntamiento de\u00a0Sinaloa", "hashtags": [], "topic": "unrest", "tweet_urls": ["https://t.co/qoodxLlZNo", "https://t.co/CUw7TMaqP0"], "date": {"hour": 23, "month": 11, "iso": "2018-11-05T23:22:12", "year": 2018, "day": 5, "minute": 22}, "geo": null, "id": 1059586709720051712, "lang": "es", "emoticons": [], "user_id": 30079695, "coordinates": null, "source": "WordPress.com", "location": "MexicoCity", "mentions": []}, {"truncated": true, "text": "Marcelo Torres Cofi\u00f1o [@marcelotorresc] acudi\u00f3 al Embajada de Venezuela para presentar un documento con el que soli\u2026", "hashtags": [], "topic": "unrest", "tweet_urls": ["https://t.co/e1MJf9hlF8"], "date": {"hour": 22, "month": 11, "iso": "2018-11-05T22:50:00", "year": 2018, "day": 5, "minute": 50}, "geo": null, "id": 1059578606047834113, "lang": "es", "emoticons": [], "user_id": 111110077, "coordinates": null, "source": "TweetDeck", "location": "MexicoCity", "mentions": []}, {"truncated": true, "text": "Un grupo de Venezolanos le entregaron una carta a para pedirle que reconsidere la invitaci\u00f3n\u2026", "hashtags": ["#VIDEO"], "topic": "unrest", "tweet_urls": ["https://t.co/JHQPqSAG5G"], "date": {"hour": 20, "month": 11, "iso": "2018-11-05T20:49:19", "year": 2018, "day": 5, "minute": 49}, "geo": null, "id": 1059548234186739713, "lang": "es", "emoticons": [], "user_id": 748110248, "coordinates": null, "source": "TweetDeck", "location": "MexicoCity", "mentions": ["@lopezobrador_"]}, {"truncated": true, "text": "Aunque les moleste a algunos (muy pocos) el 1o. de diciembre AMLO no solo tomar\u00e1 protesta, tambi\u00e9n dar\u00e1 su PRIMER I\u2026", "hashtags": [], "topic": "unrest", "tweet_urls": ["https://t.co/91v4nfbqBu"], "date": {"hour": 20, "month": 11, "iso": "2018-11-05T20:47:31", "year": 2018, "day": 5, "minute": 47}, "geo": null, "id": 1059547784146169856, "lang": "es", "emoticons": [], "user_id": 43645800, "coordinates": null, "source": "Twitter Web Client", "location": "MexicoCity", "mentions": []}, {"truncated": true, "text": "L\u00f3pez Obrador dijo que es normal que exista nerviosismo ante el cambio de gobierno y brome\u00f3 sobre los avances que s\u2026", "hashtags": [], "topic": "unrest", "tweet_urls": ["https://t.co/Dlvc0TAkmZ"], "date": {"hour": 20, "month": 11, "iso": "2018-11-05T20:45:46", "year": 2018, "day": 5, "minute": 45}, "geo": null, "id": 1059547341097594880, "lang": "es", "emoticons": [], "user_id": 25401359, "coordinates": null, "source": "SnappyTV.com", "location": "MexicoCity", "mentions": []}, {"truncated": false, "text": "Toman protesta funcionarios en\u00a0Mocorito", "hashtags": [], "topic": "unrest", "tweet_urls": ["https://t.co/SaOgTZFNrq", "https://t.co/MviIJuAOry"], "date": {"hour": 20, "month": 11, "iso": "2018-11-05T20:15:07", "year": 2018, "day": 5, "minute": 15}, "geo": null, "id": 1059539627055280129, "lang": "es", "emoticons": [], "user_id": 30079695, "coordinates": null, "source": "WordPress.com", "location": "MexicoCity", "mentions": []}, {"truncated": true, "text": "La comunidad cultural en Morelos inici\u00f3 la campa\u00f1a \u201cDefendamos Nuestros Museos\u201d, como protesta contra el gobernador\u2026", "hashtags": [], "topic": "unrest", "tweet_urls": ["https://t.co/7G5CzTf2vk"], "date": {"hour": 20, "month": 11, "iso": "2018-11-05T20:15:00", "year": 2018, "day": 5, "minute": 15}, "geo": null, "id": 1059539598785695744, "lang": "es", "emoticons": [], "user_id": 386178032, "coordinates": null, "source": "TweetDeck", "location": "MexicoCity", "mentions": []}, {"truncated": true, "text": "Incluir\u00e1n en la protesta los otros 20 a\u00f1os de concesi\u00f3n del espectro para TV y RADIO (a TELEVISA, TV AZ\u2026", "hashtags": ["#MarchaFifi"], "topic": "unrest", "tweet_urls": ["https://t.co/LR2hR8UbhR"], "date": {"hour": 20, "month": 11, "iso": "2018-11-05T20:04:03", "year": 2018, "day": 5, "minute": 4}, "geo": null, "id": 1059536844898091010, "lang": "es", "emoticons": [], "user_id": 1969911109, "coordinates": null, "source": "Twitter for iPhone", "location": "MexicoCity", "mentions": []}, {"truncated": true, "text": "Delinean el AMLOFest II del 1 de diciembre por toma de protesta de Andr\u00e9s Manuel", "hashtags": [], "topic": "unrest", "tweet_urls": ["https://t.co/5fnxCggdKL"], "date": {"hour": 19, "month": 11, "iso": "2018-11-05T19:38:57", "year": 2018, "day": 5, "minute": 38}, "geo": null, "id": 1059530527617835013, "lang": "es", "emoticons": [], "user_id": 144214209, "coordinates": null, "source": "Twitter Web Client", "location": "MexicoCity", "mentions": ["@lopezobrador_\u2026"]}, {"truncated": false, "text": "El mismo Maduro que est\u00e1 invitado a la toma de protesta de AMLO y que Noro\u00f1a dice que es un ejemplo a seguir.", "hashtags": [], "topic": "unrest", "tweet_urls": ["https://t.co/7vnBNj7P62"], "date": {"hour": 18, "month": 11, "iso": "2018-11-05T18:46:37", "year": 2018, "day": 5, "minute": 46}, "geo": null, "id": 1059517355783467009, "lang": "es", "emoticons": [], "user_id": 180540107, "coordinates": null, "source": "Twitter for Android", "location": "MexicoCity", "mentions": []}, {"truncated": false, "text": "Siembra simb\u00f3lica de c\u00e1\u00f1amo en protesta por los lineamientos de COFEPRIS", "hashtags": [], "topic": "unrest", "tweet_urls": ["https://t.co/iKBPJkiURH"], "date": {"hour": 18, "month": 11, "iso": "2018-11-05T18:42:10", "year": 2018, "day": 5, "minute": 42}, "geo": null, "id": 1059516237229842438, "lang": "es", "emoticons": [], "user_id": 893182392718041088, "coordinates": null, "source": "Facebook", "location": "MexicoCity", "mentions": []}, {"truncated": true, "text": "frente al Palacio Municipal de la \"Ciudad Con Vida\" (Sic), contin\u00faa la protesta de\u2026", "hashtags": ["#EnEsteMomento"], "topic": "unrest", "tweet_urls": ["https://t.co/2U06NTPoZe"], "date": {"hour": 18, "month": 11, "iso": "2018-11-05T18:34:20", "year": 2018, "day": 5, "minute": 34}, "geo": null, "id": 1059514267349716992, "lang": "es", "emoticons": [], "user_id": 140813267, "coordinates": null, "source": "Twitter for Android", "location": "MexicoCity", "mentions": ["@NaucalpanCiudad,"]}, {"truncated": true, "text": "En otros momentos hubieras sido despedido de estimado hoy sin tomar protesta a\u00fan,\u2026", "hashtags": [], "topic": "unrest", "tweet_urls": ["https://t.co/ikOBwJqU1O"], "date": {"hour": 18, "month": 11, "iso": "2018-11-05T18:09:18", "year": 2018, "day": 5, "minute": 9}, "geo": null, "id": 1059507964665651201, "lang": "es", "emoticons": [], "user_id": 602826909, "coordinates": null, "source": "Twitter for iPhone", "location": "MexicoCity", "mentions": ["@revistaproceso", "@alvaro_delgado,"]}, {"truncated": true, "text": "La Asociaci\u00f3n Venezolanos en M\u00e9xico rechaza visita de a la toma de protesta de\u2026", "hashtags": ["#Ent\u00e9rate"], "topic": "unrest", "tweet_urls": ["https://t.co/POnmudg44X"], "date": {"hour": 18, "month": 11, "iso": "2018-11-05T18:08:09", "year": 2018, "day": 5, "minute": 8}, "geo": null, "id": 1059507676714024961, "lang": "es", "emoticons": [], "user_id": 1127146646, "coordinates": null, "source": "Twitter Web Client", "location": "MexicoCity", "mentions": ["@NicolasMaduro"]}, {"truncated": true, "text": "La Ley Federal de Remuneraciones de los Servidores P\u00fablicos es un chiste de los IGNORANTES de Art\u00edculo 6,\u2026", "hashtags": ["#MORENA."], "topic": "unrest", "tweet_urls": ["https://t.co/g0JVeOhcjZ"], "date": {"hour": 17, "month": 11, "iso": "2018-11-05T17:45:59", "year": 2018, "day": 5, "minute": 45}, "geo": null, "id": 1059502098893717504, "lang": "es", "emoticons": [], "user_id": 40592234, "coordinates": null, "source": "Twitter for iPhone", "location": "MexicoCity", "mentions": []}, {"truncated": true, "text": "Lamento mucho que no cumplan con su protesta de guardar y hacer guardar las leyes, ellos lo afirmaron as\u00ed el 1ro de\u2026", "hashtags": [], "topic": "unrest", "tweet_urls": ["https://t.co/mSFgjtaEiH"], "date": {"hour": 17, "month": 11, "iso": "2018-11-05T17:41:05", "year": 2018, "day": 5, "minute": 41}, "geo": null, "id": 1059500866477146113, "lang": "es", "emoticons": [], "user_id": 135035178, "coordinates": null, "source": "Twitter for Android", "location": "MexicoCity", "mentions": []}, {"truncated": false, "text": "Arrestados 38 simpatizantes opositores en una protesta contra Biya en Camer\u00fan", "hashtags": [], "topic": "unrest", "tweet_urls": ["https://t.co/7bxKDOT9jG"], "date": {"hour": 17, "month": 11, "iso": "2018-11-05T17:25:39", "year": 2018, "day": 5, "minute": 25}, "geo": null, "id": 1059496981440028672, "lang": "es", "emoticons": [], "user_id": 66715854, "coordinates": null, "source": "Twitter for Android", "location": "MexicoCity", "mentions": []}, {"truncated": true, "text": "Venezolanos en M\u00e9xico afirmaron que la presencia de Nicol\u00e1s Maduro en el Pa\u00eds para la toma de protesta de AMLO ser\u00ed\u2026", "hashtags": [], "topic": "unrest", "tweet_urls": ["https://t.co/OvoeBHCFan"], "date": {"hour": 17, "month": 11, "iso": "2018-11-05T17:19:10", "year": 2018, "day": 5, "minute": 19}, "geo": null, "id": 1059495349965017093, "lang": "es", "emoticons": [], "user_id": 33543881, "coordinates": null, "source": "GR_Feed", "location": "MexicoCity", "mentions": []}, {"truncated": true, "text": "El 5 de noviembre de 1836, ind\u00edgenas ocuparonn Papantla, Veracruz, en protesta por el despojo de tierras\u2026", "hashtags": ["#Sab\u00edasQue"], "topic": "unrest", "tweet_urls": ["https://t.co/xakyu2fGjx"], "date": {"hour": 17, "month": 11, "iso": "2018-11-05T17:00:01", "year": 2018, "day": 5, "minute": 0}, "geo": null, "id": 1059490528549462016, "lang": "es", "emoticons": [], "user_id": 15988093, "coordinates": null, "source": "TweetDeck", "location": "MexicoCity", "mentions": []}, {"truncated": true, "text": "Tal cual ya sucedi\u00f3 esok \n No hay traslado de banda presidencial NO habr\u00e1 ceremoMia d traslado d po\u2026", "hashtags": [], "topic": "unrest", "tweet_urls": ["https://t.co/BbQwiC5G1M"], "date": {"hour": 16, "month": 11, "iso": "2018-11-05T16:47:46", "year": 2018, "day": 5, "minute": 47}, "geo": null, "id": 1059487446226927616, "lang": "es", "emoticons": [], "user_id": 961293492180979713, "coordinates": null, "source": "Twitter Web Client", "location": "MexicoCity", "mentions": ["@jenarovillamil"]}, {"truncated": true, "text": "en estado de ingobernabilidad: diputados. Se qued\u00f3 sin edil, ya que los alcaldes electos de los municip\u2026", "hashtags": ["#Monterrey,"], "topic": "unrest", "tweet_urls": ["https://t.co/lMhrKGcjnj"], "date": {"hour": 15, "month": 11, "iso": "2018-11-05T15:51:15", "year": 2018, "day": 5, "minute": 51}, "geo": null, "id": 1059473226563235842, "lang": "es", "emoticons": [], "user_id": 152358615, "coordinates": null, "source": "TweetDeck", "location": "MexicoCity", "mentions": []}, {"truncated": true, "text": "perdiste toda credibilidad atacando un gobierno inexistente puesto que a\u00fan no toma@protesta mientras d\u2026", "hashtags": [], "topic": "unrest", "tweet_urls": ["https://t.co/B7LY5UjNCZ"], "date": {"hour": 15, "month": 11, "iso": "2018-11-05T15:47:04", "year": 2018, "day": 5, "minute": 47}, "geo": null, "id": 1059472172303953922, "lang": "es", "emoticons": [], "user_id": 759035893134917632, "coordinates": null, "source": "Twitter for iPhone", "location": "MexicoCity", "mentions": ["@CarlosLoret"]}, {"truncated": true, "text": "Panistas alistan las pancartas y las consignas contra Nicol\u00e1s Maduro.\nLa dirigencia y legisladores acudir\u00e1n a la em\u2026", "hashtags": [], "topic": "unrest", "tweet_urls": ["https://t.co/WKkYrAX6BO"], "date": {"hour": 13, "month": 11, "iso": "2018-11-05T13:15:49", "year": 2018, "day": 5, "minute": 15}, "geo": null, "id": 1059434110513528832, "lang": "es", "emoticons": [], "user_id": 137474821, "coordinates": null, "source": "Twitter Web Client", "location": "MexicoCity", "mentions": []}]