[{"truncated": true, "text": "and consensus protocols faced challenging to make the difference against existing market infrastructure\u2026", "hashtags": ["#blockchain"], "topic": "infrastructure", "tweet_urls": ["https://t.co/Uf1LlQZ6yl"], "date": {"hour": 1, "month": 11, "iso": "2018-11-10T01:40:44", "year": 2018, "day": 10, "minute": 40}, "geo": null, "id": 1061071122798653440, "lang": "en", "emoticons": [], "user_id": 316488163, "coordinates": null, "source": "Twitter for iPhone", "location": "MexicoCity", "mentions": []}, {"truncated": true, "text": "\u00a1Qu\u00e9 razonamiento! Eso es mejor infraestructura, qu\u00e9 es infraestructura, qu\u00e9 es invers\u2026", "hashtags": [], "topic": "infrastructure", "tweet_urls": ["https://t.co/0awllxPPi2"], "date": {"hour": 18, "month": 11, "iso": "2018-11-11T18:50:13", "year": 2018, "day": 11, "minute": 50}, "geo": null, "id": 1061692591425622017, "lang": "es", "emoticons": [], "user_id": 602250050, "coordinates": null, "source": "Twitter Lite", "location": "MexicoCity", "mentions": ["@Mexicanotitlan", "@VillalobosE"]}, {"truncated": true, "text": "\"Asesor para segundos pisos, vialidades elevadas e infraestructura gris\".\n\nEs lo que deja lanita para la operaci\u00f3n\u2026", "hashtags": [], "topic": "infrastructure", "tweet_urls": ["https://t.co/RVmBRNQdA7"], "date": {"hour": 18, "month": 11, "iso": "2018-11-11T18:48:10", "year": 2018, "day": 11, "minute": 48}, "geo": null, "id": 1061692072560869377, "lang": "es", "emoticons": [], "user_id": 119588187, "coordinates": null, "source": "Twitter for Android", "location": "MexicoCity", "mentions": []}, {"truncated": true, "text": "\"sembrando ma\u00edz y sacando petr\u00f3leo\" siendo ricos en eso... Podemos ser potencia en combustible,\u2026", "hashtags": [], "topic": "infrastructure", "tweet_urls": ["https://t.co/LzYU8CP6lb"], "date": {"hour": 18, "month": 11, "iso": "2018-11-11T18:25:53", "year": 2018, "day": 11, "minute": 25}, "geo": null, "id": 1061686466596823042, "lang": "es", "emoticons": [], "user_id": 2943213507, "coordinates": null, "source": "Twitter for Android", "location": "MexicoCity", "mentions": ["@carmencpp", "@szurita"]}, {"truncated": true, "text": "Ojo\n@AnaGabrielaGue descarta nueva infraestructura para 2019.\nLa pr\u00f3xima titular de la Conade, tambi\u00e9n descart\u00f3 l\u2026", "hashtags": [], "topic": "infrastructure", "tweet_urls": ["https://t.co/qTBGOkyyfH"], "date": {"hour": 18, "month": 11, "iso": "2018-11-11T18:15:37", "year": 2018, "day": 11, "minute": 15}, "geo": null, "id": 1061683883278823424, "lang": "es", "emoticons": ["\ud83d\udc47\ud83c\udffc"], "user_id": 137474821, "coordinates": null, "source": "Twitter Web Client", "location": "MexicoCity", "mentions": []}, {"truncated": false, "text": "Una pregunta. El gobierno es el \u00fanico que construye infraestructura en este pa\u00eds?", "hashtags": [], "topic": "infrastructure", "tweet_urls": [], "date": {"hour": 18, "month": 11, "iso": "2018-11-11T18:08:04", "year": 2018, "day": 11, "minute": 8}, "geo": null, "id": 1061681981841399813, "lang": "es", "emoticons": [], "user_id": 135742251, "coordinates": null, "source": "Twitter for Android", "location": "MexicoCity", "mentions": ["@DeniseDresserG"]}, {"truncated": true, "text": "Espantando inversiones? C\u00f3mo cu\u00e1les? OHL y su concesion por n a\u00f1os y p\u00e9sima infraestructura y cobr\u2026", "hashtags": [], "topic": "infrastructure", "tweet_urls": ["https://t.co/ZdfnD7eIfa"], "date": {"hour": 18, "month": 11, "iso": "2018-11-11T18:04:21", "year": 2018, "day": 11, "minute": 4}, "geo": null, "id": 1061681045748146176, "lang": "es", "emoticons": [], "user_id": 79060649, "coordinates": null, "source": "Twitter for Android", "location": "MexicoCity", "mentions": ["@AlbertoLozanoMa"]}, {"truncated": false, "text": "en EU: Infraestructura electoral no est\u00e1 comprometida, aseguran autoridades federales", "hashtags": ["#M\u00e1sLe\u00eddas", "#Aristegui:"], "topic": "infrastructure", "tweet_urls": ["https://t.co/vNpHtbDLxt"], "date": {"hour": 17, "month": 11, "iso": "2018-11-11T17:00:24", "year": 2018, "day": 11, "minute": 0}, "geo": null, "id": 1061664955555024897, "lang": "es", "emoticons": [], "user_id": 520653311, "coordinates": null, "source": "Hootsuite Inc.", "location": "MexicoCity", "mentions": []}, {"truncated": true, "text": "Peor a\u00fan!!!! Si as\u00ed est\u00e1 La Bolsa, el MXN, y es el mensaje que est\u00e1n dando al sector infr\u2026", "hashtags": [], "topic": "infrastructure", "tweet_urls": ["https://t.co/0YRb62yQV6"], "date": {"hour": 15, "month": 11, "iso": "2018-11-11T15:19:06", "year": 2018, "day": 11, "minute": 19}, "geo": null, "id": 1061639461967020032, "lang": "es", "emoticons": [], "user_id": 922626111665770498, "coordinates": null, "source": "Twitter for iPhone", "location": "MexicoCity", "mentions": ["@tatclouthier", "@ClaudioXGG"]}, {"truncated": true, "text": "En qu\u00e9 parte dice Denise que es constructor, habla de participar en proyectos de infraestru\u2026", "hashtags": [], "topic": "infrastructure", "tweet_urls": ["https://t.co/09GSFL5Bv1"], "date": {"hour": 14, "month": 11, "iso": "2018-11-11T14:50:42", "year": 2018, "day": 11, "minute": 50}, "geo": null, "id": 1061632314256617477, "lang": "es", "emoticons": [], "user_id": 141128798, "coordinates": null, "source": "Twitter for iPhone", "location": "MexicoCity", "mentions": ["@mavitt", "@DeniseDresserG"]}, {"truncated": true, "text": "Si haces infraestructura para los autos\u2026", "hashtags": [], "topic": "infrastructure", "tweet_urls": ["https://t.co/9g5gD3h6mK"], "date": {"hour": 14, "month": 11, "iso": "2018-11-11T14:50:39", "year": 2018, "day": 11, "minute": 50}, "geo": null, "id": 1061632303007391744, "lang": "es", "emoticons": [], "user_id": 17884916, "coordinates": null, "source": "Twitter for Android", "location": "MexicoCity", "mentions": ["@claudiaguadar20", "@Burgos_Carlos", "@yordesexto", "@LaydaSansores", "@SoyObregonense_"]}, {"truncated": true, "text": "Mejor descubrir miles de sitios arqueol\u00f3gicos del Mundo Maya, construir hoteles e infraestructura y contratar miles\u2026", "hashtags": [], "topic": "infrastructure", "tweet_urls": ["https://t.co/26L3HQHEy2"], "date": {"hour": 14, "month": 11, "iso": "2018-11-11T14:49:21", "year": 2018, "day": 11, "minute": 49}, "geo": null, "id": 1061631974253694978, "lang": "es", "emoticons": [], "user_id": 96853458, "coordinates": null, "source": "Twitter for iPhone", "location": "MexicoCity", "mentions": []}, {"truncated": true, "text": "La llegada de temporada de lluvia ha tardado en caer al nivel y fuerza de otros a\u00f1os, a\u00fan as\u00ed, las lluvias ya inici\u2026", "hashtags": [], "topic": "infrastructure", "tweet_urls": ["https://t.co/Ts79viZV63"], "date": {"hour": 14, "month": 11, "iso": "2018-11-11T14:40:19", "year": 2018, "day": 11, "minute": 40}, "geo": null, "id": 1061629700395724800, "lang": "es", "emoticons": [], "user_id": 320032211, "coordinates": null, "source": "Facebook", "location": "MexicoCity", "mentions": []}, {"truncated": true, "text": "Seg\u00fan t\u00fa... Infraestructura que no sirve, que ofende, que denigra a millones en pobrez\u2026", "hashtags": [], "topic": "infrastructure", "tweet_urls": ["https://t.co/70l50NXoDj"], "date": {"hour": 14, "month": 11, "iso": "2018-11-11T14:37:18", "year": 2018, "day": 11, "minute": 37}, "geo": null, "id": 1061628943206354944, "lang": "es", "emoticons": [], "user_id": 1630407193, "coordinates": null, "source": "Twitter for Android", "location": "MexicoCity", "mentions": ["@Mexicanotitlan", "@VillalobosE"]}, {"truncated": false, "text": "M\u00e9xico tiene capacidad de ofrecer trabajo a migrantes centroamericanos: Alejandro Solalinde\nhttps://t.co/wQhN56BNlC", "hashtags": [], "topic": "infrastructure", "tweet_urls": [], "date": {"hour": 14, "month": 11, "iso": "2018-11-11T14:20:00", "year": 2018, "day": 11, "minute": 20}, "geo": null, "id": 1061624587954413568, "lang": "es", "emoticons": ["\ud83d\udc49"], "user_id": 490151722, "coordinates": null, "source": "TweetDeck", "location": "MexicoCity", "mentions": []}, {"truncated": true, "text": "somos todos. Por un con estado de derecho, luchemos contra la pobreza con inversi\u00f3n, infraestructur\u2026", "hashtags": ["#M\u00e9xico", "#M\u00e9xico"], "topic": "infrastructure", "tweet_urls": ["https://t.co/boE9lrfxYR"], "date": {"hour": 12, "month": 11, "iso": "2018-11-11T12:53:23", "year": 2018, "day": 11, "minute": 53}, "geo": null, "id": 1061602792132001793, "lang": "es", "emoticons": [], "user_id": 23962212, "coordinates": null, "source": "Twitter for Android", "location": "MexicoCity", "mentions": []}, {"truncated": true, "text": "Aqu\u00ed esperando el anuncio de que Grupo Riob\u00f3o dejar\u00e1 de participar en proyectos de infraestructura y vender\u00e1 produc\u2026", "hashtags": [], "topic": "infrastructure", "tweet_urls": ["https://t.co/7I2gzKkJdX"], "date": {"hour": 12, "month": 11, "iso": "2018-11-11T12:20:55", "year": 2018, "day": 11, "minute": 20}, "geo": null, "id": 1061594618255589376, "lang": "es", "emoticons": [], "user_id": 435299501, "coordinates": null, "source": "Twitter for iPhone", "location": "MexicoCity", "mentions": []}, {"truncated": true, "text": "Orgullosamente fif\u00ed\n \n\"Fif\u00ed\"\nLuis De La Barreda Sol\u00f3rzano\n11/08/2018\n\n\"Si ser fif\u00ed es sentir estupor e indignaci\u00f3n\u2026", "hashtags": [], "topic": "infrastructure", "tweet_urls": ["https://t.co/axvG5faSC4"], "date": {"hour": 2, "month": 11, "iso": "2018-11-11T02:03:17", "year": 2018, "day": 11, "minute": 3}, "geo": null, "id": 1061439186010562561, "lang": "es", "emoticons": [], "user_id": 144904056, "coordinates": null, "source": "Facebook", "location": "MexicoCity", "mentions": []}, {"truncated": true, "text": "No... M\u00e9xico no esta listo.\nDonde est\u00e1 la suficiente infraestructura en salud para cuando los fumadores\u2026", "hashtags": [], "topic": "infrastructure", "tweet_urls": ["https://t.co/reEEeNQZvn"], "date": {"hour": 1, "month": 11, "iso": "2018-11-11T01:38:20", "year": 2018, "day": 11, "minute": 38}, "geo": null, "id": 1061432909222068224, "lang": "es", "emoticons": [], "user_id": 362171276, "coordinates": null, "source": "Twitter for Android", "location": "MexicoCity", "mentions": ["@LeonKrauze"]}, {"truncated": true, "text": "\"El acceso a la atenci\u00f3n m\u00e9dica en Sinjar se ha visto dr\u00e1sticamente afectado por los severos da\u00f1os a la infraestruc\u2026", "hashtags": [], "topic": "infrastructure", "tweet_urls": ["https://t.co/71SHyL37Ap"], "date": {"hour": 23, "month": 11, "iso": "2018-11-10T23:10:00", "year": 2018, "day": 10, "minute": 10}, "geo": null, "id": 1061395578511413248, "lang": "es", "emoticons": [], "user_id": 57683930, "coordinates": null, "source": "TweetDeck", "location": "MexicoCity", "mentions": []}, {"truncated": true, "text": "Tienes raz\u00f3n amigo!, Pero hay una realidad indiscutible y lo que es un hecho, por qu\u00e9 lo sabes, y es\u2026", "hashtags": [], "topic": "infrastructure", "tweet_urls": ["https://t.co/Cqs8Fj3obI"], "date": {"hour": 22, "month": 11, "iso": "2018-11-10T22:39:41", "year": 2018, "day": 10, "minute": 39}, "geo": null, "id": 1061387951408603137, "lang": "es", "emoticons": [], "user_id": 318310081, "coordinates": null, "source": "Twitter for Android", "location": "MexicoCity", "mentions": ["@LeandrinhoARV"]}, {"truncated": true, "text": "\u00a1Gracias! Desconoc\u00eda esa informaci\u00f3n. Desafortunadamente, su infraestructura no es tan gra\u2026", "hashtags": [], "topic": "infrastructure", "tweet_urls": ["https://t.co/ksOX5aqXTR"], "date": {"hour": 22, "month": 11, "iso": "2018-11-10T22:06:42", "year": 2018, "day": 10, "minute": 6}, "geo": null, "id": 1061379647156510720, "lang": "es", "emoticons": [], "user_id": 281695222, "coordinates": null, "source": "Twitter for Android", "location": "MexicoCity", "mentions": ["@rjgomezg", "@beltrandelrio"]}, {"truncated": false, "text": "La odio cada vez m\u00e1s...", "hashtags": [], "topic": "infrastructure", "tweet_urls": ["https://t.co/VxCkYkcPeO"], "date": {"hour": 22, "month": 11, "iso": "2018-11-10T22:03:08", "year": 2018, "day": 10, "minute": 3}, "geo": null, "id": 1061378752352006145, "lang": "es", "emoticons": [], "user_id": 116879341, "coordinates": null, "source": "Facebook", "location": "MexicoCity", "mentions": []}, {"truncated": true, "text": "Por que y complejidad para llegar\nFalta de infraestructura necesaria para un apto\nC\u2026", "hashtags": ["#NOASANTALUCIA\nLejan\u00eda"], "topic": "infrastructure", "tweet_urls": ["https://t.co/UyX4xtKACB"], "date": {"hour": 21, "month": 11, "iso": "2018-11-10T21:26:31", "year": 2018, "day": 10, "minute": 26}, "geo": null, "id": 1061369536392454144, "lang": "es", "emoticons": [], "user_id": 259756827, "coordinates": null, "source": "Twitter for Android", "location": "MexicoCity", "mentions": ["@2818KM1"]}, {"truncated": true, "text": "A lo mejor tienen un punto; pero su pa\u00eds no tienen la infraestructura que tiene Mexico. Son muchos \u00e1ng\u2026", "hashtags": [], "topic": "infrastructure", "tweet_urls": ["https://t.co/a7s2QDO0EM"], "date": {"hour": 21, "month": 11, "iso": "2018-11-10T21:04:05", "year": 2018, "day": 10, "minute": 4}, "geo": null, "id": 1061363890712428544, "lang": "es", "emoticons": [], "user_id": 322311549, "coordinates": null, "source": "Twitter for iPhone", "location": "MexicoCity", "mentions": ["@ExpansionMx"]}, {"truncated": true, "text": "Ya lo hab\u00eda comentado y ahora lo han marcado m\u00e1s, infortunadamente as\u00ed la situaci\u00f3n, yo prefiero una buena infraest\u2026", "hashtags": [], "topic": "infrastructure", "tweet_urls": ["https://t.co/McZipvqigv"], "date": {"hour": 20, "month": 11, "iso": "2018-11-10T20:53:54", "year": 2018, "day": 10, "minute": 53}, "geo": null, "id": 1061361329838133250, "lang": "es", "emoticons": [], "user_id": 75321505, "coordinates": null, "source": "Facebook", "location": "MexicoCity", "mentions": []}, {"truncated": true, "text": "Y la \u00fanica manera de generar cultura e infraestructura incluyentes es\u2026", "hashtags": [], "topic": "infrastructure", "tweet_urls": ["https://t.co/2eFuN3eTqX"], "date": {"hour": 20, "month": 11, "iso": "2018-11-10T20:47:14", "year": 2018, "day": 10, "minute": 47}, "geo": null, "id": 1061359652674379781, "lang": "es", "emoticons": [], "user_id": 75701161, "coordinates": null, "source": "Twitter for Android", "location": "MexicoCity", "mentions": ["@patriciofer1973", "@Tonkarazmilic", "@LavinJoaquin"]}, {"truncated": true, "text": "El espectro es de la naci\u00f3n m\u00e1s no la infrestructura. Telmex\u2026", "hashtags": [], "topic": "infrastructure", "tweet_urls": ["https://t.co/EA9q4tBAma"], "date": {"hour": 20, "month": 11, "iso": "2018-11-10T20:16:34", "year": 2018, "day": 10, "minute": 16}, "geo": null, "id": 1061351931736702977, "lang": "es", "emoticons": [], "user_id": 46781797, "coordinates": null, "source": "Twitter for Android", "location": "MexicoCity", "mentions": ["@pology1973", "@marcoan13599105", "@RicardoMonrealA", "@Telmex"]}, {"truncated": true, "text": "PHP Microservices. La era de los sistemas descentralizados que optimizan los recursos de infraestructura a gran esc\u2026", "hashtags": [], "topic": "infrastructure", "tweet_urls": ["https://t.co/PWESC2M4VI"], "date": {"hour": 20, "month": 11, "iso": "2018-11-10T20:05:14", "year": 2018, "day": 10, "minute": 5}, "geo": null, "id": 1061349082428395521, "lang": "es", "emoticons": [], "user_id": 1047690120164343808, "coordinates": null, "source": "LinkedIn", "location": "MexicoCity", "mentions": []}, {"truncated": true, "text": "La empresa Koch comenzar\u00e1 a importar gasolina Magna y Premium para abastecer la demanda nacional; para esto Koch tr\u2026", "hashtags": [], "topic": "infrastructure", "tweet_urls": ["https://t.co/V7d1yLFCVn"], "date": {"hour": 19, "month": 11, "iso": "2018-11-10T19:45:10", "year": 2018, "day": 10, "minute": 45}, "geo": null, "id": 1061344031068819456, "lang": "es", "emoticons": [], "user_id": 939196715764277248, "coordinates": null, "source": "Twitter for iPhone", "location": "MexicoCity", "mentions": []}, {"truncated": true, "text": "Forma parte de la lista de Peritos Profesionales Certificados en Gerencia de Proyectos de Infraestructura \nRevisa l\u2026", "hashtags": [], "topic": "infrastructure", "tweet_urls": ["https://t.co/B4dH5F4Rdc"], "date": {"hour": 19, "month": 11, "iso": "2018-11-10T19:06:31", "year": 2018, "day": 10, "minute": 6}, "geo": null, "id": 1061334304062619648, "lang": "es", "emoticons": [], "user_id": 314220707, "coordinates": null, "source": "Twitter Web Client", "location": "MexicoCity", "mentions": []}, {"truncated": true, "text": "Mira la realidad es q es un tema basto , q son v\u00e1lidos cada punto de vista y nosotros los especialista\u2026", "hashtags": [], "topic": "infrastructure", "tweet_urls": ["https://t.co/35WuC8plhJ"], "date": {"hour": 18, "month": 11, "iso": "2018-11-10T18:14:22", "year": 2018, "day": 10, "minute": 14}, "geo": null, "id": 1061321180764872709, "lang": "es", "emoticons": [], "user_id": 22442000, "coordinates": null, "source": "Twitter for iPhone", "location": "MexicoCity", "mentions": ["@la_go_mess"]}, {"truncated": true, "text": "\u00danete al equipo de profesionales inmobiliarios. \nCENTURY 21 APOLO te ofrece la oportunidad de ser un profesional in\u2026", "hashtags": [], "topic": "infrastructure", "tweet_urls": ["https://t.co/Ic12zzh59N"], "date": {"hour": 18, "month": 11, "iso": "2018-11-10T18:04:39", "year": 2018, "day": 10, "minute": 4}, "geo": null, "id": 1061318735968026626, "lang": "es", "emoticons": [], "user_id": 180650845, "coordinates": null, "source": "Facebook", "location": "MexicoCity", "mentions": []}, {"truncated": true, "text": "Y terminales apa? Y los hangares? Y las aduanas y las oficinas administrativas y la infraestructura para pasajeros?\u2026", "hashtags": [], "topic": "infrastructure", "tweet_urls": ["https://t.co/uAOfeTwibx"], "date": {"hour": 17, "month": 11, "iso": "2018-11-10T17:56:37", "year": 2018, "day": 10, "minute": 56}, "geo": null, "id": 1061316714883936258, "lang": "es", "emoticons": [], "user_id": 168198217, "coordinates": null, "source": "Twitter for Android", "location": "MexicoCity", "mentions": []}, {"truncated": true, "text": "Si lo q quer\u00eda era acabar con esa corrupci\u00f3n, no era necesario cancelar una infraestructura q le iba a d\u2026", "hashtags": [], "topic": "infrastructure", "tweet_urls": ["https://t.co/WwlEFFAu7z"], "date": {"hour": 17, "month": 11, "iso": "2018-11-10T17:06:04", "year": 2018, "day": 10, "minute": 6}, "geo": null, "id": 1061303992712609793, "lang": "es", "emoticons": [], "user_id": 202745019, "coordinates": null, "source": "Twitter for Android", "location": "MexicoCity", "mentions": ["@jramiroMX"]}, {"truncated": true, "text": "y tal vez de esa manera mejorar\u00eda su infraestructura, pero ya vali\u00f3 madres, y no s\u00e9 si realmente conozcan el punto\u2026", "hashtags": [], "topic": "infrastructure", "tweet_urls": ["https://t.co/BMqsLjVYM0"], "date": {"hour": 16, "month": 11, "iso": "2018-11-10T16:50:22", "year": 2018, "day": 10, "minute": 50}, "geo": null, "id": 1061300040331743234, "lang": "es", "emoticons": [], "user_id": 127742650, "coordinates": null, "source": "Twitter for Android", "location": "MexicoCity", "mentions": []}, {"truncated": false, "text": "Quirino Ordaz y Jim\u00e9nez Espri\u00fa tratan proyectos de para Sinaloa", "hashtags": ["#infraestructura"], "topic": "infrastructure", "tweet_urls": ["https://t.co/R7k0EZYjTO", "https://t.co/fYMVybNCIc"], "date": {"hour": 16, "month": 11, "iso": "2018-11-10T16:31:31", "year": 2018, "day": 10, "minute": 31}, "geo": null, "id": 1061295296871833600, "lang": "es", "emoticons": [], "user_id": 2841215248, "coordinates": null, "source": "Twitter for iPhone", "location": "MexicoCity", "mentions": []}, {"truncated": true, "text": "EU financiar\u00e1 con 18 mdd infraestructura hidroagr\u00edcola en BC y Sonora a cambio de que M\u00e9xico le d\u00e9 153 m\u2026", "hashtags": ["#SabiasQue"], "topic": "infrastructure", "tweet_urls": ["https://t.co/byBaoxLJPr"], "date": {"hour": 16, "month": 11, "iso": "2018-11-10T16:30:14", "year": 2018, "day": 10, "minute": 30}, "geo": null, "id": 1061294975332335616, "lang": "es", "emoticons": [], "user_id": 91628518, "coordinates": null, "source": "Hootsuite Inc.", "location": "MexicoCity", "mentions": []}, {"truncated": true, "text": "La bancarizaci\u00f3n ayuda al desarrollo de un pa\u00eds financiando infraestruct\u2026", "hashtags": [], "topic": "infrastructure", "tweet_urls": ["https://t.co/DJGQIeGfqm"], "date": {"hour": 15, "month": 11, "iso": "2018-11-10T15:18:52", "year": 2018, "day": 10, "minute": 18}, "geo": null, "id": 1061277016257912832, "lang": "es", "emoticons": [], "user_id": 234080979, "coordinates": null, "source": "Twitter for Android", "location": "MexicoCity", "mentions": ["@GerardoAyala", "@optomac", "@ezecarsi", "@Sebas_RM"]}, {"truncated": true, "text": "Es la idea. \u00bfY alguna ley te oblig\u00f3 a ello? No.\n\nEso s\u00ed, la reforma en Telecomunicaci\u00f3n te dio m\u00e1s op\u2026", "hashtags": [], "topic": "infrastructure", "tweet_urls": ["https://t.co/StoIf641Y3"], "date": {"hour": 14, "month": 11, "iso": "2018-11-10T14:18:44", "year": 2018, "day": 10, "minute": 18}, "geo": null, "id": 1061261880205832192, "lang": "es", "emoticons": [], "user_id": 64931248, "coordinates": null, "source": "Twitter for Android", "location": "MexicoCity", "mentions": ["@WeritaGoldie"]}, {"truncated": false, "text": "M\u00e9xico tiene capacidad de ofrecer trabajo a migrantes centroamericanos: Alejandro Solalinde\nhttps://t.co/wQhN56Toda", "hashtags": [], "topic": "infrastructure", "tweet_urls": [], "date": {"hour": 14, "month": 11, "iso": "2018-11-10T14:00:02", "year": 2018, "day": 10, "minute": 0}, "geo": null, "id": 1061257176402976768, "lang": "es", "emoticons": ["\ud83d\udc49"], "user_id": 490151722, "coordinates": null, "source": "TweetDeck", "location": "MexicoCity", "mentions": []}, {"truncated": true, "text": "Los de clase media pagan la infraestructura de la que te vales... No seas y ve a limpiarle\u2026", "hashtags": ["#VeroLaPendeja"], "topic": "infrastructure", "tweet_urls": ["https://t.co/IsdA4uKizu"], "date": {"hour": 13, "month": 11, "iso": "2018-11-10T13:14:57", "year": 2018, "day": 10, "minute": 14}, "geo": null, "id": 1061245828931772418, "lang": "es", "emoticons": [], "user_id": 269725878, "coordinates": null, "source": "Twitter for Android", "location": "MexicoCity", "mentions": ["@lovrega"]}, {"truncated": true, "text": "As\u00ed lo hacen a trav\u00e9s de fibras.\nLas fibras son fideicomisos qu\u2026", "hashtags": [], "topic": "infrastructure", "tweet_urls": ["https://t.co/rbGkBgg6UY"], "date": {"hour": 5, "month": 11, "iso": "2018-11-10T05:08:34", "year": 2018, "day": 10, "minute": 8}, "geo": null, "id": 1061123426985873408, "lang": "es", "emoticons": [], "user_id": 284055814, "coordinates": null, "source": "Twitter for Android", "location": "MexicoCity", "mentions": ["@rigoloveO", "@israel_tena", "@avestruzeterea", "@econokafka"]}, {"truncated": true, "text": "La idea es justo hacer una ciudad principa\u2026", "hashtags": [], "topic": "infrastructure", "tweet_urls": ["https://t.co/nWa9g018FC"], "date": {"hour": 5, "month": 11, "iso": "2018-11-10T05:04:18", "year": 2018, "day": 10, "minute": 4}, "geo": null, "id": 1061122353265041408, "lang": "es", "emoticons": [], "user_id": 42931621, "coordinates": null, "source": "Twitter for iPhone", "location": "MexicoCity", "mentions": ["@LillyCMO", "@cordeliaserrano", "@CarlosV28512787", "@SoyObregonense_", "@AlcaldiaAO"]}, {"truncated": true, "text": "Dato curioso:\nLos bonos que compran las afores, son para financ\u2026", "hashtags": [], "topic": "infrastructure", "tweet_urls": ["https://t.co/qjL2QuqKp4"], "date": {"hour": 4, "month": 11, "iso": "2018-11-10T04:01:14", "year": 2018, "day": 10, "minute": 1}, "geo": null, "id": 1061106480860999680, "lang": "es", "emoticons": [], "user_id": 284055814, "coordinates": null, "source": "Twitter for Android", "location": "MexicoCity", "mentions": ["@rigoloveO", "@israel_tena", "@avestruzeterea", "@econokafka"]}, {"truncated": false, "text": "Los por de red aumentar\u00e1n en m\u00e1s de 25.000 millones de aqu\u00ed a 2022\nhttps://t.co/K4cmfYLe5L", "hashtags": ["#ingresos", "#infraestructura", "#5G"], "topic": "infrastructure", "tweet_urls": [], "date": {"hour": 4, "month": 11, "iso": "2018-11-10T04:00:00", "year": 2018, "day": 10, "minute": 0}, "geo": null, "id": 1061106172432969729, "lang": "es", "emoticons": [], "user_id": 240118688, "coordinates": null, "source": "TweetDeck", "location": "MexicoCity", "mentions": []}, {"truncated": true, "text": "No hay infraestructura ni lugares para hacer eso. Dejale eso a Lond\u2026", "hashtags": [], "topic": "infrastructure", "tweet_urls": ["https://t.co/TXd9GBvBHt"], "date": {"hour": 3, "month": 11, "iso": "2018-11-10T03:38:42", "year": 2018, "day": 10, "minute": 38}, "geo": null, "id": 1061100810766036992, "lang": "es", "emoticons": [], "user_id": 137575915, "coordinates": null, "source": "Twitter for Android", "location": "MexicoCity", "mentions": ["@rosquilla__", "@LuisChivo", "@OmarVV9", "@record_mexico"]}, {"truncated": false, "text": "Ejercer\u00e1 m\u00f3dulo Santa Rosa 8 millones pesos para modernizaci\u00f3n de\u00a0infraestructura", "hashtags": [], "topic": "infrastructure", "tweet_urls": ["https://t.co/wYujxc3WbX"], "date": {"hour": 3, "month": 11, "iso": "2018-11-10T03:23:50", "year": 2018, "day": 10, "minute": 23}, "geo": null, "id": 1061097072441679872, "lang": "es", "emoticons": [], "user_id": 30079695, "coordinates": null, "source": "WordPress.com", "location": "MexicoCity", "mentions": []}, {"truncated": true, "text": "Lea usted el reciente reporte de inclusi\u00f3n financiera, se dar\u00e1 cuenta que los bancos no les atrae, i\u2026", "hashtags": [], "topic": "infrastructure", "tweet_urls": ["https://t.co/YFkba9SLfI"], "date": {"hour": 3, "month": 11, "iso": "2018-11-10T03:15:28", "year": 2018, "day": 10, "minute": 15}, "geo": null, "id": 1061094964753584128, "lang": "es", "emoticons": [], "user_id": 112890440, "coordinates": null, "source": "Twitter for iPhone", "location": "MexicoCity", "mentions": ["@SOYCarlosMota"]}, {"truncated": true, "text": "| Pese a que 'Visi\u00f3n Cero' logr\u00f3 reducir 20% la incidencia de muertes por hechos de tr\u00e1nsito, su\u2026", "hashtags": ["#Investigaci\u00f3nEBD"], "topic": "infrastructure", "tweet_urls": ["https://t.co/v9AZeCRemk"], "date": {"hour": 2, "month": 11, "iso": "2018-11-10T02:40:00", "year": 2018, "day": 10, "minute": 40}, "geo": null, "id": 1061086039299813378, "lang": "es", "emoticons": [], "user_id": 2826319492, "coordinates": null, "source": "TweetDeck", "location": "MexicoCity", "mentions": []}, {"truncated": false, "text": "Tienes hoy IMSS la mejor y m\u00e1s amplia infraestructura de su historia", "hashtags": [], "topic": "infrastructure", "tweet_urls": ["https://t.co/FBmWLJF7Gp", "https://t.co/wTlhdTTTHf"], "date": {"hour": 2, "month": 11, "iso": "2018-11-10T02:30:10", "year": 2018, "day": 10, "minute": 30}, "geo": null, "id": 1061083564446547974, "lang": "es", "emoticons": [], "user_id": 84145015, "coordinates": null, "source": "Postcron App", "location": "MexicoCity", "mentions": []}, {"truncated": true, "text": "En nuestros servicio de te ofrecemos la implementaci\u00f3n de para el monitoreo de la infraestructu\u2026", "hashtags": ["#opensource", "#nagios"], "topic": "infrastructure", "tweet_urls": ["https://t.co/ZOtYb6aKHR"], "date": {"hour": 1, "month": 11, "iso": "2018-11-10T01:16:20", "year": 2018, "day": 10, "minute": 16}, "geo": null, "id": 1061064986091495424, "lang": "es", "emoticons": [], "user_id": 1059542784871485440, "coordinates": null, "source": "Twitter Web Client", "location": "MexicoCity", "mentions": []}, {"truncated": true, "text": "\u00danete al equipo de profesionales inmobiliarios. \nCENTURY 21 APOLO te ofrece la oportunidad de ser un profesional in\u2026", "hashtags": [], "topic": "infrastructure", "tweet_urls": ["https://t.co/7WfG2gyIWn"], "date": {"hour": 0, "month": 11, "iso": "2018-11-10T00:59:53", "year": 2018, "day": 10, "minute": 59}, "geo": null, "id": 1061060845629784064, "lang": "es", "emoticons": [], "user_id": 180650845, "coordinates": null, "source": "Facebook", "location": "MexicoCity", "mentions": []}, {"truncated": true, "text": "No se le hab\u00eda dado mantenimiento a esta parte del sistema desde 1982. Como en muchas ocasiones, la infraestructura\u2026", "hashtags": [], "topic": "infrastructure", "tweet_urls": ["https://t.co/56HzaopSIN"], "date": {"hour": 22, "month": 11, "iso": "2018-11-09T22:40:00", "year": 2018, "day": 9, "minute": 40}, "geo": null, "id": 1061025641691258880, "lang": "es", "emoticons": [], "user_id": 948683648, "coordinates": null, "source": "TweetDeck", "location": "MexicoCity", "mentions": []}, {"truncated": false, "text": "Aspectos de los contratos de infraestructura aeroportuaria (primera parte) | Aviaci\u00f3n 21 v\u00eda", "hashtags": [], "topic": "infrastructure", "tweet_urls": ["https://t.co/bIMpKe7erf"], "date": {"hour": 22, "month": 11, "iso": "2018-11-09T22:05:07", "year": 2018, "day": 9, "minute": 5}, "geo": null, "id": 1061016861893160965, "lang": "es", "emoticons": [], "user_id": 191153223, "coordinates": null, "source": "Hootsuite Inc.", "location": "MexicoCity", "mentions": ["@aviacion21"]}, {"truncated": false, "text": "M\u00e9xico tiene capacidad de ofrecer trabajo a migrantes centroamericanos: Alejandro Solalinde\nhttps://t.co/wQhN56BNlC", "hashtags": [], "topic": "infrastructure", "tweet_urls": [], "date": {"hour": 22, "month": 11, "iso": "2018-11-09T22:00:00", "year": 2018, "day": 9, "minute": 0}, "geo": null, "id": 1061015576926138368, "lang": "es", "emoticons": ["\ud83d\udc49"], "user_id": 490151722, "coordinates": null, "source": "TweetDeck", "location": "MexicoCity", "mentions": []}, {"truncated": true, "text": "Solo empresas serias y con experiencia participaran en licitaci\u00f3n de refiner\u00eda de Tabasco: pr\u00f3x\u2026", "hashtags": ["#Mexico"], "topic": "infrastructure", "tweet_urls": ["https://t.co/pFuIe4srlV"], "date": {"hour": 21, "month": 11, "iso": "2018-11-09T21:45:04", "year": 2018, "day": 9, "minute": 45}, "geo": null, "id": 1061011818284490753, "lang": "es", "emoticons": [], "user_id": 2482888046, "coordinates": null, "source": "Hootsuite Inc.", "location": "MexicoCity", "mentions": ["@rocionahle"]}, {"truncated": true, "text": "Manejando y usando el tel\u00e9fono, por eso se necesita infraestructura para proteger al peat\u00f3n de automovilistas como\u2026", "hashtags": [], "topic": "infrastructure", "tweet_urls": ["https://t.co/4IyDXzbvtZ"], "date": {"hour": 21, "month": 11, "iso": "2018-11-09T21:42:17", "year": 2018, "day": 9, "minute": 42}, "geo": null, "id": 1061011116854263809, "lang": "es", "emoticons": [], "user_id": 2516028698, "coordinates": null, "source": "Twitter for Android", "location": "MexicoCity", "mentions": []}, {"truncated": true, "text": "La Direcci\u00f3n de Infraestructura y Edificaci\u00f3n trabajo en el acondicionamiento del camino al CECYTEM de la comunidad\u2026", "hashtags": [], "topic": "infrastructure", "tweet_urls": ["https://t.co/afeJbBsyxC"], "date": {"hour": 21, "month": 11, "iso": "2018-11-09T21:28:25", "year": 2018, "day": 9, "minute": 28}, "geo": null, "id": 1061007626014744576, "lang": "es", "emoticons": [], "user_id": 143955704, "coordinates": null, "source": "Sprout Social", "location": "MexicoCity", "mentions": []}, {"truncated": true, "text": "Conocemos las necesidades de nuestro municipio, por ello, la Direcci\u00f3n de Infraestructura realiz\u00f3 entrega de block\u2026", "hashtags": [], "topic": "infrastructure", "tweet_urls": ["https://t.co/eDIoyBHqyc"], "date": {"hour": 21, "month": 11, "iso": "2018-11-09T21:00:14", "year": 2018, "day": 9, "minute": 0}, "geo": null, "id": 1061000533153140736, "lang": "es", "emoticons": [], "user_id": 143955704, "coordinates": null, "source": "Sprout Social", "location": "MexicoCity", "mentions": []}, {"truncated": false, "text": "Invertir\u00e1n 667 mdp en infraestructura en frontera de Sonora\n\n", "hashtags": [], "topic": "infrastructure", "tweet_urls": ["https://t.co/2kd8vWLGgr", "https://t.co/LX86dysswS"], "date": {"hour": 21, "month": 11, "iso": "2018-11-09T21:00:01", "year": 2018, "day": 9, "minute": 0}, "geo": null, "id": 1061000479323373574, "lang": "es", "emoticons": ["\ud83d\udc49"], "user_id": 37705479, "coordinates": null, "source": "Media Studio", "location": "MexicoCity", "mentions": []}, {"truncated": true, "text": "55% de los votos emitidos en Texcoco sufragaron a favor de continuar el Los habitantes quer\u00edan ese gigantesc\u2026", "hashtags": ["#NAIM."], "topic": "infrastructure", "tweet_urls": ["https://t.co/0g9BrwKhnn"], "date": {"hour": 20, "month": 11, "iso": "2018-11-09T20:55:06", "year": 2018, "day": 9, "minute": 55}, "geo": null, "id": 1060999243840847872, "lang": "es", "emoticons": [], "user_id": 91628518, "coordinates": null, "source": "Hootsuite Inc.", "location": "MexicoCity", "mentions": []}, {"truncated": false, "text": "IP apuesta por en megarregi\u00f3n", "hashtags": ["#infraestructura"], "topic": "infrastructure", "tweet_urls": ["https://t.co/l1dpwyjJbY"], "date": {"hour": 20, "month": 11, "iso": "2018-11-09T20:37:32", "year": 2018, "day": 9, "minute": 37}, "geo": null, "id": 1060994820422885376, "lang": "es", "emoticons": [], "user_id": 2841215248, "coordinates": null, "source": "Twitter for iPhone", "location": "MexicoCity", "mentions": []}, {"truncated": true, "text": "\u00bfQue no ves que aqu\u00ed no es amsterdam? \u00c1mst\u2026", "hashtags": [], "topic": "infrastructure", "tweet_urls": ["https://t.co/nu8PYQqczU"], "date": {"hour": 19, "month": 11, "iso": "2018-11-09T19:52:32", "year": 2018, "day": 9, "minute": 52}, "geo": null, "id": 1060983497849036807, "lang": "es", "emoticons": [], "user_id": 16522031, "coordinates": null, "source": "Twitter for Android", "location": "MexicoCity", "mentions": ["@achevasixty", "@DeOtra_Luna", "@ferfisfer", "@luillo", "@AlasdeCatarina", "@MayaEnBici"]}, {"truncated": false, "text": "Esos millones de pesos para mejorar infraestructura p\u00fablica, escuelas, hospitales, transporte p\u00fablico, aeropuerto,", "hashtags": [], "topic": "infrastructure", "tweet_urls": [], "date": {"hour": 19, "month": 11, "iso": "2018-11-09T19:22:40", "year": 2018, "day": 9, "minute": 22}, "geo": null, "id": 1060975980183990272, "lang": "es", "emoticons": [], "user_id": 56908586, "coordinates": null, "source": "Twitter for Android", "location": "MexicoCity", "mentions": ["@fmartinmoreno"]}, {"truncated": true, "text": "En los pr\u00f3ximos 10 a\u00f1os en Baja California se requerir\u00e1 aproximadamente 25 mil viviendas, as\u00ed como un incremento im\u2026", "hashtags": [], "topic": "infrastructure", "tweet_urls": ["https://t.co/X5aoGOnIQh"], "date": {"hour": 19, "month": 11, "iso": "2018-11-09T19:15:44", "year": 2018, "day": 9, "minute": 15}, "geo": null, "id": 1060974236464869376, "lang": "es", "emoticons": [], "user_id": 143939773, "coordinates": null, "source": "Twitter Web Client", "location": "MexicoCity", "mentions": []}, {"truncated": true, "text": "Gracias contador por el impulso y reactivaci\u00f3n del ciclismo mexiquense. Gran inversi\u00f3n en material\u2026", "hashtags": [], "topic": "infrastructure", "tweet_urls": ["https://t.co/wfJo1ZloBY"], "date": {"hour": 19, "month": 11, "iso": "2018-11-09T19:08:11", "year": 2018, "day": 9, "minute": 8}, "geo": null, "id": 1060972335908507649, "lang": "es", "emoticons": [], "user_id": 790702957222170624, "coordinates": null, "source": "Twitter for iPhone", "location": "MexicoCity", "mentions": ["@carlosacraalva"]}, {"truncated": true, "text": "Que basura las palabras de la\u2026", "hashtags": ["#Cochebaum.\n\n\"Apoyamos"], "topic": "infrastructure", "tweet_urls": ["https://t.co/vppeIoPPPl"], "date": {"hour": 18, "month": 11, "iso": "2018-11-09T18:57:09", "year": 2018, "day": 9, "minute": 57}, "geo": null, "id": 1060969561456107520, "lang": "es", "emoticons": [], "user_id": 16522031, "coordinates": null, "source": "Twitter for Android", "location": "MexicoCity", "mentions": ["@manuu_tr", "@andreslajous", "@Claudiashein", "@Bicitekas", "@Claudiashein"]}, {"truncated": true, "text": "Y el estudio Ejecutivo aprobado por la IATA, y el resto de la infraestructura, torre de control, v\u00ed\u2026", "hashtags": [], "topic": "infrastructure", "tweet_urls": ["https://t.co/uVC37vtbiu"], "date": {"hour": 18, "month": 11, "iso": "2018-11-09T18:56:00", "year": 2018, "day": 9, "minute": 56}, "geo": null, "id": 1060969272074293258, "lang": "es", "emoticons": [], "user_id": 195539176, "coordinates": null, "source": "Twitter Web Client", "location": "MexicoCity", "mentions": ["@Mexicanotitlan"]}, {"truncated": true, "text": "saludos. Quiero hacer monograf\u00edas sobre islas mexicanas, iniciando con Guadalupe, Baja California. Nec\u2026", "hashtags": [], "topic": "infrastructure", "tweet_urls": ["https://t.co/vLVuHQeWpx"], "date": {"hour": 18, "month": 11, "iso": "2018-11-09T18:50:33", "year": 2018, "day": 9, "minute": 50}, "geo": null, "id": 1060967897210781696, "lang": "es", "emoticons": [], "user_id": 287445615, "coordinates": null, "source": "Twitter for Android", "location": "MexicoCity", "mentions": ["@MarinaSoy1,"]}, {"truncated": true, "text": "Despu\u00e9s de la \"consulta\" que cancel\u00f3 la obra de infraestructura m\u00e1s importante en la historia reciente del pa\u00eds, di\u2026", "hashtags": [], "topic": "infrastructure", "tweet_urls": ["https://t.co/OSfNkhlb3F"], "date": {"hour": 18, "month": 11, "iso": "2018-11-09T18:49:56", "year": 2018, "day": 9, "minute": 49}, "geo": null, "id": 1060967744378552320, "lang": "es", "emoticons": [], "user_id": 98249317, "coordinates": null, "source": "Twitter for Android", "location": "MexicoCity", "mentions": []}, {"truncated": true, "text": "Cuidado a la infraestructura vial y actualizar programas para renovar la flota vehicular, piden CANACAR, ANTP y Con\u2026", "hashtags": [], "topic": "infrastructure", "tweet_urls": ["https://t.co/ybSAbdMObY"], "date": {"hour": 18, "month": 11, "iso": "2018-11-09T18:17:57", "year": 2018, "day": 9, "minute": 17}, "geo": null, "id": 1060959693537914880, "lang": "es", "emoticons": [], "user_id": 2608718822, "coordinates": null, "source": "Twitter Web Client", "location": "MexicoCity", "mentions": []}, {"truncated": true, "text": "Sin duda. Y ya hay primeros esfuerzos de para ese objetivo, con s\u2026", "hashtags": [], "topic": "infrastructure", "tweet_urls": ["https://t.co/eUA0kqDXbD"], "date": {"hour": 17, "month": 11, "iso": "2018-11-09T17:41:44", "year": 2018, "day": 9, "minute": 41}, "geo": null, "id": 1060950582247202816, "lang": "es", "emoticons": [], "user_id": 1024747965313777664, "coordinates": null, "source": "Twitter for Android", "location": "MexicoCity", "mentions": ["@javiersilvar", "@La_network", "@SHFoficial", "@SHFoficial"]}, {"truncated": true, "text": "\u00bfPara cuando la mejor\u00eda de la infraestructura terrestre?\n\nVeo mucha cr\u00edtica y ardor por un aeropuerto, pero no veo\u2026", "hashtags": [], "topic": "infrastructure", "tweet_urls": ["https://t.co/GXUIPdJlRD"], "date": {"hour": 17, "month": 11, "iso": "2018-11-09T17:31:53", "year": 2018, "day": 9, "minute": 31}, "geo": null, "id": 1060948099797934080, "lang": "es", "emoticons": [], "user_id": 177884803, "coordinates": null, "source": "Twitter for Android", "location": "MexicoCity", "mentions": []}, {"truncated": true, "text": "destaca infraestructura del Seguro Social. Que bueno, se han hehco cosas muy buenas, m\u00e9dicos excelentes, hay u\u2026", "hashtags": [], "topic": "infrastructure", "tweet_urls": ["https://t.co/1uLCokFJTW"], "date": {"hour": 17, "month": 11, "iso": "2018-11-09T17:02:29", "year": 2018, "day": 9, "minute": 2}, "geo": null, "id": 1060940701075156992, "lang": "es", "emoticons": [], "user_id": 996778734324723714, "coordinates": null, "source": "Twitter Web Client", "location": "MexicoCity", "mentions": ["@EPN"]}, {"truncated": true, "text": "| Pese a que 'Visi\u00f3n Cero' logr\u00f3 reducir 20% la incidencia de muertes por hechos de tr\u00e1nsito, su\u2026", "hashtags": ["#Investigaci\u00f3nEBD"], "topic": "infrastructure", "tweet_urls": ["https://t.co/86c1kDE8A5"], "date": {"hour": 16, "month": 11, "iso": "2018-11-09T16:51:47", "year": 2018, "day": 9, "minute": 51}, "geo": null, "id": 1060938011016343559, "lang": "es", "emoticons": [], "user_id": 2826319492, "coordinates": null, "source": "Twitter Web Client", "location": "MexicoCity", "mentions": []}, {"truncated": true, "text": "Cada uno de los costos, no s\u00e9. Yo no me atrever\u00eda a suponer que solo tiene que ver con eso. Infraestructura\u2026", "hashtags": [], "topic": "infrastructure", "tweet_urls": ["https://t.co/m7bz6Jx63H"], "date": {"hour": 16, "month": 11, "iso": "2018-11-09T16:40:39", "year": 2018, "day": 9, "minute": 40}, "geo": null, "id": 1060935208676048896, "lang": "es", "emoticons": [], "user_id": 59886443, "coordinates": null, "source": "Twitter for iPhone", "location": "MexicoCity", "mentions": ["@calm77"]}, {"truncated": true, "text": "Mira, por ejemplo a Don Carlos, que vive en Alfonso XIII, u\u2026", "hashtags": [], "topic": "infrastructure", "tweet_urls": ["https://t.co/H950j8GogW"], "date": {"hour": 16, "month": 11, "iso": "2018-11-09T16:34:06", "year": 2018, "day": 9, "minute": 34}, "geo": null, "id": 1060933560847097856, "lang": "es", "emoticons": [], "user_id": 869258989, "coordinates": null, "source": "Twitter for Android", "location": "MexicoCity", "mentions": ["@JulianIsidroAd", "@olguin_rob", "@LasAguilasCDMX", "@AlcaldiaAO"]}, {"truncated": false, "text": "Y supongo que con mejores condiciones de infraestructura o de materiales ser\u00eda a\u00fan mejor para el programa.", "hashtags": [], "topic": "infrastructure", "tweet_urls": [], "date": {"hour": 16, "month": 11, "iso": "2018-11-09T16:12:45", "year": 2018, "day": 9, "minute": 12}, "geo": null, "id": 1060928188828844033, "lang": "es", "emoticons": [], "user_id": 35619075, "coordinates": null, "source": "Twitter Web Client", "location": "MexicoCity", "mentions": ["@BrunoPriego"]}, {"truncated": true, "text": "CFE Calificados estim\u00f3 que los costos de generaci\u00f3n el\u00e9ctrica descender\u00e1n hasta 30% con la entrada en operaci\u00f3n de\u2026", "hashtags": [], "topic": "infrastructure", "tweet_urls": ["https://t.co/1FAzxriw9M"], "date": {"hour": 16, "month": 11, "iso": "2018-11-09T16:00:01", "year": 2018, "day": 9, "minute": 0}, "geo": null, "id": 1060924983998930944, "lang": "es", "emoticons": [], "user_id": 948683648, "coordinates": null, "source": "TweetDeck", "location": "MexicoCity", "mentions": []}, {"truncated": true, "text": "Yo tambi\u00e9n creo que no se va a hacer, la distancia, la infraestructura y lo absurdo... Pe\u2026", "hashtags": [], "topic": "infrastructure", "tweet_urls": ["https://t.co/93fxB0tI5G"], "date": {"hour": 15, "month": 11, "iso": "2018-11-09T15:45:40", "year": 2018, "day": 9, "minute": 45}, "geo": null, "id": 1060921371667107840, "lang": "es", "emoticons": [], "user_id": 780807689425162240, "coordinates": null, "source": "Twitter for Android", "location": "MexicoCity", "mentions": ["@juanburgos", "@ivette_simss"]}, {"truncated": true, "text": "Reconoce Xabier Albizuri, secretario de Infraestructura, Movilidad y Transportes (SIMT) de Puebla, que \"solo 10 con\u2026", "hashtags": [], "topic": "infrastructure", "tweet_urls": ["https://t.co/fTEnPs9dv7"], "date": {"hour": 15, "month": 11, "iso": "2018-11-09T15:20:51", "year": 2018, "day": 9, "minute": 20}, "geo": null, "id": 1060915125069201409, "lang": "es", "emoticons": [], "user_id": 170504172, "coordinates": null, "source": "Twitter for iPhone", "location": "MexicoCity", "mentions": []}, {"truncated": true, "text": "No tiene el mismo efecto, la intenci\u00f3n S\u00cd es q frenen. Es infraestructura p/garantizar la seguridad de tod\u2026", "hashtags": [], "topic": "infrastructure", "tweet_urls": ["https://t.co/kh86Y8SYJ0"], "date": {"hour": 15, "month": 11, "iso": "2018-11-09T15:18:01", "year": 2018, "day": 9, "minute": 18}, "geo": null, "id": 1060914411257450496, "lang": "es", "emoticons": [], "user_id": 2539851636, "coordinates": null, "source": "Twitter Web Client", "location": "MexicoCity", "mentions": ["@jldelos"]}, {"truncated": true, "text": "Esta infraestructura es cara, poco funcional\u2026", "hashtags": [], "topic": "infrastructure", "tweet_urls": ["https://t.co/fYzJLUvRHz"], "date": {"hour": 15, "month": 11, "iso": "2018-11-09T15:06:47", "year": 2018, "day": 9, "minute": 6}, "geo": null, "id": 1060911583948267520, "lang": "es", "emoticons": [], "user_id": 89837720, "coordinates": null, "source": "Twitter for Android", "location": "MexicoCity", "mentions": ["@cabmonjacm", "@Javier_Hidalgo", "@martibatres", "@Pat_MercadoC", "@Pilarlozanomd"]}, {"truncated": true, "text": "Industrias como la petrolera e infraestructura podr\u00edan experimentar un auge durante la pr\u00f3xima administraci\u00f3n apoya\u2026", "hashtags": [], "topic": "infrastructure", "tweet_urls": ["https://t.co/J56Sr2Mjvt"], "date": {"hour": 13, "month": 11, "iso": "2018-11-09T13:35:07", "year": 2018, "day": 9, "minute": 35}, "geo": null, "id": 1060888518501707779, "lang": "es", "emoticons": [], "user_id": 63845768, "coordinates": null, "source": "Twitter for iPhone", "location": "MexicoCity", "mentions": []}, {"truncated": true, "text": "Hoy viernes 9, te invitamos al seminario \u201cM\u00e9xico y sus aeropuertos \u00bfqu\u00e9 sigue?\u201d. A partir de las 9 am, en el sal\u00f3n\u2026", "hashtags": [], "topic": "infrastructure", "tweet_urls": ["https://t.co/brvgwPztE4"], "date": {"hour": 13, "month": 11, "iso": "2018-11-09T13:11:50", "year": 2018, "day": 9, "minute": 11}, "geo": null, "id": 1060882659646287873, "lang": "es", "emoticons": [], "user_id": 104357716, "coordinates": null, "source": "Twitter for iPhone", "location": "MexicoCity", "mentions": []}, {"truncated": true, "text": "Para el bienestar de las colonias, la Direcci\u00f3n de Infraestructura trabaja en la colocaci\u00f3n de pasamanos en andador\u2026", "hashtags": [], "topic": "infrastructure", "tweet_urls": ["https://t.co/YzfQmoIQC1"], "date": {"hour": 13, "month": 11, "iso": "2018-11-09T13:00:29", "year": 2018, "day": 9, "minute": 0}, "geo": null, "id": 1060879801177853952, "lang": "es", "emoticons": [], "user_id": 143955704, "coordinates": null, "source": "Sprout Social", "location": "MexicoCity", "mentions": []}, {"truncated": true, "text": "Pero s\u00ed las placas de los coches, la papeler\u00eda gubernamental y la infraestructura de la ciudad. Si el\u2026", "hashtags": [], "topic": "infrastructure", "tweet_urls": ["https://t.co/8C3UnxFRax"], "date": {"hour": 13, "month": 11, "iso": "2018-11-09T13:00:18", "year": 2018, "day": 9, "minute": 0}, "geo": null, "id": 1060879757200515072, "lang": "es", "emoticons": [], "user_id": 89369203, "coordinates": null, "source": "Twitter for iPhone", "location": "MexicoCity", "mentions": ["@Claudiashein"]}, {"truncated": false, "text": "Quiz\u00e1 sea de zona. Pero es frecuente que a esta hora falle. Quiz\u00e1 infraestructura, actualizaciones o mantenimiento.", "hashtags": [], "topic": "infrastructure", "tweet_urls": [], "date": {"hour": 8, "month": 11, "iso": "2018-11-09T08:18:47", "year": 2018, "day": 9, "minute": 18}, "geo": null, "id": 1060808909982711808, "lang": "es", "emoticons": [], "user_id": 141096408, "coordinates": null, "source": "Twitter for Android", "location": "MexicoCity", "mentions": ["@Nanokabina", "@infinitum"]}, {"truncated": true, "text": "Creo que es el ideal del modelo de tiempo completo. Insisto, si no hay suficientes maestros, infraestructura y mate\u2026", "hashtags": [], "topic": "infrastructure", "tweet_urls": ["https://t.co/dejAzlHF20"], "date": {"hour": 7, "month": 11, "iso": "2018-11-09T07:07:26", "year": 2018, "day": 9, "minute": 7}, "geo": null, "id": 1060790952875450368, "lang": "es", "emoticons": [], "user_id": 35619075, "coordinates": null, "source": "Twitter for iPhone", "location": "MexicoCity", "mentions": []}, {"truncated": true, "text": "A qu\u00e9 grado llega la mediocridad, un proyecto de cuarta, se ve como aeropuerto para zona rural como si no necesitar\u2026", "hashtags": [], "topic": "infrastructure", "tweet_urls": ["https://t.co/uqqgXTfDUy"], "date": {"hour": 6, "month": 11, "iso": "2018-11-09T06:20:32", "year": 2018, "day": 9, "minute": 20}, "geo": null, "id": 1060779152582705152, "lang": "es", "emoticons": [], "user_id": 141689621, "coordinates": null, "source": "Twitter for Android", "location": "MexicoCity", "mentions": []}, {"truncated": true, "text": "Sergio, entiende que ganan much\u00edsimo dinero, \u00bfpor qu\u00e9 si en otros pa\u00edses son mucho m\u00e1s bajas las c\u2026", "hashtags": [], "topic": "infrastructure", "tweet_urls": ["https://t.co/3Dys2nQyVk"], "date": {"hour": 5, "month": 11, "iso": "2018-11-09T05:41:02", "year": 2018, "day": 9, "minute": 41}, "geo": null, "id": 1060769210706595840, "lang": "es", "emoticons": [], "user_id": 976658336438464512, "coordinates": null, "source": "Twitter Web Client", "location": "MexicoCity", "mentions": ["@SergioSarmiento"]}, {"truncated": true, "text": "Infraestructura: Cuando el \u201colvido\u201d de los impactos sociales amenazan las nuevas inversiones\u2026", "hashtags": [], "topic": "infrastructure", "tweet_urls": ["https://t.co/fPvMpgL3Mm"], "date": {"hour": 5, "month": 11, "iso": "2018-11-09T05:16:07", "year": 2018, "day": 9, "minute": 16}, "geo": null, "id": 1060762938108207105, "lang": "es", "emoticons": [], "user_id": 119068602, "coordinates": null, "source": "Twitter for iPhone", "location": "MexicoCity", "mentions": []}, {"truncated": false, "text": "M\u00e9xico tiene capacidad de ofrecer trabajo a migrantes centroamericanos: Alejandro Solalinde\nhttps://t.co/wQhN56Toda", "hashtags": [], "topic": "infrastructure", "tweet_urls": [], "date": {"hour": 5, "month": 11, "iso": "2018-11-09T05:00:00", "year": 2018, "day": 9, "minute": 0}, "geo": null, "id": 1060758882773946368, "lang": "es", "emoticons": ["\ud83d\udc49"], "user_id": 490151722, "coordinates": null, "source": "TweetDeck", "location": "MexicoCity", "mentions": []}]