[{"truncated": true, "text": "I agree with the fines....the purpose of the fines is to act as a deterrent.They seem to be working already, the t\u2026", "hashtags": [], "topic": "unrest", "tweet_urls": ["https://t.co/nFvJmU81Xq"], "date": {"hour": 2, "month": 11, "iso": "2018-11-21T02:37:22", "year": 2018, "day": 21, "minute": 37}, "geo": null, "id": 1065071644589375488, "lang": "en", "emoticons": [], "user_id": 437079789, "coordinates": null, "source": "Twitter for Android", "id_str": "1065071644589375488", "mentions": [], "location": "NYC"}, {"truncated": true, "text": "I actually don\u2019t know anything about the story you were commenting on. I\u2019ll\u2026", "hashtags": [], "topic": "unrest", "tweet_urls": ["https://t.co/nrTsjmiI9e"], "date": {"hour": 2, "month": 11, "iso": "2018-11-21T02:21:44", "year": 2018, "day": 21, "minute": 21}, "geo": null, "id": 1065067709761839106, "lang": "en", "emoticons": [], "user_id": 610198888, "coordinates": null, "source": "Twitter for iPhone", "id_str": "1065067709761839106", "mentions": ["@sportspainter", "@JoePWilliams31", "@pfizer"], "location": "NYC"}, {"truncated": true, "text": "it\u2019s just so sad to see such a big number of cis whites women turn out to the langbert protest, but when other even\u2026", "hashtags": [], "topic": "unrest", "tweet_urls": ["https://t.co/08X0QMBVwh"], "date": {"hour": 2, "month": 11, "iso": "2018-11-21T02:19:24", "year": 2018, "day": 21, "minute": 19}, "geo": null, "id": 1065067123700060160, "lang": "en", "emoticons": [], "user_id": 801182713, "coordinates": null, "source": "Twitter for iPhone", "id_str": "1065067123700060160", "mentions": [], "location": "NYC"}, {"truncated": true, "text": "1st of all, the guy\u2019s wearing a burberry scarf for the cold, peacefully protesting, and has a permit. H\u2026", "hashtags": [], "topic": "unrest", "tweet_urls": ["https://t.co/a3dmYEDEBK"], "date": {"hour": 2, "month": 11, "iso": "2018-11-21T02:18:15", "year": 2018, "day": 21, "minute": 18}, "geo": null, "id": 1065066830484647937, "lang": "en", "emoticons": [], "user_id": 1305977989, "coordinates": null, "source": "Twitter for iPhone", "id_str": "1065066830484647937", "mentions": ["@JaskaranS_"], "location": "NYC"}, {"truncated": true, "text": "(who blocked me) is the same guy who called for a mass protest against newscorp but then c\u2026", "hashtags": [], "topic": "unrest", "tweet_urls": ["https://t.co/O4HEfZ8ERx"], "date": {"hour": 2, "month": 11, "iso": "2018-11-21T02:10:09", "year": 2018, "day": 21, "minute": 10}, "geo": null, "id": 1065064795332841474, "lang": "en", "emoticons": [], "user_id": 1250322626, "coordinates": null, "source": "TweetDeck", "id_str": "1065064795332841474", "mentions": ["@amber_athey", "@DavidKlion"], "location": "NYC"}, {"truncated": true, "text": "As opposed to a confirmed lackey? Ie.Rothstein.\nThey dont want an honest man there. Havent they had enough corrupt\u2026", "hashtags": [], "topic": "unrest", "tweet_urls": ["https://t.co/JKyHJHeoNS"], "date": {"hour": 1, "month": 11, "iso": "2018-11-21T01:55:03", "year": 2018, "day": 21, "minute": 55}, "geo": null, "id": 1065060995318652934, "lang": "en", "emoticons": [], "user_id": 2785682961, "coordinates": null, "source": "Facebook", "id_str": "1065060995318652934", "mentions": [], "location": "NYC"}, {"truncated": true, "text": "Ah cant nuh ah the taxi man dem weh did a protest today could never lol... P.S Come through and continue with the\u2026", "hashtags": [], "topic": "unrest", "tweet_urls": ["https://t.co/M6Jg3dCmL0"], "date": {"hour": 1, "month": 11, "iso": "2018-11-21T01:47:00", "year": 2018, "day": 21, "minute": 47}, "geo": null, "id": 1065058967502639104, "lang": "en", "emoticons": [], "user_id": 34917569, "coordinates": null, "source": "TweetDeck", "id_str": "1065058967502639104", "mentions": [], "location": "NYC"}, {"truncated": true, "text": "Do these clowns realize they\u2019ll work wherever the studio gets the best tax break?? That\u2019s why so man\u2026", "hashtags": [], "topic": "unrest", "tweet_urls": ["https://t.co/Rsq7y76utB"], "date": {"hour": 1, "month": 11, "iso": "2018-11-21T01:32:40", "year": 2018, "day": 21, "minute": 32}, "geo": null, "id": 1065055362607398912, "lang": "en", "emoticons": [], "user_id": 455151827, "coordinates": null, "source": "Twitter for iPad", "id_str": "1065055362607398912", "mentions": ["@realDailyWire"], "location": "NYC"}, {"truncated": true, "text": "'I don't give a f---, get out of my store': McDonald's faces backlash after a viral video shows worker forcing teen\u2026", "hashtags": [], "topic": "unrest", "tweet_urls": ["https://t.co/5TSuPUgIXi"], "date": {"hour": 1, "month": 11, "iso": "2018-11-21T01:26:22", "year": 2018, "day": 21, "minute": 26}, "geo": null, "id": 1065053773557583873, "lang": "en", "emoticons": [], "user_id": 101501994, "coordinates": null, "source": "Twitter for iPhone", "id_str": "1065053773557583873", "mentions": [], "location": "NYC"}, {"truncated": true, "text": "'I don't give a f---, get out of my store': McDonald's faces backlash after a viral video shows worker forcing teen\u2026", "hashtags": [], "topic": "unrest", "tweet_urls": ["https://t.co/VV0M7lJBOQ"], "date": {"hour": 0, "month": 11, "iso": "2018-11-21T00:44:55", "year": 2018, "day": 21, "minute": 44}, "geo": null, "id": 1065043342990430209, "lang": "en", "emoticons": [], "user_id": 442892813, "coordinates": null, "source": "Twitter for iPhone", "id_str": "1065043342990430209", "mentions": [], "location": "NYC"}, {"truncated": true, "text": "Same protest week after week with half the population unemployed without basic necessities and the children bei\u2026", "hashtags": [], "topic": "unrest", "tweet_urls": ["https://t.co/c1Zzk6Isny"], "date": {"hour": 0, "month": 11, "iso": "2018-11-21T00:40:54", "year": 2018, "day": 21, "minute": 40}, "geo": null, "id": 1065042334298050560, "lang": "en", "emoticons": [], "user_id": 912529159490064384, "coordinates": null, "source": "Twitter for iPhone", "id_str": "1065042334298050560", "mentions": ["@AP"], "location": "NYC"}, {"truncated": false, "text": "MAYOR OF TIJUANA CHANNELS TRUMP TO PROTEST ILLEGAL \u2018CARAVAN\u2019 IN HIS CITY via", "hashtags": [], "topic": "unrest", "tweet_urls": ["https://t.co/KgQfrO7JJF"], "date": {"hour": 0, "month": 11, "iso": "2018-11-21T00:36:38", "year": 2018, "day": 21, "minute": 36}, "geo": null, "id": 1065041261256732675, "lang": "en", "emoticons": [], "user_id": 40312094, "coordinates": null, "source": "Twitter Web Client", "id_str": "1065041261256732675", "mentions": ["@YouTube"], "location": "NYC"}, {"truncated": true, "text": "Boggles my mind how so many people can be pro second amendment and not bark a word of disgust or protest about the\u2026", "hashtags": [], "topic": "unrest", "tweet_urls": ["https://t.co/bKgkw8GShk"], "date": {"hour": 0, "month": 11, "iso": "2018-11-21T00:26:48", "year": 2018, "day": 21, "minute": 26}, "geo": null, "id": 1065038786965450753, "lang": "en", "emoticons": [], "user_id": 44445440, "coordinates": null, "source": "Twitter for iPhone", "id_str": "1065038786965450753", "mentions": [], "location": "NYC"}, {"truncated": true, "text": "I also fully agree \u2013 I canvassed for you in the final days and sincerely hope you\u2019ll rec\u2026", "hashtags": [], "topic": "unrest", "tweet_urls": ["https://t.co/00xfjckhik"], "date": {"hour": 0, "month": 11, "iso": "2018-11-21T00:02:12", "year": 2018, "day": 21, "minute": 2}, "geo": null, "id": 1065032593261961217, "lang": "en", "emoticons": [], "user_id": 57475289, "coordinates": null, "source": "Twitter for iPhone", "id_str": "1065032593261961217", "mentions": ["@JBFletcher88", "@ABrindisiNY"], "location": "NYC"}, {"truncated": true, "text": "I have read u allude to this before and I agree with u. I just am unclear how the right that (isn\u2019t\u2026", "hashtags": [], "topic": "unrest", "tweet_urls": ["https://t.co/6zUobnD8p8"], "date": {"hour": 23, "month": 11, "iso": "2018-11-20T23:56:10", "year": 2018, "day": 20, "minute": 56}, "geo": null, "id": 1065031074869362688, "lang": "en", "emoticons": [], "user_id": 951640615544074240, "coordinates": null, "source": "Twitter for iPhone", "id_str": "1065031074869362688", "mentions": ["@EllidaProject"], "location": "NYC"}, {"truncated": true, "text": "'I don't give a f---, get out of my store': McDonald's faces backlash after a viral video shows worker forcing teen\u2026", "hashtags": [], "topic": "unrest", "tweet_urls": ["https://t.co/KeowxyW77l"], "date": {"hour": 23, "month": 11, "iso": "2018-11-20T23:53:29", "year": 2018, "day": 20, "minute": 53}, "geo": null, "id": 1065030400639152131, "lang": "en", "emoticons": [], "user_id": 3432838119, "coordinates": null, "source": "Twitter for iPhone", "id_str": "1065030400639152131", "mentions": [], "location": "NYC"}, {"truncated": true, "text": "Taxi man a protest, 17 million dollar wall a build, fowl truck tun over, the exchange rate a drop....what an eventf\u2026", "hashtags": [], "topic": "unrest", "tweet_urls": ["https://t.co/wuHIZe0BHM"], "date": {"hour": 23, "month": 11, "iso": "2018-11-20T23:49:07", "year": 2018, "day": 20, "minute": 49}, "geo": null, "id": 1065029301588951042, "lang": "en", "emoticons": [], "user_id": 215099061, "coordinates": null, "source": "Twitter for iPhone", "id_str": "1065029301588951042", "mentions": [], "location": "NYC"}, {"truncated": true, "text": "If you were or are a part of the CUNY system, and you\u2019re outraged by the Amazon partnership, and you\u2019re in town Fri\u2026", "hashtags": [], "topic": "unrest", "tweet_urls": ["https://t.co/6l789ekVWA"], "date": {"hour": 23, "month": 11, "iso": "2018-11-20T23:48:22", "year": 2018, "day": 20, "minute": 48}, "geo": null, "id": 1065029112648077312, "lang": "en", "emoticons": [], "user_id": 25402167, "coordinates": null, "source": "Facebook", "id_str": "1065029112648077312", "mentions": [], "location": "NYC"}, {"truncated": true, "text": "'I don't give a f---, get out of my store': faces backlash after a viral video shows worker forcing tee\u2026", "hashtags": ["#McDonald's"], "topic": "unrest", "tweet_urls": ["https://t.co/P8lapm5YOh"], "date": {"hour": 23, "month": 11, "iso": "2018-11-20T23:40:23", "year": 2018, "day": 20, "minute": 40}, "geo": null, "id": 1065027105178697729, "lang": "en", "emoticons": [], "user_id": 462308029, "coordinates": null, "source": "Twitter for iPhone", "id_str": "1065027105178697729", "mentions": [], "location": "NYC"}, {"truncated": true, "text": "Inspired by the monumental murals on black history painted by Charles White in the 1930s &amp; 1940s, so\u2026", "hashtags": [], "topic": "unrest", "tweet_urls": ["https://t.co/FAVihFjshx"], "date": {"hour": 23, "month": 11, "iso": "2018-11-20T23:30:00", "year": 2018, "day": 20, "minute": 30}, "geo": null, "id": 1065024491980562433, "lang": "en", "emoticons": [], "user_id": 832694676968742914, "coordinates": null, "source": "Media Studio", "id_str": "1065024491980562433", "mentions": ["@carlosjaortiz"], "location": "NYC"}, {"truncated": true, "text": "I have seen people come out of on streets to protest If their color-religion-race-region was mentioned in a negativ\u2026", "hashtags": [], "topic": "unrest", "tweet_urls": ["https://t.co/WeVZiploJo"], "date": {"hour": 23, "month": 11, "iso": "2018-11-20T23:28:04", "year": 2018, "day": 20, "minute": 28}, "geo": null, "id": 1065024002488524801, "lang": "en", "emoticons": [], "user_id": 310842703, "coordinates": null, "source": "Twitter for iPhone", "id_str": "1065024002488524801", "mentions": [], "location": "NYC"}, {"truncated": true, "text": "'I don't give a f---, get out of my store': McDonald's faces backlash after a viral video shows worker forcing teen\u2026", "hashtags": [], "topic": "unrest", "tweet_urls": ["https://t.co/dp4rR1O34G"], "date": {"hour": 23, "month": 11, "iso": "2018-11-20T23:15:49", "year": 2018, "day": 20, "minute": 15}, "geo": null, "id": 1065020922770280448, "lang": "en", "emoticons": [], "user_id": 49726392, "coordinates": null, "source": "Twitter for iPhone", "id_str": "1065020922770280448", "mentions": [], "location": "NYC"}, {"truncated": true, "text": "HIGHLIGHTS for today:\n\n-Taxi Strike and Protest Continues \n\n- Salada Foods Jamaica announces a $200m investment in\u2026", "hashtags": [], "topic": "unrest", "tweet_urls": ["https://t.co/TApUoXTwaN"], "date": {"hour": 22, "month": 11, "iso": "2018-11-20T22:49:58", "year": 2018, "day": 20, "minute": 49}, "geo": null, "id": 1065014414179479554, "lang": "en", "emoticons": [], "user_id": 36084902, "coordinates": null, "source": "Twitter Web Client", "id_str": "1065014414179479554", "mentions": [], "location": "NYC"}, {"truncated": true, "text": "Like she endorsed a white man who dismiss women rights as a distraction against Native American lesbian woman, also\u2026", "hashtags": [], "topic": "unrest", "tweet_urls": ["https://t.co/DYz5kdYCwb"], "date": {"hour": 22, "month": 11, "iso": "2018-11-20T22:42:27", "year": 2018, "day": 20, "minute": 42}, "geo": null, "id": 1065012525006123008, "lang": "en", "emoticons": [], "user_id": 543780273, "coordinates": null, "source": "Twitter for Android", "id_str": "1065012525006123008", "mentions": [], "location": "NYC"}, {"truncated": true, "text": "Guess we\u2019re not racists after all, Mexicans share the same feelings...\n\nTijuana protesters chant 'Out!' at migrants\u2026", "hashtags": [], "topic": "unrest", "tweet_urls": ["https://t.co/Z3LuEBLZ2t"], "date": {"hour": 22, "month": 11, "iso": "2018-11-20T22:41:03", "year": 2018, "day": 20, "minute": 41}, "geo": null, "id": 1065012172466601984, "lang": "en", "emoticons": [], "user_id": 232690567, "coordinates": null, "source": "Twitter Web Client", "id_str": "1065012172466601984", "mentions": [], "location": "NYC"}, {"truncated": true, "text": "'I don't give a f---, get out of my store': McDonald's faces backlash after a viral video shows worker forcing teen\u2026", "hashtags": [], "topic": "unrest", "tweet_urls": ["https://t.co/moqSd4pRxv"], "date": {"hour": 22, "month": 11, "iso": "2018-11-20T22:32:24", "year": 2018, "day": 20, "minute": 32}, "geo": null, "id": 1065009996960841729, "lang": "en", "emoticons": [], "user_id": 17577495, "coordinates": null, "source": "Twitter for iPhone", "id_str": "1065009996960841729", "mentions": [], "location": "NYC"}, {"truncated": false, "text": "Targeting the messenger: Journalists on the frontline of protests \u2013 Mapping Media Freedom", "hashtags": [], "topic": "unrest", "tweet_urls": ["https://t.co/Tt7lqyLlUN"], "date": {"hour": 22, "month": 11, "iso": "2018-11-20T22:28:26", "year": 2018, "day": 20, "minute": 28}, "geo": null, "id": 1065008998196367360, "lang": "en", "emoticons": [], "user_id": 4190523327, "coordinates": null, "source": "Twitter for iPhone", "id_str": "1065008998196367360", "mentions": [], "location": "NYC"}, {"truncated": true, "text": "Clarifying note: The image pictured in the previous tweet is of the Mexican police protecting the shelter from coun\u2026", "hashtags": [], "topic": "unrest", "tweet_urls": ["https://t.co/otK1k2ZxlJ"], "date": {"hour": 22, "month": 11, "iso": "2018-11-20T22:21:25", "year": 2018, "day": 20, "minute": 21}, "geo": null, "id": 1065007231245213696, "lang": "en", "emoticons": [], "user_id": 16153562, "coordinates": null, "source": "Twitter Web Client", "id_str": "1065007231245213696", "mentions": [], "location": "NYC"}, {"truncated": true, "text": "Taxi operators withdrew their services today to protest aspects of the proposed Road Traffic Act, in particular, th\u2026", "hashtags": [], "topic": "unrest", "tweet_urls": ["https://t.co/CWhzgv6djv"], "date": {"hour": 22, "month": 11, "iso": "2018-11-20T22:08:05", "year": 2018, "day": 20, "minute": 8}, "geo": null, "id": 1065003876728913920, "lang": "en", "emoticons": [], "user_id": 40954616, "coordinates": null, "source": "TweetDeck", "id_str": "1065003876728913920", "mentions": [], "location": "NYC"}, {"truncated": true, "text": "Taxi drivers in Downtown, Kingston decided to join the protest against the police. Here are some photos provided by\u2026", "hashtags": [], "topic": "unrest", "tweet_urls": ["https://t.co/3cwasBgbKu"], "date": {"hour": 22, "month": 11, "iso": "2018-11-20T22:06:03", "year": 2018, "day": 20, "minute": 6}, "geo": null, "id": 1065003363048325121, "lang": "en", "emoticons": [], "user_id": 1057679220028174336, "coordinates": null, "source": "Twitter for iPhone", "id_str": "1065003363048325121", "mentions": [], "location": "NYC"}, {"truncated": true, "text": "You're absolutely not entitled to enjoy the freedoms America has to offer, unless you legally applie\u2026", "hashtags": [], "topic": "unrest", "tweet_urls": ["https://t.co/cRYgFyIP3W"], "date": {"hour": 21, "month": 11, "iso": "2018-11-20T21:54:50", "year": 2018, "day": 20, "minute": 54}, "geo": null, "id": 1065000541120577539, "lang": "en", "emoticons": [], "user_id": 4166548355, "coordinates": null, "source": "Twitter for iPhone", "id_str": "1065000541120577539", "mentions": ["@PheobeSpencer"], "location": "NYC"}, {"truncated": true, "text": "Foiled terrorist attack in Saint-Etienne, France, by an ISIS sympathizer who was jailed after the authorities found\u2026", "hashtags": [], "topic": "unrest", "tweet_urls": ["https://t.co/BC7cUzk0PX"], "date": {"hour": 21, "month": 11, "iso": "2018-11-20T21:52:10", "year": 2018, "day": 20, "minute": 52}, "geo": null, "id": 1064999872162668544, "lang": "en", "emoticons": [], "user_id": 22192444, "coordinates": null, "source": "Twitter Web Client", "id_str": "1064999872162668544", "mentions": [], "location": "NYC"}, {"truncated": true, "text": "this start to happen as soon as possible, please?\"\n\n#ActOnClimate\u2026", "hashtags": ["#ExtinctionRebellion\n\n\"can"], "topic": "unrest", "tweet_urls": ["https://t.co/PXyjIwqYnB"], "date": {"hour": 21, "month": 11, "iso": "2018-11-20T21:45:59", "year": 2018, "day": 20, "minute": 45}, "geo": null, "id": 1064998315081809920, "lang": "en", "emoticons": [], "user_id": 100534368, "coordinates": null, "source": "Twitter Web Client", "id_str": "1064998315081809920", "mentions": [], "location": "NYC"}, {"truncated": true, "text": "all the idiots on donut twitter were like \"errr myy god she's having a protest in Nanc\u2026", "hashtags": [], "topic": "unrest", "tweet_urls": ["https://t.co/YRUSRGcxT7"], "date": {"hour": 21, "month": 11, "iso": "2018-11-20T21:21:44", "year": 2018, "day": 20, "minute": 21}, "geo": null, "id": 1064992209785798657, "lang": "en", "emoticons": [], "user_id": 450921524, "coordinates": null, "source": "Twitter Web Client", "id_str": "1064992209785798657", "mentions": ["@OverUnderClover", "@Ocasio2018"], "location": "NYC"}, {"truncated": true, "text": "Irate residents of Eleven Miles, Bull Bay in St Thomas have again mounted roadblocks and set fire to the road to pr\u2026", "hashtags": [], "topic": "unrest", "tweet_urls": ["https://t.co/kPmWsSKcid"], "date": {"hour": 21, "month": 11, "iso": "2018-11-20T21:00:52", "year": 2018, "day": 20, "minute": 0}, "geo": null, "id": 1064986958907285504, "lang": "en", "emoticons": [], "user_id": 765705498150580224, "coordinates": null, "source": "SocialPilot.co", "id_str": "1064986958907285504", "mentions": [], "location": "NYC"}, {"truncated": true, "text": "Me embracing a new generation who kin Les Amis de\u2019l ABC and write stories about them drinking Starb\u2026", "hashtags": [], "topic": "unrest", "tweet_urls": ["https://t.co/vuU2E6cS2P"], "date": {"hour": 20, "month": 11, "iso": "2018-11-20T20:57:10", "year": 2018, "day": 20, "minute": 57}, "geo": null, "id": 1064986028937814016, "lang": "en", "emoticons": [], "user_id": 2347416956, "coordinates": null, "source": "Twitter for iPhone", "id_str": "1064986028937814016", "mentions": ["@SketchesbyBoze"], "location": "NYC"}, {"truncated": true, "text": "Most of the people demonstrating had never been to a protest before. They'd never so much as signed a petition. Man\u2026", "hashtags": [], "topic": "unrest", "tweet_urls": ["https://t.co/xqW9awx2DI"], "date": {"hour": 20, "month": 11, "iso": "2018-11-20T20:54:22", "year": 2018, "day": 20, "minute": 54}, "geo": null, "id": 1064985323028037632, "lang": "en", "emoticons": [], "user_id": 352483117, "coordinates": null, "source": "Twitter Web Client", "id_str": "1064985323028037632", "mentions": [], "location": "NYC"}, {"truncated": true, "text": "A Half-Way-Tree taxi operator speaks with The Gleaner team on Sutton Street in downtown, Kingston, earlier today, w\u2026", "hashtags": [], "topic": "unrest", "tweet_urls": ["https://t.co/SXQEbpftf0"], "date": {"hour": 20, "month": 11, "iso": "2018-11-20T20:48:42", "year": 2018, "day": 20, "minute": 48}, "geo": null, "id": 1064983900236193793, "lang": "en", "emoticons": [], "user_id": 40954616, "coordinates": null, "source": "TweetDeck", "id_str": "1064983900236193793", "mentions": [], "location": "NYC"}, {"truncated": true, "text": "\"We are multi-faceted beings that can celebrate and be joyful and mourn and protest and be angry, all at the same t\u2026", "hashtags": [], "topic": "unrest", "tweet_urls": ["https://t.co/GfrOfYWmnW"], "date": {"hour": 20, "month": 11, "iso": "2018-11-20T20:33:35", "year": 2018, "day": 20, "minute": 33}, "geo": null, "id": 1064980092659601410, "lang": "en", "emoticons": [], "user_id": 1241831545, "coordinates": null, "source": "Twitter for iPhone", "id_str": "1064980092659601410", "mentions": [], "location": "NYC"}, {"truncated": true, "text": "They can perform and use their airtime to bring awareness. I WONT BE WATCHING IN PROTEST, but for those w\u2026", "hashtags": [], "topic": "unrest", "tweet_urls": ["https://t.co/U5wTlHK0Vx"], "date": {"hour": 20, "month": 11, "iso": "2018-11-20T20:31:46", "year": 2018, "day": 20, "minute": 31}, "geo": null, "id": 1064979636730425345, "lang": "en", "emoticons": [], "user_id": 4707083434, "coordinates": null, "source": "Twitter for Android", "id_str": "1064979636730425345", "mentions": ["@lovelyti"], "location": "NYC"}, {"truncated": true, "text": "Not particularly pleased about the new Road Traffic Act fines myself but can't let that be an argument to support a\u2026", "hashtags": [], "topic": "unrest", "tweet_urls": ["https://t.co/Rsdswu1kPk"], "date": {"hour": 20, "month": 11, "iso": "2018-11-20T20:22:25", "year": 2018, "day": 20, "minute": 22}, "geo": null, "id": 1064977285193846784, "lang": "en", "emoticons": [], "user_id": 946734204, "coordinates": null, "source": "Twitter for Android", "id_str": "1064977285193846784", "mentions": [], "location": "NYC"}, {"truncated": true, "text": "'I don't give a f---, get out of my store': McDonald's faces backlash after a viral video shows worker forcing teen\u2026", "hashtags": [], "topic": "unrest", "tweet_urls": ["https://t.co/c8AU4xuKXH"], "date": {"hour": 20, "month": 11, "iso": "2018-11-20T20:20:50", "year": 2018, "day": 20, "minute": 20}, "geo": null, "id": 1064976883744415745, "lang": "en", "emoticons": [], "user_id": 161038567, "coordinates": null, "source": "Twitter for iPhone", "id_str": "1064976883744415745", "mentions": [], "location": "NYC"}, {"truncated": true, "text": "The WH Press corps needs to walk the eff out of the next presser arm-in-arm in protest of the new \u201crules\u201d in the b\u2026", "hashtags": [], "topic": "unrest", "tweet_urls": ["https://t.co/8Skskge9lz"], "date": {"hour": 20, "month": 11, "iso": "2018-11-20T20:16:35", "year": 2018, "day": 20, "minute": 16}, "geo": null, "id": 1064975815811784709, "lang": "en", "emoticons": [], "user_id": 14068794, "coordinates": null, "source": "Twitter for iPhone", "id_str": "1064975815811784709", "mentions": [], "location": "NYC"}, {"truncated": true, "text": "Ezra Levant: AirBnb bans Jews in West Bank \u2014 via Propaganda ; Ill b\u2026", "hashtags": [], "topic": "unrest", "tweet_urls": ["https://t.co/vR5GUKVCmH", "https://t.co/SDhRqOjeLf", "https://t.co/Zem32Htf8Z"], "date": {"hour": 20, "month": 11, "iso": "2018-11-20T20:16:05", "year": 2018, "day": 20, "minute": 16}, "geo": null, "id": 1064975690397900800, "lang": "en", "emoticons": [], "user_id": 791054556, "coordinates": null, "source": "Twitter for iPhone", "id_str": "1064975690397900800", "mentions": [], "location": "NYC"}, {"truncated": true, "text": "They went down to protest also they have that right. . Both groups had that r\u2026", "hashtags": [], "topic": "unrest", "tweet_urls": ["https://t.co/Gtk0hwsjPL"], "date": {"hour": 19, "month": 11, "iso": "2018-11-20T19:59:38", "year": 2018, "day": 20, "minute": 59}, "geo": null, "id": 1064971550720430082, "lang": "en", "emoticons": [], "user_id": 41499549, "coordinates": null, "source": "Twitter for iPhone", "id_str": "1064971550720430082", "mentions": ["@Biker_Bot1", "@RealSaavedra", "@benshapiro"], "location": "NYC"}, {"truncated": true, "text": "Adm. McRaven stood up for freedom of speech. Colin Kapaernick knelt for freed\u2026", "hashtags": [], "topic": "unrest", "tweet_urls": ["https://t.co/VRYg3kwXgL"], "date": {"hour": 19, "month": 11, "iso": "2018-11-20T19:54:00", "year": 2018, "day": 20, "minute": 54}, "geo": null, "id": 1064970130772377601, "lang": "en", "emoticons": [], "user_id": 21962690, "coordinates": null, "source": "Twitter Web Client", "id_str": "1064970130772377601", "mentions": ["@DeadlineWH", "@stengel", "@NicolleDWallace"], "location": "NYC"}, {"truncated": true, "text": "I\u2019m against all the harassment at restaurants and going to people\u2019s homes to\u2026", "hashtags": [], "topic": "unrest", "tweet_urls": ["https://t.co/N5W0YjzBGa"], "date": {"hour": 19, "month": 11, "iso": "2018-11-20T19:53:02", "year": 2018, "day": 20, "minute": 53}, "geo": null, "id": 1064969890455531520, "lang": "en", "emoticons": [], "user_id": 41499549, "coordinates": null, "source": "Twitter for iPhone", "id_str": "1064969890455531520", "mentions": ["@Biker_Bot1", "@RealSaavedra", "@benshapiro"], "location": "NYC"}, {"truncated": true, "text": "Today, Construction Workers &amp; allies rallied coast-to-coast to protest Group\u2019s use of lawbreaking partners tha\u2026", "hashtags": ["#CIM"], "topic": "unrest", "tweet_urls": ["https://t.co/NYv0p48TvP"], "date": {"hour": 19, "month": 11, "iso": "2018-11-20T19:52:46", "year": 2018, "day": 20, "minute": 52}, "geo": null, "id": 1064969822826627072, "lang": "en", "emoticons": [], "user_id": 406988814, "coordinates": null, "source": "Twitter for iPhone", "id_str": "1064969822826627072", "mentions": [], "location": "NYC"}, {"truncated": true, "text": "'I don't give a f---, get out of my store': McDonald's faces backlash after a viral video shows worker forcing teen\u2026", "hashtags": [], "topic": "unrest", "tweet_urls": ["https://t.co/WBmKAaLYxo"], "date": {"hour": 19, "month": 11, "iso": "2018-11-20T19:44:33", "year": 2018, "day": 20, "minute": 44}, "geo": null, "id": 1064967754673991680, "lang": "en", "emoticons": [], "user_id": 252681721, "coordinates": null, "source": "Twitter for iPhone", "id_str": "1064967754673991680", "mentions": [], "location": "NYC"}, {"truncated": true, "text": "She join in their protest to bring awareness to a but it wasn't a protest\u2026", "hashtags": ["#GreenNewDeal"], "topic": "unrest", "tweet_urls": ["https://t.co/4fCsNeeeEC"], "date": {"hour": 19, "month": 11, "iso": "2018-11-20T19:44:24", "year": 2018, "day": 20, "minute": 44}, "geo": null, "id": 1064967715708944384, "lang": "en", "emoticons": [], "user_id": 371454404, "coordinates": null, "source": "Twitter for iPhone", "id_str": "1064967715708944384", "mentions": ["@ExcusedEarly", "@sunrisemvmt"], "location": "NYC"}, {"truncated": true, "text": "They didn't even protest her\u200d\ufe0f\nBut they're being blamed like they did.\nYou're right they stand with\u2026", "hashtags": [], "topic": "unrest", "tweet_urls": ["https://t.co/lQNft8zYih"], "date": {"hour": 19, "month": 11, "iso": "2018-11-20T19:37:37", "year": 2018, "day": 20, "minute": 37}, "geo": null, "id": 1064966010355240960, "lang": "en", "emoticons": ["\u2642", "\ud83e\udd37"], "user_id": 371454404, "coordinates": null, "source": "Twitter for iPhone", "id_str": "1064966010355240960", "mentions": ["@ExcusedEarly"], "location": "NYC"}, {"truncated": true, "text": "HAPPENING NOW: Taxi operators have converged on Sutton Street, downtown Kingston, in protest of the proposed Road T\u2026", "hashtags": [], "topic": "unrest", "tweet_urls": ["https://t.co/w2uSae2Y9L"], "date": {"hour": 19, "month": 11, "iso": "2018-11-20T19:21:59", "year": 2018, "day": 20, "minute": 21}, "geo": null, "id": 1064962073858359297, "lang": "en", "emoticons": [], "user_id": 40954616, "coordinates": null, "source": "Twitter for Android", "id_str": "1064962073858359297", "mentions": [], "location": "NYC"}, {"truncated": true, "text": "Protest political censorship at Cleveland State University! Covering a long-standing public artwork is an affront t\u2026", "hashtags": [], "topic": "unrest", "tweet_urls": ["https://t.co/FA1MnJoQ50"], "date": {"hour": 19, "month": 11, "iso": "2018-11-20T19:21:55", "year": 2018, "day": 20, "minute": 21}, "geo": null, "id": 1064962058217799680, "lang": "en", "emoticons": [], "user_id": 17488736, "coordinates": null, "source": "Hootsuite Inc.", "id_str": "1064962058217799680", "mentions": [], "location": "NYC"}, {"truncated": true, "text": "Fair. But if we return to Jide\u2019s core premise, he was merely illustrating that a margina\u2026", "hashtags": [], "topic": "unrest", "tweet_urls": ["https://t.co/z5jWYzrW6x"], "date": {"hour": 19, "month": 11, "iso": "2018-11-20T19:21:44", "year": 2018, "day": 20, "minute": 21}, "geo": null, "id": 1064962011182886912, "lang": "en", "emoticons": [], "user_id": 2788674493, "coordinates": null, "source": "Twitter for iPhone", "id_str": "1064962011182886912", "mentions": ["@SUEZJINES", "@TheHumanShazam"], "location": "NYC"}, {"truncated": true, "text": "Agree almost 90% the exception being her amoral and unethical support for the war criminals in\u2026", "hashtags": [], "topic": "unrest", "tweet_urls": ["https://t.co/o3kiaWDboT"], "date": {"hour": 19, "month": 11, "iso": "2018-11-20T19:07:15", "year": 2018, "day": 20, "minute": 7}, "geo": null, "id": 1064958368731852801, "lang": "en", "emoticons": [], "user_id": 564657538, "coordinates": null, "source": "Twitter Web Client", "id_str": "1064958368731852801", "mentions": ["@cameron_kasky"], "location": "NYC"}, {"truncated": true, "text": "I am totally against the policies that she ran on. I\u2019m assuming that\u2019s not acceptable\u2026", "hashtags": [], "topic": "unrest", "tweet_urls": ["https://t.co/PSLvzDqGDQ"], "date": {"hour": 18, "month": 11, "iso": "2018-11-20T18:53:46", "year": 2018, "day": 20, "minute": 53}, "geo": null, "id": 1064954976588492805, "lang": "en", "emoticons": [], "user_id": 2262114147, "coordinates": null, "source": "Twitter for iPhone", "id_str": "1064954976588492805", "mentions": ["@deftDaftDumb", "@SarahPalinUSA"], "location": "NYC"}, {"truncated": true, "text": "obsequiously apologized for Crenshaw jokes, was offended, while was appalled by Ca\u2026", "hashtags": [], "topic": "unrest", "tweet_urls": ["https://t.co/fMhMTakqDP"], "date": {"hour": 18, "month": 11, "iso": "2018-11-20T18:51:27", "year": 2018, "day": 20, "minute": 51}, "geo": null, "id": 1064954390887448576, "lang": "en", "emoticons": [], "user_id": 454393995, "coordinates": null, "source": "Twitter for iPhone", "id_str": "1064954390887448576", "mentions": ["@nbcsnl", "@joerogan", "@StephenAtHome"], "location": "NYC"}, {"truncated": true, "text": ".@SenSchumer Do Democrats literally have to organize a protest outside of your BK home in order to get you to liste\u2026", "hashtags": [], "topic": "unrest", "tweet_urls": ["https://t.co/85lZW5Yi8M"], "date": {"hour": 18, "month": 11, "iso": "2018-11-20T18:44:04", "year": 2018, "day": 20, "minute": 44}, "geo": null, "id": 1064952533490311168, "lang": "en", "emoticons": [], "user_id": 3302912403, "coordinates": null, "source": "Twitter Web Client", "id_str": "1064952533490311168", "mentions": [], "location": "NYC"}, {"truncated": true, "text": "'I don't give a f---, get out of my store': McDonald's is under fire after a viral video shows worker forcing teens\u2026", "hashtags": [], "topic": "unrest", "tweet_urls": ["https://t.co/zd9p0T9kE0"], "date": {"hour": 18, "month": 11, "iso": "2018-11-20T18:32:43", "year": 2018, "day": 20, "minute": 32}, "geo": null, "id": 1064949678188445698, "lang": "en", "emoticons": [], "user_id": 20562637, "coordinates": null, "source": "Business Insider Login", "id_str": "1064949678188445698", "mentions": [], "location": "NYC"}, {"truncated": true, "text": "As long as Rump is around we haven't hit bottom yet. That is the scarry part, but I\u2026", "hashtags": [], "topic": "unrest", "tweet_urls": ["https://t.co/dxAi7uOIZL"], "date": {"hour": 18, "month": 11, "iso": "2018-11-20T18:21:45", "year": 2018, "day": 20, "minute": 21}, "geo": null, "id": 1064946916046311426, "lang": "en", "emoticons": [], "user_id": 828006789199327235, "coordinates": null, "source": "Twitter for Android", "id_str": "1064946916046311426", "mentions": ["@ProudResister", "@realDonaldTrump"], "location": "NYC"}, {"truncated": true, "text": "SGL students are at Washington Square Park this afternoon hosting protest rallies and getting on their soap box! Co\u2026", "hashtags": [], "topic": "unrest", "tweet_urls": ["https://t.co/iTem1kTypY"], "date": {"hour": 18, "month": 11, "iso": "2018-11-20T18:12:58", "year": 2018, "day": 20, "minute": 12}, "geo": null, "id": 1064944708043059203, "lang": "en", "emoticons": [], "user_id": 4342293807, "coordinates": null, "source": "Twitter Web Client", "id_str": "1064944708043059203", "mentions": [], "location": "NYC"}, {"truncated": true, "text": "I dc about the hat.. who it was made etc. Its a symbol of prote\u2026", "hashtags": [], "topic": "unrest", "tweet_urls": ["https://t.co/4CX58X2aMv"], "date": {"hour": 18, "month": 11, "iso": "2018-11-20T18:04:42", "year": 2018, "day": 20, "minute": 4}, "geo": null, "id": 1064942627324334082, "lang": "en", "emoticons": [], "user_id": 2854910420, "coordinates": null, "source": "Twitter for Android", "id_str": "1064942627324334082", "mentions": ["@bichonbeaches", "@cezook_zook", "@RayBake", "@SenJoniErnst"], "location": "NYC"}, {"truncated": true, "text": "Happening now\u2014@peta is holding a protest in NYC outside of retailer urging them to stop using wool. PETA\u2026", "hashtags": [], "topic": "unrest", "tweet_urls": ["https://t.co/otnM5dIAUs"], "date": {"hour": 18, "month": 11, "iso": "2018-11-20T18:02:17", "year": 2018, "day": 20, "minute": 2}, "geo": null, "id": 1064942018399473664, "lang": "en", "emoticons": [], "user_id": 234445902, "coordinates": null, "source": "Twitter for iPhone", "id_str": "1064942018399473664", "mentions": ["@Forever21"], "location": "NYC"}, {"truncated": true, "text": "The Young Progressives of Nassau County are organizing a protest outside office this Sunday at 1\u2026", "hashtags": [], "topic": "unrest", "tweet_urls": ["https://t.co/O66pTyUEJE"], "date": {"hour": 17, "month": 11, "iso": "2018-11-20T17:38:40", "year": 2018, "day": 20, "minute": 38}, "geo": null, "id": 1064936074621984768, "lang": "en", "emoticons": [], "user_id": 15976705, "coordinates": null, "source": "Twitter for iPhone", "id_str": "1064936074621984768", "mentions": ["@RepKathleenRice\u2019s"], "location": "NYC"}, {"truncated": true, "text": "We are live in Times Square in New York City while PETA holds a protest at Forever 21, urging the retailer to ban t\u2026", "hashtags": [], "topic": "unrest", "tweet_urls": ["https://t.co/Nq85juw9of"], "date": {"hour": 17, "month": 11, "iso": "2018-11-20T17:37:24", "year": 2018, "day": 20, "minute": 37}, "geo": null, "id": 1064935757532594176, "lang": "en", "emoticons": [], "user_id": 39605560, "coordinates": null, "source": "Facebook", "id_str": "1064935757532594176", "mentions": [], "location": "NYC"}, {"truncated": true, "text": "I can understand that response because when I had problems with voter purges, I felt\u2026", "hashtags": [], "topic": "unrest", "tweet_urls": ["https://t.co/qlYcfWd5EZ"], "date": {"hour": 17, "month": 11, "iso": "2018-11-20T17:31:22", "year": 2018, "day": 20, "minute": 31}, "geo": null, "id": 1064934237692981250, "lang": "en", "emoticons": [], "user_id": 1340096856, "coordinates": null, "source": "Twitter Web Client", "id_str": "1064934237692981250", "mentions": ["@AndrewPulrang", "@malkabethwendy"], "location": "NYC"}, {"truncated": true, "text": "AP says cameraman shot while covering protest in Gaza Strip. Was nearly 2,000 feet from the fence, operating camera\u2026", "hashtags": [], "topic": "unrest", "tweet_urls": ["https://t.co/9QkfQmAEGg"], "date": {"hour": 17, "month": 11, "iso": "2018-11-20T17:20:38", "year": 2018, "day": 20, "minute": 20}, "geo": null, "id": 1064931535458058240, "lang": "en", "emoticons": [], "user_id": 9507342, "coordinates": null, "source": "TweetDeck", "id_str": "1064931535458058240", "mentions": [], "location": "NYC"}, {"truncated": true, "text": "Chipotle has to do that or people will immediately jump on the race bandwagon and will pr\u2026", "hashtags": [], "topic": "unrest", "tweet_urls": ["https://t.co/LPd8cEZKir"], "date": {"hour": 17, "month": 11, "iso": "2018-11-20T17:10:17", "year": 2018, "day": 20, "minute": 10}, "geo": null, "id": 1064928933802647553, "lang": "en", "emoticons": [], "user_id": 825906379743432705, "coordinates": null, "source": "Twitter for iPhone", "id_str": "1064928933802647553", "mentions": ["@JfKaboom", "@ChipotleTweets"], "location": "NYC"}, {"truncated": true, "text": "SGL students are at Washington Square Park this afternoon hosting protest rallies and getting on their soap box! Co\u2026", "hashtags": [], "topic": "unrest", "tweet_urls": ["https://t.co/Sx9Ue3NQAN"], "date": {"hour": 17, "month": 11, "iso": "2018-11-20T17:04:34", "year": 2018, "day": 20, "minute": 4}, "geo": null, "id": 1064927493893824512, "lang": "en", "emoticons": [], "user_id": 4342293807, "coordinates": null, "source": "Twitter for iPhone", "id_str": "1064927493893824512", "mentions": [], "location": "NYC"}, {"truncated": true, "text": "I like how corporate Jamaica can lobby to reduce taxes despite the fact that large companies do everything to escap\u2026", "hashtags": [], "topic": "unrest", "tweet_urls": ["https://t.co/xQpR9BmEKV"], "date": {"hour": 16, "month": 11, "iso": "2018-11-20T16:56:46", "year": 2018, "day": 20, "minute": 56}, "geo": null, "id": 1064925528501747712, "lang": "en", "emoticons": [], "user_id": 1008823777751420931, "coordinates": null, "source": "Twitter for Android", "id_str": "1064925528501747712", "mentions": [], "location": "NYC"}, {"truncated": false, "text": "I thought Republicans didn\u2019t protest.", "hashtags": [], "topic": "unrest", "tweet_urls": [], "date": {"hour": 16, "month": 11, "iso": "2018-11-20T16:56:20", "year": 2018, "day": 20, "minute": 56}, "geo": null, "id": 1064925422410858496, "lang": "en", "emoticons": [], "user_id": 1296553062, "coordinates": null, "source": "Twitter for iPhone", "id_str": "1064925422410858496", "mentions": ["@hillaryMAHA", "@myeucatastrophe", "@NRO", "@benshapiro"], "location": "NYC"}, {"truncated": true, "text": "The Associated Press is whitewashing the Israeli attack on its own journalist! \n\nNote the vague headline does not r\u2026", "hashtags": [], "topic": "unrest", "tweet_urls": ["https://t.co/8sj4JKRv2p"], "date": {"hour": 16, "month": 11, "iso": "2018-11-20T16:31:41", "year": 2018, "day": 20, "minute": 31}, "geo": null, "id": 1064919216086749184, "lang": "en", "emoticons": [], "user_id": 852269288, "coordinates": null, "source": "Twitter Web Client", "id_str": "1064919216086749184", "mentions": [], "location": "NYC"}, {"truncated": true, "text": ".@Google announced big changes to its sexual misconduct policy, a week after employees staged a global walkout in p\u2026", "hashtags": [], "topic": "unrest", "tweet_urls": ["https://t.co/VKW5dbzYhG"], "date": {"hour": 16, "month": 11, "iso": "2018-11-20T16:15:23", "year": 2018, "day": 20, "minute": 15}, "geo": null, "id": 1064915114762137600, "lang": "en", "emoticons": [], "user_id": 455153815, "coordinates": null, "source": "HubSpot", "id_str": "1064915114762137600", "mentions": [], "location": "NYC"}, {"truncated": true, "text": "I see...so kneeling in protest at a football game due to police violence is wrong but disresp\u2026", "hashtags": [], "topic": "unrest", "tweet_urls": ["https://t.co/sUnOo2sy0C"], "date": {"hour": 16, "month": 11, "iso": "2018-11-20T16:08:22", "year": 2018, "day": 20, "minute": 8}, "geo": null, "id": 1064913351178940417, "lang": "en", "emoticons": [], "user_id": 233071488, "coordinates": null, "source": "Twitter Web Client", "id_str": "1064913351178940417", "mentions": ["@GOP", "@realDonaldTrump"], "location": "NYC"}, {"truncated": true, "text": "AP Cameraman Rashed Rashid was shot while filming a protest in Gaza-even though he was clearly marked as press &amp; fa\u2026", "hashtags": [], "topic": "unrest", "tweet_urls": ["https://t.co/A6RDJNNvmf"], "date": {"hour": 15, "month": 11, "iso": "2018-11-20T15:54:00", "year": 2018, "day": 20, "minute": 54}, "geo": null, "id": 1064909734308995077, "lang": "en", "emoticons": [], "user_id": 18992997, "coordinates": null, "source": "TweetDeck", "id_str": "1064909734308995077", "mentions": [], "location": "NYC"}, {"truncated": true, "text": "Where is Law Enforcement? Look if ur going out near any possible protest take one of these... Air Horn Pump.on Ama\u2026", "hashtags": [], "topic": "unrest", "tweet_urls": ["https://t.co/08m0JMnyj2"], "date": {"hour": 15, "month": 11, "iso": "2018-11-20T15:47:52", "year": 2018, "day": 20, "minute": 47}, "geo": null, "id": 1064908192294031360, "lang": "en", "emoticons": [], "user_id": 866691453392703488, "coordinates": null, "source": "Twitter for Android", "id_str": "1064908192294031360", "mentions": [], "location": "NYC"}, {"truncated": true, "text": "Corporate area taxi operators protest against aspects of Road Traffic Act bill - Full Story on\u2026", "hashtags": [], "topic": "unrest", "tweet_urls": ["https://t.co/FexV1IjfUs"], "date": {"hour": 15, "month": 11, "iso": "2018-11-20T15:47:34", "year": 2018, "day": 20, "minute": 47}, "geo": null, "id": 1064908116184236032, "lang": "en", "emoticons": [], "user_id": 51097227, "coordinates": null, "source": "Buffer", "id_str": "1064908116184236032", "mentions": [], "location": "NYC"}, {"truncated": true, "text": "It's wild, if predictable, that centrists pundits will look at some mild protest without lawbreaking in 2018 and be\u2026", "hashtags": [], "topic": "unrest", "tweet_urls": ["https://t.co/aFwholngCp"], "date": {"hour": 15, "month": 11, "iso": "2018-11-20T15:38:24", "year": 2018, "day": 20, "minute": 38}, "geo": null, "id": 1064905810684375041, "lang": "en", "emoticons": [], "user_id": 17781739, "coordinates": null, "source": "TweetDeck", "id_str": "1064905810684375041", "mentions": [], "location": "NYC"}, {"truncated": true, "text": "Black Afro-American women protest Trump's ban on illegal immigrants for the same reason. No p\u2026", "hashtags": [], "topic": "unrest", "tweet_urls": ["https://t.co/2igExag0YB"], "date": {"hour": 15, "month": 11, "iso": "2018-11-20T15:35:25", "year": 2018, "day": 20, "minute": 35}, "geo": null, "id": 1064905058368872453, "lang": "en", "emoticons": [], "user_id": 1058120594988904449, "coordinates": null, "source": "Twitter for Android", "id_str": "1064905058368872453", "mentions": ["@Ocasio2018", "@Twitter"], "location": "NYC"}, {"truncated": true, "text": "At every single protest I've been to in the last two years, white men try to start a \"lock\u2026", "hashtags": [], "topic": "unrest", "tweet_urls": ["https://t.co/H980fKZwPr"], "date": {"hour": 15, "month": 11, "iso": "2018-11-20T15:26:35", "year": 2018, "day": 20, "minute": 26}, "geo": null, "id": 1064902836671123456, "lang": "en", "emoticons": [], "user_id": 491876943, "coordinates": null, "source": "Twitter Web Client", "id_str": "1064902836671123456", "mentions": ["@QueenMab87", "@Peace4all17"], "location": "NYC"}, {"truncated": true, "text": "Yu\u2019s regular criticism and protest of the factory\u2019s practices made him the target of management\u2019s ire, and the fact\u2026", "hashtags": [], "topic": "unrest", "tweet_urls": ["https://t.co/vrQkYWeEwB"], "date": {"hour": 15, "month": 11, "iso": "2018-11-20T15:21:03", "year": 2018, "day": 20, "minute": 21}, "geo": null, "id": 1064901444292276224, "lang": "en", "emoticons": [], "user_id": 108489099, "coordinates": null, "source": "Facebook", "id_str": "1064901444292276224", "mentions": [], "location": "NYC"}, {"truncated": true, "text": "Kent did not attend the unveiling of her LOVE postage stamp out of protest in 1985. She had wanted it held at the U\u2026", "hashtags": [], "topic": "unrest", "tweet_urls": ["https://t.co/fOBs1heddB"], "date": {"hour": 15, "month": 11, "iso": "2018-11-20T15:19:21", "year": 2018, "day": 20, "minute": 19}, "geo": null, "id": 1064901014082527232, "lang": "en", "emoticons": [], "user_id": 66366331, "coordinates": null, "source": "Twitter Web Client", "id_str": "1064901014082527232", "mentions": [], "location": "NYC"}, {"truncated": false, "text": "Protest Song Of The Week \u2013 'MutterERT' By Chuck D (Featuring Jahi) ~", "hashtags": [], "topic": "unrest", "tweet_urls": ["https://t.co/xG76vZ868m"], "date": {"hour": 15, "month": 11, "iso": "2018-11-20T15:17:06", "year": 2018, "day": 20, "minute": 17}, "geo": null, "id": 1064900446995787781, "lang": "en", "emoticons": [], "user_id": 15774048, "coordinates": null, "source": "SocialOomph", "id_str": "1064900446995787781", "mentions": ["@shadowproofcom"], "location": "NYC"}, {"truncated": false, "text": "So I\u2019m downtown trying to get a papine/UWI Campus taxi and apparently they are all on protest....", "hashtags": [], "topic": "unrest", "tweet_urls": ["https://t.co/5qEAqhiGou"], "date": {"hour": 15, "month": 11, "iso": "2018-11-20T15:12:45", "year": 2018, "day": 20, "minute": 12}, "geo": null, "id": 1064899353377153024, "lang": "en", "emoticons": [], "user_id": 889059087085953024, "coordinates": null, "source": "Twitter for iPhone", "id_str": "1064899353377153024", "mentions": [], "location": "NYC"}, {"truncated": true, "text": "Those are not mutually exclusive. No where did I say there are no other grounds for protest. There is plent\u2026", "hashtags": [], "topic": "unrest", "tweet_urls": ["https://t.co/9Yjc1oHiYK"], "date": {"hour": 15, "month": 11, "iso": "2018-11-20T15:02:10", "year": 2018, "day": 20, "minute": 2}, "geo": null, "id": 1064896689599852545, "lang": "en", "emoticons": [], "user_id": 130549887, "coordinates": null, "source": "Twitter Web Client", "id_str": "1064896689599852545", "mentions": ["@munzzz"], "location": "NYC"}, {"truncated": true, "text": "Taxi protest in Mandeville. \n\nBeginning of Manchester Road blocked off. Parts of Ward Avenue blocked off.\n\nTaxis pa\u2026", "hashtags": [], "topic": "unrest", "tweet_urls": ["https://t.co/TyIGEm1HqP"], "date": {"hour": 14, "month": 11, "iso": "2018-11-20T14:55:32", "year": 2018, "day": 20, "minute": 55}, "geo": null, "id": 1064895022041059331, "lang": "en", "emoticons": [], "user_id": 594065138, "coordinates": null, "source": "Twitter for iPhone", "id_str": "1064895022041059331", "mentions": [], "location": "NYC"}, {"truncated": true, "text": "Valen verga Nacho, porque no reconocen que se equivocaron al exigirle a AMLO de mala ma\u2026", "hashtags": [], "topic": "unrest", "tweet_urls": ["https://t.co/Z5h1TPbdvr"], "date": {"hour": 2, "month": 11, "iso": "2018-11-21T02:21:51", "year": 2018, "day": 21, "minute": 21}, "geo": null, "id": 1065067736538202112, "lang": "es", "emoticons": [], "user_id": 783166501289426944, "coordinates": null, "source": "Twitter for Android", "id_str": "1065067736538202112", "mentions": ["@NachoRgz", "@fernandeznorona"], "location": "NYC"}, {"truncated": true, "text": "Vuelve a mentir. A Santos le tumbar\u00f3n 4 decretos de privatizaci\u00f3n de la ed\u2026", "hashtags": [], "topic": "unrest", "tweet_urls": ["https://t.co/KHaRlWNRWV"], "date": {"hour": 23, "month": 11, "iso": "2018-11-20T23:07:10", "year": 2018, "day": 20, "minute": 7}, "geo": null, "id": 1065018744014073856, "lang": "es", "emoticons": [], "user_id": 4151833697, "coordinates": null, "source": "Twitter for Android", "id_str": "1065018744014073856", "mentions": ["@ROIBERTHEBLACK", "@carlosvives", "@millersoto"], "location": "NYC"}, {"truncated": true, "text": "Las misma protesta tomaron lugar en Mexico a donde la mayor\u00eda no queria que Uber o ningun\u2026", "hashtags": [], "topic": "unrest", "tweet_urls": ["https://t.co/xot779JpjP"], "date": {"hour": 20, "month": 11, "iso": "2018-11-20T20:50:44", "year": 2018, "day": 20, "minute": 50}, "geo": null, "id": 1064984408665526272, "lang": "es", "emoticons": [], "user_id": 159466444, "coordinates": null, "source": "Twitter for iPhone", "id_str": "1064984408665526272", "mentions": ["@el_telegrafo", "@magacastal"], "location": "NYC"}, {"truncated": true, "text": "Y por otra parte respete la protesta pacifica de los estudiantes. El recla\u2026", "hashtags": [], "topic": "unrest", "tweet_urls": ["https://t.co/uvbesZAKWB"], "date": {"hour": 20, "month": 11, "iso": "2018-11-20T20:47:18", "year": 2018, "day": 20, "minute": 47}, "geo": null, "id": 1064983545972736002, "lang": "es", "emoticons": [], "user_id": 4151833697, "coordinates": null, "source": "Twitter for Android", "id_str": "1064983545972736002", "mentions": ["@ROIBERTHEBLACK", "@carlosvives", "@millersoto"], "location": "NYC"}, {"truncated": false, "text": "Esto s\u00ed fue bajo protesta y con esa relevancia lo tomar\u00e1n en Estados Unidos.", "hashtags": [], "topic": "unrest", "tweet_urls": ["https://t.co/rMvlkWs3kV"], "date": {"hour": 20, "month": 11, "iso": "2018-11-20T20:41:50", "year": 2018, "day": 20, "minute": 41}, "geo": null, "id": 1064982172333981697, "lang": "es", "emoticons": [], "user_id": 125405883, "coordinates": null, "source": "Twitter Web Client", "id_str": "1064982172333981697", "mentions": [], "location": "NYC"}, {"truncated": true, "text": "En Santiago estudiantes de la carrera Lenguas Modernas mantienen impedido el acceso a esa universidad en protesta p\u2026", "hashtags": [], "topic": "unrest", "tweet_urls": ["https://t.co/xs5WABjkMA"], "date": {"hour": 18, "month": 11, "iso": "2018-11-20T18:41:57", "year": 2018, "day": 20, "minute": 41}, "geo": null, "id": 1064952002290044929, "lang": "es", "emoticons": [], "user_id": 74210896, "coordinates": null, "source": "Facebook", "id_str": "1064952002290044929", "mentions": [], "location": "NYC"}, {"truncated": true, "text": "Dejen su berrinche de que no los acreditaron la primera vez para ir a la toma de protesta no Mamen y acep\u2026", "hashtags": [], "topic": "unrest", "tweet_urls": ["https://t.co/MeNnNTXhFk"], "date": {"hour": 17, "month": 11, "iso": "2018-11-20T17:50:34", "year": 2018, "day": 20, "minute": 50}, "geo": null, "id": 1064939069279535105, "lang": "es", "emoticons": [], "user_id": 783166501289426944, "coordinates": null, "source": "Twitter for Android", "id_str": "1064939069279535105", "mentions": ["@NachoRgz"], "location": "NYC"}, {"truncated": true, "text": "No somos bots revisen nuestras cuentas y acepten su error, si\u2026", "hashtags": [], "topic": "unrest", "tweet_urls": ["https://t.co/TSPJBHRADA"], "date": {"hour": 17, "month": 11, "iso": "2018-11-20T17:48:54", "year": 2018, "day": 20, "minute": 48}, "geo": null, "id": 1064938652206329858, "lang": "es", "emoticons": [], "user_id": 783166501289426944, "coordinates": null, "source": "Twitter for Android", "id_str": "1064938652206329858", "mentions": ["@mau_rodriguez77", "@Edd_Campe", "@lopezdoriga", "@CarlosLoret"], "location": "NYC"}, {"truncated": true, "text": "Pues si lo haces para informar est\u00e1 bien,pero si lo haces para despu\u00e9s exigirle a AMLO que te deje entrar\u2026", "hashtags": [], "topic": "unrest", "tweet_urls": ["https://t.co/E22fKQST20"], "date": {"hour": 17, "month": 11, "iso": "2018-11-20T17:42:54", "year": 2018, "day": 20, "minute": 42}, "geo": null, "id": 1064937139312447488, "lang": "es", "emoticons": [], "user_id": 783166501289426944, "coordinates": null, "source": "Twitter for Android", "id_str": "1064937139312447488", "mentions": ["@NachoRgz"], "location": "NYC"}, {"truncated": true, "text": "Sigan chingando y exigiendo a AMLO que los invite a todas reuniones no Mamen ya que ustedes lo apoyaron\u2026", "hashtags": [], "topic": "unrest", "tweet_urls": ["https://t.co/Tuicfapwt5"], "date": {"hour": 17, "month": 11, "iso": "2018-11-20T17:40:53", "year": 2018, "day": 20, "minute": 40}, "geo": null, "id": 1064936632766382080, "lang": "es", "emoticons": [], "user_id": 783166501289426944, "coordinates": null, "source": "Twitter for Android", "id_str": "1064936632766382080", "mentions": ["@Edd_Campe"], "location": "NYC"}, {"truncated": true, "text": "El malestar de los taxistas precisamente es ese, pagar en algunos casos 20K para tener su trabajito de ta\u2026", "hashtags": [], "topic": "unrest", "tweet_urls": ["https://t.co/dYE4sgOUFa"], "date": {"hour": 17, "month": 11, "iso": "2018-11-20T17:37:39", "year": 2018, "day": 20, "minute": 37}, "geo": null, "id": 1064935820333731841, "lang": "es", "emoticons": [], "user_id": 207198485, "coordinates": null, "source": "Twitter for Android", "id_str": "1064935820333731841", "mentions": ["@luisesgo"], "location": "NYC"}, {"truncated": true, "text": "No mames Nacho aguanten vara,si no les gusta dejen de hacer sus pinches berrinches para conseguir algo, e\u2026", "hashtags": [], "topic": "unrest", "tweet_urls": ["https://t.co/Gej8PgiuTc"], "date": {"hour": 17, "month": 11, "iso": "2018-11-20T17:35:13", "year": 2018, "day": 20, "minute": 35}, "geo": null, "id": 1064935205910257665, "lang": "es", "emoticons": [], "user_id": 783166501289426944, "coordinates": null, "source": "Twitter for Android", "id_str": "1064935205910257665", "mentions": ["@NachoRgz"], "location": "NYC"}, {"truncated": true, "text": "En Santiago estudiantes de la carrera Lenguas Modernas mantienen impedido el acceso a esa universidad en protesta p\u2026", "hashtags": [], "topic": "unrest", "tweet_urls": ["https://t.co/55FRaoIO2O"], "date": {"hour": 15, "month": 11, "iso": "2018-11-20T15:31:26", "year": 2018, "day": 20, "minute": 31}, "geo": null, "id": 1064904056345411595, "lang": "es", "emoticons": [], "user_id": 516797197, "coordinates": null, "source": "Facebook", "id_str": "1064904056345411595", "mentions": [], "location": "NYC"}, {"truncated": true, "text": "En Santiago estudiantes de la carrera Lenguas Modernas mantienen impedido el acceso a esa universidad en protesta p\u2026", "hashtags": [], "topic": "unrest", "tweet_urls": ["https://t.co/m9Ta4aYcJM"], "date": {"hour": 14, "month": 11, "iso": "2018-11-20T14:25:54", "year": 2018, "day": 20, "minute": 25}, "geo": null, "id": 1064887562576240642, "lang": "es", "emoticons": [], "user_id": 74210896, "coordinates": null, "source": "Facebook", "id_str": "1064887562576240642", "mentions": [], "location": "NYC"}, {"truncated": true, "text": "Ahora hay protesta estudiantil en defensa de la Educaci\u00f3n Superior, los ecuatorianos podemos protestar\u2026", "hashtags": [], "topic": "unrest", "tweet_urls": ["https://t.co/gC0qXPsI4E"], "date": {"hour": 3, "month": 11, "iso": "2018-11-20T03:49:43", "year": 2018, "day": 20, "minute": 49}, "geo": null, "id": 1064727461643149314, "lang": "es", "emoticons": [], "user_id": 926660255496491008, "coordinates": null, "source": "Twitter for Android", "id_str": "1064727461643149314", "mentions": ["@MashiRafael"], "location": "NYC"}, {"truncated": true, "text": "Empezaron bien con su reclamo de que Televisa se adue\u00f1ara del vid\u2026", "hashtags": [], "topic": "unrest", "tweet_urls": ["https://t.co/fH8Q6I8TNa"], "date": {"hour": 3, "month": 11, "iso": "2018-11-20T03:08:24", "year": 2018, "day": 20, "minute": 8}, "geo": null, "id": 1064717066291302400, "lang": "es", "emoticons": [], "user_id": 783166501289426944, "coordinates": null, "source": "Twitter for Android", "id_str": "1064717066291302400", "mentions": ["@cosapublica", "@NachoRgz", "@holamexico", "@lopezobrador_"], "location": "NYC"}, {"truncated": true, "text": "Nadie los acusa de chayoteros, les decimos que lo que hicieron es como pedir chayote porque hicieron su b\u2026", "hashtags": [], "topic": "unrest", "tweet_urls": ["https://t.co/8C2Y97EYJv"], "date": {"hour": 2, "month": 11, "iso": "2018-11-20T02:58:27", "year": 2018, "day": 20, "minute": 58}, "geo": null, "id": 1064714560580538368, "lang": "es", "emoticons": [], "user_id": 783166501289426944, "coordinates": null, "source": "Twitter for Android", "id_str": "1064714560580538368", "mentions": ["@NachoRgz"], "location": "NYC"}, {"truncated": true, "text": "Mujer sigue encadena en protesta por su salario, asegura que no le han saldado varias quincenas.\n\nEl lugar es la en\u2026", "hashtags": [], "topic": "unrest", "tweet_urls": ["https://t.co/cnbDjNYTHb"], "date": {"hour": 2, "month": 11, "iso": "2018-11-20T02:39:19", "year": 2018, "day": 20, "minute": 39}, "geo": null, "id": 1064709745775386624, "lang": "es", "emoticons": [], "user_id": 74210896, "coordinates": null, "source": "Facebook", "id_str": "1064709745775386624", "mentions": [], "location": "NYC"}, {"truncated": true, "text": "\u201cLas feministas sauditas son infinitamente creativas\u201d, por lo cual \u201cidearon una nueva forma de protesta\u201d que consis\u2026", "hashtags": [], "topic": "unrest", "tweet_urls": ["https://t.co/nBiYIPaDlB"], "date": {"hour": 0, "month": 11, "iso": "2018-11-20T00:49:54", "year": 2018, "day": 20, "minute": 49}, "geo": null, "id": 1064682211109232641, "lang": "es", "emoticons": [], "user_id": 516797197, "coordinates": null, "source": "Facebook", "id_str": "1064682211109232641", "mentions": [], "location": "NYC"}, {"truncated": true, "text": "Como ser\u00e1n de pencas q organizan un cacerolazo t\u00edpica protesta de la Derecha , obvio q fue un fracaso ,Los comunist\u2026", "hashtags": [], "topic": "unrest", "tweet_urls": ["https://t.co/hzThbI2skz"], "date": {"hour": 22, "month": 11, "iso": "2018-11-19T22:07:47", "year": 2018, "day": 19, "minute": 7}, "geo": null, "id": 1064641411096686593, "lang": "es", "emoticons": [], "user_id": 468859569, "coordinates": null, "source": "Twitter Web Client", "id_str": "1064641411096686593", "mentions": [], "location": "NYC"}, {"truncated": true, "text": "Tal vez sea cierto Nacho,pero no por eso le van exigir que los deje ir a la toma de protesta o porque a o\u2026", "hashtags": [], "topic": "unrest", "tweet_urls": ["https://t.co/QZjjoWwlQK"], "date": {"hour": 20, "month": 11, "iso": "2018-11-19T20:20:21", "year": 2018, "day": 19, "minute": 20}, "geo": null, "id": 1064614377763078145, "lang": "es", "emoticons": [], "user_id": 783166501289426944, "coordinates": null, "source": "Twitter for Android", "id_str": "1064614377763078145", "mentions": ["@NachoRgz"], "location": "NYC"}, {"truncated": true, "text": "Una mujer se encadena en protesta por su salario, asegura que no le han saldado varias quincenas.\n\nEl evento tuvo l\u2026", "hashtags": [], "topic": "unrest", "tweet_urls": ["https://t.co/JiQxMgyNw3"], "date": {"hour": 19, "month": 11, "iso": "2018-11-19T19:15:31", "year": 2018, "day": 19, "minute": 15}, "geo": null, "id": 1064598059852709888, "lang": "es", "emoticons": [], "user_id": 74210896, "coordinates": null, "source": "Facebook", "id_str": "1064598059852709888", "mentions": [], "location": "NYC"}, {"truncated": true, "text": "Porque es un s\u00edmbolo de protesta al uso del brasiere y que ustedes como hombres si puedan andar por el\u2026", "hashtags": [], "topic": "unrest", "tweet_urls": ["https://t.co/tNwvzphfHR"], "date": {"hour": 18, "month": 11, "iso": "2018-11-19T18:32:39", "year": 2018, "day": 19, "minute": 32}, "geo": null, "id": 1064587270517391361, "lang": "es", "emoticons": [], "user_id": 40293349, "coordinates": null, "source": "Twitter Lite", "id_str": "1064587270517391361", "mentions": ["@el_Koalinha"], "location": "NYC"}, {"truncated": true, "text": "Es un pacto de impunidad de todo el establecimiento. Si el procurador hace eso, caer\u2026", "hashtags": [], "topic": "unrest", "tweet_urls": ["https://t.co/SfhzP56e1A"], "date": {"hour": 13, "month": 11, "iso": "2018-11-19T13:54:09", "year": 2018, "day": 19, "minute": 54}, "geo": null, "id": 1064517185656299520, "lang": "es", "emoticons": [], "user_id": 4151833697, "coordinates": null, "source": "Twitter for Android", "id_str": "1064517185656299520", "mentions": ["@CathyJuvinao", "@fcarrilloflorez"], "location": "NYC"}, {"truncated": false, "text": "En un minuto: Tijuana protesta contra la llegada de m\u00e1s migrantes que buscan asilo - Univision", "hashtags": [], "topic": "unrest", "tweet_urls": ["https://t.co/jH81pk00iW"], "date": {"hour": 13, "month": 11, "iso": "2018-11-19T13:48:18", "year": 2018, "day": 19, "minute": 48}, "geo": null, "id": 1064515715347165184, "lang": "es", "emoticons": [], "user_id": 2309595025, "coordinates": null, "source": "Twitter for iPad", "id_str": "1064515715347165184", "mentions": [], "location": "NYC"}, {"truncated": true, "text": "Mexican protester in Tijuana, Mexico speaking on the caravan:\n\"Donald Trump was right, this is an invasion! What Do\u2026", "hashtags": [], "topic": "unrest", "tweet_urls": ["https://t.co/gQBfNuoAPY"], "date": {"hour": 16, "month": 11, "iso": "2018-11-20T16:15:36", "year": 2018, "day": 20, "minute": 15}, "geo": null, "id": 1064915168558309376, "lang": "en", "emoticons": [], "user_id": 55910287, "coordinates": null, "source": "Instagram", "id_str": "1064915168558309376", "mentions": [], "location": "NYC"}, {"truncated": true, "text": "Iranian attorney Mohammad Najafi is already serving a three-year prison sentence and could get 74 LASHES for questi\u2026", "hashtags": [], "topic": "unrest", "tweet_urls": ["https://t.co/wWKLjNXn28"], "date": {"hour": 15, "month": 11, "iso": "2018-11-20T15:48:16", "year": 2018, "day": 20, "minute": 48}, "geo": null, "id": 1064908291359293440, "lang": "en", "emoticons": [], "user_id": 47635420, "coordinates": null, "source": "Buffer", "id_str": "1064908291359293440", "mentions": [], "location": "NYC"}, {"truncated": true, "text": "Tired is not synonymous with untrue. The major contention between 1787 fact\u2026", "hashtags": [], "topic": "unrest", "tweet_urls": ["https://t.co/2MmlN9DqWW"], "date": {"hour": 1, "month": 11, "iso": "2018-11-20T01:53:32", "year": 2018, "day": 20, "minute": 53}, "geo": null, "id": 1064698225251229696, "lang": "en", "emoticons": [], "user_id": 361952040, "coordinates": null, "source": "Twitter for Android", "id_str": "1064698225251229696", "mentions": ["@facepalmer44", "@Ocasio2018", "@johncardillo"], "location": "NYC"}, {"truncated": true, "text": "My guess is, they would first react by crapping their tighty whiteys\u2026", "hashtags": [], "topic": "unrest", "tweet_urls": ["https://t.co/BhxE9RtAeB"], "date": {"hour": 23, "month": 11, "iso": "2018-11-19T23:58:24", "year": 2018, "day": 19, "minute": 58}, "geo": null, "id": 1064669248201601024, "lang": "en", "emoticons": [], "user_id": 1489382461, "coordinates": null, "source": "Twitter Web Client", "id_str": "1064669248201601024", "mentions": ["@n_wgma", "@NotSteven89", "@theGfunk", "@JamesOKeefeIII"], "location": "NYC"}, {"truncated": true, "text": "Mexican Protester says That Trump was right, this is an invasion. They are demanding\u2026", "hashtags": [], "topic": "unrest", "tweet_urls": ["https://t.co/IaiqzaMqCQ"], "date": {"hour": 19, "month": 11, "iso": "2018-11-19T19:38:53", "year": 2018, "day": 19, "minute": 38}, "geo": null, "id": 1064603940292055043, "lang": "en", "emoticons": [], "user_id": 780517380720123904, "coordinates": null, "source": "Twitter for Android", "id_str": "1064603940292055043", "mentions": ["@CaseyHinds", "@realDonaldTrump"], "location": "NYC"}, {"truncated": true, "text": "Yes thank you for the compliments. But I know the difference between a repor\u2026", "hashtags": [], "topic": "unrest", "tweet_urls": ["https://t.co/PjNcjwN8xf"], "date": {"hour": 14, "month": 11, "iso": "2018-11-19T14:22:17", "year": 2018, "day": 19, "minute": 22}, "geo": null, "id": 1064524265201025025, "lang": "en", "emoticons": [], "user_id": 173667741, "coordinates": null, "source": "Twitter for iPhone", "id_str": "1064524265201025025", "mentions": ["@CSinsenos", "@brianstelter", "@Acosta", "@CNN"], "location": "NYC"}, {"truncated": false, "text": "Mexican Protester \u2014Trump Was Right, This Is An Invasion! via", "hashtags": [], "topic": "unrest", "tweet_urls": ["https://t.co/vFRnri1hat"], "date": {"hour": 13, "month": 11, "iso": "2018-11-19T13:05:28", "year": 2018, "day": 19, "minute": 5}, "geo": null, "id": 1064504934916374528, "lang": "en", "emoticons": [], "user_id": 253535305, "coordinates": null, "source": "Twitter Web Client", "id_str": "1064504934916374528", "mentions": ["@WayneDupreeShow"], "location": "NYC"}, {"truncated": false, "text": "\u0939\u093f\u0902\u0926\u0941\u0913 \u0915\u093e \u0906\u0916\u093c\u093f\u0930\u0940 \u0926\u0947\u0936 \u0939\u0948 \u092d\u093e\u0930\u0924, \u0907\u0938\u0932\u093f\u090f \u0915\u093f\u0938\u0940 \u0939\u093f\u0902\u0926\u0941\u0935\u093e\u0926\u0940 \u0915\u093e \u0935\u093f\u0930\u094b\u0927 \u0928\u093e \u0915\u0930\u0915\u0947 \u0909\u0938\u0915\u093e \u0938\u093e\u0925 \u0926\u0947\u0902..\n\u0914\u0930 \u0938\u0928\u093e\u0924\u0928 \u0915\u094b \u092e\u091c\u093c\u092c\u0942\u0924 \u0915\u0930\u0947\u0902\n#\u091c\u092f_\u0939\u093f\u0902\u0926 \n#\u091c\u092f_\u0939\u093f\u0902\u0926\u0941\u0924\u094d\u0935", "hashtags": [], "topic": "unrest", "tweet_urls": [], "date": {"hour": 7, "month": 11, "iso": "2018-11-19T07:24:19", "year": 2018, "day": 19, "minute": 24}, "geo": null, "id": 1064419079992287232, "lang": "hi", "emoticons": [], "user_id": 892781437769875460, "coordinates": null, "source": "Twitter for Android", "id_str": "1064419079992287232", "mentions": [], "location": "NYC"}, {"truncated": false, "text": "\u0e08\u0e30\u0e44\u0e1b\u0e1b\u0e23\u0e30\u0e17\u0e49\u0e27\u0e07\u0e27\u0e48\u0e32\u0e42\u0e25\u0e01\u0e21\u0e31\u0e19\u0e44\u0e21\u0e48\u0e01\u0e25\u0e21\u0e42\u0e25\u0e01\u0e21\u0e31\u0e19\u0e41\u0e1a\u0e19 \u0e2d\u0e2b\u0e2b!!! \u0e2d\u0e30\u0e44\u0e23\u0e08\u0e30\u0e1a\u0e31\u0e07\u0e40\u0e2d\u0e34\u0e0d\u0e02\u0e19\u0e32\u0e14\u0e19\u0e31\u0e49\u0e19", "hashtags": [], "topic": "unrest", "tweet_urls": [], "date": {"hour": 12, "month": 11, "iso": "2018-11-20T12:07:47", "year": 2018, "day": 20, "minute": 7}, "geo": null, "id": 1064852806304059392, "lang": "th", "emoticons": [], "user_id": 1019209849568092160, "coordinates": null, "source": "Twitter for Android", "id_str": "1064852806304059392", "mentions": [], "location": "NYC"}, {"truncated": false, "text": "\u0e16\u0e49\u0e32\u0e41\u0e15\u0e19\u0e1c\u0e2d\u0e21\u0e01\u0e27\u0e48\u0e32\u0e19\u0e35\u0e49\u0e14\u0e34\u0e0a\u0e49\u0e2d\u0e19\u0e08\u0e30\u0e2d\u0e14\u0e02\u0e49\u0e32\u0e27\u0e1b\u0e23\u0e30\u0e17\u0e49\u0e27\u0e07\u0e41\u0e23\u0e49\u0e27\u0e19\u0e30\u0e04\u0e49 \u2014 \u0e40\u0e23\u0e34\u0e48\u0e21\u0e2d\u0e14\u0e15\u0e31\u0e49\u0e07\u0e41\u0e15\u0e48\u0e27\u0e31\u0e19\u0e19\u0e35\u0e49\u0e40\u0e23\u0e22\u0e04\u0e49 \u0e21\u0e31\u0e19\u0e1c\u0e2d\u0e21\u0e25\u0e07\u0e17\u0e38\u0e01\u0e04\u0e23\u0e31\u0e49\u0e07\u0e17\u0e35\u0e48\u0e40\u0e08\u0e2d \u0e40\u0e04\u0e35\u0e22\u0e14", "hashtags": [], "topic": "unrest", "tweet_urls": ["https://t.co/kQcXNVdFx6"], "date": {"hour": 15, "month": 11, "iso": "2018-11-19T15:22:09", "year": 2018, "day": 19, "minute": 22}, "geo": null, "id": 1064539330809610241, "lang": "th", "emoticons": [], "user_id": 2802766670, "coordinates": null, "source": "Ask.fm", "id_str": "1064539330809610241", "mentions": [], "location": "NYC"}]