[{"truncated": true, "text": "We may be facing a protracted period of social unrest. The current econ dislocation is exacerbated\u2026", "hashtags": [], "topic": "unrest", "tweet_urls": ["https://t.co/kaWVBW4CIz"], "date": {"hour": 1, "month": 10, "iso": "2018-10-24T01:34:28", "year": 2018, "day": 24, "minute": 34}, "geo": null, "id": 1054908953405087744, "lang": "en", "emoticons": [], "user_id": 886052474448207872, "coordinates": null, "source": "Twitter for iPhone", "location": "NYC", "mentions": ["@JenniferBrokaw"]}, {"truncated": true, "text": "please, please please do not call yourself a nationalist and enable Trump to steer America into the\u2026", "hashtags": [], "topic": "unrest", "tweet_urls": ["https://t.co/ENBy1uPjX9"], "date": {"hour": 21, "month": 10, "iso": "2018-10-23T21:58:40", "year": 2018, "day": 23, "minute": 58}, "geo": null, "id": 1054854644252450816, "lang": "en", "emoticons": [], "user_id": 24300172, "coordinates": null, "source": "Twitter for iPad", "location": "NYC", "mentions": ["@JeffreyToobin"]}, {"truncated": true, "text": "Today Show decision-makers -- Why would you validate white nationalist hate groups by giving them air-time?! PLEASE\u2026", "hashtags": [], "topic": "unrest", "tweet_urls": ["https://t.co/vBHPHJH92T"], "date": {"hour": 19, "month": 10, "iso": "2018-10-23T19:41:11", "year": 2018, "day": 23, "minute": 41}, "geo": null, "id": 1054820046147649537, "lang": "en", "emoticons": [], "user_id": 25447997, "coordinates": null, "source": "Twitter Web Client", "location": "NYC", "mentions": []}, {"truncated": true, "text": "If Middle Eastern governments respond to shifting fortunes by tightening their grip on power and failing to impleme\u2026", "hashtags": [], "topic": "unrest", "tweet_urls": ["https://t.co/5pXqMgSvwI"], "date": {"hour": 21, "month": 10, "iso": "2018-10-22T21:10:15", "year": 2018, "day": 22, "minute": 10}, "geo": null, "id": 1054480073649258496, "lang": "en", "emoticons": [], "user_id": 21114659, "coordinates": null, "source": "SocialFlow", "location": "NYC", "mentions": []}, {"truncated": true, "text": "Cogan:\u201dTo extent calls are made by factions within US ruling class+state for token democratic reforms in Saudi Arab\u2026", "hashtags": [], "topic": "unrest", "tweet_urls": ["https://t.co/cSQwQfYAEw"], "date": {"hour": 2, "month": 10, "iso": "2018-10-21T02:46:46", "year": 2018, "day": 21, "minute": 46}, "geo": null, "id": 1053839983331721216, "lang": "en", "emoticons": [], "user_id": 3294291206, "coordinates": null, "source": "Twitter for iPhone", "location": "NYC", "mentions": []}, {"truncated": true, "text": "I'm no fan of pure socialism but that is clearly not the whole answer...\nor else\u2026", "hashtags": [], "topic": "unrest", "tweet_urls": ["https://t.co/kAZpTMwfHr"], "date": {"hour": 16, "month": 10, "iso": "2018-10-17T16:14:33", "year": 2018, "day": 17, "minute": 14}, "geo": null, "id": 1052593718333763584, "lang": "en", "emoticons": [], "user_id": 4795611325, "coordinates": null, "source": "Twitter Lite", "location": "NYC", "mentions": ["@DanielDiMartino", "@vlad_hernandez_"]}, {"truncated": true, "text": "And all of this also weirdly subdivides into gender, race and creed. This does not bode well for the\u2026", "hashtags": [], "topic": "unrest", "tweet_urls": ["https://t.co/UGqXEtSfNF"], "date": {"hour": 17, "month": 10, "iso": "2018-10-16T17:40:11", "year": 2018, "day": 16, "minute": 40}, "geo": null, "id": 1052252882656026624, "lang": "en", "emoticons": [], "user_id": 950224923682885632, "coordinates": null, "source": "Twitter for iPhone", "location": "NYC", "mentions": ["@JillFilipovic"]}]