[{"truncated": true, "text": "changing \u00ab\u00a0whom\u00a0\u00bb to \u00ab\u00a0who\u00a0\u00bb...good move &gt;&gt; If Not Pelosi, Who? The Question Hovers Over a Simmering Rebel\u2026", "hashtags": [], "topic": "politics", "tweet_urls": ["https://t.co/2bzFeiS5JH"], "date": {"hour": 2, "month": 11, "iso": "2018-11-19T02:38:36", "year": 2018, "day": 19, "minute": 38}, "geo": null, "id": 1064347178011951110, "lang": "en", "emoticons": [], "user_id": 354608804, "coordinates": null, "source": "Twitter for iPhone", "id_str": "1064347178011951110", "mentions": ["@NYTimes"], "location": "NYC"}, {"truncated": true, "text": "Brenda Snipes submits her resignation as Broward elections supervisor. DA; very convenient that Florida can try to\u2026", "hashtags": [], "topic": "politics", "tweet_urls": ["https://t.co/1MKGgQKGTd"], "date": {"hour": 2, "month": 11, "iso": "2018-11-19T02:38:11", "year": 2018, "day": 19, "minute": 38}, "geo": null, "id": 1064347072923664384, "lang": "en", "emoticons": [], "user_id": 820876745675075584, "coordinates": null, "source": "Twitter Web Client", "id_str": "1064347072923664384", "mentions": [], "location": "NYC"}, {"truncated": true, "text": "Top story: CNN on Twitter: \"Former Vice President Joe Biden has adopted a German Shepherd named Major\u2026", "hashtags": [], "topic": "politics", "tweet_urls": ["https://t.co/gftnDsjxph"], "date": {"hour": 2, "month": 11, "iso": "2018-11-19T02:33:39", "year": 2018, "day": 19, "minute": 33}, "geo": null, "id": 1064345931359899650, "lang": "en", "emoticons": [], "user_id": 3071966694, "coordinates": null, "source": "The Tweeted Times", "id_str": "1064345931359899650", "mentions": [], "location": "NYC"}, {"truncated": true, "text": "To all my fellow who support the so you\u2019re perfectly fine with the way Donald Trump disrespects vet\u2026", "hashtags": ["#Veterans", "#Gop,"], "topic": "politics", "tweet_urls": ["https://t.co/vGBlPIkjTs"], "date": {"hour": 2, "month": 11, "iso": "2018-11-19T02:31:50", "year": 2018, "day": 19, "minute": 31}, "geo": null, "id": 1064345474071781377, "lang": "en", "emoticons": [], "user_id": 57372840, "coordinates": null, "source": "Twitter for iPhone", "id_str": "1064345474071781377", "mentions": [], "location": "NYC"}, {"truncated": false, "text": "reading-writing-revolution: I\u2019ve Worked in Republican Politics. The Party\u2019s Voter Suppression in the...", "hashtags": [], "topic": "politics", "tweet_urls": ["https://t.co/r8UZr8Kz2Y"], "date": {"hour": 2, "month": 11, "iso": "2018-11-19T02:30:57", "year": 2018, "day": 19, "minute": 30}, "geo": null, "id": 1064345251391905792, "lang": "en", "emoticons": [], "user_id": 17259137, "coordinates": null, "source": "Tumblr", "id_str": "1064345251391905792", "mentions": [], "location": "NYC"}, {"truncated": true, "text": "That\u2019s a good argument! But it needs to take politics into account IMHO (and to stop citing\u2026", "hashtags": [], "topic": "politics", "tweet_urls": ["https://t.co/ovr2p9zaka"], "date": {"hour": 2, "month": 11, "iso": "2018-11-19T02:30:43", "year": 2018, "day": 19, "minute": 30}, "geo": null, "id": 1064345192961097728, "lang": "en", "emoticons": [], "user_id": 22140392, "coordinates": null, "source": "Twitter for iPhone", "id_str": "1064345192961097728", "mentions": ["@OcnOgrphr", "@QuilletteM"], "location": "NYC"}, {"truncated": false, "text": "\u2018I won against President Obama and Oprah Winfrey\u2019: Trump still sees silver lining in midterms", "hashtags": [], "topic": "politics", "tweet_urls": ["https://t.co/a0Rn8iLIUu"], "date": {"hour": 2, "month": 11, "iso": "2018-11-19T02:30:17", "year": 2018, "day": 19, "minute": 30}, "geo": null, "id": 1064345084991324163, "lang": "en", "emoticons": [], "user_id": 27655224, "coordinates": null, "source": "Facebook", "id_str": "1064345084991324163", "mentions": [], "location": "NYC"}, {"truncated": true, "text": "classic counterintuitive brain genius slate take. Don\u2019t call something what it is because i\u2026", "hashtags": [], "topic": "politics", "tweet_urls": ["https://t.co/TULsc8EpVE", "https://t.co/F022GZrbTW"], "date": {"hour": 2, "month": 11, "iso": "2018-11-19T02:29:32", "year": 2018, "day": 19, "minute": 29}, "geo": null, "id": 1064344896126033920, "lang": "en", "emoticons": [], "user_id": 979003885678481414, "coordinates": null, "source": "Twitter for iPhone", "id_str": "1064344896126033920", "mentions": [], "location": "NYC"}, {"truncated": true, "text": "Noted, It doesn't matter how safe you help keep this country, if you're LGBTQ America is the land of hypocrit\u2026", "hashtags": [], "topic": "politics", "tweet_urls": ["https://t.co/i9DZQz34Wi"], "date": {"hour": 2, "month": 11, "iso": "2018-11-19T02:29:23", "year": 2018, "day": 19, "minute": 29}, "geo": null, "id": 1064344859379724288, "lang": "en", "emoticons": [], "user_id": 220259709, "coordinates": null, "source": "Twitter for Android", "id_str": "1064344859379724288", "mentions": ["@GOP."], "location": "NYC"}, {"truncated": true, "text": "I've always taken pride in being objective. Innuen\u2026", "hashtags": [], "topic": "politics", "tweet_urls": ["https://t.co/3lFX6H7zY9"], "date": {"hour": 2, "month": 11, "iso": "2018-11-19T02:29:02", "year": 2018, "day": 19, "minute": 29}, "geo": null, "id": 1064344769122508800, "lang": "en", "emoticons": [], "user_id": 39446360, "coordinates": null, "source": "Twitter for Android", "id_str": "1064344769122508800", "mentions": ["@Gladstone1431", "@mark_clinton", "@Ruuod", "@Annakhait", "@realDonaldTrump"], "location": "NYC"}, {"truncated": true, "text": "Flipping seats from red to blue doesn't matter if your democrats are con\u2026", "hashtags": [], "topic": "politics", "tweet_urls": ["https://t.co/YqSvKsoMNv"], "date": {"hour": 2, "month": 11, "iso": "2018-11-19T02:27:56", "year": 2018, "day": 19, "minute": 27}, "geo": null, "id": 1064344494152302593, "lang": "en", "emoticons": [], "user_id": 866475173263945732, "coordinates": null, "source": "Twitter Web Client", "id_str": "1064344494152302593", "mentions": ["@boise3981", "@ricardovg", "@lacadri34", "@politico"], "location": "NYC"}, {"truncated": true, "text": "Sir, forget Mullhas. The tragedy is the most moderate Muslims in Bollywood or politics don't even minc\u2026", "hashtags": [], "topic": "politics", "tweet_urls": ["https://t.co/Wh30Ptl9UJ"], "date": {"hour": 2, "month": 11, "iso": "2018-11-19T02:27:38", "year": 2018, "day": 19, "minute": 27}, "geo": null, "id": 1064344416415072256, "lang": "en", "emoticons": [], "user_id": 722785500700913664, "coordinates": null, "source": "Twitter Lite", "id_str": "1064344416415072256", "mentions": ["@TarekFatah"], "location": "NYC"}, {"truncated": true, "text": "Trump attacks Schiff as 'little Adam Schitt' on Twitter SHOULDN'T HAVE D\u2026", "hashtags": [], "topic": "politics", "tweet_urls": ["https://t.co/nniBevXc0G\nPOTUS", "https://t.co/nDbNsYCEh0"], "date": {"hour": 2, "month": 11, "iso": "2018-11-19T02:27:19", "year": 2018, "day": 19, "minute": 27}, "geo": null, "id": 1064344337176248320, "lang": "en", "emoticons": [], "user_id": 874722673, "coordinates": null, "source": "Twitter Web Client", "id_str": "1064344337176248320", "mentions": ["@CNNPolitics"], "location": "NYC"}, {"truncated": true, "text": "Trump is the worse exsample2 our children as a person and as leader. Nodisrespect2\u2026", "hashtags": [], "topic": "politics", "tweet_urls": ["https://t.co/NBTNfAxe3AFakenews", "https://t.co/900okEQW22"], "date": {"hour": 2, "month": 11, "iso": "2018-11-19T02:26:42", "year": 2018, "day": 19, "minute": 26}, "geo": null, "id": 1064344184738459648, "lang": "en", "emoticons": ["\ud83d\uded1"], "user_id": 585054885, "coordinates": null, "source": "Twitter for Android", "id_str": "1064344184738459648", "mentions": [], "location": "NYC"}, {"truncated": false, "text": "\u2018Shadow,\u2019 \u2018Elephant\u2019 and Politics Dominate at Golden Horse Awards \u2013 Variety", "hashtags": [], "topic": "politics", "tweet_urls": ["https://t.co/KrKIaw9vWR"], "date": {"hour": 2, "month": 11, "iso": "2018-11-19T02:25:06", "year": 2018, "day": 19, "minute": 25}, "geo": null, "id": 1064343780755742720, "lang": "en", "emoticons": [], "user_id": 825114579336327168, "coordinates": null, "source": "Twitter for iPhone", "id_str": "1064343780755742720", "mentions": [], "location": "NYC"}, {"truncated": true, "text": "This gets to me so much more than whatever Trump says. If our culture started seeing climate change even half as cl\u2026", "hashtags": [], "topic": "politics", "tweet_urls": ["https://t.co/Mwd0nuPaeJ"], "date": {"hour": 2, "month": 11, "iso": "2018-11-19T02:22:16", "year": 2018, "day": 19, "minute": 22}, "geo": null, "id": 1064343067862405123, "lang": "en", "emoticons": [], "user_id": 22140392, "coordinates": null, "source": "Twitter for iPhone", "id_str": "1064343067862405123", "mentions": [], "location": "NYC"}, {"truncated": true, "text": "The whole Supreme Court is trash and should be abolished:\n\nSotomayor says Kavanaugh is part of the Supreme Court 'f\u2026", "hashtags": [], "topic": "politics", "tweet_urls": ["https://t.co/vr4gdk9bHr"], "date": {"hour": 2, "month": 11, "iso": "2018-11-19T02:20:01", "year": 2018, "day": 19, "minute": 20}, "geo": null, "id": 1064342502306648064, "lang": "en", "emoticons": [], "user_id": 19912781, "coordinates": null, "source": "Twitter for Android", "id_str": "1064342502306648064", "mentions": [], "location": "NYC"}, {"truncated": true, "text": "Wrong....his 12 year old son and his grand children are attacked constantly..\u2026", "hashtags": [], "topic": "politics", "tweet_urls": ["https://t.co/HrWXU8NuMJ"], "date": {"hour": 2, "month": 11, "iso": "2018-11-19T02:18:53", "year": 2018, "day": 19, "minute": 18}, "geo": null, "id": 1064342215273664512, "lang": "en", "emoticons": [], "user_id": 728330271645442049, "coordinates": null, "source": "Twitter Web Client", "id_str": "1064342215273664512", "mentions": ["@chick_canon", "@joy_nagel68", "@ChrisCuomo"], "location": "NYC"}, {"truncated": true, "text": "Seriously? Private Bone-Spur, who was afraid of the rain and \"too busy\" to visit Arlington Natl Cemetery to honor o\u2026", "hashtags": [], "topic": "politics", "tweet_urls": ["https://t.co/3XiYDYqlqJ"], "date": {"hour": 2, "month": 11, "iso": "2018-11-19T02:17:50", "year": 2018, "day": 19, "minute": 17}, "geo": null, "id": 1064341952605364224, "lang": "en", "emoticons": [], "user_id": 16391655, "coordinates": null, "source": "Twitter Web Client", "id_str": "1064341952605364224", "mentions": [], "location": "NYC"}, {"truncated": true, "text": "trump, Oct. 2018:\n\u201cI\u2019m not on the ticket, but I AM ON THE TICKET, because this is also a referendum about me... Pre\u2026", "hashtags": [], "topic": "politics", "tweet_urls": ["https://t.co/ldfhKj7KPu"], "date": {"hour": 2, "month": 11, "iso": "2018-11-19T02:14:51", "year": 2018, "day": 19, "minute": 14}, "geo": null, "id": 1064341201489412097, "lang": "en", "emoticons": [], "user_id": 1640929196, "coordinates": null, "source": "Twitter for Android", "id_str": "1064341201489412097", "mentions": [], "location": "NYC"}, {"truncated": true, "text": "Trump seen as 'beacon for repression' Fox News host Chris Wallace says. TRUTH \u2066@FoxNewsSunday\u2069 \u2066\u2026", "hashtags": [], "topic": "politics", "tweet_urls": ["https://t.co/7ExLy4UtYx"], "date": {"hour": 2, "month": 11, "iso": "2018-11-19T02:13:08", "year": 2018, "day": 19, "minute": 13}, "geo": null, "id": 1064340768762908672, "lang": "en", "emoticons": [], "user_id": 114002658, "coordinates": null, "source": "Twitter for iPhone", "id_str": "1064340768762908672", "mentions": [], "location": "NYC"}, {"truncated": true, "text": "- Is trump better than HRC?\n- In 2020, are you saying unless you get your\u2026", "hashtags": [], "topic": "politics", "tweet_urls": ["https://t.co/ZQJEda8kww"], "date": {"hour": 2, "month": 11, "iso": "2018-11-19T02:12:07", "year": 2018, "day": 19, "minute": 12}, "geo": null, "id": 1064340513195794432, "lang": "en", "emoticons": [], "user_id": 26024831, "coordinates": null, "source": "Twitter Web Client", "id_str": "1064340513195794432", "mentions": ["@ShaunHensleyCA", "@socal_chi", "@TopRopeTravis"], "location": "NYC"}, {"truncated": true, "text": "Lana Marks is an articulate woman who has lived in Bermuda &amp; was friends with Princess Diana. I don\u2019t\u2026", "hashtags": [], "topic": "politics", "tweet_urls": ["https://t.co/UzyhQnymWj"], "date": {"hour": 2, "month": 11, "iso": "2018-11-19T02:10:19", "year": 2018, "day": 19, "minute": 10}, "geo": null, "id": 1064340058243833857, "lang": "en", "emoticons": [], "user_id": 3234550994, "coordinates": null, "source": "Twitter for iPad", "id_str": "1064340058243833857", "mentions": ["@EdwardTHardy"], "location": "NYC"}, {"truncated": true, "text": "I'm not sure what politics have to do with 75% of what's going on in life. And yet\u2026", "hashtags": [], "topic": "politics", "tweet_urls": ["https://t.co/YrD9r89i9a"], "date": {"hour": 2, "month": 11, "iso": "2018-11-19T02:09:01", "year": 2018, "day": 19, "minute": 9}, "geo": null, "id": 1064339733009100800, "lang": "en", "emoticons": [], "user_id": 817452168357773312, "coordinates": null, "source": "Twitter Web Client", "id_str": "1064339733009100800", "mentions": ["@relax_of", "@imatheory", "@kwilli1046"], "location": "NYC"}, {"truncated": false, "text": "China \u2018has taken the gloves off\u2019 in its thefts of U.S. technology secrets - Los Angeles Times", "hashtags": [], "topic": "politics", "tweet_urls": ["https://t.co/c7h0ipIK42"], "date": {"hour": 2, "month": 11, "iso": "2018-11-19T02:07:20", "year": 2018, "day": 19, "minute": 7}, "geo": null, "id": 1064339310651088897, "lang": "en", "emoticons": [], "user_id": 1064325195341709312, "coordinates": null, "source": "Twitter for iPad", "id_str": "1064339310651088897", "mentions": [], "location": "NYC"}, {"truncated": true, "text": "Calling out the left for being the totalitarian nightmare\u2026", "hashtags": [], "topic": "politics", "tweet_urls": ["https://t.co/1G29Hk8PXa"], "date": {"hour": 2, "month": 11, "iso": "2018-11-19T02:04:34", "year": 2018, "day": 19, "minute": 4}, "geo": null, "id": 1064338613293453313, "lang": "en", "emoticons": [], "user_id": 1022920335279226886, "coordinates": null, "source": "Twitter Web Client", "id_str": "1064338613293453313", "mentions": ["@Yehuda_Pollack", "@JoelleHGRides", "@danielconvissor", "@D00RZ0NE"], "location": "NYC"}, {"truncated": true, "text": "I find I can take on more gigs when I\u2019m ok and\u2026", "hashtags": [], "topic": "politics", "tweet_urls": ["https://t.co/qbo9XUdwGU"], "date": {"hour": 2, "month": 11, "iso": "2018-11-19T02:04:31", "year": 2018, "day": 19, "minute": 4}, "geo": null, "id": 1064338600756695040, "lang": "en", "emoticons": [], "user_id": 2202385801, "coordinates": null, "source": "Twitter for iPhone", "id_str": "1064338600756695040", "mentions": ["@MagicMinnieMinx", "@Ms_Deathwish", "@AspieHuman", "@CurricAutism", "@soundcube"], "location": "NYC"}, {"truncated": true, "text": "Trump Just Blurted Out, Unprompted, That He Installed His Pet Attorney General Over the Russia Probe\nIf you wait lo\u2026", "hashtags": [], "topic": "politics", "tweet_urls": ["https://t.co/6JwwsS1QgZ"], "date": {"hour": 2, "month": 11, "iso": "2018-11-19T02:03:44", "year": 2018, "day": 19, "minute": 3}, "geo": null, "id": 1064338402588405760, "lang": "en", "emoticons": [], "user_id": 221445245, "coordinates": null, "source": "Twitter for iPhone", "id_str": "1064338402588405760", "mentions": [], "location": "NYC"}, {"truncated": true, "text": "Architect of bin Laden raid: Trump 'threatens the Constitution' when he attacks the media. So called architect of b\u2026", "hashtags": [], "topic": "politics", "tweet_urls": ["https://t.co/DiXnrpYc42"], "date": {"hour": 2, "month": 11, "iso": "2018-11-19T02:02:10", "year": 2018, "day": 19, "minute": 2}, "geo": null, "id": 1064338009762512899, "lang": "en", "emoticons": [], "user_id": 820876745675075584, "coordinates": null, "source": "Twitter for Android", "id_str": "1064338009762512899", "mentions": [], "location": "NYC"}, {"truncated": true, "text": "Desperate starving people do desperate things, especially when they are portrayed horr\u2026", "hashtags": [], "topic": "politics", "tweet_urls": ["https://t.co/OUxLdRv9TX"], "date": {"hour": 2, "month": 11, "iso": "2018-11-19T02:00:42", "year": 2018, "day": 19, "minute": 0}, "geo": null, "id": 1064337640319782913, "lang": "en", "emoticons": [], "user_id": 197994320, "coordinates": null, "source": "Twitter for iPhone", "id_str": "1064337640319782913", "mentions": ["@MarkACollett", "@jameywilliams"], "location": "NYC"}, {"truncated": true, "text": "\u2018FINISHED\u2019 WITH MUELLER? Pres. Trump says he has finished his written answers for Special Counsel Robert Mueller \u2013\u2026", "hashtags": [], "topic": "politics", "tweet_urls": ["https://t.co/0uFVfzv5t5"], "date": {"hour": 2, "month": 11, "iso": "2018-11-19T02:00:00", "year": 2018, "day": 19, "minute": 0}, "geo": null, "id": 1064337464624472066, "lang": "en", "emoticons": [], "user_id": 86141342, "coordinates": null, "source": "Media Studio", "id_str": "1064337464624472066", "mentions": [], "location": "NYC"}, {"truncated": false, "text": "Worthwhile background reading to put Hasen\u2019s argument in context:", "hashtags": [], "topic": "politics", "tweet_urls": ["https://t.co/7e8yocc5iR"], "date": {"hour": 1, "month": 11, "iso": "2018-11-19T01:58:44", "year": 2018, "day": 19, "minute": 58}, "geo": null, "id": 1064337145463300096, "lang": "en", "emoticons": [], "user_id": 107217872, "coordinates": null, "source": "Twitter for iPhone", "id_str": "1064337145463300096", "mentions": [], "location": "NYC"}, {"truncated": true, "text": "Linda Sarsour has posted a response to the current campaign against the Women's March. It hasn't changed my mind be\u2026", "hashtags": [], "topic": "politics", "tweet_urls": ["https://t.co/d43R4ZR7ll"], "date": {"hour": 1, "month": 11, "iso": "2018-11-19T01:58:39", "year": 2018, "day": 19, "minute": 58}, "geo": null, "id": 1064337123518672898, "lang": "en", "emoticons": [], "user_id": 408726876, "coordinates": null, "source": "Facebook", "id_str": "1064337123518672898", "mentions": [], "location": "NYC"}, {"truncated": true, "text": "Pelosi has been a quite effective and smart leader. But Darwin is a m\u2026", "hashtags": [], "topic": "politics", "tweet_urls": ["https://t.co/9sipiTyGK2"], "date": {"hour": 1, "month": 11, "iso": "2018-11-19T01:58:10", "year": 2018, "day": 19, "minute": 58}, "geo": null, "id": 1064337002768809989, "lang": "en", "emoticons": [], "user_id": 301012485, "coordinates": null, "source": "Twitter Lite", "id_str": "1064337002768809989", "mentions": ["@BillCunningham8", "@SalAlbaneseNYC", "@NancyPelosi"], "location": "NYC"}, {"truncated": true, "text": "Democrats are ready to work to strengthen health care, take big &amp; secret money out of politics, prote\u2026", "hashtags": ["#ForThePeople"], "topic": "politics", "tweet_urls": ["https://t.co/2SreVpKrBw"], "date": {"hour": 1, "month": 11, "iso": "2018-11-19T01:57:41", "year": 2018, "day": 19, "minute": 57}, "geo": null, "id": 1064336881243090944, "lang": "en", "emoticons": [], "user_id": 818834056301277185, "coordinates": null, "source": "Twitter Web Client", "id_str": "1064336881243090944", "mentions": [], "location": "NYC"}, {"truncated": false, "text": "It\u2019s so embarrassing", "hashtags": [], "topic": "politics", "tweet_urls": [], "date": {"hour": 1, "month": 11, "iso": "2018-11-19T01:55:12", "year": 2018, "day": 19, "minute": 55}, "geo": null, "id": 1064336253922041856, "lang": "en", "emoticons": [], "user_id": 51103551, "coordinates": null, "source": "Twitter for iPhone", "id_str": "1064336253922041856", "mentions": ["@justinhendrix", "@AP_Politics"], "location": "NYC"}, {"truncated": true, "text": "Why Democrats should not call the Georgia governor\u2019s race \u201cstolen.\u201d Even though it was, the right wing is counting\u2026", "hashtags": [], "topic": "politics", "tweet_urls": ["https://t.co/w4VVk6kIAV"], "date": {"hour": 1, "month": 11, "iso": "2018-11-19T01:55:07", "year": 2018, "day": 19, "minute": 55}, "geo": null, "id": 1064336236939276288, "lang": "en", "emoticons": [], "user_id": 820876745675075584, "coordinates": null, "source": "Twitter for Android", "id_str": "1064336236939276288", "mentions": [], "location": "NYC"}, {"truncated": true, "text": "\"Shortly thereafter, my arm was pushed behind my back and I was placed in the same zip ties that I just asked the o\u2026", "hashtags": [], "topic": "politics", "tweet_urls": ["https://t.co/awbIJrHeCu"], "date": {"hour": 1, "month": 11, "iso": "2018-11-19T01:53:47", "year": 2018, "day": 19, "minute": 53}, "geo": null, "id": 1064335900962971648, "lang": "en", "emoticons": [], "user_id": 93470026, "coordinates": null, "source": "Facebook", "id_str": "1064335900962971648", "mentions": [], "location": "NYC"}, {"truncated": false, "text": "ICYMI\u25baA Republican won the Georgia governor's race, but it was tainted by voter suppression via", "hashtags": [], "topic": "politics", "tweet_urls": ["https://t.co/BKKnfRbA1j"], "date": {"hour": 1, "month": 11, "iso": "2018-11-19T01:53:29", "year": 2018, "day": 19, "minute": 53}, "geo": null, "id": 1064335821917089792, "lang": "en", "emoticons": [], "user_id": 2279225400, "coordinates": null, "source": "Twitter Web Client", "id_str": "1064335821917089792", "mentions": ["@MotherJones"], "location": "NYC"}, {"truncated": false, "text": "Trump rates his presidency \u2018A+\u2019: \u2018Is that enough? Can I go higher than that?\u2019", "hashtags": [], "topic": "politics", "tweet_urls": ["https://t.co/HiN6FYDwK5"], "date": {"hour": 1, "month": 11, "iso": "2018-11-19T01:52:17", "year": 2018, "day": 19, "minute": 52}, "geo": null, "id": 1064335520434700288, "lang": "en", "emoticons": [], "user_id": 1579257762, "coordinates": null, "source": "Twitter for Android", "id_str": "1064335520434700288", "mentions": [], "location": "NYC"}, {"truncated": true, "text": "Democrats propose rule change that bans hats on House floor for Michigan rep. elect who wears headscarf - NY Daily\u2026", "hashtags": [], "topic": "politics", "tweet_urls": ["https://t.co/VuRjGyCMaI"], "date": {"hour": 1, "month": 11, "iso": "2018-11-19T01:51:50", "year": 2018, "day": 19, "minute": 51}, "geo": null, "id": 1064335406815166464, "lang": "en", "emoticons": [], "user_id": 156274507, "coordinates": null, "source": "Twitter for iPhone", "id_str": "1064335406815166464", "mentions": [], "location": "NYC"}, {"truncated": true, "text": "life was not what I wanted it to be - and because I had a passion for politics, I was the perfect person to radical\u2026", "hashtags": [], "topic": "politics", "tweet_urls": ["https://t.co/3uAPcOLQoQ"], "date": {"hour": 1, "month": 11, "iso": "2018-11-19T01:51:12", "year": 2018, "day": 19, "minute": 51}, "geo": null, "id": 1064335249197293568, "lang": "en", "emoticons": [], "user_id": 19165963, "coordinates": null, "source": "Twitter for iPhone", "id_str": "1064335249197293568", "mentions": [], "location": "NYC"}, {"truncated": false, "text": "Wildfire Evacuees Not Impressed With Trump\u2019s Rake Remarks", "hashtags": ["#California", "#Politics", "#GetWoke"], "topic": "politics", "tweet_urls": ["https://t.co/wcgBX0VcRx"], "date": {"hour": 1, "month": 11, "iso": "2018-11-19T01:50:45", "year": 2018, "day": 19, "minute": 50}, "geo": null, "id": 1064335137532452865, "lang": "en", "emoticons": [], "user_id": 18080729, "coordinates": null, "source": "TweetCaster for Android", "id_str": "1064335137532452865", "mentions": [], "location": "NYC"}, {"truncated": true, "text": "VOI Technology, the e-scooter startup from Sweden, raises $50M led by Balderton Capital\nhttps://t.co/yvryoaTkMc\u2026", "hashtags": [], "topic": "politics", "tweet_urls": ["https://t.co/OvrEiC9kVw"], "date": {"hour": 1, "month": 11, "iso": "2018-11-19T01:49:45", "year": 2018, "day": 19, "minute": 49}, "geo": null, "id": 1064334882720178177, "lang": "en", "emoticons": [], "user_id": 974348076927373313, "coordinates": null, "source": "politicalreporter-business", "id_str": "1064334882720178177", "mentions": [], "location": "NYC"}, {"truncated": false, "text": "On tomorrow\u2019s Daily we zig a little. Any guesses on our topic? A hint. Not about politics. Not about Trump.", "hashtags": [], "topic": "politics", "tweet_urls": [], "date": {"hour": 1, "month": 11, "iso": "2018-11-19T01:48:04", "year": 2018, "day": 19, "minute": 48}, "geo": null, "id": 1064334459963695104, "lang": "en", "emoticons": [], "user_id": 282545479, "coordinates": null, "source": "Twitter for iPhone", "id_str": "1064334459963695104", "mentions": [], "location": "NYC"}, {"truncated": true, "text": "Vote-Stealing Battle in Florida Portends More Distrust in System for 2020 on Politics Today -\u2026", "hashtags": [], "topic": "politics", "tweet_urls": ["https://t.co/m0PmZj5XE3"], "date": {"hour": 1, "month": 11, "iso": "2018-11-19T01:46:13", "year": 2018, "day": 19, "minute": 46}, "geo": null, "id": 1064333995851350016, "lang": "en", "emoticons": [], "user_id": 939143627133128704, "coordinates": null, "source": "inPoliticsToday", "id_str": "1064333995851350016", "mentions": [], "location": "NYC"}, {"truncated": true, "text": "NEWS: credits his alma mater for helping him achieve tremendous success. The former NY\u2026", "hashtags": [], "topic": "politics", "tweet_urls": ["https://t.co/kFPsnkPYH0"], "date": {"hour": 1, "month": 11, "iso": "2018-11-19T01:44:57", "year": 2018, "day": 19, "minute": 44}, "geo": null, "id": 1064333677277122562, "lang": "en", "emoticons": [], "user_id": 263671861, "coordinates": null, "source": "Twitter Web Client", "id_str": "1064333677277122562", "mentions": ["@MikeBloomberg", "@JohnsHopkins"], "location": "NYC"}, {"truncated": true, "text": "Did the Obama Administration\u2019s Abuse of Foreign-Intelligence Collection Start Before Trump?\u2026", "hashtags": ["#RussoSHOW"], "topic": "politics", "tweet_urls": ["https://t.co/eqv1fiT3g5"], "date": {"hour": 1, "month": 11, "iso": "2018-11-19T01:43:45", "year": 2018, "day": 19, "minute": 43}, "geo": null, "id": 1064333376256180224, "lang": "en", "emoticons": [], "user_id": 42751681, "coordinates": null, "source": "Twitter Web Client", "id_str": "1064333376256180224", "mentions": [], "location": "NYC"}, {"truncated": true, "text": "These Americans Are Done With Politics - Except for a few personal anecdotes, it sounds like more than a few state\u2026", "hashtags": [], "topic": "politics", "tweet_urls": ["https://t.co/JNfus1FObu"], "date": {"hour": 1, "month": 11, "iso": "2018-11-19T01:43:44", "year": 2018, "day": 19, "minute": 43}, "geo": null, "id": 1064333371977928705, "lang": "en", "emoticons": [], "user_id": 48474907, "coordinates": null, "source": "Twitter for iPhone", "id_str": "1064333371977928705", "mentions": [], "location": "NYC"}, {"truncated": false, "text": "There\u2019s always a tweet", "hashtags": [], "topic": "politics", "tweet_urls": ["https://t.co/cZR27yZBXe"], "date": {"hour": 1, "month": 11, "iso": "2018-11-19T01:42:42", "year": 2018, "day": 19, "minute": 42}, "geo": null, "id": 1064333110697955328, "lang": "en", "emoticons": [], "user_id": 17700455, "coordinates": null, "source": "Twitter for iPhone", "id_str": "1064333110697955328", "mentions": [], "location": "NYC"}, {"truncated": true, "text": "Trump acknowledged the existence of a recording of Jamal Khashoggi\u2019s murder but said he has not listened to what he\u2026", "hashtags": [], "topic": "politics", "tweet_urls": ["https://t.co/Gmbrpz2zoE"], "date": {"hour": 1, "month": 11, "iso": "2018-11-19T01:41:32", "year": 2018, "day": 19, "minute": 41}, "geo": null, "id": 1064332818589908992, "lang": "en", "emoticons": [], "user_id": 27493883, "coordinates": null, "source": "Twitter for iPhone", "id_str": "1064332818589908992", "mentions": [], "location": "NYC"}, {"truncated": true, "text": "The Obama Administration Allegedly Spied on Pro-Israel Activists. Did They Do the Same to Trump?\u2026", "hashtags": ["#RussoSHOW"], "topic": "politics", "tweet_urls": ["https://t.co/kj70Oldmgl"], "date": {"hour": 1, "month": 11, "iso": "2018-11-19T01:41:28", "year": 2018, "day": 19, "minute": 41}, "geo": null, "id": 1064332798381735936, "lang": "en", "emoticons": [], "user_id": 42751681, "coordinates": null, "source": "Twitter Web Client", "id_str": "1064332798381735936", "mentions": [], "location": "NYC"}, {"truncated": true, "text": "\u2066@BBCWorld\u2069 \u2066@theresa_may\u2069 I am disgusted to have English heritage. One of the greatest empires the world has ever\u2026", "hashtags": [], "topic": "politics", "tweet_urls": ["https://t.co/eWEjKLhXvW"], "date": {"hour": 1, "month": 11, "iso": "2018-11-19T01:37:18", "year": 2018, "day": 19, "minute": 37}, "geo": null, "id": 1064331749956755456, "lang": "en", "emoticons": [], "user_id": 971080949491556354, "coordinates": null, "source": "Twitter for iPhone", "id_str": "1064331749956755456", "mentions": [], "location": "NYC"}, {"truncated": false, "text": "It\u2019s just like the site. You follow communities that you find interesting \u2014 politics, entertainment, etc", "hashtags": [], "topic": "politics", "tweet_urls": [], "date": {"hour": 1, "month": 11, "iso": "2018-11-19T01:33:43", "year": 2018, "day": 19, "minute": 33}, "geo": null, "id": 1064330848781119490, "lang": "en", "emoticons": [], "user_id": 17700455, "coordinates": null, "source": "Twitter for iPhone", "id_str": "1064330848781119490", "mentions": ["@DennsGonzalez", "@reddit"], "location": "NYC"}, {"truncated": false, "text": "Politics aren\u2019t petty. They are morals encapsulated. I will not associate with immoral people.", "hashtags": [], "topic": "politics", "tweet_urls": [], "date": {"hour": 1, "month": 11, "iso": "2018-11-19T01:33:12", "year": 2018, "day": 19, "minute": 33}, "geo": null, "id": 1064330720825483267, "lang": "en", "emoticons": [], "user_id": 3059594723, "coordinates": null, "source": "Twitter for iPhone", "id_str": "1064330720825483267", "mentions": ["@3timesamama", "@LauraBenanti"], "location": "NYC"}, {"truncated": true, "text": "These Americans Are Done With Politics - The New York Times. I mentioned this awhile ago . Another Majority or Th\u2026", "hashtags": [], "topic": "politics", "tweet_urls": ["https://t.co/FZWEjCiYB6"], "date": {"hour": 1, "month": 11, "iso": "2018-11-19T01:32:30", "year": 2018, "day": 19, "minute": 32}, "geo": null, "id": 1064330542852816902, "lang": "en", "emoticons": [], "user_id": 48474907, "coordinates": null, "source": "Twitter for iPhone", "id_str": "1064330542852816902", "mentions": [], "location": "NYC"}, {"truncated": true, "text": "Architect of bin Laden raid: Trump 'threatens the Constitution' when he attacks the media - CNN: CNN Architect of b\u2026", "hashtags": [], "topic": "politics", "tweet_urls": ["https://t.co/McrCH3ZpS0"], "date": {"hour": 1, "month": 11, "iso": "2018-11-19T01:32:04", "year": 2018, "day": 19, "minute": 32}, "geo": null, "id": 1064330436090839041, "lang": "en", "emoticons": [], "user_id": 2734001365, "coordinates": null, "source": "dlvr.it", "id_str": "1064330436090839041", "mentions": [], "location": "NYC"}, {"truncated": true, "text": "This week, has the story of a guy who\u2014with sheer force of will\u2014utterly changed our politics and created the\u2026", "hashtags": [], "topic": "politics", "tweet_urls": ["https://t.co/4PHoaoMiLM"], "date": {"hour": 1, "month": 11, "iso": "2018-11-19T01:31:00", "year": 2018, "day": 19, "minute": 31}, "geo": null, "id": 1064330166313381888, "lang": "en", "emoticons": [], "user_id": 149180925, "coordinates": null, "source": "Buffer", "id_str": "1064330166313381888", "mentions": ["@zchace"], "location": "NYC"}, {"truncated": false, "text": "Barack Obama surprise guest at Michelle Obama\u2019s book show via", "hashtags": [], "topic": "politics", "tweet_urls": ["https://t.co/o3TKp2Pm0I"], "date": {"hour": 1, "month": 11, "iso": "2018-11-19T01:29:40", "year": 2018, "day": 19, "minute": 29}, "geo": null, "id": 1064329829351333888, "lang": "en", "emoticons": [], "user_id": 785409570978004992, "coordinates": null, "source": "Twitter Web Client", "id_str": "1064329829351333888", "mentions": ["@nbcnews"], "location": "NYC"}, {"truncated": false, "text": "China \u2018has taken the gloves off\u2019 in its thefts of U.S. technology secrets", "hashtags": [], "topic": "politics", "tweet_urls": ["https://t.co/R9XVqw7wec"], "date": {"hour": 1, "month": 11, "iso": "2018-11-19T01:28:51", "year": 2018, "day": 19, "minute": 28}, "geo": null, "id": 1064329623998218240, "lang": "en", "emoticons": [], "user_id": 392739061, "coordinates": null, "source": "Twitter for iPhone", "id_str": "1064329623998218240", "mentions": [], "location": "NYC"}, {"truncated": true, "text": "Tune in Sunday\u2019s 8:00pm-9:00pm to \u201cThe Sky Menesky Podcast\u201d", "hashtags": ["#social", "#socialworker", "#specialguest", "#interview\u2026"], "topic": "politics", "tweet_urls": ["https://t.co/FKAAlOW8xU"], "date": {"hour": 1, "month": 11, "iso": "2018-11-19T01:26:51", "year": 2018, "day": 19, "minute": 26}, "geo": null, "id": 1064329119754870785, "lang": "en", "emoticons": [], "user_id": 305980617, "coordinates": null, "source": "IFTTT", "id_str": "1064329119754870785", "mentions": [], "location": "NYC"}, {"truncated": true, "text": "The president's disparaging remarks about the commander &amp; team responsible for taking down the 9/11 mastermind stup\u2026", "hashtags": [], "topic": "politics", "tweet_urls": ["https://t.co/zMAS2th17K"], "date": {"hour": 1, "month": 11, "iso": "2018-11-19T01:24:53", "year": 2018, "day": 19, "minute": 24}, "geo": null, "id": 1064328625636356096, "lang": "en", "emoticons": [], "user_id": 17914013, "coordinates": null, "source": "Twitter Web Client", "id_str": "1064328625636356096", "mentions": [], "location": "NYC"}, {"truncated": true, "text": "We thought you\u2019d reign like fire on the politics... but\n\nBut without a sword, no armored guard, \n\nCommon born in mo\u2026", "hashtags": [], "topic": "politics", "tweet_urls": ["https://t.co/zOaXvBtzJ4"], "date": {"hour": 1, "month": 11, "iso": "2018-11-19T01:24:48", "year": 2018, "day": 19, "minute": 24}, "geo": null, "id": 1064328604157444096, "lang": "en", "emoticons": [], "user_id": 180996847, "coordinates": null, "source": "Twitter for iPhone", "id_str": "1064328604157444096", "mentions": [], "location": "NYC"}, {"truncated": true, "text": "Wanted Tennessee Man Arrested for Allegedly Raping 16-Month-Old PRISON IS TOO GOOD FOR THIS PIECE OF SHIT,TORTURE A\u2026", "hashtags": [], "topic": "politics", "tweet_urls": ["https://t.co/DngduRlAAT"], "date": {"hour": 1, "month": 11, "iso": "2018-11-19T01:23:04", "year": 2018, "day": 19, "minute": 23}, "geo": null, "id": 1064328167391969281, "lang": "en", "emoticons": [], "user_id": 29610854, "coordinates": null, "source": "Twitter for iPhone", "id_str": "1064328167391969281", "mentions": [], "location": "NYC"}, {"truncated": true, "text": "Trump Says He Was 'Fully Briefed' and Also 'Not Briefed Yet' But Either Way Saudi Crown Prince 'Absolutely' Not Inv\u2026", "hashtags": [], "topic": "politics", "tweet_urls": ["https://t.co/wiYTYO26wl"], "date": {"hour": 1, "month": 11, "iso": "2018-11-19T01:22:54", "year": 2018, "day": 19, "minute": 22}, "geo": null, "id": 1064328128741416960, "lang": "en", "emoticons": [], "user_id": 38362693, "coordinates": null, "source": "Twitter for iPhone", "id_str": "1064328128741416960", "mentions": [], "location": "NYC"}, {"truncated": true, "text": "White liberals in for rude awakening as Ocasio Cortez goes after them. Identity politics is always cannibalistic\u2026", "hashtags": [], "topic": "politics", "tweet_urls": ["https://t.co/r9VY8Ly13E"], "date": {"hour": 1, "month": 11, "iso": "2018-11-19T01:21:14", "year": 2018, "day": 19, "minute": 21}, "geo": null, "id": 1064327706995761153, "lang": "en", "emoticons": [], "user_id": 34747138, "coordinates": null, "source": "Facebook", "id_str": "1064327706995761153", "mentions": [], "location": "NYC"}, {"truncated": true, "text": "Trump is classless. \n\nHe has singlehandedly turned the political arena into a no-holds barred, shit show; replete\u2026", "hashtags": [], "topic": "politics", "tweet_urls": ["https://t.co/dyzxAiia44"], "date": {"hour": 1, "month": 11, "iso": "2018-11-19T01:20:46", "year": 2018, "day": 19, "minute": 20}, "geo": null, "id": 1064327592357056512, "lang": "en", "emoticons": [], "user_id": 40466447, "coordinates": null, "source": "Facebook", "id_str": "1064327592357056512", "mentions": [], "location": "NYC"}, {"truncated": true, "text": "I\u2019m so bored by this storyline. Pelosi is smart, tough, and great at the job. If they want a change in leadership w\u2026", "hashtags": [], "topic": "politics", "tweet_urls": ["https://t.co/PYzCVaiz1D"], "date": {"hour": 1, "month": 11, "iso": "2018-11-19T01:17:28", "year": 2018, "day": 19, "minute": 17}, "geo": null, "id": 1064326758143598592, "lang": "en", "emoticons": [], "user_id": 110697138, "coordinates": null, "source": "Twitter for iPhone", "id_str": "1064326758143598592", "mentions": [], "location": "NYC"}, {"truncated": true, "text": "1) Fascinating conference on TJ and Hamilton. Lots of talk of Madison, too. I did an essay about TJ and JM some yea\u2026", "hashtags": [], "topic": "politics", "tweet_urls": ["https://t.co/xB4TzMl4Gf"], "date": {"hour": 1, "month": 11, "iso": "2018-11-19T01:15:11", "year": 2018, "day": 19, "minute": 15}, "geo": null, "id": 1064326187307151360, "lang": "en", "emoticons": [], "user_id": 1653477433, "coordinates": null, "source": "Twitter Lite", "id_str": "1064326187307151360", "mentions": [], "location": "NYC"}, {"truncated": true, "text": "\u201cIn politics, you\u2019ve got to give people something to fight for, something that\u2019s real change and that was the trage\u2026", "hashtags": [], "topic": "politics", "tweet_urls": ["https://t.co/bAvJSi3EAu"], "date": {"hour": 1, "month": 11, "iso": "2018-11-19T01:13:59", "year": 2018, "day": 19, "minute": 13}, "geo": null, "id": 1064325883366920192, "lang": "en", "emoticons": [], "user_id": 12169762, "coordinates": null, "source": "Twitter for iPhone", "id_str": "1064325883366920192", "mentions": [], "location": "NYC"}, {"truncated": false, "text": "\"Little Adam Schiff\"\n\n\"Liddle' Adam Schiff\"\n\n\"Little Adam Schitt\"\n\n\u00af\\_(\u30c4)_/\u00af\n\nhttps://t.co/HoVCmZXMYi", "hashtags": [], "topic": "politics", "tweet_urls": [], "date": {"hour": 1, "month": 11, "iso": "2018-11-19T01:10:26", "year": 2018, "day": 19, "minute": 10}, "geo": null, "id": 1064324989434949633, "lang": "en", "emoticons": [], "user_id": 291888539, "coordinates": null, "source": "Twitter Web Client", "id_str": "1064324989434949633", "mentions": [], "location": "NYC"}, {"truncated": true, "text": "The people of this tiny town have had six years to reflect on what a seventeen-year-old boy with a gun did, and how\u2026", "hashtags": [], "topic": "politics", "tweet_urls": ["https://t.co/0cQXbkuVul"], "date": {"hour": 1, "month": 11, "iso": "2018-11-19T01:09:52", "year": 2018, "day": 19, "minute": 9}, "geo": null, "id": 1064324849064128512, "lang": "en", "emoticons": [], "user_id": 20455625, "coordinates": null, "source": "Twitter for iPhone", "id_str": "1064324849064128512", "mentions": [], "location": "NYC"}, {"truncated": true, "text": "NBC News: \u201cEven in a year where Democrats picked up more than 35 seats in the House, Republicans still won white vo\u2026", "hashtags": [], "topic": "politics", "tweet_urls": ["https://t.co/LbfyXsEmtC"], "date": {"hour": 1, "month": 11, "iso": "2018-11-19T01:09:51", "year": 2018, "day": 19, "minute": 9}, "geo": null, "id": 1064324842709762053, "lang": "en", "emoticons": [], "user_id": 15523710, "coordinates": null, "source": "Facebook", "id_str": "1064324842709762053", "mentions": [], "location": "NYC"}, {"truncated": true, "text": "New York Times: \u201cAs the debate rages among Democrats about how best to position the party to defeat President Trump\u2026", "hashtags": [], "topic": "politics", "tweet_urls": ["https://t.co/NZbM0RJZAN"], "date": {"hour": 1, "month": 11, "iso": "2018-11-19T01:09:16", "year": 2018, "day": 19, "minute": 9}, "geo": null, "id": 1064324698094354433, "lang": "en", "emoticons": [], "user_id": 15523710, "coordinates": null, "source": "Facebook", "id_str": "1064324698094354433", "mentions": [], "location": "NYC"}, {"truncated": true, "text": "President Trump was interviewed by Chris Wallace on Fox News:\n\nWALLACE: How, when you\u2019re sitting at the desk, how d\u2026", "hashtags": [], "topic": "politics", "tweet_urls": ["https://t.co/LpHbTZqJMg"], "date": {"hour": 1, "month": 11, "iso": "2018-11-19T01:08:19", "year": 2018, "day": 19, "minute": 8}, "geo": null, "id": 1064324457827917829, "lang": "en", "emoticons": [], "user_id": 15523710, "coordinates": null, "source": "Facebook", "id_str": "1064324457827917829", "mentions": [], "location": "NYC"}, {"truncated": true, "text": "\u201cWith their grip on power set to loosen come January, Republicans in several states are considering last-ditch laws\u2026", "hashtags": [], "topic": "politics", "tweet_urls": ["https://t.co/0jaZuJ4OuZ"], "date": {"hour": 1, "month": 11, "iso": "2018-11-19T01:07:41", "year": 2018, "day": 19, "minute": 7}, "geo": null, "id": 1064324299249590272, "lang": "en", "emoticons": [], "user_id": 15523710, "coordinates": null, "source": "Facebook", "id_str": "1064324299249590272", "mentions": [], "location": "NYC"}, {"truncated": true, "text": "New York Times: \u201cWhat if House Democrats tried to stage a coup and nobody showed up?\u201d\n\n\u201cThat is the predicament fac\u2026", "hashtags": [], "topic": "politics", "tweet_urls": ["https://t.co/iZVhUMXcPj"], "date": {"hour": 1, "month": 11, "iso": "2018-11-19T01:07:11", "year": 2018, "day": 19, "minute": 7}, "geo": null, "id": 1064324173902811136, "lang": "en", "emoticons": [], "user_id": 15523710, "coordinates": null, "source": "Facebook", "id_str": "1064324173902811136", "mentions": [], "location": "NYC"}, {"truncated": true, "text": "Reporters framing politics as a competition for fixed resources between the middle class and the poor when the top\u2026", "hashtags": [], "topic": "politics", "tweet_urls": ["https://t.co/eemmWzt4UQ"], "date": {"hour": 1, "month": 11, "iso": "2018-11-19T01:04:19", "year": 2018, "day": 19, "minute": 4}, "geo": null, "id": 1064323451190693889, "lang": "en", "emoticons": [], "user_id": 37636667, "coordinates": null, "source": "TweetDeck", "id_str": "1064323451190693889", "mentions": [], "location": "NYC"}, {"truncated": true, "text": "\u201cMy kids lost everything. I voted for him \u2014 and now? He can kiss my red ass. What he said was ridiculous. It hurts\u2026", "hashtags": [], "topic": "politics", "tweet_urls": ["https://t.co/P84QnaCJGv"], "date": {"hour": 1, "month": 11, "iso": "2018-11-19T01:03:42", "year": 2018, "day": 19, "minute": 3}, "geo": null, "id": 1064323296622247937, "lang": "en", "emoticons": [], "user_id": 93470026, "coordinates": null, "source": "Facebook", "id_str": "1064323296622247937", "mentions": [], "location": "NYC"}, {"truncated": true, "text": "If I want a good QOL for myself and any other marginalized communities, I HAVE to be \u201cinto politics,\u201d because if I\u2019\u2026", "hashtags": [], "topic": "politics", "tweet_urls": ["https://t.co/8ydnNQIccZ"], "date": {"hour": 1, "month": 11, "iso": "2018-11-19T01:03:30", "year": 2018, "day": 19, "minute": 3}, "geo": null, "id": 1064323245804085251, "lang": "en", "emoticons": [], "user_id": 825789345307189248, "coordinates": null, "source": "Twitter for iPhone", "id_str": "1064323245804085251", "mentions": [], "location": "NYC"}, {"truncated": true, "text": "Like how are you such a cool person while at the same time ignoring the reality that so many marginalized communiti\u2026", "hashtags": [], "topic": "politics", "tweet_urls": ["https://t.co/P7IYL1FpW2"], "date": {"hour": 1, "month": 11, "iso": "2018-11-19T01:03:29", "year": 2018, "day": 19, "minute": 3}, "geo": null, "id": 1064323242045902848, "lang": "en", "emoticons": [], "user_id": 825789345307189248, "coordinates": null, "source": "Twitter for iPhone", "id_str": "1064323242045902848", "mentions": [], "location": "NYC"}, {"truncated": true, "text": "I can\u2019t afford to not participate in politics because it affects me directly. I told him how easy it is to shut you\u2026", "hashtags": [], "topic": "politics", "tweet_urls": ["https://t.co/GtrCx8xeWz"], "date": {"hour": 1, "month": 11, "iso": "2018-11-19T01:03:28", "year": 2018, "day": 19, "minute": 3}, "geo": null, "id": 1064323236874383361, "lang": "en", "emoticons": [], "user_id": 825789345307189248, "coordinates": null, "source": "Twitter for iPhone", "id_str": "1064323236874383361", "mentions": [], "location": "NYC"}, {"truncated": true, "text": "I\u2019ve said it before but I met this cool person on retreat, only problem? White guy. I tried bringing up Jeff Bezos\u2026", "hashtags": [], "topic": "politics", "tweet_urls": ["https://t.co/5PNChytFFK"], "date": {"hour": 1, "month": 11, "iso": "2018-11-19T01:03:27", "year": 2018, "day": 19, "minute": 3}, "geo": null, "id": 1064323231316873216, "lang": "en", "emoticons": [], "user_id": 825789345307189248, "coordinates": null, "source": "Twitter for iPhone", "id_str": "1064323231316873216", "mentions": [], "location": "NYC"}, {"truncated": false, "text": "The wise \u2066@rickhasen\u2069 has a level-headed argument for tamping down the rhetoric re: the GA governor\u2019s race", "hashtags": [], "topic": "politics", "tweet_urls": ["https://t.co/QGfW2uxVwZ"], "date": {"hour": 1, "month": 11, "iso": "2018-11-19T01:00:43", "year": 2018, "day": 19, "minute": 0}, "geo": null, "id": 1064322543912476679, "lang": "en", "emoticons": ["\ud83d\udc47"], "user_id": 523509739, "coordinates": null, "source": "Twitter for iPhone", "id_str": "1064322543912476679", "mentions": [], "location": "NYC"}, {"truncated": true, "text": ".\u2066@realDonaldTrump\u2069 becoming an ever-greater threat to &amp; If \u2066@SenateGOP\u2069 complicit in le\u2026", "hashtags": ["#US", "#democracy", "#ruleoflaw."], "topic": "politics", "tweet_urls": ["https://t.co/aIfy1vG26l"], "date": {"hour": 1, "month": 11, "iso": "2018-11-19T01:00:26", "year": 2018, "day": 19, "minute": 0}, "geo": null, "id": 1064322472156192768, "lang": "en", "emoticons": [], "user_id": 229195516, "coordinates": null, "source": "Twitter for iPhone", "id_str": "1064322472156192768", "mentions": [], "location": "NYC"}, {"truncated": true, "text": "and Ta-Nehisi Coates in conversation in front of a full house at tonight. Racism, politics, the\u2026", "hashtags": ["#CBEBK"], "topic": "politics", "tweet_urls": ["https://t.co/93aToutcJP"], "date": {"hour": 1, "month": 11, "iso": "2018-11-19T01:00:24", "year": 2018, "day": 19, "minute": 0}, "geo": null, "id": 1064322466133274628, "lang": "en", "emoticons": [], "user_id": 114801535, "coordinates": null, "source": "Twitter for iPhone", "id_str": "1064322466133274628", "mentions": ["@chrislhayes"], "location": "NYC"}, {"truncated": true, "text": "A Democratic senator says, \u201cRepublicans who pretend to be Democrats \u2013 if the knives were out for them in 2018, it\u2019s\u2026", "hashtags": [], "topic": "politics", "tweet_urls": ["https://t.co/E3quMcWqH2"], "date": {"hour": 1, "month": 11, "iso": "2018-11-19T01:00:16", "year": 2018, "day": 19, "minute": 0}, "geo": null, "id": 1064322431056269312, "lang": "en", "emoticons": [], "user_id": 21921531, "coordinates": null, "source": "Hootsuite Inc.", "id_str": "1064322431056269312", "mentions": [], "location": "NYC"}, {"truncated": true, "text": "Trump Campaign Paid Millions to Trump Businesses During Midterms \u2013 Mother Jones", "hashtags": [], "topic": "politics", "tweet_urls": ["https://t.co/0fCzxuC39L\u2026", "https://t.co/nibHUOBIwJ"], "date": {"hour": 0, "month": 11, "iso": "2018-11-19T00:59:56", "year": 2018, "day": 19, "minute": 59}, "geo": null, "id": 1064322349422600192, "lang": "en", "emoticons": [], "user_id": 17932988, "coordinates": null, "source": "Hootsuite Inc.", "id_str": "1064322349422600192", "mentions": [], "location": "NYC"}, {"truncated": true, "text": "\"Fox News Sunday\" interview: President says he won't listen to recording of killing\u2026", "hashtags": ["#Trump", "#Khashoggi"], "topic": "politics", "tweet_urls": ["https://t.co/zris32NZ6H"], "date": {"hour": 0, "month": 11, "iso": "2018-11-19T00:58:28", "year": 2018, "day": 19, "minute": 58}, "geo": null, "id": 1064321980151812096, "lang": "en", "emoticons": [], "user_id": 18080729, "coordinates": null, "source": "TweetCaster for Android", "id_str": "1064321980151812096", "mentions": [], "location": "NYC"}, {"truncated": true, "text": "Tune in Sunday\u2019s 8:00pm-9:00pm to \u201cThe Sky Menesky Podcast\u201d", "hashtags": ["#social", "#socialworker", "#specialguest", "#interview\u2026"], "topic": "politics", "tweet_urls": ["https://t.co/3nhGdv7B02"], "date": {"hour": 0, "month": 11, "iso": "2018-11-19T00:58:28", "year": 2018, "day": 19, "minute": 58}, "geo": null, "id": 1064321978587328514, "lang": "en", "emoticons": [], "user_id": 305980617, "coordinates": null, "source": "Instagram", "id_str": "1064321978587328514", "mentions": [], "location": "NYC"}, {"truncated": true, "text": "Unfortunately racism is a contagion in this country. 30% of Hillary voters subscrib\u2026", "hashtags": [], "topic": "politics", "tweet_urls": ["https://t.co/KmH8IDiyze"], "date": {"hour": 0, "month": 11, "iso": "2018-11-19T00:57:10", "year": 2018, "day": 19, "minute": 57}, "geo": null, "id": 1064321650022367232, "lang": "en", "emoticons": [], "user_id": 1610925913, "coordinates": null, "source": "Twitter for Android", "id_str": "1064321650022367232", "mentions": ["@TaritaC", "@ryangrim", "@briebriejoy"], "location": "NYC"}, {"truncated": true, "text": "How I wish the tv media/talking heads would report about this real news rather than what idiotic thing Trump has sa\u2026", "hashtags": [], "topic": "politics", "tweet_urls": ["https://t.co/6dKVWwksgr"], "date": {"hour": 0, "month": 11, "iso": "2018-11-19T00:53:34", "year": 2018, "day": 19, "minute": 53}, "geo": null, "id": 1064320745889767424, "lang": "en", "emoticons": [], "user_id": 2182072450, "coordinates": null, "source": "Twitter for iPhone", "id_str": "1064320745889767424", "mentions": [], "location": "NYC"}, {"truncated": true, "text": "Architect of raid: 'threatens the Constitution' when he attacks the media. \u2066@FoxNews\u2069 \u2066\u2026", "hashtags": ["#binLaden", "#Trump", "#McRaven"], "topic": "politics", "tweet_urls": ["https://t.co/2EcHyFa9sQ"], "date": {"hour": 0, "month": 11, "iso": "2018-11-19T00:49:33", "year": 2018, "day": 19, "minute": 49}, "geo": null, "id": 1064319734034747392, "lang": "en", "emoticons": [], "user_id": 229195516, "coordinates": null, "source": "Twitter for iPhone", "id_str": "1064319734034747392", "mentions": [], "location": "NYC"}, {"truncated": false, "text": "Jim Carrey Doesn\u2019t Care If His Political Paintings Cost Him Fans: \u2018Lose Them\u2019", "hashtags": [], "topic": "politics", "tweet_urls": ["https://t.co/Sw6iY0IqJC", "https://t.co/tViM07EulG"], "date": {"hour": 0, "month": 11, "iso": "2018-11-19T00:47:53", "year": 2018, "day": 19, "minute": 47}, "geo": null, "id": 1064319313341861888, "lang": "en", "emoticons": [], "user_id": 13992132, "coordinates": null, "source": "TweetDeck", "id_str": "1064319313341861888", "mentions": [], "location": "NYC"}, {"truncated": true, "text": "hi referraler wanted to say hi; thank you for your follow; it's always nice to meet people; I love c\u2026", "hashtags": [], "topic": "politics", "tweet_urls": ["https://t.co/Pc2gLsZbHu"], "date": {"hour": 0, "month": 11, "iso": "2018-11-19T00:46:43", "year": 2018, "day": 19, "minute": 46}, "geo": null, "id": 1064319022064418822, "lang": "en", "emoticons": [], "user_id": 346945262, "coordinates": null, "source": "Twitter Web Client", "id_str": "1064319022064418822", "mentions": ["@referralerGod"], "location": "NYC"}, {"truncated": true, "text": "WATCH: Trump says he has completed his answers for special counsel Robert Mueller on Politics Today -\u2026", "hashtags": [], "topic": "politics", "tweet_urls": ["https://t.co/Wyl2qP0dpO"], "date": {"hour": 0, "month": 11, "iso": "2018-11-19T00:46:07", "year": 2018, "day": 19, "minute": 46}, "geo": null, "id": 1064318869177843713, "lang": "en", "emoticons": [], "user_id": 939143627133128704, "coordinates": null, "source": "inPoliticsToday", "id_str": "1064318869177843713", "mentions": [], "location": "NYC"}, {"truncated": true, "text": "Israel - Prime Minister Netanyahu Named Himself As Defense Chief, says 'no room for politics\u2019 in security\n", "hashtags": ["#Israel\u2026"], "topic": "politics", "tweet_urls": ["https://t.co/HxpGHPGumG"], "date": {"hour": 0, "month": 11, "iso": "2018-11-19T00:45:36", "year": 2018, "day": 19, "minute": 45}, "geo": null, "id": 1064318740014211072, "lang": "en", "emoticons": [], "user_id": 72640894, "coordinates": null, "source": "Twitter Web Client", "id_str": "1064318740014211072", "mentions": [], "location": "NYC"}, {"truncated": true, "text": "Trump blasts retired Navy SEAL, suggesting he should've caught bin Laden sooner on Politics Today -\u2026", "hashtags": [], "topic": "politics", "tweet_urls": ["https://t.co/Jr5OOz1duw"], "date": {"hour": 0, "month": 11, "iso": "2018-11-19T00:45:31", "year": 2018, "day": 19, "minute": 45}, "geo": null, "id": 1064318717893517312, "lang": "en", "emoticons": [], "user_id": 939143627133128704, "coordinates": null, "source": "inPoliticsToday", "id_str": "1064318717893517312", "mentions": [], "location": "NYC"}, {"truncated": false, "text": "\u201cIs politics more toxic now than at any other point in history?\u201d Hayes &amp; Coates agree this is a tough call.", "hashtags": [], "topic": "politics", "tweet_urls": [], "date": {"hour": 0, "month": 11, "iso": "2018-11-19T00:42:25", "year": 2018, "day": 19, "minute": 42}, "geo": null, "id": 1064317940013641728, "lang": "en", "emoticons": [], "user_id": 12169762, "coordinates": null, "source": "Twitter for iPhone", "id_str": "1064317940013641728", "mentions": [], "location": "NYC"}, {"truncated": true, "text": "How did that work out for you, So proud of Upstate New York and the choice people made on Nov 6. Al\u2026", "hashtags": [], "topic": "politics", "tweet_urls": ["https://t.co/FduntonViA"], "date": {"hour": 0, "month": 11, "iso": "2018-11-19T00:41:47", "year": 2018, "day": 19, "minute": 41}, "geo": null, "id": 1064317780445589504, "lang": "en", "emoticons": [], "user_id": 17126462, "coordinates": null, "source": "Twitter Web Client", "id_str": "1064317780445589504", "mentions": ["@claudiatenney?"], "location": "NYC"}, {"truncated": true, "text": "War is more profitable then people's health: Ocasio-Cortez asks why US pays for 'unlimited war' but not Medicare-fo\u2026", "hashtags": [], "topic": "politics", "tweet_urls": ["https://t.co/IcirU0GlJ6"], "date": {"hour": 0, "month": 11, "iso": "2018-11-19T00:41:02", "year": 2018, "day": 19, "minute": 41}, "geo": null, "id": 1064317589487345664, "lang": "en", "emoticons": [], "user_id": 37294647, "coordinates": null, "source": "Twitter Web Client", "id_str": "1064317589487345664", "mentions": [], "location": "NYC"}, {"truncated": true, "text": "We can\u2019t continue having our head of state be this big of an asshole. This is He has no honor, no dignity\u2026", "hashtags": ["#decorum?"], "topic": "politics", "tweet_urls": ["https://t.co/FCcvmKyUB3"], "date": {"hour": 0, "month": 11, "iso": "2018-11-19T00:41:01", "year": 2018, "day": 19, "minute": 41}, "geo": null, "id": 1064317585792094208, "lang": "en", "emoticons": [], "user_id": 15136887, "coordinates": null, "source": "Facebook", "id_str": "1064317585792094208", "mentions": [], "location": "NYC"}, {"truncated": true, "text": "Also: what to ask of politicians is a structure for educating everyone. Once society can act, solutions\u2026", "hashtags": [], "topic": "politics", "tweet_urls": ["https://t.co/WnlYqtL4rX"], "date": {"hour": 0, "month": 11, "iso": "2018-11-19T00:38:51", "year": 2018, "day": 19, "minute": 38}, "geo": null, "id": 1064317043271499776, "lang": "en", "emoticons": [], "user_id": 260371201, "coordinates": null, "source": "Twitter Web Client", "id_str": "1064317043271499776", "mentions": ["@ClimateBen"], "location": "NYC"}, {"truncated": true, "text": "The Guardian Politics NEWTop story: Dominic Raab accuses May of caving in to EU bullying | Politics | The Guardian\u2026", "hashtags": [], "topic": "politics", "tweet_urls": ["https://t.co/cdzvcDpbyC"], "date": {"hour": 0, "month": 11, "iso": "2018-11-19T00:35:46", "year": 2018, "day": 19, "minute": 35}, "geo": null, "id": 1064316266263982080, "lang": "en", "emoticons": [], "user_id": 839402840, "coordinates": null, "source": "The Tweeted Times", "id_str": "1064316266263982080", "mentions": [], "location": "NYC"}, {"truncated": true, "text": "Girls, I live in NY for 25 years. All ran by Dems with their loyal ghetto electorate. I have no one\u2026", "hashtags": [], "topic": "politics", "tweet_urls": ["https://t.co/PVNVmvpSIx"], "date": {"hour": 0, "month": 11, "iso": "2018-11-19T00:34:59", "year": 2018, "day": 19, "minute": 34}, "geo": null, "id": 1064316070666924032, "lang": "en", "emoticons": [], "user_id": 171309366, "coordinates": null, "source": "Twitter Web Client", "id_str": "1064316070666924032", "mentions": ["@DiamondandSilk"], "location": "NYC"}, {"truncated": true, "text": "Trump calls congressman Adam Schiff 'little Adam Schitt' \nAnd Adam reply is cleaver [Wow, Mr. President, that\u2019s a g\u2026", "hashtags": [], "topic": "politics", "tweet_urls": ["https://t.co/ofyir3JayI"], "date": {"hour": 0, "month": 11, "iso": "2018-11-19T00:34:39", "year": 2018, "day": 19, "minute": 34}, "geo": null, "id": 1064315985463832576, "lang": "en", "emoticons": [], "user_id": 977371369305526273, "coordinates": null, "source": "Twitter Web Client", "id_str": "1064315985463832576", "mentions": [], "location": "NYC"}, {"truncated": false, "text": "We don\u2019t talk politics. Period.", "hashtags": [], "topic": "politics", "tweet_urls": [], "date": {"hour": 0, "month": 11, "iso": "2018-11-19T00:32:59", "year": 2018, "day": 19, "minute": 32}, "geo": null, "id": 1064315564506664960, "lang": "en", "emoticons": [], "user_id": 2229021434, "coordinates": null, "source": "Twitter for iPhone", "id_str": "1064315564506664960", "mentions": ["@LauraBenanti"], "location": "NYC"}, {"truncated": true, "text": "Donald Trump dropped a big 'Schitt' after dismissing a US hero's military service - Mashable\u2026", "hashtags": ["#Politics"], "topic": "politics", "tweet_urls": ["https://t.co/o3LFP4TiAt"], "date": {"hour": 0, "month": 11, "iso": "2018-11-19T00:30:34", "year": 2018, "day": 19, "minute": 30}, "geo": null, "id": 1064314958723334144, "lang": "en", "emoticons": [], "user_id": 844729767920308227, "coordinates": null, "source": "Netvibes Widget", "id_str": "1064314958723334144", "mentions": [], "location": "NYC"}, {"truncated": false, "text": "Stacey Abrams Refuses to Call Brian Kemp the \u2018Legitimate\u2019 Gov. of Georgia", "hashtags": [], "topic": "politics", "tweet_urls": ["https://t.co/gg5wrKEK5w", "https://t.co/vz9aPG3BBT"], "date": {"hour": 0, "month": 11, "iso": "2018-11-19T00:30:00", "year": 2018, "day": 19, "minute": 30}, "geo": null, "id": 1064314813986131968, "lang": "en", "emoticons": [], "user_id": 4068337756, "coordinates": null, "source": "TweetDeck", "id_str": "1064314813986131968", "mentions": [], "location": "NYC"}, {"truncated": true, "text": "Trump lashed out against Navy SEALs who he said took too long to capture OBL: \u201cFrankly, wouldn\u2019t it have been nice\u2026", "hashtags": [], "topic": "politics", "tweet_urls": ["https://t.co/P8TBiMs3O3"], "date": {"hour": 0, "month": 11, "iso": "2018-11-19T00:28:34", "year": 2018, "day": 19, "minute": 28}, "geo": null, "id": 1064314453443907584, "lang": "en", "emoticons": [], "user_id": 713839291210792960, "coordinates": null, "source": "Twitter Web Client", "id_str": "1064314453443907584", "mentions": [], "location": "NYC"}, {"truncated": true, "text": "This politics education committee meeting is hella wholesome. Everyone is seeking understanding and\u2026", "hashtags": [], "topic": "politics", "tweet_urls": ["https://t.co/Wy5Rskd5cK"], "date": {"hour": 0, "month": 11, "iso": "2018-11-19T00:27:44", "year": 2018, "day": 19, "minute": 27}, "geo": null, "id": 1064314242419978241, "lang": "en", "emoticons": [], "user_id": 96192242, "coordinates": null, "source": "Twitter for iPhone", "id_str": "1064314242419978241", "mentions": ["@DSA_LosAngeles"], "location": "NYC"}, {"truncated": false, "text": "Don\u2019t know how to get involved in politics? That\u2019s why we\u2019re here now! Email info@progressforchange.com with any of your questions!", "hashtags": ["#PFC"], "topic": "politics", "tweet_urls": [], "date": {"hour": 0, "month": 11, "iso": "2018-11-19T00:26:52", "year": 2018, "day": 19, "minute": 26}, "geo": null, "id": 1064314027462012928, "lang": "en", "emoticons": [], "user_id": 951169982968233984, "coordinates": null, "source": "Twitter for iPhone", "id_str": "1064314027462012928", "mentions": [], "location": "NYC"}, {"truncated": true, "text": "So many questions. \n\nBy what measure is the center the majority in US politics? What is the middle? What are the bo\u2026", "hashtags": [], "topic": "politics", "tweet_urls": ["https://t.co/FdOodeBmb2"], "date": {"hour": 0, "month": 11, "iso": "2018-11-19T00:26:25", "year": 2018, "day": 19, "minute": 26}, "geo": null, "id": 1064313913670594560, "lang": "en", "emoticons": [], "user_id": 491876943, "coordinates": null, "source": "Twitter for iPhone", "id_str": "1064313913670594560", "mentions": [], "location": "NYC"}, {"truncated": true, "text": "If Not Pelosi, Whom? The Question Hovers Over a Simmering Rebellion Among House Democrats, some strongly believe it\u2026", "hashtags": [], "topic": "politics", "tweet_urls": ["https://t.co/yMdAh8jq08"], "date": {"hour": 0, "month": 11, "iso": "2018-11-19T00:23:25", "year": 2018, "day": 19, "minute": 23}, "geo": null, "id": 1064313157525610498, "lang": "en", "emoticons": [], "user_id": 831730575153229825, "coordinates": null, "source": "IFTTT", "id_str": "1064313157525610498", "mentions": [], "location": "NYC"}, {"truncated": true, "text": "Trump Says He\u2019s Unlikely to Sit for Interview in Russia Investigation In a wide-ranging Fox News interview, the pre\u2026", "hashtags": [], "topic": "politics", "tweet_urls": ["https://t.co/ABYvv6CgP8"], "date": {"hour": 0, "month": 11, "iso": "2018-11-19T00:23:24", "year": 2018, "day": 19, "minute": 23}, "geo": null, "id": 1064313153700446209, "lang": "en", "emoticons": [], "user_id": 831730575153229825, "coordinates": null, "source": "IFTTT", "id_str": "1064313153700446209", "mentions": [], "location": "NYC"}, {"truncated": false, "text": "Trump says he wouldn\u2019t stop acting attorney general from curtailing Mueller inquiry", "hashtags": [], "topic": "politics", "tweet_urls": ["https://t.co/AvKDxm1TUc"], "date": {"hour": 0, "month": 11, "iso": "2018-11-19T00:20:47", "year": 2018, "day": 19, "minute": 20}, "geo": null, "id": 1064312495895191552, "lang": "en", "emoticons": [], "user_id": 1579257762, "coordinates": null, "source": "Twitter for Android", "id_str": "1064312495895191552", "mentions": [], "location": "NYC"}, {"truncated": false, "text": "Wait \u2018til Schiff begins to investigating it will be who\u2019ll schitt", "hashtags": ["#Trump,", "#Trump"], "topic": "politics", "tweet_urls": ["https://t.co/UqoUx4zFcr"], "date": {"hour": 0, "month": 11, "iso": "2018-11-19T00:20:46", "year": 2018, "day": 19, "minute": 20}, "geo": null, "id": 1064312492069978112, "lang": "en", "emoticons": ["\ud83e\udd23"], "user_id": 851614032, "coordinates": null, "source": "Facebook", "id_str": "1064312492069978112", "mentions": [], "location": "NYC"}, {"truncated": true, "text": "If Not Pelosi, Whom? The Question Hovers Over a Simmering Rebellion Among House Democrats, some strongly believe it\u2026", "hashtags": [], "topic": "politics", "tweet_urls": ["https://t.co/3YYm1PGEW7"], "date": {"hour": 0, "month": 11, "iso": "2018-11-19T00:18:23", "year": 2018, "day": 19, "minute": 18}, "geo": null, "id": 1064311890338349057, "lang": "en", "emoticons": [], "user_id": 831872690747166720, "coordinates": null, "source": "IFTTT", "id_str": "1064311890338349057", "mentions": [], "location": "NYC"}, {"truncated": true, "text": "Trump Says He\u2019s Unlikely to Sit for Interview in Russia Investigation In a wide-ranging Fox News interview, the pre\u2026", "hashtags": [], "topic": "politics", "tweet_urls": ["https://t.co/GKwFjpYs3l"], "date": {"hour": 0, "month": 11, "iso": "2018-11-19T00:18:22", "year": 2018, "day": 19, "minute": 18}, "geo": null, "id": 1064311886081069056, "lang": "en", "emoticons": [], "user_id": 831872690747166720, "coordinates": null, "source": "IFTTT", "id_str": "1064311886081069056", "mentions": [], "location": "NYC"}, {"truncated": true, "text": "This man has an obsession with Obama\nTrump, in exclusive interview, reveals Obama's private guidance on greatest th\u2026", "hashtags": [], "topic": "politics", "tweet_urls": ["https://t.co/l4877tzRsF"], "date": {"hour": 0, "month": 11, "iso": "2018-11-19T00:17:39", "year": 2018, "day": 19, "minute": 17}, "geo": null, "id": 1064311705306636290, "lang": "en", "emoticons": [], "user_id": 2406996272, "coordinates": null, "source": "Twitter Web Client", "id_str": "1064311705306636290", "mentions": [], "location": "NYC"}, {"truncated": true, "text": "&amp; are not They are no longer swingers, in other words, they don't want to fuck you\u2026", "hashtags": ["#Ohio", "#Colorado", "#swingstates...."], "topic": "politics", "tweet_urls": ["https://t.co/0DWqenT8F7"], "date": {"hour": 0, "month": 11, "iso": "2018-11-19T00:15:21", "year": 2018, "day": 19, "minute": 15}, "geo": null, "id": 1064311128375902209, "lang": "en", "emoticons": [], "user_id": 2213755160, "coordinates": null, "source": "Twitter Web Client", "id_str": "1064311128375902209", "mentions": [], "location": "NYC"}, {"truncated": true, "text": "Uh, find a few more of these women; exhume the corpse of Lee Atwater; and have all Republican men checked for castr\u2026", "hashtags": [], "topic": "politics", "tweet_urls": ["https://t.co/DAf1euTzSd"], "date": {"hour": 0, "month": 11, "iso": "2018-11-19T00:12:48", "year": 2018, "day": 19, "minute": 12}, "geo": null, "id": 1064310487956037632, "lang": "en", "emoticons": [], "user_id": 1289819407, "coordinates": null, "source": "Twitter for iPhone", "id_str": "1064310487956037632", "mentions": [], "location": "NYC"}, {"truncated": true, "text": "Why the blood of a 1955 murder drenches today\u2019s U.S. race", "hashtags": ["#Mississippi", "#Senate", "#Politics\u2026"], "topic": "politics", "tweet_urls": ["https://t.co/T01si8MFyD", "https://t.co/Sbkzke2u32"], "date": {"hour": 0, "month": 11, "iso": "2018-11-19T00:11:42", "year": 2018, "day": 19, "minute": 11}, "geo": null, "id": 1064310210364350465, "lang": "en", "emoticons": [], "user_id": 18080729, "coordinates": null, "source": "TweetCaster for Android", "id_str": "1064310210364350465", "mentions": [], "location": "NYC"}, {"truncated": true, "text": "\"When it comes to tax cuts for bills and unlimited war,\" she said, \"we seem to invent that money very easily.\"\n\nOca\u2026", "hashtags": [], "topic": "politics", "tweet_urls": ["https://t.co/rFPnjCScrY"], "date": {"hour": 0, "month": 11, "iso": "2018-11-19T00:10:38", "year": 2018, "day": 19, "minute": 10}, "geo": null, "id": 1064309942352523264, "lang": "en", "emoticons": [], "user_id": 395283583, "coordinates": null, "source": "Twitter for iPhone", "id_str": "1064309942352523264", "mentions": [], "location": "NYC"}, {"truncated": true, "text": "played The Quiet Year for the 1st time w/ lovely folks today; incredible game; we made a town of axolotls that cons\u2026", "hashtags": [], "topic": "politics", "tweet_urls": ["https://t.co/DTbtPFg3Zw"], "date": {"hour": 0, "month": 11, "iso": "2018-11-19T00:07:28", "year": 2018, "day": 19, "minute": 7}, "geo": null, "id": 1064309143039823872, "lang": "en", "emoticons": [], "user_id": 985979672667344897, "coordinates": null, "source": "Twitter for iPhone", "id_str": "1064309143039823872", "mentions": [], "location": "NYC"}, {"truncated": false, "text": "Isn\u2019t the military supposed to stay out of politics? Another American tradition destroyed by liberals.", "hashtags": [], "topic": "politics", "tweet_urls": [], "date": {"hour": 0, "month": 11, "iso": "2018-11-19T00:06:07", "year": 2018, "day": 19, "minute": 6}, "geo": null, "id": 1064308803947106304, "lang": "en", "emoticons": [], "user_id": 874591328, "coordinates": null, "source": "Twitter for iPhone", "id_str": "1064308803947106304", "mentions": ["@GenMhayden", "@NicolleDWallace"], "location": "NYC"}, {"truncated": false, "text": "Can\u2019t imagine why not, can you?", "hashtags": [], "topic": "politics", "tweet_urls": ["https://t.co/awe3PpTrXZ"], "date": {"hour": 0, "month": 11, "iso": "2018-11-19T00:04:45", "year": 2018, "day": 19, "minute": 4}, "geo": null, "id": 1064308459510874112, "lang": "en", "emoticons": ["\ud83d\ude09"], "user_id": 851614032, "coordinates": null, "source": "Facebook", "id_str": "1064308459510874112", "mentions": [], "location": "NYC"}, {"truncated": true, "text": "Hey Drumph just shut the fuck up!! Architect of bin Laden raid: Trump 'threatens the Constitution' when he attacks\u2026", "hashtags": [], "topic": "politics", "tweet_urls": ["https://t.co/TVaGeakcoV"], "date": {"hour": 0, "month": 11, "iso": "2018-11-19T00:03:31", "year": 2018, "day": 19, "minute": 3}, "geo": null, "id": 1064308150722019329, "lang": "en", "emoticons": [], "user_id": 45851894, "coordinates": null, "source": "Twitter Web Client", "id_str": "1064308150722019329", "mentions": [], "location": "NYC"}, {"truncated": true, "text": "A letter being circulated on Capitol Hill reveals multiple incoming freshmen \u2014 who were largely noncommittal on the\u2026", "hashtags": [], "topic": "politics", "tweet_urls": ["https://t.co/YZxRHLzagz"], "date": {"hour": 0, "month": 11, "iso": "2018-11-19T00:02:02", "year": 2018, "day": 19, "minute": 2}, "geo": null, "id": 1064307776875319303, "lang": "en", "emoticons": [], "user_id": 283058076, "coordinates": null, "source": "Twitter Web Client", "id_str": "1064307776875319303", "mentions": [], "location": "NYC"}, {"truncated": true, "text": "Illuminati the people are imagining control currency, pol\u2026", "hashtags": [], "topic": "politics", "tweet_urls": ["https://t.co/I9nh57wkVp"], "date": {"hour": 0, "month": 11, "iso": "2018-11-19T00:01:21", "year": 2018, "day": 19, "minute": 1}, "geo": null, "id": 1064307602635612162, "lang": "en", "emoticons": [], "user_id": 20744960, "coordinates": null, "source": "Twitter for iPhone", "id_str": "1064307602635612162", "mentions": ["@QueenKee7", "@ImShawnAndrews2", "@Royal_Patience", "@tariqnasheed"], "location": "NYC"}, {"truncated": true, "text": "Apparently China has a law on the books that if you sell more than 5000 copies of an erotic book, you get a decade\u2026", "hashtags": [], "topic": "politics", "tweet_urls": ["https://t.co/LPBu5V6GRN"], "date": {"hour": 0, "month": 11, "iso": "2018-11-19T00:00:13", "year": 2018, "day": 19, "minute": 0}, "geo": null, "id": 1064307320803471360, "lang": "en", "emoticons": [], "user_id": 39245720, "coordinates": null, "source": "Twitter for iPhone", "id_str": "1064307320803471360", "mentions": [], "location": "NYC"}, {"truncated": true, "text": "a surprise from Rasmussen, the Republican pollsters: \"50% of all Likely U.S. Voters would vote for [Michelle] Obama\u2026", "hashtags": [], "topic": "politics", "tweet_urls": ["https://t.co/Z1Yg3KG6j3"], "date": {"hour": 23, "month": 11, "iso": "2018-11-18T23:59:16", "year": 2018, "day": 18, "minute": 59}, "geo": null, "id": 1064307079647805440, "lang": "en", "emoticons": [], "user_id": 15793617, "coordinates": null, "source": "Twitter Web Client", "id_str": "1064307079647805440", "mentions": [], "location": "NYC"}, {"truncated": true, "text": "Only in politics can you be a \u201cleader\u201d while your party loses 1000 seats, sees the other major party win every tax\u2026", "hashtags": [], "topic": "politics", "tweet_urls": ["https://t.co/BjGxktSiSH"], "date": {"hour": 23, "month": 11, "iso": "2018-11-18T23:57:56", "year": 2018, "day": 18, "minute": 57}, "geo": null, "id": 1064306746959822850, "lang": "en", "emoticons": [], "user_id": 15418473, "coordinates": null, "source": "Tweetbot for i\u039fS", "id_str": "1064306746959822850", "mentions": [], "location": "NYC"}, {"truncated": true, "text": "Ex-#EPA chief was in charge and her assurances that it had been safe to breathe the air aroun\u2026", "hashtags": ["#ChristineToddWhitman"], "topic": "politics", "tweet_urls": ["https://t.co/mEiJPmOijy"], "date": {"hour": 23, "month": 11, "iso": "2018-11-18T23:52:02", "year": 2018, "day": 18, "minute": 52}, "geo": null, "id": 1064305258258710528, "lang": "en", "emoticons": [], "user_id": 61804290, "coordinates": null, "source": "Twitter for iPhone", "id_str": "1064305258258710528", "mentions": [], "location": "NYC"}, {"truncated": true, "text": "\"A top White House official responsible for American policy toward Saudi Arabia resigned on Friday evening, a move\u2026", "hashtags": [], "topic": "politics", "tweet_urls": ["https://t.co/dEq4BrxWzE"], "date": {"hour": 23, "month": 11, "iso": "2018-11-18T23:46:19", "year": 2018, "day": 18, "minute": 46}, "geo": null, "id": 1064303821860544514, "lang": "en", "emoticons": [], "user_id": 34792486, "coordinates": null, "source": "Twitter for Android", "id_str": "1064303821860544514", "mentions": [], "location": "NYC"}, {"truncated": true, "text": "Trump's appointment of Matthew Whitaker as acting attorney general 'unconstitutional': Top House intel Democrat - A\u2026", "hashtags": [], "topic": "politics", "tweet_urls": ["https://t.co/wuYl897yYg"], "date": {"hour": 23, "month": 11, "iso": "2018-11-18T23:45:47", "year": 2018, "day": 18, "minute": 45}, "geo": null, "id": 1064303688989253634, "lang": "en", "emoticons": [], "user_id": 49212748, "coordinates": null, "source": "Twitter Web Client", "id_str": "1064303688989253634", "mentions": [], "location": "NYC"}, {"truncated": true, "text": "Georgia's Democratic gubernatorial candidate Stacey Abrams refused to call Brian Kemp, the GOP governor-elect, the\u2026", "hashtags": [], "topic": "politics", "tweet_urls": ["https://t.co/BfuBTbAIVf"], "date": {"hour": 23, "month": 11, "iso": "2018-11-18T23:45:00", "year": 2018, "day": 18, "minute": 45}, "geo": null, "id": 1064303489210150913, "lang": "en", "emoticons": [], "user_id": 14173315, "coordinates": null, "source": "TweetDeck", "id_str": "1064303489210150913", "mentions": [], "location": "NYC"}, {"truncated": false, "text": "Pentagon Began Clampdown on Senior Leaders\u2019 Public Speaking Months Ago, Memos Reveal via", "hashtags": [], "topic": "politics", "tweet_urls": ["https://t.co/oiXYFuJzAR"], "date": {"hour": 23, "month": 11, "iso": "2018-11-18T23:43:29", "year": 2018, "day": 18, "minute": 43}, "geo": null, "id": 1064303106555400192, "lang": "en", "emoticons": [], "user_id": 951278052, "coordinates": null, "source": "Twitter Web Client", "id_str": "1064303106555400192", "mentions": ["@defenseone"], "location": "NYC"}, {"truncated": true, "text": "he attacked prior administrations !!\nBut you KNOW that !\n\nPresident Trump attacks Navy\u2026", "hashtags": ["#FakeNews", "#EnemyOfThePeople"], "topic": "politics", "tweet_urls": ["https://t.co/G2pFSs5HDY"], "date": {"hour": 23, "month": 11, "iso": "2018-11-18T23:40:10", "year": 2018, "day": 18, "minute": 40}, "geo": null, "id": 1064302275416506373, "lang": "en", "emoticons": [], "user_id": 2794511491, "coordinates": null, "source": "Twitter for iPhone", "id_str": "1064302275416506373", "mentions": [], "location": "NYC"}, {"truncated": true, "text": "Retired admiral pens stunning rebuke of Trump FUQ WITH A NAVY SEAL YOU\u2026", "hashtags": [], "topic": "politics", "tweet_urls": ["https://t.co/Z7MeSoeE4U\n\nDON'T", "https://t.co/LtPOCMc7ER"], "date": {"hour": 23, "month": 11, "iso": "2018-11-18T23:39:34", "year": 2018, "day": 18, "minute": 39}, "geo": null, "id": 1064302122953519105, "lang": "en", "emoticons": [], "user_id": 861927176, "coordinates": null, "source": "Twitter Web Client", "id_str": "1064302122953519105", "mentions": ["@CNNPolitics"], "location": "NYC"}, {"truncated": true, "text": "I enjoyed the precision with which Judge Walker (a Trump appointee, by the way, with a background in Re\u2026", "hashtags": [], "topic": "politics", "tweet_urls": ["https://t.co/dw5RMvZHSA"], "date": {"hour": 23, "month": 11, "iso": "2018-11-18T23:39:07", "year": 2018, "day": 18, "minute": 39}, "geo": null, "id": 1064302010781089792, "lang": "en", "emoticons": [], "user_id": 40277679, "coordinates": null, "source": "Twitter Web Client", "id_str": "1064302010781089792", "mentions": ["@Rob_Richie"], "location": "NYC"}, {"truncated": true, "text": "I'm taking the rest of the year off from following politics. It's just going to be presidential temper\u2026", "hashtags": [], "topic": "politics", "tweet_urls": ["https://t.co/vPLeU1FgxY"], "date": {"hour": 23, "month": 11, "iso": "2018-11-18T23:33:58", "year": 2018, "day": 18, "minute": 33}, "geo": null, "id": 1064300714208440321, "lang": "en", "emoticons": [], "user_id": 2395255949, "coordinates": null, "source": "Twitter Web Client", "id_str": "1064300714208440321", "mentions": ["@SenSchumer"], "location": "NYC"}, {"truncated": true, "text": "Seriously amazing episode. Barbara Kruger! Appropriation! Anti-consumerist art! Veblen goods! Conglomerate politics\u2026", "hashtags": [], "topic": "politics", "tweet_urls": ["https://t.co/DG3lvtC8aJ"], "date": {"hour": 23, "month": 11, "iso": "2018-11-18T23:33:36", "year": 2018, "day": 18, "minute": 33}, "geo": null, "id": 1064300620251844608, "lang": "en", "emoticons": [], "user_id": 172905715, "coordinates": null, "source": "Twitter for iPhone", "id_str": "1064300620251844608", "mentions": [], "location": "NYC"}, {"truncated": true, "text": "MAXINE WATERS &amp; 8TH GRADE STUDENTS CHALLENGE TRUMP TO AN IQ TEST\n\nTRUMP SPEAKS AT THE LEVEL OF AN 8-YEAR-OLD\n\nMr Tr\u2026", "hashtags": [], "topic": "politics", "tweet_urls": ["https://t.co/c2a5ZHyHP7"], "date": {"hour": 23, "month": 11, "iso": "2018-11-18T23:30:57", "year": 2018, "day": 18, "minute": 30}, "geo": null, "id": 1064299956381655040, "lang": "en", "emoticons": [], "user_id": 1040425935055581184, "coordinates": null, "source": "Twitter Web Client", "id_str": "1064299956381655040", "mentions": [], "location": "NYC"}, {"truncated": true, "text": "Trump says he wouldn't stop acting attorney general from curtailing Mueller inquiry - The Washington Post\u2026", "hashtags": [], "topic": "politics", "tweet_urls": ["https://t.co/NkODUcOUss"], "date": {"hour": 23, "month": 11, "iso": "2018-11-18T23:30:54", "year": 2018, "day": 18, "minute": 30}, "geo": null, "id": 1064299943249162240, "lang": "en", "emoticons": [], "user_id": 20871085, "coordinates": null, "source": "Nuzzel", "id_str": "1064299943249162240", "mentions": [], "location": "NYC"}, {"truncated": false, "text": "This is not from \u2014 Cards Against Humanity buys part of the US border so Trump can't build his wall", "hashtags": [], "topic": "politics", "tweet_urls": ["https://t.co/oTmjTyxVW6"], "date": {"hour": 23, "month": 11, "iso": "2018-11-18T23:26:46", "year": 2018, "day": 18, "minute": 26}, "geo": null, "id": 1064298903099588614, "lang": "en", "emoticons": [], "user_id": 28093810, "coordinates": null, "source": "Twitter for iPhone", "id_str": "1064298903099588614", "mentions": ["@TheOnion!"], "location": "NYC"}, {"truncated": true, "text": "About three weeks ago I as \"advised\" to go hang out at the Drama Book Shop with Our role was to be fe\u2026", "hashtags": ["#LuaMaria"], "topic": "politics", "tweet_urls": ["https://t.co/KyXt8eKnPS"], "date": {"hour": 23, "month": 11, "iso": "2018-11-18T23:26:34", "year": 2018, "day": 18, "minute": 26}, "geo": null, "id": 1064298851388059649, "lang": "en", "emoticons": ["\ud83c\uddf7\ud83c\uddfa", "\ud83c\udde7\ud83c\uddf8"], "user_id": 58816836, "coordinates": null, "source": "Twitter for Android", "id_str": "1064298851388059649", "mentions": [], "location": "NYC"}, {"truncated": true, "text": "Donde esta su profesionalismo? Ya ud juzgo y conden\u00f3 a Alan Garc\u00eda. El asilo ya est\u2026", "hashtags": [], "topic": "politics", "tweet_urls": ["https://t.co/cr2WahrCNq"], "date": {"hour": 3, "month": 11, "iso": "2018-11-19T03:07:01", "year": 2018, "day": 19, "minute": 7}, "geo": null, "id": 1064354330730536960, "lang": "es", "emoticons": [], "user_id": 38345175, "coordinates": null, "source": "Twitter for iPhone", "id_str": "1064354330730536960", "mentions": ["@MavilaHuertasC", "@AlanGarciaPeru"], "location": "NYC"}, {"truncated": false, "text": "El asilo est\u00e1 garantizado por la persecuci\u00f3n pol\u00edtica a la q usted se ha unido...", "hashtags": [], "topic": "politics", "tweet_urls": [], "date": {"hour": 3, "month": 11, "iso": "2018-11-19T03:05:07", "year": 2018, "day": 19, "minute": 5}, "geo": null, "id": 1064353850939924480, "lang": "es", "emoticons": [], "user_id": 38345175, "coordinates": null, "source": "Twitter for iPhone", "id_str": "1064353850939924480", "mentions": ["@franpetrozzi"], "location": "NYC"}, {"truncated": false, "text": "Se\u00f1or Tobon el Nostradamus de la politica Colombiana.", "hashtags": [], "topic": "politics", "tweet_urls": [], "date": {"hour": 2, "month": 11, "iso": "2018-11-19T02:49:08", "year": 2018, "day": 19, "minute": 49}, "geo": null, "id": 1064349830720442368, "lang": "es", "emoticons": [], "user_id": 108704295, "coordinates": null, "source": "Twitter for Android", "id_str": "1064349830720442368", "mentions": ["@GilbertoTobonS"], "location": "NYC"}, {"truncated": true, "text": "No que se allanaba a la investigaci\u00f3n. Ustedes son parte de una lacra pol\u00edtica que en vez de trabaj\u2026", "hashtags": [], "topic": "politics", "tweet_urls": ["https://t.co/uw5lYTuSxz"], "date": {"hour": 2, "month": 11, "iso": "2018-11-19T02:28:46", "year": 2018, "day": 19, "minute": 28}, "geo": null, "id": 1064344704920236032, "lang": "es", "emoticons": [], "user_id": 828423852866822144, "coordinates": null, "source": "Twitter for iPhone", "id_str": "1064344704920236032", "mentions": ["@Mauriciomulder"], "location": "NYC"}, {"truncated": true, "text": "Hola es vergonzoso el trato de vuestra compa\u00f1\u00eda a clientes en EEUU, y en general, es la \u00faltima vez q\u2026", "hashtags": [], "topic": "politics", "tweet_urls": ["https://t.co/pTz7NuGR9e"], "date": {"hour": 2, "month": 11, "iso": "2018-11-19T02:23:13", "year": 2018, "day": 19, "minute": 23}, "geo": null, "id": 1064343304689631232, "lang": "es", "emoticons": [], "user_id": 235852776, "coordinates": null, "source": "Twitter for Android", "id_str": "1064343304689631232", "mentions": ["@Norwegian_ES,"], "location": "NYC"}, {"truncated": true, "text": "Esos agresores saben q el gobierno los protege igual q a los trolls en las redes sociales. Una prueb\u2026", "hashtags": [], "topic": "politics", "tweet_urls": ["https://t.co/FaIv4ociIQ"], "date": {"hour": 1, "month": 11, "iso": "2018-11-19T01:05:58", "year": 2018, "day": 19, "minute": 5}, "geo": null, "id": 1064323866582007808, "lang": "es", "emoticons": [], "user_id": 38345175, "coordinates": null, "source": "Twitter for iPhone", "id_str": "1064323866582007808", "mentions": ["@JMendoza_Peru"], "location": "NYC"}, {"truncated": true, "text": "Pero adem\u00e1s, la nota indica que curiosamente dos partidos no figuraron en la caracterizaci\u00f3n: Alianza Bravo Pueblo\u2026", "hashtags": [], "topic": "politics", "tweet_urls": ["https://t.co/dOrnTPkrQN"], "date": {"hour": 0, "month": 11, "iso": "2018-11-19T00:57:30", "year": 2018, "day": 19, "minute": 57}, "geo": null, "id": 1064321736013959168, "lang": "es", "emoticons": [], "user_id": 134367077, "coordinates": null, "source": "Twitter Web Client", "id_str": "1064321736013959168", "mentions": [], "location": "NYC"}, {"truncated": false, "text": "EL 2021, EL PUEBLO PERUANO DAR\u00c1 TERMINO A LA CARRERA POL\u00cdTICA DE EST\u00c9 CONGRESISTA.", "hashtags": [], "topic": "politics", "tweet_urls": ["https://t.co/uhZ6qQNubo"], "date": {"hour": 0, "month": 11, "iso": "2018-11-19T00:55:28", "year": 2018, "day": 19, "minute": 55}, "geo": null, "id": 1064321223310614530, "lang": "es", "emoticons": [], "user_id": 346206590, "coordinates": null, "source": "Twitter for Android", "id_str": "1064321223310614530", "mentions": [], "location": "NYC"}, {"truncated": true, "text": "con mucha pena, pero las opiniones encartonadas, bastante pasadas e ingenuas de esta se\u00f1ora no debe\u2026", "hashtags": [], "topic": "politics", "tweet_urls": ["https://t.co/GPcd0Ke8Rf"], "date": {"hour": 0, "month": 11, "iso": "2018-11-19T00:42:29", "year": 2018, "day": 19, "minute": 42}, "geo": null, "id": 1064317958116257793, "lang": "es", "emoticons": [], "user_id": 914484536859332608, "coordinates": null, "source": "Twitter for iPhone", "id_str": "1064317958116257793", "mentions": ["@alvarezrodrich"], "location": "NYC"}, {"truncated": false, "text": "I liked a video | El testimonio de Ligia G\u00f3mez, exsecretaria pol\u00edtica en el BCN", "hashtags": ["#EstaSemana"], "topic": "politics", "tweet_urls": ["https://t.co/jArx9SAnaj"], "date": {"hour": 0, "month": 11, "iso": "2018-11-19T00:32:12", "year": 2018, "day": 19, "minute": 32}, "geo": null, "id": 1064315367479275522, "lang": "es", "emoticons": [], "user_id": 24236390, "coordinates": null, "source": "Google", "id_str": "1064315367479275522", "mentions": ["@YouTube"], "location": "NYC"}, {"truncated": true, "text": "Estan aboltando los sefaradim a Sefarad? Interesante artikolo sovre la ley de retorno, indemas (de la mankura) del\u2026", "hashtags": [], "topic": "politics", "tweet_urls": ["https://t.co/LmkXTn4khp"], "date": {"hour": 0, "month": 11, "iso": "2018-11-19T00:19:10", "year": 2018, "day": 19, "minute": 19}, "geo": null, "id": 1064312087386697728, "lang": "es", "emoticons": [], "user_id": 993385699280748544, "coordinates": null, "source": "Twitter Web Client", "id_str": "1064312087386697728", "mentions": [], "location": "NYC"}, {"truncated": false, "text": "Alan Garc\u00eda argumenta falta de fiscales y jueces imparciales en pedido de asilo a Uruguay", "hashtags": [], "topic": "politics", "tweet_urls": ["https://t.co/TcPEvXh5Yq"], "date": {"hour": 0, "month": 11, "iso": "2018-11-19T00:18:12", "year": 2018, "day": 19, "minute": 18}, "geo": null, "id": 1064311846604296192, "lang": "es", "emoticons": [], "user_id": 31679746, "coordinates": null, "source": "Facebook", "id_str": "1064311846604296192", "mentions": [], "location": "NYC"}, {"truncated": false, "text": "Mal pegarle a este Sr., pero a que te refieres con persecuci\u00f3n pol\u00edtica? Al caso Alan?", "hashtags": [], "topic": "politics", "tweet_urls": [], "date": {"hour": 0, "month": 11, "iso": "2018-11-19T00:15:41", "year": 2018, "day": 19, "minute": 15}, "geo": null, "id": 1064311212496834560, "lang": "es", "emoticons": [], "user_id": 384643481, "coordinates": null, "source": "Twitter Web Client", "id_str": "1064311212496834560", "mentions": ["@EnemigoCaviar", "@MartinVizcarraC"], "location": "NYC"}]