[{"truncated": true, "text": "Hardware driven by solutions projected to reach $115.4 billion by 2025! &gt;&gt; via &gt;&gt;\u2026", "hashtags": ["#AI"], "topic": "infrastructure", "tweet_urls": ["https://t.co/jSEjXJv0cj"], "date": {"hour": 8, "month": 11, "iso": "2018-11-05T08:33:33", "year": 2018, "day": 5, "minute": 33}, "geo": null, "id": 1059363074858196992, "lang": "en", "emoticons": [], "user_id": 932925733382643712, "coordinates": null, "source": "Twitter Web Client", "location": "Paris", "mentions": ["@tractica", "@MikeQuindazzi"]}, {"truncated": true, "text": "Visionnez la pr\u00e9sentation du Connecteur Autodesk pour ArcGIS Online lors de la conf\u00e9rence Esri SIG\u2026", "hashtags": ["#infrastructure:"], "topic": "infrastructure", "tweet_urls": ["https://t.co/m6vZsSqpXj"], "date": {"hour": 8, "month": 11, "iso": "2018-11-05T08:19:07", "year": 2018, "day": 5, "minute": 19}, "geo": null, "id": 1059359442943332352, "lang": "fr", "emoticons": [], "user_id": 2563225075, "coordinates": null, "source": "IFTTT", "location": "Paris", "mentions": []}, {"truncated": true, "text": "I still really think it's due to the mixing of bugs, infrastructure transient errors and business edge c\u2026", "hashtags": [], "topic": "infrastructure", "tweet_urls": ["https://t.co/frSfMIgxqJ"], "date": {"hour": 7, "month": 11, "iso": "2018-11-05T07:31:59", "year": 2018, "day": 5, "minute": 31}, "geo": null, "id": 1059347581686464512, "lang": "en", "emoticons": [], "user_id": 18165698, "coordinates": null, "source": "Twitter Lite", "location": "Paris", "mentions": ["@mfeathers"]}, {"truncated": true, "text": "\"New Database {@Norse_World at For Scandinavian Literature Launched\", cf.\u2026", "hashtags": ["#Medieval"], "topic": "infrastructure", "tweet_urls": ["https://t.co/uSum7BUaf5"], "date": {"hour": 22, "month": 11, "iso": "2018-11-04T22:07:40", "year": 2018, "day": 4, "minute": 7}, "geo": null, "id": 1059205566638235649, "lang": "en", "emoticons": [], "user_id": 497684112, "coordinates": null, "source": "Twitter Web Client", "location": "Paris", "mentions": ["@UU_University}"]}, {"truncated": true, "text": "Agenda of 5 nov :\n1. Role of in International cooperation for developement \n2. Connectivity &amp; quality i\u2026", "hashtags": ["#G20ws", "#G20"], "topic": "infrastructure", "tweet_urls": ["https://t.co/fV3RmDjbMG"], "date": {"hour": 18, "month": 11, "iso": "2018-11-04T18:20:26", "year": 2018, "day": 4, "minute": 20}, "geo": null, "id": 1059148379031289856, "lang": "en", "emoticons": [], "user_id": 504465785, "coordinates": null, "source": "Twitter Lite", "location": "Paris", "mentions": []}, {"truncated": true, "text": "Stay tuned: Nov 5, 3rd annual workshop on implementation of ActionPlan on We\u2019\u2026", "hashtags": ["#G20", "#2030agenda."], "topic": "infrastructure", "tweet_urls": ["https://t.co/8fOmGpIWkh"], "date": {"hour": 17, "month": 11, "iso": "2018-11-04T17:40:31", "year": 2018, "day": 4, "minute": 40}, "geo": null, "id": 1059138336156237824, "lang": "en", "emoticons": [], "user_id": 504465785, "coordinates": null, "source": "Twitter Lite", "location": "Paris", "mentions": ["@OECD", "@UNDP", "@g20org"]}, {"truncated": true, "text": "It was easier in Osun because it is a small state. Secondly APC is still popular in Osun state. Sauf Sal\u2026", "hashtags": [], "topic": "infrastructure", "tweet_urls": ["https://t.co/lp8XscFY7V"], "date": {"hour": 15, "month": 11, "iso": "2018-11-04T15:06:21", "year": 2018, "day": 4, "minute": 6}, "geo": null, "id": 1059099537355214851, "lang": "en", "emoticons": [], "user_id": 106757069, "coordinates": null, "source": "Twitter for iPhone", "location": "Paris", "mentions": ["@oraeekene"]}, {"truncated": false, "text": "It\u2019s called good infrastructure. We can get in and out of our ground easy. Not like the", "hashtags": ["#swamp"], "topic": "infrastructure", "tweet_urls": [], "date": {"hour": 14, "month": 11, "iso": "2018-11-04T14:05:21", "year": 2018, "day": 4, "minute": 5}, "geo": null, "id": 1059084185657397248, "lang": "en", "emoticons": [], "user_id": 109104404, "coordinates": null, "source": "Twitter for iPhone", "location": "Paris", "mentions": ["@TexCook"]}, {"truncated": true, "text": "Higher education institutions actively reaching out and linking with communities: Social Infrastructure and Social\u2026", "hashtags": [], "topic": "infrastructure", "tweet_urls": ["https://t.co/lx8WqVryU6"], "date": {"hour": 10, "month": 11, "iso": "2018-11-04T10:42:57", "year": 2018, "day": 4, "minute": 42}, "geo": null, "id": 1059033252311285760, "lang": "en", "emoticons": [], "user_id": 138038210, "coordinates": null, "source": "Twitter for iPhone", "location": "Paris", "mentions": []}, {"truncated": true, "text": "See our latest \u00cele-de-France and click to apply: eCommerce Infrastructure Architect -\u2026", "hashtags": ["#Paris,", "#job"], "topic": "infrastructure", "tweet_urls": ["https://t.co/34Yt9P8yZ3"], "date": {"hour": 9, "month": 11, "iso": "2018-11-04T09:57:08", "year": 2018, "day": 4, "minute": 57}, "geo": {"type": "Point", "coordinates": [48.856614, 2.3522219]}, "id": 1059021719023677440, "lang": "fr", "emoticons": [], "user_id": 33331604, "coordinates": {"type": "Point", "coordinates": [2.3522219, 48.856614]}, "source": "CareerArc 2.0", "location": "Paris", "mentions": []}, {"truncated": true, "text": "Hein? D\u00e9j\u00e0 c\u2019est 1,8. Les 1,8 c\u2019est les investissements du club en cumul\u00e9 depuis 2011. Mediapart informe\u2026", "hashtags": [], "topic": "infrastructure", "tweet_urls": ["https://t.co/vgcWVblCqx"], "date": {"hour": 9, "month": 11, "iso": "2018-11-04T09:50:25", "year": 2018, "day": 4, "minute": 50}, "geo": null, "id": 1059020031789555712, "lang": "fr", "emoticons": [], "user_id": 77304949, "coordinates": null, "source": "Twitter for iPhone", "location": "Paris", "mentions": ["@Tigris220"]}, {"truncated": true, "text": "Paris Region has created a fund, infrastructure and mindset to stimulate innovation in the smart city space -\u2026", "hashtags": [], "topic": "infrastructure", "tweet_urls": ["https://t.co/VcWKH0ZYXK"], "date": {"hour": 8, "month": 11, "iso": "2018-11-04T08:36:09", "year": 2018, "day": 4, "minute": 36}, "geo": null, "id": 1059001341299822592, "lang": "en", "emoticons": [], "user_id": 829651520371228672, "coordinates": null, "source": "SocialReport.com", "location": "Paris", "mentions": []}, {"truncated": true, "text": "Ce ne sont pas les rames qu'il faut moderniser mai\u2026", "hashtags": [], "topic": "infrastructure", "tweet_urls": ["https://t.co/lvVfYuM6wp"], "date": {"hour": 8, "month": 11, "iso": "2018-11-04T08:11:52", "year": 2018, "day": 4, "minute": 11}, "geo": null, "id": 1058995227250360320, "lang": "fr", "emoticons": [], "user_id": 987046556, "coordinates": null, "source": "Twitter for Android", "location": "Paris", "mentions": ["@geoffroyboulard", "@CNEWS", "@iledefrance", "@Ligne13_RATP", "@IDFmobilites"]}, {"truncated": true, "text": "Cool. If electric automobiles are going to take over, hope all countries prepare or build their infrastructure for\u2026", "hashtags": [], "topic": "infrastructure", "tweet_urls": ["https://t.co/ugNEL2rQi0"], "date": {"hour": 2, "month": 11, "iso": "2018-11-04T02:22:53", "year": 2018, "day": 4, "minute": 22}, "geo": null, "id": 1058907402790203392, "lang": "en", "emoticons": [], "user_id": 59055748, "coordinates": null, "source": "Facebook", "location": "Paris", "mentions": []}, {"truncated": true, "text": "Bonjour, est le gestionnaire de l\u2019infrastructure et non en qualit\u00e9 de transporteur. Je vo\u2026", "hashtags": [], "topic": "infrastructure", "tweet_urls": ["https://t.co/7DERJoZmhX"], "date": {"hour": 15, "month": 11, "iso": "2018-11-03T15:36:51", "year": 2018, "day": 3, "minute": 36}, "geo": null, "id": 1058744825724440579, "lang": "fr", "emoticons": [], "user_id": 2821224219, "coordinates": null, "source": "Twitter for iPhone", "location": "Paris", "mentions": ["@y0laaa", "@SNCFReseau", "@SNCF"]}, {"truncated": true, "text": "A recent report estimate that $57 to $93 trillion of global is needed to develop new climate\u2026", "hashtags": ["#investment"], "topic": "infrastructure", "tweet_urls": ["https://t.co/HfOKcNgibN"], "date": {"hour": 14, "month": 11, "iso": "2018-11-03T14:28:01", "year": 2018, "day": 3, "minute": 28}, "geo": null, "id": 1058727503244734466, "lang": "en", "emoticons": [], "user_id": 862609996646932480, "coordinates": null, "source": "Buffer", "location": "Paris", "mentions": ["@WorldBank"]}, {"truncated": true, "text": "Notre agent en poste dans le Cantal a donc deux casquettes (non c\u2019est pas vrai, dans les faits il n\u2019en a qu\u2019une aha\u2026", "hashtags": [], "topic": "infrastructure", "tweet_urls": ["https://t.co/aBRQamCBmt"], "date": {"hour": 12, "month": 11, "iso": "2018-11-03T12:27:35", "year": 2018, "day": 3, "minute": 27}, "geo": null, "id": 1058697196135219200, "lang": "fr", "emoticons": [], "user_id": 1327782384, "coordinates": null, "source": "Twitter for iPhone", "location": "Paris", "mentions": []}, {"truncated": true, "text": "Trois EPICS sont n\u00e9s : SNCF, SNCF R\u00e9seau (g\u00e8re l\u2019infrastructure), SNCF Mobilit\u00e9s (exploite le r\u00e9seau en y faisant r\u2026", "hashtags": [], "topic": "infrastructure", "tweet_urls": ["https://t.co/hyjiofGPKi"], "date": {"hour": 12, "month": 11, "iso": "2018-11-03T12:27:35", "year": 2018, "day": 3, "minute": 27}, "geo": null, "id": 1058697194117718016, "lang": "fr", "emoticons": [], "user_id": 1327782384, "coordinates": null, "source": "Twitter for iPhone", "location": "Paris", "mentions": []}, {"truncated": true, "text": "On pourrait remonter loin, mais je vous propose de nous arr\u00eater \u00e0 2014 (avant je n\u2019\u00e9tais encore qu\u2019un b\u00e9b\u00e9 !). En 2\u2026", "hashtags": [], "topic": "infrastructure", "tweet_urls": ["https://t.co/nPoZFFYkZR"], "date": {"hour": 12, "month": 11, "iso": "2018-11-03T12:27:34", "year": 2018, "day": 3, "minute": 27}, "geo": null, "id": 1058697192100249600, "lang": "fr", "emoticons": [], "user_id": 1327782384, "coordinates": null, "source": "Twitter for iPhone", "location": "Paris", "mentions": []}, {"truncated": true, "text": "Mec il parle de 1,8 milliards d\u2019euros d\u2019investissements cumul\u00e9s depuis le rachat du club e\u2026", "hashtags": [], "topic": "infrastructure", "tweet_urls": ["https://t.co/xnVDfoErKx"], "date": {"hour": 10, "month": 11, "iso": "2018-11-03T10:13:15", "year": 2018, "day": 3, "minute": 13}, "geo": null, "id": 1058663387687763968, "lang": "fr", "emoticons": [], "user_id": 77304949, "coordinates": null, "source": "Twitter for iPhone", "location": "Paris", "mentions": ["@BibsDesBois", "@LescroMino"]}, {"truncated": true, "text": "C\u2019est pareil partout \nAucun network fait \u00e7a pour le plaisir, la grosse diff\u00e9rence, c\u2019est que Web\u2026", "hashtags": [], "topic": "infrastructure", "tweet_urls": ["https://t.co/FmzQ36H4om"], "date": {"hour": 9, "month": 11, "iso": "2018-11-03T09:42:57", "year": 2018, "day": 3, "minute": 42}, "geo": null, "id": 1058655764146020353, "lang": "fr", "emoticons": ["\ud83d\ude0a"], "user_id": 4322967077, "coordinates": null, "source": "Twitter for iPhone", "location": "Paris", "mentions": ["@YarrV", "@WebediaFR"]}]