[{"truncated": false, "text": "4 raisons d'opter pour une infrastructure de gestion des donn\u00e9es scale-out et non scale-up", "hashtags": [], "topic": "infrastructure", "tweet_urls": ["https://t.co/aCDD0aojEj"], "date": {"hour": 18, "month": 11, "iso": "2018-11-11T18:34:09", "year": 2018, "day": 11, "minute": 34}, "geo": null, "id": 1061688547638423552, "lang": "fr", "emoticons": [], "user_id": 268962504, "coordinates": null, "source": "Sociallymap", "location": "Paris", "mentions": []}, {"truncated": true, "text": "Welldone PPP but dont extensively propogate &amp; advertise its work in Sindh particularly in the field of\u2026", "hashtags": [], "topic": "infrastructure", "tweet_urls": ["https://t.co/YKl4nK6if2"], "date": {"hour": 18, "month": 11, "iso": "2018-11-11T18:13:03", "year": 2018, "day": 11, "minute": 13}, "geo": null, "id": 1061683237028814850, "lang": "en", "emoticons": [], "user_id": 965309749473546240, "coordinates": null, "source": "Twitter for Android", "location": "Paris", "mentions": ["@SabaHyder1"]}, {"truncated": true, "text": "Turned black to Brighter Pakistan\nImproved Law and Order situation.\nUS$ 42bn CPEC/ $8bn investment\nClosed IMF Progr\u2026", "hashtags": [], "topic": "infrastructure", "tweet_urls": ["https://t.co/XqwcfkIHFV"], "date": {"hour": 16, "month": 11, "iso": "2018-11-11T16:18:30", "year": 2018, "day": 11, "minute": 18}, "geo": null, "id": 1061654408268824576, "lang": "en", "emoticons": [], "user_id": 965309749473546240, "coordinates": null, "source": "Twitter for Android", "location": "Paris", "mentions": []}, {"truncated": true, "text": "Money spend on climate change issues is money not spend on health, infrastructure, education. 3% global G\u2026", "hashtags": [], "topic": "infrastructure", "tweet_urls": ["https://t.co/B0pgzlcw7Z"], "date": {"hour": 12, "month": 11, "iso": "2018-11-11T12:10:22", "year": 2018, "day": 11, "minute": 10}, "geo": null, "id": 1061591964431409159, "lang": "en", "emoticons": [], "user_id": 115470345, "coordinates": null, "source": "Twitter Lite", "location": "Paris", "mentions": ["@elonmusk"]}, {"truncated": true, "text": "$HPE Packard Enterprise Morningstar | Formidable Foes Expected to Challenge HPEs Transformational Plan; Lo\u2026", "hashtags": ["#Hewlett"], "topic": "infrastructure", "tweet_urls": ["https://t.co/S5KfS82kwc"], "date": {"hour": 15, "month": 11, "iso": "2018-11-10T15:02:11", "year": 2018, "day": 10, "minute": 2}, "geo": null, "id": 1061272814898958338, "lang": "en", "emoticons": [], "user_id": 3068641671, "coordinates": null, "source": "dlvr.it", "location": "Paris", "mentions": []}, {"truncated": true, "text": "$HPE Packard Enterprise Formidable Foes Expected to Challenge HPEs Transformational Plan; Lowering FVE to\u2026", "hashtags": ["#Hewlett"], "topic": "infrastructure", "tweet_urls": ["https://t.co/8qjOdBaGaN"], "date": {"hour": 15, "month": 11, "iso": "2018-11-10T15:02:06", "year": 2018, "day": 10, "minute": 2}, "geo": null, "id": 1061272796284604416, "lang": "en", "emoticons": [], "user_id": 3068641671, "coordinates": null, "source": "dlvr.it", "location": "Paris", "mentions": []}, {"truncated": false, "text": "Two Congos ink \u20ac500m deal to bridge infrastructure gap", "hashtags": [], "topic": "infrastructure", "tweet_urls": ["https://t.co/ruGPSHTF6g", "https://t.co/Tb7rC0N1Y6"], "date": {"hour": 13, "month": 11, "iso": "2018-11-10T13:10:07", "year": 2018, "day": 10, "minute": 10}, "geo": null, "id": 1061244612105273345, "lang": "en", "emoticons": [], "user_id": 17870319, "coordinates": null, "source": "dlvr.it", "location": "Paris", "mentions": []}, {"truncated": true, "text": "\ufe0f Notre formation d'#ing\u00e9nieur g\u00e9n\u00e9raliste peut se faire en cursus :\n\ufe0f cursus \u00e9tudiant avec des\u2026", "hashtags": ["#LeSaviezVous"], "topic": "infrastructure", "tweet_urls": ["https://t.co/JrblAxP2yX"], "date": {"hour": 13, "month": 11, "iso": "2018-11-10T13:07:45", "year": 2018, "day": 10, "minute": 7}, "geo": null, "id": 1061244017655062528, "lang": "fr", "emoticons": ["3\ufe0f\u20e3", "\u2049", "\u27a1"], "user_id": 92709348, "coordinates": null, "source": "Twitter for iPhone", "location": "Paris", "mentions": []}, {"truncated": true, "text": "Dans l'infrastructure, c'est vrai.\n\nMais dans le \"user-space\", c'est\u2026", "hashtags": [], "topic": "infrastructure", "tweet_urls": ["https://t.co/1h4Iye4xQs"], "date": {"hour": 12, "month": 11, "iso": "2018-11-10T12:59:43", "year": 2018, "day": 10, "minute": 59}, "geo": null, "id": 1061241996533215232, "lang": "fr", "emoticons": [], "user_id": 50599894, "coordinates": null, "source": "Twitter for Android", "location": "Paris", "mentions": ["@BBoostCon", "@FrPellegrini", "@aquinetic", "@LesEchos"]}, {"truncated": true, "text": "Qu un ministre Fran\u00e7ais ne t \u00e9coute pas m \u00e9nerve. Il y a tout de m\u00eame toute une infrastructure pou\u2026", "hashtags": [], "topic": "infrastructure", "tweet_urls": ["https://t.co/sXwx3ByMv5"], "date": {"hour": 12, "month": 11, "iso": "2018-11-10T12:52:25", "year": 2018, "day": 10, "minute": 52}, "geo": null, "id": 1061240158572474368, "lang": "fr", "emoticons": [], "user_id": 849312098433871873, "coordinates": null, "source": "Twitter Lite", "location": "Paris", "mentions": ["@montagne_thomas"]}, {"truncated": true, "text": "Key Performance Indicat\u2026", "hashtags": [], "topic": "infrastructure", "tweet_urls": ["https://t.co/yzFM62NgZl"], "date": {"hour": 12, "month": 11, "iso": "2018-11-10T12:51:52", "year": 2018, "day": 10, "minute": 51}, "geo": null, "id": 1061240019963265025, "lang": "fr", "emoticons": [], "user_id": 67638865, "coordinates": null, "source": "Twitter Web Client", "location": "Paris", "mentions": ["@drericguerber", "@Maxime_Ghys", "@Jcqslucas", "@Fred_A18", "@CIndigne", "@VincentGranier", "@DesmaraisPierre"]}, {"truncated": true, "text": "Michael Tomsky gave a much better tip. Attack rural poverty, attacking big pharma for its willingness to ad\u2026", "hashtags": [], "topic": "infrastructure", "tweet_urls": ["https://t.co/8OkkrMWRLh"], "date": {"hour": 11, "month": 11, "iso": "2018-11-10T11:28:13", "year": 2018, "day": 10, "minute": 28}, "geo": null, "id": 1061218967778402306, "lang": "en", "emoticons": [], "user_id": 3540982032, "coordinates": null, "source": "Twitter Web Client", "location": "Paris", "mentions": ["@jbarro"]}, {"truncated": true, "text": "How the world\u2019s first cyberattack set the stage for modern cybersecurity challenges. Picture by Michael J. Okoniews\u2026", "hashtags": [], "topic": "infrastructure", "tweet_urls": ["https://t.co/EcPgn8JZfE"], "date": {"hour": 11, "month": 11, "iso": "2018-11-10T11:05:03", "year": 2018, "day": 10, "minute": 5}, "geo": null, "id": 1061213140891959297, "lang": "en", "emoticons": [], "user_id": 2510467681, "coordinates": null, "source": "Hootsuite", "location": "Paris", "mentions": []}, {"truncated": true, "text": "The press plays into it structurally by making the elections a horse race, with any delayed re\u2026", "hashtags": [], "topic": "infrastructure", "tweet_urls": ["https://t.co/lqAMOF7eyH"], "date": {"hour": 10, "month": 11, "iso": "2018-11-10T10:33:12", "year": 2018, "day": 10, "minute": 33}, "geo": null, "id": 1061205125967069185, "lang": "en", "emoticons": [], "user_id": 3540982032, "coordinates": null, "source": "Twitter Web Client", "location": "Paris", "mentions": ["@babrahamse", "@joshtpm"]}, {"truncated": true, "text": "C'est peut-\u00eatre qu'une goutte, mais c'est une \u00e9norme goutte.\n\nCens\u00e9e relier les champs de sable bitumeux du Canada\u2026", "hashtags": [], "topic": "infrastructure", "tweet_urls": ["https://t.co/tYJNxmxxes"], "date": {"hour": 9, "month": 11, "iso": "2018-11-10T09:09:10", "year": 2018, "day": 10, "minute": 9}, "geo": null, "id": 1061183977728458753, "lang": "fr", "emoticons": [], "user_id": 776516612862119937, "coordinates": null, "source": "IFTTT", "location": "Paris", "mentions": []}, {"truncated": true, "text": "Indeed. That is why and are working with govts in on improving inst\u2026", "hashtags": ["#CentralAsia"], "topic": "infrastructure", "tweet_urls": ["https://t.co/j8m02vtOFP"], "date": {"hour": 5, "month": 11, "iso": "2018-11-10T05:37:34", "year": 2018, "day": 10, "minute": 37}, "geo": null, "id": 1061130726928773125, "lang": "en", "emoticons": [], "user_id": 909780779584106498, "coordinates": null, "source": "Twitter for iPad", "location": "Paris", "mentions": ["@OECDeurasia,", "@OECD_ENV", "@ITF_Forum"]}, {"truncated": true, "text": "The findings point to the importance of capacity building i\u2026", "hashtags": [], "topic": "infrastructure", "tweet_urls": ["https://t.co/AQk1xemx4p"], "date": {"hour": 22, "month": 11, "iso": "2018-11-09T22:21:12", "year": 2018, "day": 9, "minute": 21}, "geo": null, "id": 1061020911665643521, "lang": "en", "emoticons": [], "user_id": 957889370, "coordinates": null, "source": "Twitter for iPhone", "location": "Paris", "mentions": ["@william_tompson", "@WorldResources", "@OECD_ENV", "@OECDeurasia"]}, {"truncated": true, "text": "Join this event to discuss and learn about keeping control of your applications across multiple clouds. Great lineu\u2026", "hashtags": [], "topic": "infrastructure", "tweet_urls": ["https://t.co/AjCOJ5lPtq"], "date": {"hour": 20, "month": 11, "iso": "2018-11-09T20:42:03", "year": 2018, "day": 9, "minute": 42}, "geo": null, "id": 1060995958715174919, "lang": "en", "emoticons": [], "user_id": 12515202, "coordinates": null, "source": "CoSchedule", "location": "Paris", "mentions": []}, {"truncated": true, "text": "ReWa in South Carolina Recognized by EPA for Excellence and Innovation in Clean Water Infrastructure\u2026", "hashtags": [], "topic": "infrastructure", "tweet_urls": ["https://t.co/nhLzpruQvK"], "date": {"hour": 19, "month": 11, "iso": "2018-11-09T19:03:23", "year": 2018, "day": 9, "minute": 3}, "geo": null, "id": 1060971126631948288, "lang": "en", "emoticons": [], "user_id": 742838298398298116, "coordinates": null, "source": "IFTTT", "location": "Paris", "mentions": []}, {"truncated": true, "text": "Cocoa Beach, Fla. Recognized by EPA for Excellence and Innovation in Clean Water Infrastructure\u2026", "hashtags": [], "topic": "infrastructure", "tweet_urls": ["https://t.co/l0FJR62VtO"], "date": {"hour": 19, "month": 11, "iso": "2018-11-09T19:03:21", "year": 2018, "day": 9, "minute": 3}, "geo": null, "id": 1060971121175076866, "lang": "en", "emoticons": [], "user_id": 742838298398298116, "coordinates": null, "source": "IFTTT", "location": "Paris", "mentions": []}, {"truncated": true, "text": "Peachtree City, Ga. Recognized by EPA for Excellence and Innovation in Clean Water Infrastructure\u2026", "hashtags": [], "topic": "infrastructure", "tweet_urls": ["https://t.co/9iHLmEvvcv"], "date": {"hour": 19, "month": 11, "iso": "2018-11-09T19:03:21", "year": 2018, "day": 9, "minute": 3}, "geo": null, "id": 1060971118155218944, "lang": "en", "emoticons": [], "user_id": 742838298398298116, "coordinates": null, "source": "IFTTT", "location": "Paris", "mentions": []}, {"truncated": true, "text": "Lincoln County Sanitation District in Kentucky Recognized by EPA for Excellence and Innovation in Clean Water Infra\u2026", "hashtags": [], "topic": "infrastructure", "tweet_urls": ["https://t.co/8DlKEuHtvX"], "date": {"hour": 19, "month": 11, "iso": "2018-11-09T19:03:20", "year": 2018, "day": 9, "minute": 3}, "geo": null, "id": 1060971114309009413, "lang": "en", "emoticons": [], "user_id": 742838298398298116, "coordinates": null, "source": "IFTTT", "location": "Paris", "mentions": []}, {"truncated": true, "text": "Retrouvez le point de vue de dans suite au closing de notre fonds CEP \u00e0 120 M\u20ac et n\u2026", "hashtags": [], "topic": "infrastructure", "tweet_urls": ["https://t.co/cpeUkyjuKy"], "date": {"hour": 18, "month": 11, "iso": "2018-11-09T18:31:46", "year": 2018, "day": 9, "minute": 31}, "geo": null, "id": 1060963170171449344, "lang": "fr", "emoticons": [], "user_id": 760633927, "coordinates": null, "source": "Twitter Web Client", "location": "Paris", "mentions": ["@Serge_Savasta", "@cfnewsimmoinfra"]}, {"truncated": true, "text": "2 's ink deal with to build linking &amp; 'will open up trade', says\u2026", "hashtags": ["#Congo", "#bridge", "#Brazzaville", "#Kinshasa;"], "topic": "infrastructure", "tweet_urls": ["https://t.co/xGq5ZCEAVp"], "date": {"hour": 18, "month": 11, "iso": "2018-11-09T18:16:14", "year": 2018, "day": 9, "minute": 16}, "geo": null, "id": 1060959260652244992, "lang": "en", "emoticons": [], "user_id": 44335165, "coordinates": null, "source": "Twitter Web Client", "location": "Paris", "mentions": ["@AfDB_Group"]}, {"truncated": true, "text": "1er s\u00e9minaire op\u00e9rationnel des ouvrages olympiques organis\u00e9 par \u00e0", "hashtags": ["#Paris2024"], "topic": "infrastructure", "tweet_urls": ["https://t.co/8blN2neuVs"], "date": {"hour": 17, "month": 11, "iso": "2018-11-09T17:29:35", "year": 2018, "day": 9, "minute": 29}, "geo": null, "id": 1060947523207155713, "lang": "fr", "emoticons": [], "user_id": 91077055, "coordinates": null, "source": "Twitter Web Client", "location": "Paris", "mentions": ["@SOLIDEO_JOP", "@INSEP_PARIS:\u2026"]}, {"truncated": true, "text": "Ce que rapportent les taxes sur la voiture : 70 Mds\u20ac/an. Ce que co\u00fbte la voiture \u00e0 la collectivit\u00e9 : 120 Mds\u2026", "hashtags": [], "topic": "infrastructure", "tweet_urls": ["https://t.co/eO0s78bTFh"], "date": {"hour": 17, "month": 11, "iso": "2018-11-09T17:17:10", "year": 2018, "day": 9, "minute": 17}, "geo": null, "id": 1060944396651249664, "lang": "fr", "emoticons": [], "user_id": 1045538061348679680, "coordinates": null, "source": "Twitter for iPhone", "location": "Paris", "mentions": ["@afpfr"]}, {"truncated": true, "text": "A great achievement for Find out how we jumped ahead 7 places to land in the top 10 of this year's\u2026", "hashtags": [], "topic": "infrastructure", "tweet_urls": ["https://t.co/B86JNoFhrH"], "date": {"hour": 16, "month": 11, "iso": "2018-11-09T16:35:15", "year": 2018, "day": 9, "minute": 35}, "geo": null, "id": 1060933849188913152, "lang": "en", "emoticons": [], "user_id": 833942938195468288, "coordinates": null, "source": "SociabbleApp", "location": "Paris", "mentions": ["@Ardian_infra!"]}, {"truncated": true, "text": "New research finds hydropower dams unsustainable impacting biodiversity too much. In fact, there have been many stu\u2026", "hashtags": [], "topic": "infrastructure", "tweet_urls": ["https://t.co/7SrHskfypb"], "date": {"hour": 16, "month": 11, "iso": "2018-11-09T16:22:02", "year": 2018, "day": 9, "minute": 22}, "geo": null, "id": 1060930521595867138, "lang": "en", "emoticons": [], "user_id": 182493489, "coordinates": null, "source": "Buffer", "location": "Paris", "mentions": []}, {"truncated": true, "text": "Time to support this exciting new initiative - the Climate Finance Partnership - aiming to harness institutional in\u2026", "hashtags": [], "topic": "infrastructure", "tweet_urls": ["https://t.co/e0ppFV2jQM"], "date": {"hour": 15, "month": 11, "iso": "2018-11-09T15:36:59", "year": 2018, "day": 9, "minute": 36}, "geo": null, "id": 1060919186866679808, "lang": "en", "emoticons": [], "user_id": 97946812, "coordinates": null, "source": "Twitter Web Client", "location": "Paris", "mentions": []}, {"truncated": true, "text": "ZDNet published \"Threat Stack acquires Bluefyre in cloud infrastructure security push\" \nSee full original article:\u2026", "hashtags": [], "topic": "infrastructure", "tweet_urls": ["https://t.co/EZxFbeqPxe"], "date": {"hour": 15, "month": 11, "iso": "2018-11-09T15:10:46", "year": 2018, "day": 9, "minute": 10}, "geo": null, "id": 1060912588031213569, "lang": "en", "emoticons": [], "user_id": 978891109823909889, "coordinates": null, "source": "Informations Relay", "location": "Paris", "mentions": []}, {"truncated": true, "text": "Why should you care about HPC in the cloud? Read this article and discover how HPC in the cloud is changing the way\u2026", "hashtags": [], "topic": "infrastructure", "tweet_urls": ["https://t.co/CEPqcJXaIN"], "date": {"hour": 15, "month": 11, "iso": "2018-11-09T15:09:52", "year": 2018, "day": 9, "minute": 9}, "geo": null, "id": 1060912362935308288, "lang": "en", "emoticons": [], "user_id": 393924304, "coordinates": null, "source": "Dynamic Signal", "location": "Paris", "mentions": []}, {"truncated": true, "text": "! L'\u0152il de la r\u00e9daction, les autres actus de la semaine compil\u00e9es par la r\u00e9daction de\u2026", "hashtags": ["#Acc\u00e8sLibre"], "topic": "infrastructure", "tweet_urls": ["https://t.co/iy84piy799"], "date": {"hour": 14, "month": 11, "iso": "2018-11-09T14:32:58", "year": 2018, "day": 9, "minute": 32}, "geo": null, "id": 1060903073646866432, "lang": "fr", "emoticons": ["\ud83d\udd13"], "user_id": 816272593368023040, "coordinates": null, "source": "Twitter Web Client", "location": "Paris", "mentions": []}, {"truncated": true, "text": "But improving this involves new digital infrastructure, hiring new talent profiles, and talking about retail and th\u2026", "hashtags": [], "topic": "infrastructure", "tweet_urls": ["https://t.co/D1A1r616xp"], "date": {"hour": 14, "month": 11, "iso": "2018-11-09T14:17:11", "year": 2018, "day": 9, "minute": 17}, "geo": null, "id": 1060899105235451904, "lang": "en", "emoticons": [], "user_id": 93065236, "coordinates": null, "source": "Twitter for iPhone", "location": "Paris", "mentions": []}, {"truncated": false, "text": "- Faciliter les d\u00e9placements gr\u00e2ce \u00e0 l'#innovation", "hashtags": ["#Transports"], "topic": "infrastructure", "tweet_urls": ["https://t.co/7FiFXzj0fF", "https://t.co/AnePj2IVkr"], "date": {"hour": 13, "month": 11, "iso": "2018-11-09T13:30:23", "year": 2018, "day": 9, "minute": 30}, "geo": null, "id": 1060887325729787908, "lang": "fr", "emoticons": ["\ud83d\udc49"], "user_id": 88699351, "coordinates": null, "source": "Hootsuite", "location": "Paris", "mentions": []}, {"truncated": true, "text": "I'm usually surprised by the naivete of the press. To fix the voting infrastructure in Urban areas mea\u2026", "hashtags": [], "topic": "infrastructure", "tweet_urls": ["https://t.co/yZxcv2ZGvx"], "date": {"hour": 13, "month": 11, "iso": "2018-11-09T13:20:44", "year": 2018, "day": 9, "minute": 20}, "geo": null, "id": 1060884896703483905, "lang": "en", "emoticons": [], "user_id": 3540982032, "coordinates": null, "source": "Twitter Web Client", "location": "Paris", "mentions": ["@DeanBaker13"]}, {"truncated": true, "text": "via - How Businesses Can Get The Most From Artificial Intelligence With Purpose-Built \u201cAI Infrastruct\u2026", "hashtags": [], "topic": "infrastructure", "tweet_urls": ["https://t.co/w8TPbZsEJt"], "date": {"hour": 13, "month": 11, "iso": "2018-11-09T13:05:36", "year": 2018, "day": 9, "minute": 5}, "geo": null, "id": 1060881087033937920, "lang": "en", "emoticons": [], "user_id": 1269972008, "coordinates": null, "source": "IFTTT", "location": "Paris", "mentions": ["@RichardEudes"]}, {"truncated": true, "text": "via - How Businesses Can Get The Most From Artificial Intelligence With Purpose-Built \u201cAI Infrastruct\u2026", "hashtags": [], "topic": "infrastructure", "tweet_urls": ["https://t.co/dWj2EltqxC"], "date": {"hour": 13, "month": 11, "iso": "2018-11-09T13:05:32", "year": 2018, "day": 9, "minute": 5}, "geo": null, "id": 1060881073817690112, "lang": "en", "emoticons": [], "user_id": 1269440827, "coordinates": null, "source": "IFTTT", "location": "Paris", "mentions": ["@RichardEudes"]}, {"truncated": true, "text": "How Businesses Can Get The Most From Artificial Intelligence With Purpose-Built \u201cAI Infrastructure\u201d\u2026", "hashtags": [], "topic": "infrastructure", "tweet_urls": ["https://t.co/jpCccdNuyc"], "date": {"hour": 13, "month": 11, "iso": "2018-11-09T13:00:26", "year": 2018, "day": 9, "minute": 0}, "geo": null, "id": 1060879787047243776, "lang": "en", "emoticons": [], "user_id": 49427323, "coordinates": null, "source": "Buffer", "location": "Paris", "mentions": []}, {"truncated": true, "text": "In terms of voter infrastructure, there should be equality across the state - tha\u2026", "hashtags": [], "topic": "infrastructure", "tweet_urls": ["https://t.co/fDpyuKLwPR"], "date": {"hour": 12, "month": 11, "iso": "2018-11-09T12:33:35", "year": 2018, "day": 9, "minute": 33}, "geo": null, "id": 1060873031189491713, "lang": "en", "emoticons": [], "user_id": 3540982032, "coordinates": null, "source": "Twitter Web Client", "location": "Paris", "mentions": ["@karasoth", "@TheBradBlog", "@AriBerman"]}, {"truncated": true, "text": "Depuis la cr\u00e9ation du City Stade les violences ne cessent d'augm\u2026", "hashtags": [], "topic": "infrastructure", "tweet_urls": ["https://t.co/OPPkS8ep2L"], "date": {"hour": 12, "month": 11, "iso": "2018-11-09T12:23:19", "year": 2018, "day": 9, "minute": 23}, "geo": null, "id": 1060870450006450176, "lang": "fr", "emoticons": [], "user_id": 884313601359716353, "coordinates": null, "source": "Twitter Web Client", "location": "Paris", "mentions": ["@c_grunenwald", "@mld_md", "@carine_petit", "@LeParisien_75"]}, {"truncated": true, "text": "IT_SecGuru write \"Human Error Is To Blame For Poor Cloud Security, Not The Infrastructure Itself, Warns Claranet.\"\u2026", "hashtags": [], "topic": "infrastructure", "tweet_urls": ["https://t.co/AObxOZ51Tn"], "date": {"hour": 12, "month": 11, "iso": "2018-11-09T12:14:37", "year": 2018, "day": 9, "minute": 14}, "geo": null, "id": 1060868258096693249, "lang": "en", "emoticons": [], "user_id": 978891109823909889, "coordinates": null, "source": "Informations Relay", "location": "Paris", "mentions": []}, {"truncated": true, "text": "L'\u00e8re du est arriv\u00e9e. Etes-vous pr\u00eat ? Une infrastructure r\u00e9seau moderne est essentielle pour toute tra\u2026", "hashtags": ["#Multicloud"], "topic": "infrastructure", "tweet_urls": ["https://t.co/OW1z79FfIY"], "date": {"hour": 12, "month": 11, "iso": "2018-11-09T12:00:01", "year": 2018, "day": 9, "minute": 0}, "geo": null, "id": 1060864584469413889, "lang": "fr", "emoticons": [], "user_id": 29704444, "coordinates": null, "source": "Sprinklr", "location": "Paris", "mentions": []}, {"truncated": true, "text": "Optherium\u2019s mission is to create the Global Finance Blockchain Infrastructure that is accessible to all financial i\u2026", "hashtags": [], "topic": "infrastructure", "tweet_urls": ["https://t.co/vTp74Kylwo"], "date": {"hour": 10, "month": 11, "iso": "2018-11-09T10:45:03", "year": 2018, "day": 9, "minute": 45}, "geo": null, "id": 1060845719244877825, "lang": "en", "emoticons": [], "user_id": 269270916, "coordinates": null, "source": "track application", "location": "Paris", "mentions": []}, {"truncated": true, "text": "Meet the world\u2019s biggest managers ! in the Top 10 with $10,65bn capital raised. Via\u2026", "hashtags": ["#infrastructure"], "topic": "infrastructure", "tweet_urls": ["https://t.co/XA6XDyMIqI"], "date": {"hour": 10, "month": 11, "iso": "2018-11-09T10:16:55", "year": 2018, "day": 9, "minute": 16}, "geo": null, "id": 1060838637489790977, "lang": "en", "emoticons": [], "user_id": 1907812694, "coordinates": null, "source": "SociabbleApp", "location": "Paris", "mentions": ["@Ardian_Infra"]}, {"truncated": true, "text": "[#ConnectedCities18] Tel que l'on construit nos v\u00e9hicules aujourd'hui, on fait en sorte de se passer d'une infrastr\u2026", "hashtags": [], "topic": "infrastructure", "tweet_urls": ["https://t.co/wAZmp7NjhA"], "date": {"hour": 9, "month": 11, "iso": "2018-11-09T09:58:42", "year": 2018, "day": 9, "minute": 58}, "geo": null, "id": 1060834054952706048, "lang": "fr", "emoticons": [], "user_id": 108251563, "coordinates": null, "source": "Twitter Web Client", "location": "Paris", "mentions": []}, {"truncated": true, "text": "[#ConnectedCities18] \u00ab\u00a0l\u2019avenir de la n\u2019est pas qu\u2019une question d\u2019innovation dans le v\u00e9hicule, l\u2019infrastr\u2026", "hashtags": ["#mobilit\u00e9"], "topic": "infrastructure", "tweet_urls": ["https://t.co/E8nVNGJIto"], "date": {"hour": 9, "month": 11, "iso": "2018-11-09T09:27:28", "year": 2018, "day": 9, "minute": 27}, "geo": null, "id": 1060826192897548288, "lang": "fr", "emoticons": [], "user_id": 2209034695, "coordinates": null, "source": "Twitter for iPhone", "location": "Paris", "mentions": []}, {"truncated": true, "text": "Participez \u00e0 notre webinar \"VOIR : L\u2019importance d\u2019avoir une vue consolid\u00e9e de son infrastructure\" le mercredi 14 no\u2026", "hashtags": [], "topic": "infrastructure", "tweet_urls": ["https://t.co/k4WwpbXgqs"], "date": {"hour": 9, "month": 11, "iso": "2018-11-09T09:15:06", "year": 2018, "day": 9, "minute": 15}, "geo": null, "id": 1060823082741493761, "lang": "fr", "emoticons": [], "user_id": 188721487, "coordinates": null, "source": "Hootsuite Inc.", "location": "Paris", "mentions": []}, {"truncated": true, "text": "Thierry Pages : \"On a tout un enjeu pour adapter l'infrastructure du r\u00e9seau pour d\u00e9velopper des bornes de r\u2026", "hashtags": [], "topic": "infrastructure", "tweet_urls": ["https://t.co/5WfvJNoimK"], "date": {"hour": 9, "month": 11, "iso": "2018-11-09T09:01:46", "year": 2018, "day": 9, "minute": 1}, "geo": null, "id": 1060819726543323136, "lang": "fr", "emoticons": [], "user_id": 510382623, "coordinates": null, "source": "Twitter for Android", "location": "Paris", "mentions": ["@enedis"]}, {"truncated": false, "text": "Faut-il un accident grave pour d\u00e9cider de d\u00e9placer cette infrastructure?", "hashtags": [], "topic": "infrastructure", "tweet_urls": ["https://t.co/gbhiTyVntA"], "date": {"hour": 9, "month": 11, "iso": "2018-11-09T09:01:02", "year": 2018, "day": 9, "minute": 1}, "geo": null, "id": 1060819543126360064, "lang": "fr", "emoticons": [], "user_id": 1476573698, "coordinates": null, "source": "Twitter for iPhone", "location": "Paris", "mentions": ["@carine_petit", "@c_grunenwald", "@LeParisien_75"]}, {"truncated": true, "text": "And 100M$ is probably a very low estimate for any newcomer, given all related developments by Google on content ind\u2026", "hashtags": [], "topic": "infrastructure", "tweet_urls": ["https://t.co/2aEaCnBMd5"], "date": {"hour": 8, "month": 11, "iso": "2018-11-09T08:56:03", "year": 2018, "day": 9, "minute": 56}, "geo": null, "id": 1060818289113260032, "lang": "en", "emoticons": [], "user_id": 1029071574, "coordinates": null, "source": "Twitter for Android", "location": "Paris", "mentions": []}, {"truncated": true, "text": "Did you know 95tn USD must be mobilised for in the next 15 years to meet development goals? \n\nWatch\u2026", "hashtags": ["#infrastructure"], "topic": "infrastructure", "tweet_urls": ["https://t.co/QogXEXw5of"], "date": {"hour": 8, "month": 11, "iso": "2018-11-09T08:45:34", "year": 2018, "day": 9, "minute": 45}, "geo": null, "id": 1060815650342494208, "lang": "en", "emoticons": [], "user_id": 84617373, "coordinates": null, "source": "Twitter Web Client", "location": "Paris", "mentions": []}, {"truncated": true, "text": "\u00ab\u00a0Il y aura des centres de pr\u00e9paration dans tous les territoires. Mais nous ne construiro\u2026", "hashtags": ["#Paris2024"], "topic": "infrastructure", "tweet_urls": ["https://t.co/iuRHgRXzsH"], "date": {"hour": 8, "month": 11, "iso": "2018-11-09T08:33:29", "year": 2018, "day": 9, "minute": 33}, "geo": null, "id": 1060812607148433408, "lang": "fr", "emoticons": [], "user_id": 712428683, "coordinates": null, "source": "Twitter for iPhone", "location": "Paris", "mentions": ["@TonyESTANGUET"]}, {"truncated": true, "text": "The media shows visible annoyance about late returns, which conveys an air of illegitimacy. The dispro\u2026", "hashtags": [], "topic": "infrastructure", "tweet_urls": ["https://t.co/BZSKyM1P8L"], "date": {"hour": 8, "month": 11, "iso": "2018-11-09T08:13:33", "year": 2018, "day": 9, "minute": 13}, "geo": null, "id": 1060807590735679488, "lang": "en", "emoticons": [], "user_id": 3540982032, "coordinates": null, "source": "Twitter Web Client", "location": "Paris", "mentions": ["@chrislhayes"]}, {"truncated": true, "text": "\u201cThese are places where people gather &amp; linger, making friends across group lines and strengthening the entire comm\u2026", "hashtags": [], "topic": "infrastructure", "tweet_urls": ["https://t.co/E73vwo2Gu0"], "date": {"hour": 8, "month": 11, "iso": "2018-11-09T08:04:38", "year": 2018, "day": 9, "minute": 4}, "geo": null, "id": 1060805346355281920, "lang": "en", "emoticons": [], "user_id": 48096388, "coordinates": null, "source": "Twitter Web Client", "location": "Paris", "mentions": []}, {"truncated": true, "text": "Cambridge\u2019s Kendall Square, a top innovation hub, faces infrastructure challenges", "hashtags": [], "topic": "infrastructure", "tweet_urls": ["https://t.co/tjfJJvTUrK\u2026", "https://t.co/ZpIbFTlV8u"], "date": {"hour": 6, "month": 11, "iso": "2018-11-09T06:30:15", "year": 2018, "day": 9, "minute": 30}, "geo": null, "id": 1060781596528308224, "lang": "en", "emoticons": [], "user_id": 2190245166, "coordinates": null, "source": "AmazingContent", "location": "Paris", "mentions": []}, {"truncated": true, "text": "$HASI Armstrong Sustainable Infrastructure Capital 1 director sold: A director at Hannon Armstrong Sustaina\u2026", "hashtags": ["#Hannon"], "topic": "infrastructure", "tweet_urls": ["https://t.co/0Zhu6zUt4N"], "date": {"hour": 5, "month": 11, "iso": "2018-11-09T05:19:48", "year": 2018, "day": 9, "minute": 19}, "geo": null, "id": 1060763868522115072, "lang": "en", "emoticons": [], "user_id": 3068641671, "coordinates": null, "source": "dlvr.it", "location": "Paris", "mentions": []}, {"truncated": true, "text": "Bien s\u00fbr sans lui ont grandi. En tout le club c\u2019est hyper d\u00e9velopper, professionnel tel les grand clu\u2026", "hashtags": [], "topic": "infrastructure", "tweet_urls": ["https://t.co/6coitrrFKM"], "date": {"hour": 4, "month": 11, "iso": "2018-11-09T04:12:00", "year": 2018, "day": 9, "minute": 12}, "geo": null, "id": 1060746803761561600, "lang": "fr", "emoticons": [], "user_id": 3382005275, "coordinates": null, "source": "Twitter for iPhone", "location": "Paris", "mentions": ["@marseillaisl"]}]