[{"truncated": true, "text": "RFS is proud to share its partnership with Servicom in one of the most important infrastructure pro\u2026", "hashtags": ["#transportation"], "topic": "infrastructure", "tweet_urls": ["https://t.co/l4bC53vJUS"], "date": {"hour": 13, "month": 11, "iso": "2018-11-13T13:06:02", "year": 2018, "day": 13, "minute": 6}, "geo": null, "id": 1062330750396235776, "lang": "en", "emoticons": [], "user_id": 226746218, "coordinates": null, "source": "Twitter Web Client", "location": "Paris", "mentions": []}, {"truncated": true, "text": "We're glad to host the talks in our Paris offices tonight! More about ,\u2026", "hashtags": ["#infrastructure", "#tech", "#datacenters"], "topic": "infrastructure", "tweet_urls": ["https://t.co/kHQy4I8E8x"], "date": {"hour": 12, "month": 11, "iso": "2018-11-13T12:57:34", "year": 2018, "day": 13, "minute": 57}, "geo": null, "id": 1062328617571704833, "lang": "en", "emoticons": [], "user_id": 1288320194, "coordinates": null, "source": "Twitter Web Client", "location": "Paris", "mentions": []}, {"truncated": true, "text": "Remember the studio that created a plan to save a Swedish bridge and transform it into a liner park w/ 50 apartment\u2026", "hashtags": [], "topic": "infrastructure", "tweet_urls": ["https://t.co/bfKmH0UfD9"], "date": {"hour": 12, "month": 11, "iso": "2018-11-13T12:00:21", "year": 2018, "day": 13, "minute": 0}, "geo": null, "id": 1062314219784339456, "lang": "en", "emoticons": [], "user_id": 1037643327745785856, "coordinates": null, "source": "Hootsuite Inc.", "location": "Paris", "mentions": []}, {"truncated": true, "text": ".@1lucabelli's answer to everything: just build more network capacity--so you won't have to prioritize services, an\u2026", "hashtags": [], "topic": "infrastructure", "tweet_urls": ["https://t.co/G2ScVd04TU"], "date": {"hour": 11, "month": 11, "iso": "2018-11-13T11:55:43", "year": 2018, "day": 13, "minute": 55}, "geo": null, "id": 1062313053721710592, "lang": "en", "emoticons": [], "user_id": 14351178, "coordinates": null, "source": "Twitter Web Client", "location": "Paris", "mentions": []}, {"truncated": false, "text": "\u00ab\u00a0Security Trends in networks, infrastructure... and the mind!\u00a0\u00bb Panel with", "hashtags": ["#LID2018"], "topic": "infrastructure", "tweet_urls": ["https://t.co/L4xH9IAMSo"], "date": {"hour": 11, "month": 11, "iso": "2018-11-13T11:28:31", "year": 2018, "day": 13, "minute": 28}, "geo": null, "id": 1062306208869244933, "lang": "en", "emoticons": [], "user_id": 2682930908, "coordinates": null, "source": "Twitter for iPhone", "location": "Paris", "mentions": ["@rmaunier"]}, {"truncated": true, "text": "says \"GO who is working on 3 areas of collaboration:\nInfrastructure, taxtion and competition\u2026", "hashtags": [], "topic": "infrastructure", "tweet_urls": ["https://t.co/Uf4KweOrTr"], "date": {"hour": 11, "month": 11, "iso": "2018-11-13T11:23:40", "year": 2018, "day": 13, "minute": 23}, "geo": null, "id": 1062304987492089856, "lang": "en", "emoticons": [], "user_id": 122392913, "coordinates": null, "source": "Twitter Web Client", "location": "Paris", "mentions": ["@MJansenEcon", "@itcnews\""]}, {"truncated": true, "text": "5/ In a world with ultra low latency and ultra high speed enabled by most of the computing will move from OTT-\u2026", "hashtags": ["#5G,"], "topic": "infrastructure", "tweet_urls": ["https://t.co/293N74YISN"], "date": {"hour": 11, "month": 11, "iso": "2018-11-13T11:12:30", "year": 2018, "day": 13, "minute": 12}, "geo": null, "id": 1062302175865552897, "lang": "en", "emoticons": [], "user_id": 737989314647363584, "coordinates": null, "source": "Twitter for iPhone", "location": "Paris", "mentions": []}, {"truncated": true, "text": "Article tr\u00e8s int\u00e9ressant de sur la g\u00e9n\u00e9ration de conf \u00e0 partir de notre r\u00e9f\u00e9rentiel d'infrastru\u2026", "hashtags": [], "topic": "infrastructure", "tweet_urls": ["https://t.co/zUtDP9xWcm"], "date": {"hour": 11, "month": 11, "iso": "2018-11-13T11:03:00", "year": 2018, "day": 13, "minute": 3}, "geo": null, "id": 1062299787909885952, "lang": "fr", "emoticons": [], "user_id": 297959606, "coordinates": null, "source": "Twitter Web Client", "location": "Paris", "mentions": ["@NaPs", "@PrometheusIO"]}, {"truncated": false, "text": "[News] Lancement de l'infrastructure europ\u00e9enne EPOS: le syst\u00e8me Terre \u00e0 l'heure...", "hashtags": [], "topic": "infrastructure", "tweet_urls": ["https://t.co/BG1U7eMFQH"], "date": {"hour": 11, "month": 11, "iso": "2018-11-13T11:02:02", "year": 2018, "day": 13, "minute": 2}, "geo": null, "id": 1062299544900325381, "lang": "fr", "emoticons": [], "user_id": 262925358, "coordinates": null, "source": "Techno-Science.net", "location": "Paris", "mentions": []}, {"truncated": true, "text": "Check out the new OECD report \"Developing Robust Project Pipelines for Low-Carbon Infrastructure\" \u2026", "hashtags": ["#OECDgfi:"], "topic": "infrastructure", "tweet_urls": ["https://t.co/eBYH72Pfbv"], "date": {"hour": 10, "month": 11, "iso": "2018-11-13T10:52:16", "year": 2018, "day": 13, "minute": 52}, "geo": null, "id": 1062297085846974464, "lang": "en", "emoticons": ["\u27a1"], "user_id": 84617373, "coordinates": null, "source": "Twitter Web Client", "location": "Paris", "mentions": []}, {"truncated": true, "text": "80% of cybersecurity infrastructure is owned by the private sector, and there\u2019s an apparent risk of the government\u2026", "hashtags": [], "topic": "infrastructure", "tweet_urls": ["https://t.co/0f4d513iat"], "date": {"hour": 10, "month": 11, "iso": "2018-11-13T10:26:44", "year": 2018, "day": 13, "minute": 26}, "geo": null, "id": 1062290658302590976, "lang": "en", "emoticons": [], "user_id": 21727495, "coordinates": null, "source": "Twitter for iPhone", "location": "Paris", "mentions": []}, {"truncated": true, "text": "Creation of enabling environments: crucial to channeling and accelerating sustainable urban infrastructure investme\u2026", "hashtags": [], "topic": "infrastructure", "tweet_urls": ["https://t.co/SEeBFVbWvO"], "date": {"hour": 10, "month": 11, "iso": "2018-11-13T10:26:04", "year": 2018, "day": 13, "minute": 26}, "geo": null, "id": 1062290492979843073, "lang": "en", "emoticons": [], "user_id": 734714112773607424, "coordinates": null, "source": "Twitter Web Client", "location": "Paris", "mentions": []}, {"truncated": true, "text": "Testeurs Pros : En partenariat avec NetApp, la r\u00e9daction de ZDNet propose \u00e0 une entreprise de tester et d\u2019\u00e9valuer u\u2026", "hashtags": [], "topic": "infrastructure", "tweet_urls": ["https://t.co/gjhynRzQf3"], "date": {"hour": 10, "month": 11, "iso": "2018-11-13T10:25:47", "year": 2018, "day": 13, "minute": 25}, "geo": null, "id": 1062290419688656896, "lang": "fr", "emoticons": [], "user_id": 9475502, "coordinates": null, "source": "Twitter Web Client", "location": "Paris", "mentions": []}, {"truncated": true, "text": "Nathalie Aufauvre laying out the French regulatory approach to tackling, \u201cClimate change risk to fi\u2026", "hashtags": [], "topic": "infrastructure", "tweet_urls": ["https://t.co/bEWlGAgH5h"], "date": {"hour": 10, "month": 11, "iso": "2018-11-13T10:25:18", "year": 2018, "day": 13, "minute": 25}, "geo": null, "id": 1062290298234159104, "lang": "en", "emoticons": [], "user_id": 2163293947, "coordinates": null, "source": "Twitter for iPhone", "location": "Paris", "mentions": ["@banquedefrance"]}, {"truncated": true, "text": "Today, with the need for faster innovation, enterprises are building cloud-native apps that are cloud-only concepts\u2026", "hashtags": [], "topic": "infrastructure", "tweet_urls": ["https://t.co/24E2o1XKyc"], "date": {"hour": 10, "month": 11, "iso": "2018-11-13T10:23:11", "year": 2018, "day": 13, "minute": 23}, "geo": null, "id": 1062289767549698049, "lang": "en", "emoticons": [], "user_id": 393924304, "coordinates": null, "source": "Dynamic Signal", "location": "Paris", "mentions": []}, {"truncated": true, "text": "One woman caught my eyes at Paris Peace Forum. That\u2018s Jin Keyu, associate professor at London School of Economics(L\u2026", "hashtags": [], "topic": "infrastructure", "tweet_urls": ["https://t.co/BkCLbpP37x"], "date": {"hour": 10, "month": 11, "iso": "2018-11-13T10:15:16", "year": 2018, "day": 13, "minute": 15}, "geo": null, "id": 1062287774043303936, "lang": "en", "emoticons": [], "user_id": 55971034, "coordinates": null, "source": "Twitter for iPhone", "location": "Paris", "mentions": []}, {"truncated": false, "text": "Jonathan Bryce (#OpenStack) d'ajouter : \"Open infrastructure drives innovation\". Mais aussi : \u00ab Open Infrastructure starts with OpenStack \u00bb", "hashtags": [], "topic": "infrastructure", "tweet_urls": [], "date": {"hour": 10, "month": 11, "iso": "2018-11-13T10:14:49", "year": 2018, "day": 13, "minute": 14}, "geo": null, "id": 1062287661178781696, "lang": "en", "emoticons": [], "user_id": 23065519, "coordinates": null, "source": "Twitter Web Client", "location": "Paris", "mentions": []}, {"truncated": true, "text": ".@lauredlr tire la sonnette d'alarme sur la question d'infrastructure : sans europ\u00e9en \u00e0 la hauteur des enjeu\u2026", "hashtags": ["#cloud"], "topic": "infrastructure", "tweet_urls": ["https://t.co/IpCMUT4QpH"], "date": {"hour": 10, "month": 11, "iso": "2018-11-13T10:14:43", "year": 2018, "day": 13, "minute": 14}, "geo": null, "id": 1062287638034563072, "lang": "fr", "emoticons": [], "user_id": 93438913, "coordinates": null, "source": "Twitter for Android", "location": "Paris", "mentions": []}, {"truncated": true, "text": "OpenStack Summit : keynote d'ouverture ; Jonathan Bryce, directeur ex\u00e9cutif de la Fondation OpenStack parle de l\u2019im\u2026", "hashtags": [], "topic": "infrastructure", "tweet_urls": ["https://t.co/NzOPwefCmm"], "date": {"hour": 10, "month": 11, "iso": "2018-11-13T10:07:11", "year": 2018, "day": 13, "minute": 7}, "geo": null, "id": 1062285741487804416, "lang": "fr", "emoticons": [], "user_id": 23065519, "coordinates": null, "source": "Twitter Web Client", "location": "Paris", "mentions": []}, {"truncated": true, "text": "il est important de creer une la noti\u2026", "hashtags": ["#ForumIA", "#infrastructure", "#essentielle", "#dataset", "#cloud", "#souverainete"], "topic": "infrastructure", "tweet_urls": ["https://t.co/SAQ8Gn9DTr"], "date": {"hour": 10, "month": 11, "iso": "2018-11-13T10:06:35", "year": 2018, "day": 13, "minute": 6}, "geo": null, "id": 1062285590111178752, "lang": "fr", "emoticons": [], "user_id": 165388829, "coordinates": null, "source": "Twitter for iPhone", "location": "Paris", "mentions": ["@lauredlr"]}, {"truncated": false, "text": "Infrastructure &gt;&gt; le sujet essentiel des data sets en propre en FR / EUR li\u00e9 \u00e0 la question de l\u2019h\u00e9bergement, de clouds souverains \n\n#ForumIA", "hashtags": [], "topic": "infrastructure", "tweet_urls": [], "date": {"hour": 10, "month": 11, "iso": "2018-11-13T10:02:08", "year": 2018, "day": 13, "minute": 2}, "geo": null, "id": 1062284470504620032, "lang": "fr", "emoticons": [], "user_id": 85434463, "coordinates": null, "source": "Twitter for iPhone", "location": "Paris", "mentions": []}, {"truncated": true, "text": "\u201cthe question is not is there a pipeline [of green projects]; it\u2019s are we choking off the brown pipelin\u2026", "hashtags": [], "topic": "infrastructure", "tweet_urls": ["https://t.co/uQZ1pkfhZS"], "date": {"hour": 9, "month": 11, "iso": "2018-11-13T09:28:24", "year": 2018, "day": 13, "minute": 28}, "geo": null, "id": 1062275980075720705, "lang": "en", "emoticons": [], "user_id": 27962993, "coordinates": null, "source": "Twitter for iPhone", "location": "Paris", "mentions": ["@MLiebreich"]}, {"truncated": true, "text": "Les infrastructures d\u00e9di\u00e9es aux \u00e9nergies renouvelables : de nouvelles opportunit\u00e9s d'investissement", "hashtags": ["#multiasset\u2026"], "topic": "infrastructure", "tweet_urls": ["https://t.co/iwrMKTjXx4"], "date": {"hour": 9, "month": 11, "iso": "2018-11-13T09:01:06", "year": 2018, "day": 13, "minute": 1}, "geo": null, "id": 1062269110812372993, "lang": "fr", "emoticons": [], "user_id": 732584378841325568, "coordinates": null, "source": "Hootsuite Inc.", "location": "Paris", "mentions": []}, {"truncated": true, "text": "\n\nCall for\n\n- A BIG FAT price on carbon\n- An end to fossil fuel subsidies \n- $7trn of climate compatible inf\u2026", "hashtags": [], "topic": "infrastructure", "tweet_urls": ["https://t.co/AvwBs9YOzG"], "date": {"hour": 8, "month": 11, "iso": "2018-11-13T08:59:08", "year": 2018, "day": 13, "minute": 59}, "geo": null, "id": 1062268616312266753, "lang": "en", "emoticons": [], "user_id": 2163293947, "coordinates": null, "source": "Twitter for iPhone", "location": "Paris", "mentions": ["@oecd"]}, {"truncated": true, "text": "\u00abLe Num\u00e9rique est la R\u00e9volution industrielle pour les banques: on fusionne l\u2019applicatif/c\u2026", "hashtags": ["#JAFTE2018"], "topic": "infrastructure", "tweet_urls": ["https://t.co/UdOMmaJgJ3"], "date": {"hour": 8, "month": 11, "iso": "2018-11-13T08:58:32", "year": 2018, "day": 13, "minute": 58}, "geo": null, "id": 1062268463824146433, "lang": "fr", "emoticons": [], "user_id": 3402602224, "coordinates": null, "source": "Twitter for iPhone", "location": "Paris", "mentions": ["@FredericOudea"]}, {"truncated": true, "text": "3 points essentiels \u00e0 une exp\u00e9rience client r\u00e9ussie : design, intelligence et infrastructure de l\u2019action.\u2026", "hashtags": [], "topic": "infrastructure", "tweet_urls": ["https://t.co/KIujCcKhpW"], "date": {"hour": 8, "month": 11, "iso": "2018-11-13T08:55:03", "year": 2018, "day": 13, "minute": 55}, "geo": null, "id": 1062267589320232960, "lang": "fr", "emoticons": [], "user_id": 2819523989, "coordinates": null, "source": "Twitter for iPhone", "location": "Paris", "mentions": []}, {"truncated": true, "text": "Et plouf... tomb\u00e9 dans la trappe \n\nLa petite Ceinture du 18\u00e8me n'est pas un jardin et devrait \u00eatre consid\u00e9r\u00e9e pour\u2026", "hashtags": [], "topic": "infrastructure", "tweet_urls": ["https://t.co/bazVBTXJVH"], "date": {"hour": 8, "month": 11, "iso": "2018-11-13T08:52:53", "year": 2018, "day": 13, "minute": 52}, "geo": null, "id": 1062267040973705216, "lang": "fr", "emoticons": ["\ud83d\ude1f"], "user_id": 470042300, "coordinates": null, "source": "Twitter for Android", "location": "Paris", "mentions": []}, {"truncated": false, "text": "Voitures autonomes et kin\u00e9tose : et si le premier probl\u00e8me \u00e0 r\u00e9gler n'\u00e9tait pas l'infrastructure ?", "hashtags": [], "topic": "infrastructure", "tweet_urls": ["https://t.co/AeBlcPyldz"], "date": {"hour": 6, "month": 11, "iso": "2018-11-13T06:40:10", "year": 2018, "day": 13, "minute": 40}, "geo": null, "id": 1062233644289400832, "lang": "fr", "emoticons": [], "user_id": 2353459274, "coordinates": null, "source": "Twitter for iPhone", "location": "Paris", "mentions": []}, {"truncated": true, "text": "Calling all Oracle Tech &amp; Cloud Infrastructure partners: Oracle Win/Win is an EMEA Partner Reward Program developed\u2026", "hashtags": [], "topic": "infrastructure", "tweet_urls": ["https://t.co/lRw1lkXcCf"], "date": {"hour": 22, "month": 11, "iso": "2018-11-12T22:53:00", "year": 2018, "day": 12, "minute": 53}, "geo": null, "id": 1062116075645493248, "lang": "en", "emoticons": [], "user_id": 736196552071512066, "coordinates": null, "source": "Dynamic Signal", "location": "Paris", "mentions": []}, {"truncated": true, "text": "Majority of Nigerians are still blind, deaf &amp; dumb to reality.. Its a shame dat so many\u2026", "hashtags": [], "topic": "infrastructure", "tweet_urls": ["https://t.co/vHnvsNl0Tx"], "date": {"hour": 22, "month": 11, "iso": "2018-11-12T22:43:46", "year": 2018, "day": 12, "minute": 43}, "geo": null, "id": 1062113753255370755, "lang": "en", "emoticons": [], "user_id": 875423924602929152, "coordinates": null, "source": "Twitter for Android", "location": "Paris", "mentions": ["@nonesensebyodai", "@obyezeks"]}, {"truncated": false, "text": "'Keep Talkin' Larry' \u2013 AWS CEO Trolls Oracle's Ellison, as Amazon Dumps Oracle | via", "hashtags": [], "topic": "infrastructure", "tweet_urls": ["https://t.co/do8DrgvMUr"], "date": {"hour": 21, "month": 11, "iso": "2018-11-12T21:38:14", "year": 2018, "day": 12, "minute": 38}, "geo": null, "id": 1062097259880505344, "lang": "en", "emoticons": [], "user_id": 15139141, "coordinates": null, "source": "Twitter Web Client", "location": "Paris", "mentions": ["@Light_Reading"]}, {"truncated": true, "text": "Nothing good to enjoy in Busia County. Ranging from poor infrastructure to imaginary projects that saw the light. V\u2026", "hashtags": [], "topic": "infrastructure", "tweet_urls": ["https://t.co/jfuKSSsNEe"], "date": {"hour": 20, "month": 11, "iso": "2018-11-12T20:17:15", "year": 2018, "day": 12, "minute": 17}, "geo": null, "id": 1062076881095286784, "lang": "en", "emoticons": [], "user_id": 1250010920, "coordinates": null, "source": "Facebook", "location": "Paris", "mentions": []}, {"truncated": true, "text": "bonjour \u00e0 toutes et \u00e0 tous,\n\nLa soci\u00e9t\u00e9 recrute deux en et administration\u2026", "hashtags": ["#Helkinz", "#consultants", "#infrastructure"], "topic": "infrastructure", "tweet_urls": ["https://t.co/iBTCMcnPE6"], "date": {"hour": 19, "month": 11, "iso": "2018-11-12T19:51:09", "year": 2018, "day": 12, "minute": 51}, "geo": null, "id": 1062070313872211972, "lang": "fr", "emoticons": [], "user_id": 852169017620123649, "coordinates": null, "source": "LinkedIn", "location": "Paris", "mentions": []}, {"truncated": true, "text": "are hubs for job creation, &amp; growth, yet they are also where govts face policy challenges to\u2026", "hashtags": ["#Cities", "#innovation"], "topic": "infrastructure", "tweet_urls": ["https://t.co/AJdCRNSB3I"], "date": {"hour": 17, "month": 11, "iso": "2018-11-12T17:27:04", "year": 2018, "day": 12, "minute": 27}, "geo": null, "id": 1062034051693977601, "lang": "en", "emoticons": [], "user_id": 423285153, "coordinates": null, "source": "Buffer", "location": "Paris", "mentions": []}, {"truncated": true, "text": "The importance of open source: or the need to build a new public infrastructure for\u2026", "hashtags": [], "topic": "infrastructure", "tweet_urls": ["https://t.co/417tbwjZxR"], "date": {"hour": 17, "month": 11, "iso": "2018-11-12T17:13:35", "year": 2018, "day": 12, "minute": 13}, "geo": null, "id": 1062030660821544962, "lang": "en", "emoticons": [], "user_id": 986517289615970304, "coordinates": null, "source": "Twitter Web Client", "location": "Paris", "mentions": ["@VirgileDeville", "@DemocracyEarth"]}, {"truncated": true, "text": "[ Event ] Rejoignez-nous le 11 d\u00e9cembre \u00e0 Paris pour une demi-journ\u00e9e consacr\u00e9e \u00e0 la le cloud-h\u2026", "hashtags": ["#Modernisation,"], "topic": "infrastructure", "tweet_urls": ["https://t.co/NmwBDFuryA"], "date": {"hour": 16, "month": 11, "iso": "2018-11-12T16:51:01", "year": 2018, "day": 12, "minute": 51}, "geo": null, "id": 1062024982086205440, "lang": "fr", "emoticons": ["\ud83d\udccd", "\ud83c\udf89"], "user_id": 1112616968, "coordinates": null, "source": "Sprout Social", "location": "Paris", "mentions": []}, {"truncated": true, "text": "Public blockchain understood as \"ownerless, secure, transparent and valid data record accessible to all\" can be an\u2026", "hashtags": [], "topic": "infrastructure", "tweet_urls": ["https://t.co/DOn8ZX78v5"], "date": {"hour": 16, "month": 11, "iso": "2018-11-12T16:34:06", "year": 2018, "day": 12, "minute": 34}, "geo": null, "id": 1062020722044878853, "lang": "en", "emoticons": [], "user_id": 341796661, "coordinates": null, "source": "Twitter Web Client", "location": "Paris", "mentions": []}, {"truncated": true, "text": "le probl\u00e8me c'est que c'est \"vendu\" aux politiques californiens comme rempla\u00e7ant pote\u2026", "hashtags": [], "topic": "infrastructure", "tweet_urls": ["https://t.co/wnPJcerp0i"], "date": {"hour": 16, "month": 11, "iso": "2018-11-12T16:33:27", "year": 2018, "day": 12, "minute": 33}, "geo": null, "id": 1062020558148288517, "lang": "fr", "emoticons": [], "user_id": 112850365, "coordinates": null, "source": "Twitter Web Client", "location": "Paris", "mentions": ["@Philippe_Peray", "@SmileyTrains"]}, {"truncated": true, "text": "We're excited to bring our next talks in our Parisian offices tomorrow! What to expect? More\u2026", "hashtags": ["#infrastructure", "#tech"], "topic": "infrastructure", "tweet_urls": ["https://t.co/sMcriS89CR"], "date": {"hour": 15, "month": 11, "iso": "2018-11-12T15:59:32", "year": 2018, "day": 12, "minute": 59}, "geo": null, "id": 1062012026199789568, "lang": "en", "emoticons": [], "user_id": 1288320194, "coordinates": null, "source": "Twitter Web Client", "location": "Paris", "mentions": []}, {"truncated": true, "text": "Si bien dit \u201cIl est inacceptable de gronder des cyclistes si la ville ne leur a pas donn\u00e9 une infra\u2026", "hashtags": [], "topic": "infrastructure", "tweet_urls": ["https://t.co/bYUSa66Eps"], "date": {"hour": 15, "month": 11, "iso": "2018-11-12T15:43:10", "year": 2018, "day": 12, "minute": 43}, "geo": null, "id": 1062007903970828288, "lang": "fr", "emoticons": [], "user_id": 855692031217324032, "coordinates": null, "source": "Twitter for iPhone", "location": "Paris", "mentions": ["@copenhagenize!"]}, {"truncated": true, "text": "The importance of open source: or the need to build a new public infrastructure for the digital realm that could be\u2026", "hashtags": [], "topic": "infrastructure", "tweet_urls": ["https://t.co/2F8rX2rRpQ"], "date": {"hour": 15, "month": 11, "iso": "2018-11-12T15:17:22", "year": 2018, "day": 12, "minute": 17}, "geo": null, "id": 1062001412475883521, "lang": "en", "emoticons": [], "user_id": 986517289615970304, "coordinates": null, "source": "Twitter Web Client", "location": "Paris", "mentions": []}, {"truncated": true, "text": "Bonjour, est le gestionnaire de l\u2019infrastructure et non en qualit\u00e9 de transporteur\u2026", "hashtags": [], "topic": "infrastructure", "tweet_urls": ["https://t.co/mPzCOz08BQ"], "date": {"hour": 14, "month": 11, "iso": "2018-11-12T14:59:08", "year": 2018, "day": 12, "minute": 59}, "geo": null, "id": 1061996823701798912, "lang": "fr", "emoticons": [], "user_id": 2821224219, "coordinates": null, "source": "Twitter for iPhone", "location": "Paris", "mentions": ["@Flashjunkmind", "@SNCFReseau", "@SNCF"]}, {"truncated": true, "text": "It is almost as if the states and the federal government don't fund urban areas with large populations to crea\u2026", "hashtags": [], "topic": "infrastructure", "tweet_urls": ["https://t.co/dI213awMuo"], "date": {"hour": 14, "month": 11, "iso": "2018-11-12T14:25:33", "year": 2018, "day": 12, "minute": 25}, "geo": null, "id": 1061988373106176000, "lang": "en", "emoticons": [], "user_id": 1041724736974331904, "coordinates": null, "source": "Twitter Web Client", "location": "Paris", "mentions": ["@srl"]}, {"truncated": true, "text": "government's vision for infrastructure overhaul will create more jobs, expand economy and make lives\u2026", "hashtags": [], "topic": "infrastructure", "tweet_urls": ["https://t.co/DdF9xdFLi7"], "date": {"hour": 13, "month": 11, "iso": "2018-11-12T13:57:42", "year": 2018, "day": 12, "minute": 57}, "geo": null, "id": 1061981365418242048, "lang": "en", "emoticons": [], "user_id": 47359542, "coordinates": null, "source": "Twitter Web Client", "location": "Paris", "mentions": ["@narendramodi"]}, {"truncated": true, "text": ".@stefanomanservi highlights at : \u00ab\u00a0#Insurance is key in changing the way is rebui\u2026", "hashtags": ["#ParisPeaceForum", "#infrastructure"], "topic": "infrastructure", "tweet_urls": ["https://t.co/l3rWJq9Fzo"], "date": {"hour": 13, "month": 11, "iso": "2018-11-12T13:54:09", "year": 2018, "day": 12, "minute": 54}, "geo": null, "id": 1061980472652251137, "lang": "en", "emoticons": [], "user_id": 224981360, "coordinates": null, "source": "Twitter for iPhone", "location": "Paris", "mentions": []}, {"truncated": true, "text": "A major infrastructure project is underway to link the Atlantic and Pacific Oceans\u2014and no, it\u2019s not a China project\u2026", "hashtags": [], "topic": "infrastructure", "tweet_urls": ["https://t.co/ExPFy07FkN"], "date": {"hour": 13, "month": 11, "iso": "2018-11-12T13:03:37", "year": 2018, "day": 12, "minute": 3}, "geo": null, "id": 1061967753349869568, "lang": "en", "emoticons": [], "user_id": 807738174, "coordinates": null, "source": "Twitter for iPhone", "location": "Paris", "mentions": []}, {"truncated": true, "text": "Igarap\u00e9 Institute meetups at the today: (a) How to make Infrastructure more Conflict-Sensitive? (b\u2026", "hashtags": [], "topic": "infrastructure", "tweet_urls": ["https://t.co/N0l06oWKgo"], "date": {"hour": 12, "month": 11, "iso": "2018-11-12T12:58:15", "year": 2018, "day": 12, "minute": 58}, "geo": null, "id": 1061966403891331074, "lang": "en", "emoticons": [], "user_id": 807738174, "coordinates": null, "source": "Twitter for iPhone", "location": "Paris", "mentions": ["@ParisPeaceForum"]}, {"truncated": false, "text": "Testeurs Pros : essayez l'infrastructure hyperconverg\u00e9e NetApp HCI", "hashtags": [], "topic": "infrastructure", "tweet_urls": ["https://t.co/2NIDdUpG7L"], "date": {"hour": 11, "month": 11, "iso": "2018-11-12T11:54:05", "year": 2018, "day": 12, "minute": 54}, "geo": null, "id": 1061950256064000000, "lang": "fr", "emoticons": [], "user_id": 162990388, "coordinates": null, "source": "dlvr.it", "location": "Paris", "mentions": []}, {"truncated": true, "text": "The has released the Global Infrastructure Company Classification Standard to provide investors with a\u2026", "hashtags": [], "topic": "infrastructure", "tweet_urls": ["https://t.co/WXRBam0eTC"], "date": {"hour": 11, "month": 11, "iso": "2018-11-12T11:29:08", "year": 2018, "day": 12, "minute": 29}, "geo": null, "id": 1061943977572741120, "lang": "en", "emoticons": [], "user_id": 2791370527, "coordinates": null, "source": "Twitter Web Client", "location": "Paris", "mentions": ["@EDHECinfra"]}, {"truncated": true, "text": "A great achievement for Find out how we jumped ahead 7 places to land in the top 10 of this year's\u2026", "hashtags": [], "topic": "infrastructure", "tweet_urls": ["https://t.co/yExOqNQuuX"], "date": {"hour": 11, "month": 11, "iso": "2018-11-12T11:27:24", "year": 2018, "day": 12, "minute": 27}, "geo": null, "id": 1061943540727595008, "lang": "en", "emoticons": [], "user_id": 1907812694, "coordinates": null, "source": "SociabbleApp", "location": "Paris", "mentions": ["@Ardian_infra!"]}, {"truncated": true, "text": ".@DenisDuverne on how can help fight through prevention (climate risk modeling and\u2026", "hashtags": ["#insurers", "#cities", "#climatechange"], "topic": "infrastructure", "tweet_urls": ["https://t.co/Y7lX7QSprl"], "date": {"hour": 11, "month": 11, "iso": "2018-11-12T11:24:27", "year": 2018, "day": 12, "minute": 24}, "geo": null, "id": 1061942797568225283, "lang": "en", "emoticons": [], "user_id": 224981360, "coordinates": null, "source": "Twitter for iPhone", "location": "Paris", "mentions": []}, {"truncated": true, "text": "\u201cPivotal vous montre la meilleure fa\u00e7on de d\u00e9velopper vos logiciels, ainsi que la meilleure infrastructure pour fai\u2026", "hashtags": [], "topic": "infrastructure", "tweet_urls": ["https://t.co/XYETaiUH2d"], "date": {"hour": 11, "month": 11, "iso": "2018-11-12T11:15:52", "year": 2018, "day": 12, "minute": 15}, "geo": null, "id": 1061940635266150400, "lang": "fr", "emoticons": [], "user_id": 2919901578, "coordinates": null, "source": "Twitter for iPad", "location": "Paris", "mentions": []}, {"truncated": true, "text": "\"A lot of the internet data centres, servers, and other critical infrastructure is under the risk of going under wa\u2026", "hashtags": [], "topic": "infrastructure", "tweet_urls": ["https://t.co/GoU3uCDS5x"], "date": {"hour": 11, "month": 11, "iso": "2018-11-12T11:11:09", "year": 2018, "day": 12, "minute": 11}, "geo": null, "id": 1061939450232651779, "lang": "en", "emoticons": [], "user_id": 3119919763, "coordinates": null, "source": "Twitter for Android", "location": "Paris", "mentions": []}, {"truncated": true, "text": "\u00c9cosyst\u00e8me de et d\u00e9ploiement des technologies ds les : des mo\u2026", "hashtags": ["#Data,", "#Infrastructure,", "#Startups,", "#financements", "#PME"], "topic": "infrastructure", "tweet_urls": ["https://t.co/hFYXWBRs2C"], "date": {"hour": 11, "month": 11, "iso": "2018-11-12T11:10:19", "year": 2018, "day": 12, "minute": 10}, "geo": null, "id": 1061939241104670720, "lang": "fr", "emoticons": [], "user_id": 236869758, "coordinates": null, "source": "Twitter for iPhone", "location": "Paris", "mentions": []}, {"truncated": true, "text": "This week in a snapshot: we'll talk during our own talks on Tuesday, host the me\u2026", "hashtags": ["#infrastructure", "#tech"], "topic": "infrastructure", "tweet_urls": ["https://t.co/CADPGLXYfC"], "date": {"hour": 11, "month": 11, "iso": "2018-11-12T11:06:41", "year": 2018, "day": 12, "minute": 6}, "geo": null, "id": 1061938325408374784, "lang": "en", "emoticons": [], "user_id": 1288320194, "coordinates": null, "source": "Twitter Web Client", "location": "Paris", "mentions": ["@ApacheFlink"]}, {"truncated": true, "text": "On the of the A conversation about how Internet infrastructure/materiality, the\u2026", "hashtags": ["#materiality", "#Internet:"], "topic": "infrastructure", "tweet_urls": ["https://t.co/0phtiv83Mz"], "date": {"hour": 11, "month": 11, "iso": "2018-11-12T11:02:10", "year": 2018, "day": 12, "minute": 2}, "geo": null, "id": 1061937191235043328, "lang": "en", "emoticons": [], "user_id": 2870736413, "coordinates": null, "source": "Twitter for iPhone", "location": "Paris", "mentions": []}, {"truncated": true, "text": "Le r\u00f4le central de l'infrastructure doit \u00eatre r\u00e9affirm\u00e9 pour apporter des solutions aux challenges urbains, et tout\u2026", "hashtags": [], "topic": "infrastructure", "tweet_urls": ["https://t.co/nnFl6HNexa"], "date": {"hour": 11, "month": 11, "iso": "2018-11-12T11:01:01", "year": 2018, "day": 12, "minute": 1}, "geo": null, "id": 1061936900116750340, "lang": "fr", "emoticons": [], "user_id": 324635157, "coordinates": null, "source": "Twitter for Android", "location": "Paris", "mentions": []}, {"truncated": true, "text": "Meeting objectives result in an investment gap of around USD 2.5 trillion per year until 2\u2026", "hashtags": ["#climate", "#infrastructure"], "topic": "infrastructure", "tweet_urls": ["https://t.co/j6xaXoVXwi"], "date": {"hour": 10, "month": 11, "iso": "2018-11-12T10:58:10", "year": 2018, "day": 12, "minute": 58}, "geo": null, "id": 1061936181330563073, "lang": "en", "emoticons": [], "user_id": 84617373, "coordinates": null, "source": "Twitter Web Client", "location": "Paris", "mentions": []}, {"truncated": true, "text": "Femi\u2026", "hashtags": [], "topic": "infrastructure", "tweet_urls": ["https://t.co/MKRoBG9zNZ"], "date": {"hour": 10, "month": 11, "iso": "2018-11-12T10:39:40", "year": 2018, "day": 12, "minute": 39}, "geo": null, "id": 1061931526500290561, "lang": "en", "emoticons": [], "user_id": 93835334, "coordinates": null, "source": "Twitter for Android", "location": "Paris", "mentions": ["@MosesAgbo8", "@MaziNnamdiKanu", "@Amaka_Ekwo", "@EmekaGift", "@NkirukaNistoran", "@NkemdiMary", "@uche_ezeonye", "@Umuchiukwu_writ"]}, {"truncated": true, "text": "We follow a stringent quality testing process to provide ready to deploy IT hardware for your critical infrastructu\u2026", "hashtags": [], "topic": "infrastructure", "tweet_urls": ["https://t.co/h4pyJujzxR"], "date": {"hour": 9, "month": 11, "iso": "2018-11-12T09:39:40", "year": 2018, "day": 12, "minute": 39}, "geo": null, "id": 1061916426934648832, "lang": "en", "emoticons": [], "user_id": 278949230, "coordinates": null, "source": "SocialPilot.co", "location": "Paris", "mentions": []}, {"truncated": true, "text": "Oracle CASB Cloud Service helps take security a step further by providing automated capabilities for customers to m\u2026", "hashtags": [], "topic": "infrastructure", "tweet_urls": ["https://t.co/D7oA7x4V9k"], "date": {"hour": 9, "month": 11, "iso": "2018-11-12T09:30:51", "year": 2018, "day": 12, "minute": 30}, "geo": null, "id": 1061914209934434304, "lang": "en", "emoticons": [], "user_id": 393924304, "coordinates": null, "source": "Dynamic Signal", "location": "Paris", "mentions": []}, {"truncated": true, "text": "New OECD report finds that meeting mitigation objectives requires a pipeline of low-carbon infrastructure\u2026", "hashtags": ["#climate"], "topic": "infrastructure", "tweet_urls": ["https://t.co/tboCRXgfu2"], "date": {"hour": 9, "month": 11, "iso": "2018-11-12T09:27:41", "year": 2018, "day": 12, "minute": 27}, "geo": null, "id": 1061913411062247424, "lang": "en", "emoticons": [], "user_id": 84617373, "coordinates": null, "source": "Twitter Web Client", "location": "Paris", "mentions": []}, {"truncated": true, "text": "According to Komatsu, Komtrax hourly usage data in +8.8% in Oct. from year earlier, the first gain in 9 mo\u2026", "hashtags": ["#China"], "topic": "infrastructure", "tweet_urls": ["https://t.co/FvK1EPPocL"], "date": {"hour": 8, "month": 11, "iso": "2018-11-12T08:26:00", "year": 2018, "day": 12, "minute": 26}, "geo": null, "id": 1061897889100771328, "lang": "en", "emoticons": ["\ud83c\udde8\ud83c\uddf3"], "user_id": 537175623, "coordinates": null, "source": "Twitter Web Client", "location": "Paris", "mentions": []}, {"truncated": true, "text": "Sorry I see you want the calculations. I can try to find the\u2026", "hashtags": [], "topic": "infrastructure", "tweet_urls": ["https://t.co/Zh4Ldwtxcy"], "date": {"hour": 7, "month": 11, "iso": "2018-11-12T07:42:14", "year": 2018, "day": 12, "minute": 42}, "geo": null, "id": 1061886875462438912, "lang": "en", "emoticons": [], "user_id": 666633, "coordinates": null, "source": "Twitter for iPhone", "location": "Paris", "mentions": ["@MichaelMDowling", "@TomLyonsBiz", "@NiamhHoran", "@PaddyTeahon"]}, {"truncated": true, "text": "Are you eager to find out how you can obtain the security controls and visibility needed for your cloud environment\u2026", "hashtags": [], "topic": "infrastructure", "tweet_urls": ["https://t.co/91YOKnB5uG"], "date": {"hour": 7, "month": 11, "iso": "2018-11-12T07:27:12", "year": 2018, "day": 12, "minute": 27}, "geo": null, "id": 1061883091361267712, "lang": "en", "emoticons": [], "user_id": 393924304, "coordinates": null, "source": "Dynamic Signal", "location": "Paris", "mentions": []}, {"truncated": true, "text": "La visibilit\u00e9 informatique orient\u00e9e m\u00e9tier est \u00e0 port\u00e9e de main ! Pour en savoir plus, inscrivez-vous \u00e0 notre webin\u2026", "hashtags": [], "topic": "infrastructure", "tweet_urls": ["https://t.co/0OlepjGvCA"], "date": {"hour": 7, "month": 11, "iso": "2018-11-12T07:15:04", "year": 2018, "day": 12, "minute": 15}, "geo": null, "id": 1061880036565901312, "lang": "fr", "emoticons": [], "user_id": 188721487, "coordinates": null, "source": "Hootsuite Inc.", "location": "Paris", "mentions": []}, {"truncated": true, "text": "London beats New York and Tokyo to be named the in the world 2019 thanks to its shops, un\u2026", "hashtags": ["#Paris,", "#BestCity", "#luxury"], "topic": "infrastructure", "tweet_urls": ["https://t.co/YGRpvg0nUr"], "date": {"hour": 5, "month": 11, "iso": "2018-11-12T05:27:02", "year": 2018, "day": 12, "minute": 27}, "geo": null, "id": 1061852848567316480, "lang": "en", "emoticons": [], "user_id": 2801638233, "coordinates": null, "source": "Buffer", "location": "Paris", "mentions": []}, {"truncated": true, "text": "Yeah, and whatever you give to yours, Trump g\u2026", "hashtags": [], "topic": "infrastructure", "tweet_urls": ["https://t.co/G4n1d7oz71"], "date": {"hour": 20, "month": 11, "iso": "2018-11-11T20:07:25", "year": 2018, "day": 11, "minute": 7}, "geo": null, "id": 1061712017596317697, "lang": "en", "emoticons": [], "user_id": 322116505, "coordinates": null, "source": "Twitter for iPhone", "location": "Paris", "mentions": ["@MsKrats", "@GeoffreyPotter", "@xKloc", "@AnaCabrera", "@Nate_Cohn", "@TuckerCarlson"]}, {"truncated": true, "text": "Ce que rapportent les taxes sur la voiture : 70 Mds\u20ac/an. Ce que co\u00fbte l\u2026", "hashtags": [], "topic": "infrastructure", "tweet_urls": ["https://t.co/OwUbIQDUCh"], "date": {"hour": 19, "month": 11, "iso": "2018-11-11T19:47:10", "year": 2018, "day": 11, "minute": 47}, "geo": null, "id": 1061706923605716992, "lang": "fr", "emoticons": [], "user_id": 1045538061348679680, "coordinates": null, "source": "Twitter for iPhone", "location": "Paris", "mentions": ["@Youyouhelmut", "@lady_anouk_", "@_LePetitCaporal"]}, {"truncated": false, "text": "L\u00f3pez Obrador someter\u00e1 a consulta en dos semanas otros proyectos de infraestructura\n -", "hashtags": [], "topic": "infrastructure", "tweet_urls": ["https://t.co/nOcXJBEjjd"], "date": {"hour": 8, "month": 11, "iso": "2018-11-13T08:10:21", "year": 2018, "day": 13, "minute": 10}, "geo": null, "id": 1062256337881612288, "lang": "es", "emoticons": [], "user_id": 431510877, "coordinates": null, "source": "Twitter for iPhone", "location": "Paris", "mentions": []}, {"truncated": true, "text": "\u00ab Gobernanza y regulaciones de Internet en Am\u00e9rica Latina \u00bb, An\u00e1lisis sobre", "hashtags": ["#infraestructura,", "#privacidad,\u2026"], "topic": "infrastructure", "tweet_urls": ["https://t.co/YcCB5Hay9V"], "date": {"hour": 21, "month": 11, "iso": "2018-11-11T21:40:12", "year": 2018, "day": 11, "minute": 40}, "geo": null, "id": 1061735366905004032, "lang": "es", "emoticons": [], "user_id": 2475639673, "coordinates": null, "source": "Twitter for iPhone", "location": "Paris", "mentions": []}]