[{"truncated": true, "text": "Japanese lawmakers send protest letter to South Korean counterparts who landed on island disputed between two count\u2026", "hashtags": [], "topic": "unrest", "tweet_urls": ["https://t.co/pJcLOq02Wn"], "date": {"hour": 8, "month": 11, "iso": "2018-11-06T08:53:17", "year": 2018, "day": 6, "minute": 53}, "geo": null, "id": 1059730429526212608, "lang": "en", "emoticons": [], "user_id": 172292855, "coordinates": null, "source": "Twitter Web Client", "location": "Paris", "mentions": []}, {"truncated": false, "text": "r\u00e9sistance, jour 8. Images of A Hundred Years of American Protest, Then and Now | The New Yorker", "hashtags": [], "topic": "unrest", "tweet_urls": ["https://t.co/OIMx50B2jJ"], "date": {"hour": 7, "month": 11, "iso": "2018-11-06T07:45:58", "year": 2018, "day": 6, "minute": 45}, "geo": null, "id": 1059713488086618112, "lang": "en", "emoticons": [], "user_id": 53868375, "coordinates": null, "source": "Twitter Web Client", "location": "Paris", "mentions": []}, {"truncated": false, "text": "A Swedish ISP has blocked Elsevier\u2019s website in protest for forcing it to block Sci-Hub", "hashtags": [], "topic": "unrest", "tweet_urls": ["https://t.co/jD7npwp2xW"], "date": {"hour": 22, "month": 11, "iso": "2018-11-05T22:47:06", "year": 2018, "day": 5, "minute": 47}, "geo": null, "id": 1059577875609858048, "lang": "en", "emoticons": [], "user_id": 1012778107, "coordinates": null, "source": "IFTTT", "location": "Paris", "mentions": []}, {"truncated": true, "text": "A Swedish ISP has blocked Elsevier\u2019s website in protest for forcing it to block Sci-Hub by\u2026", "hashtags": [], "topic": "unrest", "tweet_urls": ["https://t.co/j7gS7ejEMz", "https://t.co/cJNvewAGEE"], "date": {"hour": 22, "month": 11, "iso": "2018-11-05T22:42:46", "year": 2018, "day": 5, "minute": 42}, "geo": null, "id": 1059576785166315520, "lang": "en", "emoticons": [], "user_id": 299684980, "coordinates": null, "source": "Zapier.com", "location": "Paris", "mentions": []}, {"truncated": true, "text": "When pressed by abebooks said something like there is not enough profit in the proces\u2026", "hashtags": [], "topic": "unrest", "tweet_urls": ["https://t.co/i0iJNFUM3m"], "date": {"hour": 22, "month": 11, "iso": "2018-11-05T22:05:33", "year": 2018, "day": 5, "minute": 5}, "geo": null, "id": 1059567421151961090, "lang": "en", "emoticons": [], "user_id": 2267102952, "coordinates": null, "source": "Twitter Web Client", "location": "Paris", "mentions": ["@Jennissee181", "@ILABRareBooks,"]}, {"truncated": true, "text": "Si il juge par rapport \u00e0 mon niveau avant comment royal peut avoir 9 et moi 8.9 alors que la \u00e7a\u2026", "hashtags": [], "topic": "unrest", "tweet_urls": ["https://t.co/sU7pvHNiiI"], "date": {"hour": 21, "month": 11, "iso": "2018-11-05T21:29:57", "year": 2018, "day": 5, "minute": 29}, "geo": null, "id": 1059558463066390528, "lang": "fr", "emoticons": [], "user_id": 922126550186778629, "coordinates": null, "source": "Twitter for Android", "location": "Paris", "mentions": ["@Kxhwz", "@SkaalpoNEW"]}, {"truncated": false, "text": "Mdrrr je suis au cin\u00e9ma sa protest contre moi c'est comment ?", "hashtags": [], "topic": "unrest", "tweet_urls": [], "date": {"hour": 19, "month": 11, "iso": "2018-11-05T19:45:28", "year": 2018, "day": 5, "minute": 45}, "geo": null, "id": 1059532166214942720, "lang": "fr", "emoticons": ["\ud83d\ude43"], "user_id": 2415128609, "coordinates": null, "source": "Twitter for Android", "location": "Paris", "mentions": []}, {"truncated": false, "text": "Trump World \u2013 signs of protest via", "hashtags": [], "topic": "unrest", "tweet_urls": ["https://t.co/dxfRRk8lu9"], "date": {"hour": 19, "month": 11, "iso": "2018-11-05T19:31:04", "year": 2018, "day": 5, "minute": 31}, "geo": null, "id": 1059528544966053890, "lang": "en", "emoticons": [], "user_id": 54560029, "coordinates": null, "source": "Twitter Web Client", "location": "Paris", "mentions": ["@theartblog"]}, {"truncated": false, "text": "Booksellers Protest Amazon Site\u2019s Move to Drop Stores From Certain Countries", "hashtags": [], "topic": "unrest", "tweet_urls": ["https://t.co/IHGfHed6VE"], "date": {"hour": 19, "month": 11, "iso": "2018-11-05T19:19:52", "year": 2018, "day": 5, "minute": 19}, "geo": null, "id": 1059525726330912768, "lang": "en", "emoticons": [], "user_id": 750349628, "coordinates": null, "source": "Twitter Web Client", "location": "Paris", "mentions": []}, {"truncated": true, "text": "We participated in a protest organized by the cemetery campaign group to correct the adverse conditions of Tottenha\u2026", "hashtags": [], "topic": "unrest", "tweet_urls": ["https://t.co/plcOU4H7av"], "date": {"hour": 18, "month": 11, "iso": "2018-11-05T18:54:23", "year": 2018, "day": 5, "minute": 54}, "geo": null, "id": 1059519309918167040, "lang": "en", "emoticons": [], "user_id": 758730320627634176, "coordinates": null, "source": "Twitter Web Client", "location": "Paris", "mentions": []}, {"truncated": true, "text": "A Palestinian demonstrator uses a sling to hurl stones towards Israeli troops during a protest calling for lifting\u2026", "hashtags": [], "topic": "unrest", "tweet_urls": ["https://t.co/Eu9uoAMkRa"], "date": {"hour": 14, "month": 11, "iso": "2018-11-05T14:49:10", "year": 2018, "day": 5, "minute": 49}, "geo": null, "id": 1059457600646008832, "lang": "en", "emoticons": [], "user_id": 2598432344, "coordinates": null, "source": "Twitter Web Client", "location": "Paris", "mentions": []}, {"truncated": false, "text": "Swedish ISP protests \u2018Site Blocking\u2019 by Blocking Rightsholders websites too", "hashtags": [], "topic": "unrest", "tweet_urls": ["https://t.co/kRFKNlLMkr"], "date": {"hour": 14, "month": 11, "iso": "2018-11-05T14:18:49", "year": 2018, "day": 5, "minute": 18}, "geo": null, "id": 1059449961862053890, "lang": "en", "emoticons": [], "user_id": 319656543, "coordinates": null, "source": "Twitter Web Client", "location": "Paris", "mentions": []}, {"truncated": false, "text": "\"Taxi drivers demand a meeting with transport minister to address issues, or they\u2019ll protest on November 8\"", "hashtags": [], "topic": "unrest", "tweet_urls": ["https://t.co/QVjmPrL9ZV"], "date": {"hour": 13, "month": 11, "iso": "2018-11-05T13:29:58", "year": 2018, "day": 5, "minute": 29}, "geo": null, "id": 1059437668315156486, "lang": "en", "emoticons": [], "user_id": 701364420782456833, "coordinates": null, "source": "Zapier.com", "location": "Paris", "mentions": []}, {"truncated": true, "text": "Traffic chaos on the Paris ring road this morning after 500 ambulances block traffic by driving at a snail's pace t\u2026", "hashtags": [], "topic": "unrest", "tweet_urls": ["https://t.co/UPvLibVYEM"], "date": {"hour": 9, "month": 11, "iso": "2018-11-05T09:44:32", "year": 2018, "day": 5, "minute": 44}, "geo": null, "id": 1059380935651659776, "lang": "en", "emoticons": [], "user_id": 244069647, "coordinates": null, "source": "TweetDeck", "location": "Paris", "mentions": []}, {"truncated": true, "text": "Pakistan's Supreme Court acquitted Asia Bibi, a Christian languishing on death row since being convicted of blasphe\u2026", "hashtags": [], "topic": "unrest", "tweet_urls": ["https://t.co/z2JJQd1mPi"], "date": {"hour": 9, "month": 11, "iso": "2018-11-05T09:37:40", "year": 2018, "day": 5, "minute": 37}, "geo": null, "id": 1059379207690686464, "lang": "en", "emoticons": [], "user_id": 2518065083, "coordinates": null, "source": "Twitter Web Client", "location": "Paris", "mentions": []}, {"truncated": true, "text": "is when I see all the support we get for the protest organization to welcome Trump on November 1\u2026", "hashtags": ["#MondayMotivation"], "topic": "unrest", "tweet_urls": ["https://t.co/88slMsD5Sf"], "date": {"hour": 9, "month": 11, "iso": "2018-11-05T09:08:59", "year": 2018, "day": 5, "minute": 8}, "geo": null, "id": 1059371991998849024, "lang": "en", "emoticons": [], "user_id": 1052874622755057664, "coordinates": null, "source": "Twitter Web Client", "location": "Paris", "mentions": []}, {"truncated": true, "text": "(2/2) Los ni\u00f1os reciben las clases en esas condiciones, de noche y en el patio, o es un acto de p\u2026", "hashtags": [], "topic": "unrest", "tweet_urls": ["https://t.co/jqZor8l3jO"], "date": {"hour": 14, "month": 11, "iso": "2018-11-05T14:48:14", "year": 2018, "day": 5, "minute": 48}, "geo": null, "id": 1059457367501402112, "lang": "es", "emoticons": [], "user_id": 393530819, "coordinates": null, "source": "Twitter for iPhone", "location": "Paris", "mentions": ["@Raquel_Marti_", "@s"]}, {"truncated": true, "text": "Reciben las clases en el patio,a la intemperie??No s\u00e9,pero la foto parece + un acto d protesta q una\u2026", "hashtags": [], "topic": "unrest", "tweet_urls": ["https://t.co/1Wq1F1xJrP"], "date": {"hour": 12, "month": 11, "iso": "2018-11-05T12:37:22", "year": 2018, "day": 5, "minute": 37}, "geo": null, "id": 1059424432098369537, "lang": "es", "emoticons": [], "user_id": 393530819, "coordinates": null, "source": "Twitter for iPhone", "location": "Paris", "mentions": ["@Raquel_Marti_"]}, {"truncated": true, "text": "L'affiche est faite par\u2026", "hashtags": [], "topic": "unrest", "tweet_urls": ["https://t.co/Na5k2uIEYP"], "date": {"hour": 8, "month": 11, "iso": "2018-11-06T08:06:58", "year": 2018, "day": 6, "minute": 6}, "geo": null, "id": 1059718770233655296, "lang": "fr", "emoticons": [], "user_id": 17496371, "coordinates": null, "source": "TweetDeck", "location": "Paris", "mentions": ["@BikeGaga", "@ParisEnSelle", "@C_Najdovski", "@Anne_Hidalgo", "@FVauglin", "@f_calandra", "@pierrejaphet"]}, {"truncated": false, "text": "\u00c0 Tours, manif pour protester contre l'expulsion de 40 migrants (dont des femmes et des enfants)", "hashtags": [], "topic": "unrest", "tweet_urls": ["https://t.co/3zCuPLeKAd"], "date": {"hour": 22, "month": 11, "iso": "2018-11-05T22:17:51", "year": 2018, "day": 5, "minute": 17}, "geo": null, "id": 1059570515394904065, "lang": "fr", "emoticons": [], "user_id": 1243147873, "coordinates": null, "source": "Twitter Lite", "location": "Paris", "mentions": []}, {"truncated": true, "text": "\ud83c\udffc\ud83c\udffd\ud83c\udffe\ud83c\udfff#Gr\u00e8veDeFrance : dispara\u00eetre le vendredi 30 novembre et r\u00e9appara\u00eetre le samedi 1er d\u00e9cembre pour protester\u2026", "hashtags": [], "topic": "unrest", "tweet_urls": ["https://t.co/7QYbeWlQT0"], "date": {"hour": 21, "month": 11, "iso": "2018-11-05T21:51:26", "year": 2018, "day": 5, "minute": 51}, "geo": null, "id": 1059563867590852608, "lang": "fr", "emoticons": ["\ud83d\udcaa"], "user_id": 401276236, "coordinates": null, "source": "Twitter for Android", "location": "Paris", "mentions": []}, {"truncated": false, "text": "High Level Protestation!!!! Avec une opposition de ce niveau, j\u2019en connais un qui peut dormir tranquille !", "hashtags": [], "topic": "unrest", "tweet_urls": [], "date": {"hour": 21, "month": 11, "iso": "2018-11-05T21:30:33", "year": 2018, "day": 5, "minute": 30}, "geo": null, "id": 1059558612312473600, "lang": "fr", "emoticons": [], "user_id": 3302633422, "coordinates": null, "source": "Twitter for iPhone", "location": "Paris", "mentions": ["@Padre_Pio"]}, {"truncated": false, "text": ": entr\u00e9e en vigueur des sanctions am\u00e9ricaines en plein mouvements de protestation\nhttps://t.co/cMLDhAFHEc", "hashtags": ["#Iran"], "topic": "unrest", "tweet_urls": ["https://t.co/ViRjAiC37q"], "date": {"hour": 14, "month": 11, "iso": "2018-11-05T14:47:32", "year": 2018, "day": 5, "minute": 47}, "geo": null, "id": 1059457190254256128, "lang": "fr", "emoticons": [], "user_id": 59113651, "coordinates": null, "source": "Twitter Web Client", "location": "Paris", "mentions": []}, {"truncated": false, "text": "Tu veux protester contre les taxes carburants et autres le 17? envoie un ch\u00e8que \u00e0 mon ordre sans montant.... l\u00e0 t'es un vrai rebel", "hashtags": [], "topic": "unrest", "tweet_urls": [], "date": {"hour": 14, "month": 11, "iso": "2018-11-05T14:06:09", "year": 2018, "day": 5, "minute": 6}, "geo": null, "id": 1059446774295945217, "lang": "fr", "emoticons": [], "user_id": 2913867597, "coordinates": null, "source": "Twitter Web Client", "location": "Paris", "mentions": []}, {"truncated": false, "text": "\u00e7a va faire doublon avec la journ\u00e9e du pull moche pour protester contre le dictat de la mode, le 13 janvier :D", "hashtags": [], "topic": "unrest", "tweet_urls": [], "date": {"hour": 13, "month": 11, "iso": "2018-11-05T13:55:13", "year": 2018, "day": 5, "minute": 55}, "geo": null, "id": 1059444024061374465, "lang": "fr", "emoticons": [], "user_id": 2172333757, "coordinates": null, "source": "Twitter Web Client", "location": "Paris", "mentions": ["@ornikkar"]}, {"truncated": true, "text": "A Londres, des membres des organisations de the3million, British in Europe et UNISON ont form\u00e9 une cha\u00eene humaine j\u2026", "hashtags": [], "topic": "unrest", "tweet_urls": ["https://t.co/tSWY2C3He0"], "date": {"hour": 13, "month": 11, "iso": "2018-11-05T13:11:00", "year": 2018, "day": 5, "minute": 11}, "geo": null, "id": 1059432895981355008, "lang": "fr", "emoticons": [], "user_id": 338985020, "coordinates": null, "source": "Media Studio", "location": "Paris", "mentions": []}, {"truncated": true, "text": "Des professionnels des travaux publics bloquent les routes de Champagne-Ardenne pour protester contre la suppressio\u2026", "hashtags": [], "topic": "unrest", "tweet_urls": ["https://t.co/tUB9cnct30"], "date": {"hour": 11, "month": 11, "iso": "2018-11-05T11:09:18", "year": 2018, "day": 5, "minute": 9}, "geo": null, "id": 1059402267877621760, "lang": "fr", "emoticons": [], "user_id": 38142665, "coordinates": null, "source": "Media Studio", "location": "Paris", "mentions": []}, {"truncated": true, "text": "Op\u00e9ration escargot des ambulanciers en \u00cele-de-France ce lundi matin, ici sur le p\u00e9riph\u00e9rique parisien, pour prot\u2026", "hashtags": [], "topic": "unrest", "tweet_urls": ["https://t.co/IzuWwUIYn7"], "date": {"hour": 10, "month": 11, "iso": "2018-11-05T10:37:57", "year": 2018, "day": 5, "minute": 37}, "geo": null, "id": 1059394380270891008, "lang": "fr", "emoticons": ["\ud83c\uddeb\ud83c\uddf7"], "user_id": 3025757015, "coordinates": null, "source": "Twitter for Android", "location": "Paris", "mentions": []}, {"truncated": true, "text": "\u201cIl vient une heure o\u00f9 protester ne suffit plus : apr\u00e8s la philosophie, il faut l\u2019action.\u201d Victor Hugo\u2026", "hashtags": [], "topic": "unrest", "tweet_urls": ["https://t.co/qZlUwoxdum"], "date": {"hour": 9, "month": 11, "iso": "2018-11-05T09:15:06", "year": 2018, "day": 5, "minute": 15}, "geo": null, "id": 1059373530452844544, "lang": "fr", "emoticons": [], "user_id": 419539044, "coordinates": null, "source": "Twitter Lite", "location": "Paris", "mentions": ["@fhollande"]}]