[{"truncated": true, "text": "Today another stepping stone being placed for a larger scale protest in the\u2026", "hashtags": [], "topic": "unrest", "tweet_urls": ["https://t.co/Xp6oWTKbWn"], "date": {"hour": 19, "month": 11, "iso": "2018-11-02T19:23:41", "year": 2018, "day": 2, "minute": 23}, "geo": null, "id": 1058439519790395393, "lang": "en", "emoticons": [], "user_id": 965309749473546240, "coordinates": null, "source": "Twitter for Android", "location": "Paris", "mentions": ["@HKanwal96", "@Xadeejournalist", "@aonhussain"]}, {"truncated": true, "text": "The in went dark on Thursday as part of a protest to call for an end to violence against jou\u2026", "hashtags": ["#EiffelTower", "#Paris"], "topic": "unrest", "tweet_urls": ["https://t.co/7XzvF8R2mi"], "date": {"hour": 18, "month": 11, "iso": "2018-11-02T18:12:08", "year": 2018, "day": 2, "minute": 12}, "geo": null, "id": 1058421517300559872, "lang": "en", "emoticons": ["\ud83c\uddeb\ud83c\uddf7"], "user_id": 25049056, "coordinates": null, "source": "dlvr.it", "location": "Paris", "mentions": []}, {"truncated": true, "text": "Pkr 2 billion lost in Lhr/ Khi traders\nPkr 1.5 billion worth of vegie &amp; livestock lost in 3 days\nMillion of kids ha\u2026", "hashtags": [], "topic": "unrest", "tweet_urls": ["https://t.co/3vRBRBD9Tc"], "date": {"hour": 12, "month": 11, "iso": "2018-11-02T12:47:10", "year": 2018, "day": 2, "minute": 47}, "geo": null, "id": 1058339734336999424, "lang": "en", "emoticons": [], "user_id": 965309749473546240, "coordinates": null, "source": "Twitter for Android", "location": "Paris", "mentions": []}, {"truncated": true, "text": "Those terrible free school meals! Every bourgeois rubs his hands, while children protes\u2026", "hashtags": [], "topic": "unrest", "tweet_urls": ["https://t.co/N6gQxFP8kF"], "date": {"hour": 9, "month": 11, "iso": "2018-11-02T09:39:22", "year": 2018, "day": 2, "minute": 39}, "geo": null, "id": 1058292473104162816, "lang": "en", "emoticons": [], "user_id": 3540982032, "coordinates": null, "source": "Twitter Web Client", "location": "Paris", "mentions": ["@lstdysdiscourse", "@stephenkb"]}, {"truncated": true, "text": "PHOTOS: Google employees all over the world left their desk and walked out in protest over sexual misconduct\u2026", "hashtags": [], "topic": "unrest", "tweet_urls": ["https://t.co/Wwi3HLH3ny"], "date": {"hour": 9, "month": 11, "iso": "2018-11-02T09:08:56", "year": 2018, "day": 2, "minute": 8}, "geo": null, "id": 1058284816905449472, "lang": "en", "emoticons": [], "user_id": 3348844607, "coordinates": null, "source": "Twitter Web Client", "location": "Paris", "mentions": []}, {"truncated": true, "text": "Only one man could take Pakistan out of crises. He has done several times in the past as well. From black 2013 to b\u2026", "hashtags": [], "topic": "unrest", "tweet_urls": ["https://t.co/ROkOYpPYOJ"], "date": {"hour": 8, "month": 11, "iso": "2018-11-02T08:29:24", "year": 2018, "day": 2, "minute": 29}, "geo": null, "id": 1058274866120531968, "lang": "en", "emoticons": [], "user_id": 965309749473546240, "coordinates": null, "source": "Twitter for Android", "location": "Paris", "mentions": []}, {"truncated": false, "text": "Karma!! What goes around comes around.\n#\u06cc\u0627\u062f\u0650\u0645\u0627\u0636\u06cc\n#protest", "hashtags": [], "topic": "unrest", "tweet_urls": ["https://t.co/FrGle76QUZ"], "date": {"hour": 8, "month": 11, "iso": "2018-11-02T08:15:33", "year": 2018, "day": 2, "minute": 15}, "geo": null, "id": 1058271382109409280, "lang": "en", "emoticons": [], "user_id": 965309749473546240, "coordinates": null, "source": "Twitter for Android", "location": "Paris", "mentions": []}, {"truncated": true, "text": "As other offices storm the streets, Google\u2019s LA protest is quiet and sequestered \n\nIs it really a walk out if you b\u2026", "hashtags": [], "topic": "unrest", "tweet_urls": ["https://t.co/lTGkZVZ9VR"], "date": {"hour": 21, "month": 11, "iso": "2018-11-01T21:31:11", "year": 2018, "day": 1, "minute": 31}, "geo": null, "id": 1058109221538095104, "lang": "en", "emoticons": [], "user_id": 54721783, "coordinates": null, "source": "IFTTT", "location": "Paris", "mentions": []}, {"truncated": true, "text": "The Political and Economic Consequences of Nationalist Protest in China: Repercussions of the 2012 Anti-Japanese De\u2026", "hashtags": [], "topic": "unrest", "tweet_urls": ["https://t.co/geHQEbFTuf"], "date": {"hour": 21, "month": 11, "iso": "2018-11-01T21:27:41", "year": 2018, "day": 1, "minute": 27}, "geo": null, "id": 1058108340830642176, "lang": "en", "emoticons": [], "user_id": 852337405667540993, "coordinates": null, "source": "Twitter Web Client", "location": "Paris", "mentions": []}, {"truncated": true, "text": "San Francisco Google employees walk out in protest of sexual harassment \n\nOn an unusually warm Nov. 1 morning in Sa\u2026", "hashtags": [], "topic": "unrest", "tweet_urls": ["https://t.co/iLqp3swDTq"], "date": {"hour": 20, "month": 11, "iso": "2018-11-01T20:25:18", "year": 2018, "day": 1, "minute": 25}, "geo": null, "id": 1058092641064239104, "lang": "en", "emoticons": [], "user_id": 54721783, "coordinates": null, "source": "IFTTT", "location": "Paris", "mentions": []}, {"truncated": true, "text": "Sad Pakistan is burning!!\nCertain civil society/ Pti/ some media houses are responsible who clapped when\u2026", "hashtags": [], "topic": "unrest", "tweet_urls": ["https://t.co/O78xXX1UJ8"], "date": {"hour": 19, "month": 11, "iso": "2018-11-01T19:55:16", "year": 2018, "day": 1, "minute": 55}, "geo": null, "id": 1058085080541921280, "lang": "en", "emoticons": [], "user_id": 965309749473546240, "coordinates": null, "source": "Twitter for Android", "location": "Paris", "mentions": ["@tabinda_m"]}, {"truncated": false, "text": "'Stop romanticising that viral image of a Palestinian protester \u2013 it's not a poetic moment'", "hashtags": [], "topic": "unrest", "tweet_urls": ["https://t.co/N4G2auZD1W"], "date": {"hour": 18, "month": 11, "iso": "2018-11-01T18:45:07", "year": 2018, "day": 1, "minute": 45}, "geo": null, "id": 1058067427597209601, "lang": "en", "emoticons": [], "user_id": 124135642, "coordinates": null, "source": "Facebook", "location": "Paris", "mentions": []}, {"truncated": true, "text": "Google employees across the globe are walking out now to protest sexual harassment by katec\u2026", "hashtags": [], "topic": "unrest", "tweet_urls": ["https://t.co/anDb3NpHOa", "https://t.co/nbA1S7S1DL"], "date": {"hour": 15, "month": 11, "iso": "2018-11-01T15:52:49", "year": 2018, "day": 1, "minute": 52}, "geo": null, "id": 1058024066098040832, "lang": "en", "emoticons": [], "user_id": 299684980, "coordinates": null, "source": "Zapier.com", "location": "Paris", "mentions": []}, {"truncated": true, "text": "Bernie is discovering lots of things since he failed to protest Hillary's stealing the election from hi\u2026", "hashtags": [], "topic": "unrest", "tweet_urls": ["https://t.co/6eL87l0Yti"], "date": {"hour": 15, "month": 11, "iso": "2018-11-01T15:04:34", "year": 2018, "day": 1, "minute": 4}, "geo": null, "id": 1058011924032638976, "lang": "en", "emoticons": [], "user_id": 923986483857514496, "coordinates": null, "source": "Twitter Web Client", "location": "Paris", "mentions": ["@nandorvila"]}, {"truncated": false, "text": "As u sow, so shall u reap. Tabdeeli!!\n\n#\u0645\u0644\u0627\u06af\u0631\u062f\u06cc_\u0628\u0646\u062f_\u06a9\u0631\u0648\n#Protest", "hashtags": [], "topic": "unrest", "tweet_urls": [], "date": {"hour": 13, "month": 11, "iso": "2018-11-01T13:51:46", "year": 2018, "day": 1, "minute": 51}, "geo": null, "id": 1057993602574499845, "lang": "en", "emoticons": [], "user_id": 965309749473546240, "coordinates": null, "source": "Twitter for Android", "location": "Paris", "mentions": []}, {"truncated": true, "text": "Google walkout live: Pictures of Google workers leaving their desks in protest over sexual misconduct - Business In\u2026", "hashtags": [], "topic": "unrest", "tweet_urls": ["https://t.co/W5JdMNWAm4"], "date": {"hour": 13, "month": 11, "iso": "2018-11-01T13:00:04", "year": 2018, "day": 1, "minute": 0}, "geo": null, "id": 1057980593193906176, "lang": "en", "emoticons": [], "user_id": 2744888264, "coordinates": null, "source": "dlvr.it", "location": "Paris", "mentions": []}, {"truncated": true, "text": "A global Google staff walkout over harassment and inequality has kicked off in London and Dublin \n\nGoogle employees\u2026", "hashtags": [], "topic": "unrest", "tweet_urls": ["https://t.co/Ofy2oFIjUH"], "date": {"hour": 12, "month": 11, "iso": "2018-11-01T12:55:14", "year": 2018, "day": 1, "minute": 55}, "geo": null, "id": 1057979379169615874, "lang": "en", "emoticons": [], "user_id": 54721783, "coordinates": null, "source": "IFTTT", "location": "Paris", "mentions": []}, {"truncated": true, "text": "So when history books will be written, i want this to be mentionned how we can't even calmly protest shit we're goi\u2026", "hashtags": [], "topic": "unrest", "tweet_urls": ["https://t.co/lfo0Oa0oHH"], "date": {"hour": 11, "month": 11, "iso": "2018-11-01T11:43:10", "year": 2018, "day": 1, "minute": 43}, "geo": null, "id": 1057961242281869313, "lang": "en", "emoticons": [], "user_id": 238221166, "coordinates": null, "source": "Twitter Web Client", "location": "Paris", "mentions": []}, {"truncated": true, "text": "Pti enjoying taste of their medicine. Karma. The very same handsome IK led the protest i\u2026", "hashtags": [], "topic": "unrest", "tweet_urls": ["https://t.co/R1WtlqYMUC"], "date": {"hour": 11, "month": 11, "iso": "2018-11-01T11:42:30", "year": 2018, "day": 1, "minute": 42}, "geo": null, "id": 1057961072290861056, "lang": "en", "emoticons": [], "user_id": 965309749473546240, "coordinates": null, "source": "Twitter for Android", "location": "Paris", "mentions": ["@jawad_hafsa", "@fizza_tweets"]}, {"truncated": true, "text": "Right ... get your act together NOW\ufe0f\n\n&gt;&gt; Staff at offices around the world are stagi\u2026", "hashtags": ["#WomenRights'", "#Google"], "topic": "unrest", "tweet_urls": ["https://t.co/wfzgBzMjyh"], "date": {"hour": 11, "month": 11, "iso": "2018-11-01T11:19:20", "year": 2018, "day": 1, "minute": 19}, "geo": null, "id": 1057955243978379264, "lang": "en", "emoticons": ["\u203c"], "user_id": 819266501853282304, "coordinates": null, "source": "Twitter Web Client", "location": "Paris", "mentions": ["@Google"]}, {"truncated": true, "text": "Students in Slovak town object to protest seeking to exploit still-unclarified tragedy - -\u2026", "hashtags": [], "topic": "unrest", "tweet_urls": ["https://t.co/hkL3gNkr28", "https://t.co/17qFGudpH0"], "date": {"hour": 10, "month": 11, "iso": "2018-11-01T10:39:23", "year": 2018, "day": 1, "minute": 39}, "geo": null, "id": 1057945188365156352, "lang": "en", "emoticons": [], "user_id": 17848055, "coordinates": null, "source": "XING", "location": "Paris", "mentions": []}, {"truncated": true, "text": "number two of our acta legitima plebeia, on the brink (beware to baulk a man at his will!)\nof taking place upon a p\u2026", "hashtags": [], "topic": "unrest", "tweet_urls": ["https://t.co/icDeiPSQEl"], "date": {"hour": 9, "month": 11, "iso": "2018-11-01T09:11:30", "year": 2018, "day": 1, "minute": 11}, "geo": null, "id": 1057923072018317312, "lang": "en", "emoticons": [], "user_id": 1768358534, "coordinates": null, "source": "Wake reader", "location": "Paris", "mentions": []}, {"truncated": true, "text": "Voting decisions last time were based on disinformation or no information, or just a protest\u2026", "hashtags": [], "topic": "unrest", "tweet_urls": ["https://t.co/3N6ZHFSUTH"], "date": {"hour": 8, "month": 11, "iso": "2018-11-01T08:50:35", "year": 2018, "day": 1, "minute": 50}, "geo": null, "id": 1057917809798328320, "lang": "en", "emoticons": [], "user_id": 29998204, "coordinates": null, "source": "Twitter for Android", "location": "Paris", "mentions": ["@iWader", "@JamesMelville"]}, {"truncated": true, "text": "Bah logique t cs *je sais que tu vas pas dire que tu l'es pour pas te faire protest en\u2026", "hashtags": [], "topic": "unrest", "tweet_urls": ["https://t.co/5miwmNs00T"], "date": {"hour": 7, "month": 11, "iso": "2018-11-01T07:35:50", "year": 2018, "day": 1, "minute": 35}, "geo": null, "id": 1057898997363433473, "lang": "fr", "emoticons": ["\ud83d\ude05"], "user_id": 1040533322588450816, "coordinates": null, "source": "Twitter for Android", "location": "Paris", "mentions": ["@Agxiin_", "@AamxnX", "@Nawaaak_"]}, {"truncated": true, "text": "to pay quite a bit for this one from a top collector but worth every penny of it. This is the ultimate Sal\u2026", "hashtags": ["#Dig\nHad"], "topic": "unrest", "tweet_urls": ["https://t.co/yl8i46BW3V"], "date": {"hour": 16, "month": 11, "iso": "2018-11-02T16:30:11", "year": 2018, "day": 2, "minute": 30}, "geo": null, "id": 1058395860957052928, "lang": "en", "emoticons": [], "user_id": 38289838, "coordinates": null, "source": "Twitter Web Client", "location": "Paris", "mentions": []}, {"truncated": true, "text": "\nThis is the ultimate Salsa collectible, tight, duro, independent and sweet with a powerful message &amp; superb e\u2026", "hashtags": ["#Dig"], "topic": "unrest", "tweet_urls": ["https://t.co/W219iwElp2"], "date": {"hour": 16, "month": 11, "iso": "2018-11-02T16:27:11", "year": 2018, "day": 2, "minute": 27}, "geo": null, "id": 1058395105772662784, "lang": "en", "emoticons": [], "user_id": 914500393, "coordinates": null, "source": "Twitter Web Client", "location": "Paris", "mentions": []}, {"truncated": true, "text": "Hommage \u00e0 Tommie Smith et John CarlosC'\u00e9tait il y a 50 ans. Le 16 octobre 1968, Tommie Smith et John Carlos levaien\u2026", "hashtags": [], "topic": "unrest", "tweet_urls": ["https://t.co/XGYFQzqFTf"], "date": {"hour": 1, "month": 11, "iso": "2018-11-03T01:16:28", "year": 2018, "day": 3, "minute": 16}, "geo": null, "id": 1058528300904136705, "lang": "fr", "emoticons": [], "user_id": 1511993353, "coordinates": null, "source": "Facebook", "location": "Paris", "mentions": []}, {"truncated": true, "text": "Les manifestants islamistes qui paralysaient le depuis trois jours pour protester contre l'acquittement d\u2026", "hashtags": ["#Pakistan"], "topic": "unrest", "tweet_urls": ["https://t.co/9X9u1OYzPg"], "date": {"hour": 20, "month": 11, "iso": "2018-11-02T20:51:00", "year": 2018, "day": 2, "minute": 51}, "geo": null, "id": 1058461495426715654, "lang": "fr", "emoticons": [], "user_id": 338985020, "coordinates": null, "source": "TweetDeck", "location": "Paris", "mentions": []}, {"truncated": true, "text": "Bonjour, Mediapart n'a pas fraud\u00e9 le fisc. ils n'ont volontairement et publiquement pas pay\u00e9 une partie de leur TVA\u2026", "hashtags": [], "topic": "unrest", "tweet_urls": ["https://t.co/GgQdG6GaJs"], "date": {"hour": 19, "month": 11, "iso": "2018-11-02T19:24:09", "year": 2018, "day": 2, "minute": 24}, "geo": null, "id": 1058439638464020480, "lang": "fr", "emoticons": [], "user_id": 15841369, "coordinates": null, "source": "Twitter Web Client", "location": "Paris", "mentions": []}, {"truncated": true, "text": "Le prix de l'essence \u00e9tait de 1.69 francs en 1973. En\u2026", "hashtags": [], "topic": "unrest", "tweet_urls": ["https://t.co/oe9C8zRJ9Y"], "date": {"hour": 18, "month": 11, "iso": "2018-11-02T18:54:23", "year": 2018, "day": 2, "minute": 54}, "geo": null, "id": 1058432150087892992, "lang": "fr", "emoticons": [], "user_id": 353422862, "coordinates": null, "source": "Twitter for Android", "location": "Paris", "mentions": ["@jeromegodefroy", "@BrunoMasure", "@lesRepublicains", "@RNational_off"]}, {"truncated": true, "text": "Jura : 500 voitures ont particip\u00e9 \u00e0 une op\u00e9ration escargot pour protester contre la hausse des prix du carburant\u2026", "hashtags": [], "topic": "unrest", "tweet_urls": ["https://t.co/unoFww3AEc"], "date": {"hour": 18, "month": 11, "iso": "2018-11-02T18:18:25", "year": 2018, "day": 2, "minute": 18}, "geo": null, "id": 1058423097911640064, "lang": "fr", "emoticons": ["\ud83c\uddeb\ud83c\uddf7"], "user_id": 252552050, "coordinates": null, "source": "Twitter for iPhone", "location": "Paris", "mentions": []}, {"truncated": true, "text": "Jura : 500 voitures ont particip\u00e9 \u00e0 une op\u00e9ration escargot pour protester contre la hausse des prix du carburant\u2026", "hashtags": [], "topic": "unrest", "tweet_urls": ["https://t.co/dxzGq3WpYo"], "date": {"hour": 18, "month": 11, "iso": "2018-11-02T18:11:07", "year": 2018, "day": 2, "minute": 11}, "geo": null, "id": 1058421260651298816, "lang": "fr", "emoticons": ["\ud83c\uddeb\ud83c\uddf7"], "user_id": 3025757015, "coordinates": null, "source": "Twitter for Android", "location": "Paris", "mentions": []}, {"truncated": true, "text": "donc non il n'a pas refus\u00e9 pour protester contre le meurtre du journ\u2026", "hashtags": [], "topic": "unrest", "tweet_urls": ["https://t.co/zciqUKpt6D"], "date": {"hour": 17, "month": 11, "iso": "2018-11-02T17:30:31", "year": 2018, "day": 2, "minute": 30}, "geo": null, "id": 1058411042282397697, "lang": "fr", "emoticons": [], "user_id": 95300044, "coordinates": null, "source": "TweetDeck", "location": "Paris", "mentions": ["@CharlesHaroche", "@francoisedegois", "@rogerfederer"]}, {"truncated": false, "text": "Mon chat en ce moment je sais pas pour qui il se prend, il fait que protester en mode c'est lui qui paye le loyer et nous on est les invit\u00e9s", "hashtags": [], "topic": "unrest", "tweet_urls": [], "date": {"hour": 17, "month": 11, "iso": "2018-11-02T17:29:33", "year": 2018, "day": 2, "minute": 29}, "geo": null, "id": 1058410798433865728, "lang": "fr", "emoticons": [], "user_id": 254138774, "coordinates": null, "source": "Twitter for Android", "location": "Paris", "mentions": []}, {"truncated": true, "text": "non, la news est fausse car elle dit qu'il a refus\u00e9 pour protester c\u2026", "hashtags": [], "topic": "unrest", "tweet_urls": ["https://t.co/iZCel4inTk"], "date": {"hour": 17, "month": 11, "iso": "2018-11-02T17:27:38", "year": 2018, "day": 2, "minute": 27}, "geo": null, "id": 1058410316055437312, "lang": "fr", "emoticons": [], "user_id": 95300044, "coordinates": null, "source": "TweetDeck", "location": "Paris", "mentions": ["@CharlesHaroche", "@francoisedegois", "@rogerfederer"]}, {"truncated": true, "text": "L\u2019appel \u00e0 la purge en France ! Un appel d\u00e9bile suivi par des d\u00e9biles ! A quand la loi martiale qui peut s\u2019en suivre\u2026", "hashtags": [], "topic": "unrest", "tweet_urls": ["https://t.co/rp63q6wcd5"], "date": {"hour": 15, "month": 11, "iso": "2018-11-02T15:44:15", "year": 2018, "day": 2, "minute": 44}, "geo": null, "id": 1058384298917670917, "lang": "fr", "emoticons": [], "user_id": 415660792, "coordinates": null, "source": "WordPress.com", "location": "Paris", "mentions": []}, {"truncated": true, "text": "je continue : \"Jamais une explosion de rage, f\u00fbt-elle n\u00e9cessaire, ne doit devenir un mod\u00e8le de lutte contre les i\u2026", "hashtags": [], "topic": "unrest", "tweet_urls": ["https://t.co/WDGtCPsZQN"], "date": {"hour": 14, "month": 11, "iso": "2018-11-02T14:27:28", "year": 2018, "day": 2, "minute": 27}, "geo": null, "id": 1058364974979080192, "lang": "fr", "emoticons": [], "user_id": 378063582, "coordinates": null, "source": "Twitter Web Client", "location": "Paris", "mentions": []}, {"truncated": false, "text": "Je me souviens d'un s\u00e9minaire de Th\u00e9venot qui s'appelait: \"Attester, Contester, Protester\" quelque chose dans ce go\u00fbt l\u00e0. Superbe.", "hashtags": [], "topic": "unrest", "tweet_urls": [], "date": {"hour": 14, "month": 11, "iso": "2018-11-02T14:23:05", "year": 2018, "day": 2, "minute": 23}, "geo": null, "id": 1058363873617698818, "lang": "fr", "emoticons": [], "user_id": 135445321, "coordinates": null, "source": "Twitter for Android", "location": "Paris", "mentions": ["@coulmont"]}, {"truncated": true, "text": "in ze 9.3. Les enseignants d'un lyc\u00e9e (d'anciens \u00e9l\u00e8ves) appellent \u00e0 la gr\u00e8ve pour protester contre l'arriv\u00e9\u2026", "hashtags": ["#Only"], "topic": "unrest", "tweet_urls": ["https://t.co/3TEY4BEFEt"], "date": {"hour": 12, "month": 11, "iso": "2018-11-02T12:58:06", "year": 2018, "day": 2, "minute": 58}, "geo": null, "id": 1058342488598081536, "lang": "fr", "emoticons": ["\ud83c\udf34"], "user_id": 723186362048864258, "coordinates": null, "source": "Twitter Web Client", "location": "Paris", "mentions": []}, {"truncated": true, "text": "Quelle horreur.....soutien \u00e0 tous ceux et celles qui subissent cette violence ! On es\u2026", "hashtags": [], "topic": "unrest", "tweet_urls": ["https://t.co/DRCw8pSo4i"], "date": {"hour": 12, "month": 11, "iso": "2018-11-02T12:53:44", "year": 2018, "day": 2, "minute": 53}, "geo": null, "id": 1058341389321359361, "lang": "fr", "emoticons": [], "user_id": 197490150, "coordinates": null, "source": "Twitter for Android", "location": "Paris", "mentions": ["@coralieschieble", "@BeaulieuBap"]}, {"truncated": true, "text": "Google : mouvement de protestation des employ\u00e9s contre le harc\u00e8lement sexuel. 17 000 personnes se so\u2026", "hashtags": ["#GoogleWalkout"], "topic": "unrest", "tweet_urls": ["https://t.co/gfR27JxpDJ"], "date": {"hour": 12, "month": 11, "iso": "2018-11-02T12:52:41", "year": 2018, "day": 2, "minute": 52}, "geo": null, "id": 1058341122014146560, "lang": "fr", "emoticons": [], "user_id": 4845859023, "coordinates": null, "source": "Twitter Web Client", "location": "Paris", "mentions": []}, {"truncated": false, "text": "Google : mouvement de protestation des employ\u00e9s contre le harc\u00e8lement sexuel \u2014 via", "hashtags": [], "topic": "unrest", "tweet_urls": ["https://t.co/yzgiZNGmio"], "date": {"hour": 11, "month": 11, "iso": "2018-11-02T11:27:25", "year": 2018, "day": 2, "minute": 27}, "geo": null, "id": 1058319664785342464, "lang": "fr", "emoticons": [], "user_id": 421125119, "coordinates": null, "source": "Twitter for Android", "location": "Paris", "mentions": ["@LaMatinale_M"]}, {"truncated": true, "text": "Tous les partis, sauf un peut-\u00eatre, devraient soutenir ce mouvement de protestation qui rassemble 78% des Fran\u00e7ais.\u2026", "hashtags": [], "topic": "unrest", "tweet_urls": ["https://t.co/1ibMucn5Eu"], "date": {"hour": 11, "month": 11, "iso": "2018-11-02T11:09:41", "year": 2018, "day": 2, "minute": 9}, "geo": null, "id": 1058315204356923393, "lang": "fr", "emoticons": [], "user_id": 325043073, "coordinates": null, "source": "Twitter for Android", "location": "Paris", "mentions": []}, {"truncated": false, "text": "Google : mouvement de protestation des employ\u00e9s contre le harc\u00e8lement sexuel \nhttps://t.co/aaFd1X2Hc7\n via", "hashtags": [], "topic": "unrest", "tweet_urls": [], "date": {"hour": 7, "month": 11, "iso": "2018-11-02T07:11:38", "year": 2018, "day": 2, "minute": 11}, "geo": null, "id": 1058255293660839936, "lang": "fr", "emoticons": [], "user_id": 1387321562, "coordinates": null, "source": "Twitter for Android", "location": "Paris", "mentions": ["@LaMatinale_M"]}, {"truncated": true, "text": "Je soutiens leur protestation mais bloquer les routes \u00e7a ne sert qu \u00e0 faire chier les fran\u00e7ais et cette acti\u2026", "hashtags": [], "topic": "unrest", "tweet_urls": ["https://t.co/LoW9O0QwYH"], "date": {"hour": 7, "month": 11, "iso": "2018-11-02T07:01:12", "year": 2018, "day": 2, "minute": 1}, "geo": null, "id": 1058252670706712577, "lang": "fr", "emoticons": [], "user_id": 889175792416149514, "coordinates": null, "source": "Twitter for iPhone", "location": "Paris", "mentions": ["@BFMTV"]}, {"truncated": false, "text": "Google : mouvement de protestation des employ\u00e9s contre le harc\u00e8lement sexuel \u2014 via", "hashtags": [], "topic": "unrest", "tweet_urls": ["https://t.co/uipXFpsR3U"], "date": {"hour": 6, "month": 11, "iso": "2018-11-02T06:43:52", "year": 2018, "day": 2, "minute": 43}, "geo": null, "id": 1058248308882235392, "lang": "fr", "emoticons": [], "user_id": 3407158060, "coordinates": null, "source": "Twitter for Android", "location": "Paris", "mentions": ["@LaMatinale_M"]}, {"truncated": false, "text": "Google : mouvement de protestation des employ\u00e9s contre le harc\u00e8lement sexuel \u2014 via", "hashtags": [], "topic": "unrest", "tweet_urls": ["https://t.co/d0lfNd8RYu"], "date": {"hour": 6, "month": 11, "iso": "2018-11-02T06:41:29", "year": 2018, "day": 2, "minute": 41}, "geo": null, "id": 1058247706647289857, "lang": "fr", "emoticons": [], "user_id": 926536117943504897, "coordinates": null, "source": "Twitter for iPhone", "location": "Paris", "mentions": ["@LaMatinale_M"]}, {"truncated": true, "text": "Des milliers d'employ\u00e9s de se sont mis en gr\u00e8ve dans le monde entier pour protester contre la r\u00e9ponse au ha\u2026", "hashtags": ["#Google"], "topic": "unrest", "tweet_urls": ["https://t.co/t0BRt1MRVZ"], "date": {"hour": 5, "month": 11, "iso": "2018-11-02T05:43:50", "year": 2018, "day": 2, "minute": 43}, "geo": null, "id": 1058233198218379264, "lang": "fr", "emoticons": [], "user_id": 400194064, "coordinates": null, "source": "Twitter Web Client", "location": "Paris", "mentions": []}, {"truncated": false, "text": "Google est au c\u009cur d'un mouvement de d\u00e9brayage des employ\u00e9s en guise de protestation pour les ten...", "hashtags": [], "topic": "unrest", "tweet_urls": ["https://t.co/iH4F2cRoEr"], "date": {"hour": 3, "month": 11, "iso": "2018-11-02T03:26:49", "year": 2018, "day": 2, "minute": 26}, "geo": null, "id": 1058198718120378368, "lang": "fr", "emoticons": [], "user_id": 258049274, "coordinates": null, "source": "Au Calme", "location": "Paris", "mentions": []}, {"truncated": true, "text": "On n'a pas assez parl\u00e9 de \u00e7a : les employ\u00e9s de Google en gr\u00e8ve pour protester contre la couverture de cadres accus\u00e9\u2026", "hashtags": [], "topic": "unrest", "tweet_urls": ["https://t.co/4ZigHJ2pn8"], "date": {"hour": 22, "month": 11, "iso": "2018-11-01T22:54:25", "year": 2018, "day": 1, "minute": 54}, "geo": null, "id": 1058130166847848449, "lang": "fr", "emoticons": [], "user_id": 990963394869190657, "coordinates": null, "source": "Twitter Web Client", "location": "Paris", "mentions": []}, {"truncated": false, "text": "Google\u00a0: mouvement de protestation des employ\u00e9s contre le harc\u00e8lement sexuel", "hashtags": [], "topic": "unrest", "tweet_urls": ["https://t.co/loyL930GgX"], "date": {"hour": 22, "month": 11, "iso": "2018-11-01T22:31:16", "year": 2018, "day": 1, "minute": 31}, "geo": null, "id": 1058124339629998083, "lang": "fr", "emoticons": [], "user_id": 1173017545, "coordinates": null, "source": "Twitter for iPhone", "location": "Paris", "mentions": []}, {"truncated": true, "text": "va s\u00fbrement partir en AdS pour protester contre cette discrimin\u2026", "hashtags": [], "topic": "unrest", "tweet_urls": ["https://t.co/VnppvrEXxk"], "date": {"hour": 21, "month": 11, "iso": "2018-11-01T21:34:00", "year": 2018, "day": 1, "minute": 34}, "geo": null, "id": 1058109927279988740, "lang": "fr", "emoticons": [], "user_id": 906607093309992963, "coordinates": null, "source": "Twitter for Android", "location": "Paris", "mentions": ["@FrDesouche", "@nounourse92", "@F_Desouche", "@RokhayaDiallo"]}, {"truncated": true, "text": "FLASH - 78% des Fran\u00e7ais soutiennent l'appel au blocage des routes le 17 novembre pour protester contre la hausse\u2026", "hashtags": [], "topic": "unrest", "tweet_urls": ["https://t.co/2lvfFcjvru"], "date": {"hour": 19, "month": 11, "iso": "2018-11-01T19:30:57", "year": 2018, "day": 1, "minute": 30}, "geo": null, "id": 1058078961912168449, "lang": "fr", "emoticons": ["\ud83d\udce2"], "user_id": 493174819, "coordinates": null, "source": "Twitter for iPhone", "location": "Paris", "mentions": []}, {"truncated": false, "text": "'Stop romanticising that viral image of a Palestinian protester \u2013 it's not a poetic moment'", "hashtags": [], "topic": "unrest", "tweet_urls": ["https://t.co/N4G2auZD1W"], "date": {"hour": 18, "month": 11, "iso": "2018-11-01T18:45:07", "year": 2018, "day": 1, "minute": 45}, "geo": null, "id": 1058067427597209601, "lang": "en", "emoticons": [], "user_id": 124135642, "coordinates": null, "source": "Facebook", "location": "Paris", "mentions": []}, {"truncated": true, "text": "A New York, plusieurs employ\u00e9s de Google ont ralli\u00e9 le mouvement de protestation des salari\u00e9s du gro\u2026", "hashtags": ["#GoogleWalkout"], "topic": "unrest", "tweet_urls": ["https://t.co/UDt9DoSCVr"], "date": {"hour": 17, "month": 11, "iso": "2018-11-01T17:46:00", "year": 2018, "day": 1, "minute": 46}, "geo": null, "id": 1058052550639996928, "lang": "fr", "emoticons": [], "user_id": 338985020, "coordinates": null, "source": "Media Studio", "location": "Paris", "mentions": []}, {"truncated": true, "text": "Google : des centaines d'employ\u00e9s en gr\u00e8ve pour protester contre le traitement accord\u00e9 aux femmes \u2026", "hashtags": [], "topic": "unrest", "tweet_urls": ["https://t.co/63MY0W1TVm"], "date": {"hour": 15, "month": 11, "iso": "2018-11-01T15:55:06", "year": 2018, "day": 1, "minute": 55}, "geo": null, "id": 1058024641845960704, "lang": "fr", "emoticons": ["\ud83c\uddec\ud83c\udde7"], "user_id": 1271852322, "coordinates": null, "source": "L'important", "location": "Paris", "mentions": []}, {"truncated": true, "text": "\u00ab Salut. Je ne suis pas \u00e0 mon bureau parce que je vais participer \u00e0 un rassemblement pour protester\u2026", "hashtags": ["#Googlewalkout"], "topic": "unrest", "tweet_urls": ["https://t.co/z8Zo1jjmJ1"], "date": {"hour": 13, "month": 11, "iso": "2018-11-01T13:48:34", "year": 2018, "day": 1, "minute": 48}, "geo": null, "id": 1057992799424004096, "lang": "fr", "emoticons": [], "user_id": 24744541, "coordinates": null, "source": "Echobox Social", "location": "Paris", "mentions": []}, {"truncated": true, "text": "Google : des centaines d'employ\u00e9s en gr\u00e8ve pour protester contre le traitement accord\u00e9 aux femmes \u2026", "hashtags": [], "topic": "unrest", "tweet_urls": ["https://t.co/YCsYjSDUoo"], "date": {"hour": 12, "month": 11, "iso": "2018-11-01T12:43:06", "year": 2018, "day": 1, "minute": 43}, "geo": null, "id": 1057976323363295232, "lang": "fr", "emoticons": ["\ud83c\uddec\ud83c\udde7"], "user_id": 1271852322, "coordinates": null, "source": "L'important", "location": "Paris", "mentions": []}, {"truncated": true, "text": ".@J_Bardella : \"La protestation des Fran\u00e7ais contre la hausse de l'essence est l\u00e9gitime car il s'agit de taxe et de\u2026", "hashtags": [], "topic": "unrest", "tweet_urls": ["https://t.co/Xy0RFRbmw5"], "date": {"hour": 12, "month": 11, "iso": "2018-11-01T12:04:04", "year": 2018, "day": 1, "minute": 4}, "geo": null, "id": 1057966498705215490, "lang": "fr", "emoticons": [], "user_id": 78085410, "coordinates": null, "source": "TweetDeck", "location": "Paris", "mentions": []}, {"truncated": true, "text": "Google : des centaines d'employ\u00e9s en gr\u00e8ve pour protester contre le traitement accord\u00e9 aux femmes \u2026", "hashtags": [], "topic": "unrest", "tweet_urls": ["https://t.co/Q8wAAn5zH8"], "date": {"hour": 12, "month": 11, "iso": "2018-11-01T12:01:05", "year": 2018, "day": 1, "minute": 1}, "geo": null, "id": 1057965750101663744, "lang": "fr", "emoticons": ["\ud83c\uddec\ud83c\udde7"], "user_id": 1271852322, "coordinates": null, "source": "L'important", "location": "Paris", "mentions": []}, {"truncated": true, "text": "La classe ! refuse d\u2019aller jouer en pour 1 million de dollars , en signe de protesta\u2026", "hashtags": ["#ArabieSaoudite"], "topic": "unrest", "tweet_urls": ["https://t.co/Lq2WTv2Tjx"], "date": {"hour": 11, "month": 11, "iso": "2018-11-01T11:50:13", "year": 2018, "day": 1, "minute": 50}, "geo": null, "id": 1057963013884596225, "lang": "fr", "emoticons": [], "user_id": 26571816, "coordinates": null, "source": "Facebook", "location": "Paris", "mentions": ["@rogerfederer"]}, {"truncated": true, "text": "Pour protester contre l\u2019\u00e9litisme d\u2019un projet culturel, des artistes construisent une fontaine compos\u00e9e de 240 p\u00e9n\u2026", "hashtags": [], "topic": "unrest", "tweet_urls": ["https://t.co/oUZ9ew79Vx"], "date": {"hour": 9, "month": 11, "iso": "2018-11-01T09:33:36", "year": 2018, "day": 1, "minute": 33}, "geo": null, "id": 1057928632889434112, "lang": "fr", "emoticons": [], "user_id": 1230045979, "coordinates": null, "source": "Friendly Mag", "location": "Paris", "mentions": []}, {"truncated": true, "text": "Le bitcoin f\u00eate ses 10 ans ! N\u00e9e d\u2019un mouvement de protestation face \u00e0 la crise des subprimes, la monnaie virtuelle\u2026", "hashtags": [], "topic": "unrest", "tweet_urls": ["https://t.co/LCHGhWcjZn"], "date": {"hour": 8, "month": 11, "iso": "2018-11-01T08:06:00", "year": 2018, "day": 1, "minute": 6}, "geo": null, "id": 1057906588478988288, "lang": "fr", "emoticons": [], "user_id": 546720037, "coordinates": null, "source": "TweetDeck", "location": "Paris", "mentions": []}, {"truncated": false, "text": "Vous ne pr\u00e9cisez pas que c\u2019est une tr\u00e8s petite minorit\u00e9 de personnes qui sortent de la rue pour protester.", "hashtags": [], "topic": "unrest", "tweet_urls": [], "date": {"hour": 7, "month": 11, "iso": "2018-11-01T07:40:08", "year": 2018, "day": 1, "minute": 40}, "geo": null, "id": 1057900077707083776, "lang": "fr", "emoticons": [], "user_id": 877960526982238208, "coordinates": null, "source": "Twitter for iPhone", "location": "Paris", "mentions": ["@SOSCdOrient"]}, {"truncated": true, "text": "Harc\u00e8lement sexuel : d\u00e9brayages aujourd'hui un peu partout dans le monde chez Google pour protester contre la direc\u2026", "hashtags": [], "topic": "unrest", "tweet_urls": ["https://t.co/tNGDnKD7Hb"], "date": {"hour": 5, "month": 11, "iso": "2018-11-01T05:43:46", "year": 2018, "day": 1, "minute": 43}, "geo": null, "id": 1057870794339041280, "lang": "fr", "emoticons": [], "user_id": 14813149, "coordinates": null, "source": "Twitter Web Client", "location": "Paris", "mentions": []}]