[{"truncated": true, "text": "Sauf qu'en r\u00e9alit\u00e9 la richesse se cr\u00e9\u00e9e. Quand vous construisez un pon\u2026", "hashtags": [], "topic": "infrastructure", "tweet_urls": ["https://t.co/vKJmFHhA1i"], "date": {"hour": 2, "month": 11, "iso": "2018-11-24T02:12:22", "year": 2018, "day": 24, "minute": 12}, "geo": null, "id": 1066152516235218949, "lang": "fr", "emoticons": [], "user_id": 988745443709521920, "coordinates": null, "source": "Twitter for Android", "id_str": "1066152516235218949", "mentions": ["@Emptydidier", "@Jop_Inside", "@josdouit", "@M_Aubry_"], "location": "Paris"}, {"truncated": true, "text": "You can not build the infrastructure to use it only occasionally when there's peaks\u2026", "hashtags": [], "topic": "infrastructure", "tweet_urls": ["https://t.co/pmOIP4s2t9"], "date": {"hour": 0, "month": 11, "iso": "2018-11-24T00:09:01", "year": 2018, "day": 24, "minute": 9}, "geo": null, "id": 1066121472517828613, "lang": "en", "emoticons": [], "user_id": 362530790, "coordinates": null, "source": "Twitter for iPad", "id_str": "1066121472517828613", "mentions": ["@atonal440", "@LindsayPB", "@CarbFix"], "location": "Paris"}, {"truncated": true, "text": "Macky sall il as realiser beacoup l'infrastructure pour le pour\u2026", "hashtags": [], "topic": "infrastructure", "tweet_urls": ["https://t.co/GorMhj3KRD"], "date": {"hour": 23, "month": 11, "iso": "2018-11-23T23:24:02", "year": 2018, "day": 23, "minute": 24}, "geo": null, "id": 1066110151143432194, "lang": "fr", "emoticons": [], "user_id": 940699517313323014, "coordinates": null, "source": "Twitter for Android", "id_str": "1066110151143432194", "mentions": ["@Mamadou86663560", "@CThiakane", "@SAVE_DAKAR", "@Macky_Sall"], "location": "Paris"}, {"truncated": true, "text": "L\u2019audit sp\u00e9cial de Raffles Infrastructure heurte le \"manque de coop\u00e9ration\" de l\u2019unit\u00e9\u00a0chinoise\u2026", "hashtags": [], "topic": "infrastructure", "tweet_urls": ["https://t.co/tg5qlehQ8U"], "date": {"hour": 21, "month": 11, "iso": "2018-11-23T21:24:16", "year": 2018, "day": 23, "minute": 24}, "geo": null, "id": 1066080013584338944, "lang": "fr", "emoticons": [], "user_id": 150642725, "coordinates": null, "source": "WordPress.com", "id_str": "1066080013584338944", "mentions": [], "location": "Paris"}, {"truncated": true, "text": "C'est faux. TVA, cotisations sociales, und so weiter ....\u2026", "hashtags": [], "topic": "infrastructure", "tweet_urls": ["https://t.co/oAaai2lZlr"], "date": {"hour": 18, "month": 11, "iso": "2018-11-23T18:07:49", "year": 2018, "day": 23, "minute": 7}, "geo": null, "id": 1066030575633555458, "lang": "fr", "emoticons": [], "user_id": 38926309, "coordinates": null, "source": "Twitter for Android", "id_str": "1066030575633555458", "mentions": ["@Chevaldireamame", "@Cdanslair", "@LIVESTRONG0210", "@PhDessertine"], "location": "Paris"}, {"truncated": true, "text": "How pave the way for ...#disruption in sight for mana\u2026", "hashtags": ["#IoT,", "#AI,", "#Robotics", "#autonomous", "#infrastructure", "#smartcities"], "topic": "infrastructure", "tweet_urls": ["https://t.co/oznmaO8xrt"], "date": {"hour": 17, "month": 11, "iso": "2018-11-23T17:27:20", "year": 2018, "day": 23, "minute": 27}, "geo": null, "id": 1066020384816939008, "lang": "en", "emoticons": [], "user_id": 42439892, "coordinates": null, "source": "Twitter for iPad", "id_str": "1066020384816939008", "mentions": [], "location": "Paris"}, {"truncated": true, "text": "les d\u00e9penses li\u00e9es \u00e0 sa construction et \u00e0 son exploitation et les d\u00e9penses d\u2019infrastructure se sont\u2026", "hashtags": ["#StadedeFrance:"], "topic": "infrastructure", "tweet_urls": ["https://t.co/MOsjx9mKtU"], "date": {"hour": 17, "month": 11, "iso": "2018-11-23T17:05:10", "year": 2018, "day": 23, "minute": 5}, "geo": null, "id": 1066014809345396736, "lang": "fr", "emoticons": [], "user_id": 740435604970852352, "coordinates": null, "source": "Twitter Web Client", "id_str": "1066014809345396736", "mentions": [], "location": "Paris"}, {"truncated": true, "text": "Great to hear on resilience incentives across critical infrastructure life-cycle in Rome declaration S\u2026", "hashtags": ["#EFDRR2018."], "topic": "infrastructure", "tweet_urls": ["https://t.co/TqRvSyga8U"], "date": {"hour": 15, "month": 11, "iso": "2018-11-23T15:53:05", "year": 2018, "day": 23, "minute": 53}, "geo": null, "id": 1065996668410179586, "lang": "en", "emoticons": [], "user_id": 809000718, "coordinates": null, "source": "Twitter for iPhone", "id_str": "1065996668410179586", "mentions": [], "location": "Paris"}, {"truncated": true, "text": "The room and the Chair\u2019s bell are ready for another round of Network of Economic Regulators next Monday! Coming up:\u2026", "hashtags": [], "topic": "infrastructure", "tweet_urls": ["https://t.co/OXL3fdFtP9"], "date": {"hour": 15, "month": 11, "iso": "2018-11-23T15:48:02", "year": 2018, "day": 23, "minute": 48}, "geo": null, "id": 1065995397754208256, "lang": "en", "emoticons": [], "user_id": 3308222699, "coordinates": null, "source": "Twitter for iPhone", "id_str": "1065995397754208256", "mentions": [], "location": "Paris"}, {"truncated": true, "text": "Liberweb vs. Tranquilnet. razor-sharp speculations on the coming break-up of global internet infras\u2026", "hashtags": [], "topic": "infrastructure", "tweet_urls": ["https://t.co/pjQLO6qOfB"], "date": {"hour": 14, "month": 11, "iso": "2018-11-23T14:55:15", "year": 2018, "day": 23, "minute": 55}, "geo": null, "id": 1065982112862535680, "lang": "en", "emoticons": [], "user_id": 2318374983, "coordinates": null, "source": "Twitter for iPhone", "id_str": "1065982112862535680", "mentions": ["@anxiaostudio\u2019s"], "location": "Paris"}, {"truncated": true, "text": "Rappel : Le Run Digital Platform c'est le 12/12 ! Nous vous y attendons pour parler infrastructure et nouvelles sol\u2026", "hashtags": [], "topic": "infrastructure", "tweet_urls": ["https://t.co/sUAKLJ3Hp8"], "date": {"hour": 14, "month": 11, "iso": "2018-11-23T14:41:57", "year": 2018, "day": 23, "minute": 41}, "geo": null, "id": 1065978765220737026, "lang": "fr", "emoticons": [], "user_id": 576343673, "coordinates": null, "source": "Twitter Web Client", "id_str": "1065978765220737026", "mentions": [], "location": "Paris"}, {"truncated": true, "text": "La Transformation Digitale de l'Afrique doit commencer par le commencement.\n\nLa couche physique ou l'Infrastructure\u2026", "hashtags": [], "topic": "infrastructure", "tweet_urls": ["https://t.co/sr8YxVz1qP"], "date": {"hour": 14, "month": 11, "iso": "2018-11-23T14:32:57", "year": 2018, "day": 23, "minute": 32}, "geo": null, "id": 1065976499990347778, "lang": "fr", "emoticons": [], "user_id": 492557537, "coordinates": null, "source": "Twitter for Android", "id_str": "1065976499990347778", "mentions": [], "location": "Paris"}, {"truncated": false, "text": ".@Sofrecom si l infrastructure n' est pas une finalit\u00e9 elle est une n\u00e9cessit\u00e9", "hashtags": ["#FTTH"], "topic": "infrastructure", "tweet_urls": [], "date": {"hour": 14, "month": 11, "iso": "2018-11-23T14:31:55", "year": 2018, "day": 23, "minute": 31}, "geo": null, "id": 1065976241747046400, "lang": "fr", "emoticons": [], "user_id": 2303299676, "coordinates": null, "source": "Twitter for Android", "id_str": "1065976241747046400", "mentions": [], "location": "Paris"}, {"truncated": true, "text": "3/ During opening BNEF Founder: in terms of investment, over the last 14 years we\u2019ve seen $3tr\u2026", "hashtags": ["#OECDgfi"], "topic": "infrastructure", "tweet_urls": ["https://t.co/TdmD3hosWt"], "date": {"hour": 14, "month": 11, "iso": "2018-11-23T14:02:00", "year": 2018, "day": 23, "minute": 2}, "geo": null, "id": 1065968712585551872, "lang": "en", "emoticons": [], "user_id": 94101350, "coordinates": null, "source": "Twitter Web Client", "id_str": "1065968712585551872", "mentions": ["@MLiebreich"], "location": "Paris"}, {"truncated": true, "text": "Is your startup built on open source? 9 tips for getting started\nMichael Howard, CEO of MariaDB: \"My advice to open\u2026", "hashtags": [], "topic": "infrastructure", "tweet_urls": ["https://t.co/6aVhVieqz3"], "date": {"hour": 13, "month": 11, "iso": "2018-11-23T13:36:40", "year": 2018, "day": 23, "minute": 36}, "geo": null, "id": 1065962336442306561, "lang": "en", "emoticons": [], "user_id": 50599894, "coordinates": null, "source": "Buffer", "id_str": "1065962336442306561", "mentions": [], "location": "Paris"}, {"truncated": true, "text": "desire to become a global hub faces considerable challenges. a and\u2026", "hashtags": ["#Ireland\u2019s", "#tech", "#Infrastructure,", "#housingcrisis"], "topic": "infrastructure", "tweet_urls": ["https://t.co/ey7ASKFt4W"], "date": {"hour": 12, "month": 11, "iso": "2018-11-23T12:02:24", "year": 2018, "day": 23, "minute": 2}, "geo": null, "id": 1065938614998233090, "lang": "en", "emoticons": [], "user_id": 106216566, "coordinates": null, "source": "IFTTT", "id_str": "1065938614998233090", "mentions": [], "location": "Paris"}, {"truncated": true, "text": "Mon point de vue sur la hausse des carburants et le r\u00e9seau routier publi\u00e9 par \nMy view on fuel tax incre\u2026", "hashtags": [], "topic": "infrastructure", "tweet_urls": ["https://t.co/OrQSAc7Snl"], "date": {"hour": 11, "month": 11, "iso": "2018-11-23T11:27:11", "year": 2018, "day": 23, "minute": 27}, "geo": null, "id": 1065929749694947328, "lang": "fr", "emoticons": [], "user_id": 906067074128236544, "coordinates": null, "source": "Twitter Web Client", "id_str": "1065929749694947328", "mentions": ["@lemondefr"], "location": "Paris"}, {"truncated": true, "text": "De plus en plus d'entreprises utilisent le cloud. D\u00e9couvrez les solutions propos\u00e9es par Cisco pour renforcer la s\u00e9c\u2026", "hashtags": [], "topic": "infrastructure", "tweet_urls": ["https://t.co/uR7un6wiD5"], "date": {"hour": 10, "month": 11, "iso": "2018-11-23T10:06:17", "year": 2018, "day": 23, "minute": 6}, "geo": null, "id": 1065909390929289216, "lang": "fr", "emoticons": [], "user_id": 218430301, "coordinates": null, "source": "LinkedIn", "id_str": "1065909390929289216", "mentions": [], "location": "Paris"}, {"truncated": true, "text": "Le a publi\u00e9 cette ann\u00e9e un document dressant un \u00e9tat des lieux d\u00e9taill\u00e9 du secteur du transport, en m\u2026", "hashtags": [], "topic": "infrastructure", "tweet_urls": ["https://t.co/NDw8Y7wmn3"], "date": {"hour": 9, "month": 11, "iso": "2018-11-23T09:18:27", "year": 2018, "day": 23, "minute": 18}, "geo": null, "id": 1065897353431920641, "lang": "fr", "emoticons": [], "user_id": 3890738655, "coordinates": null, "source": "Twitter Web Client", "id_str": "1065897353431920641", "mentions": ["@Min_Ecologie"], "location": "Paris"}, {"truncated": true, "text": "fait \u00e9voluer ses offres d\u2019infrastructure de cloud priv\u00e9 vers un cloud public \n@PureStorage\u2026", "hashtags": ["#PureStorage"], "topic": "infrastructure", "tweet_urls": ["https://t.co/SIhjqkM4HA"], "date": {"hour": 9, "month": 11, "iso": "2018-11-23T09:00:11", "year": 2018, "day": 23, "minute": 0}, "geo": null, "id": 1065892757925961728, "lang": "fr", "emoticons": [], "user_id": 1070971369, "coordinates": null, "source": "AgoraPulse Manager", "id_str": "1065892757925961728", "mentions": [], "location": "Paris"}, {"truncated": true, "text": "The major German \"infrastructural\" problem has been integrating East Germa\u2026", "hashtags": [], "topic": "infrastructure", "tweet_urls": ["https://t.co/lFrIXAdRzm"], "date": {"hour": 8, "month": 11, "iso": "2018-11-23T08:45:18", "year": 2018, "day": 23, "minute": 45}, "geo": null, "id": 1065889013813444608, "lang": "en", "emoticons": [], "user_id": 3540982032, "coordinates": null, "source": "Twitter Web Client", "id_str": "1065889013813444608", "mentions": ["@twitting999", "@JamilSmith", "@HillaryClinton"], "location": "Paris"}, {"truncated": true, "text": "Infrastructure? What does that even mean? Germany brought in a much large\u2026", "hashtags": [], "topic": "infrastructure", "tweet_urls": ["https://t.co/I27GRxG5X8"], "date": {"hour": 8, "month": 11, "iso": "2018-11-23T08:43:16", "year": 2018, "day": 23, "minute": 43}, "geo": null, "id": 1065888498903904256, "lang": "en", "emoticons": [], "user_id": 3540982032, "coordinates": null, "source": "Twitter Web Client", "id_str": "1065888498903904256", "mentions": ["@twitting999", "@JamilSmith", "@HillaryClinton"], "location": "Paris"}, {"truncated": true, "text": "Pourquoi connecter son entreprise au Cloud ?\nOptimiser ses d\u00e9penses gr\u00e2ce \u00e0 la redistribution des ressources, Mise\u2026", "hashtags": [], "topic": "infrastructure", "tweet_urls": ["https://t.co/USqoiQ7dVY"], "date": {"hour": 8, "month": 11, "iso": "2018-11-23T08:42:39", "year": 2018, "day": 23, "minute": 42}, "geo": null, "id": 1065888346902339584, "lang": "fr", "emoticons": [], "user_id": 3823231033, "coordinates": null, "source": "Twitter Web Client", "id_str": "1065888346902339584", "mentions": [], "location": "Paris"}, {"truncated": true, "text": "athero platform athero - a decentralized and economically sustainable public computing infrastructure, focused on t\u2026", "hashtags": [], "topic": "infrastructure", "tweet_urls": ["https://t.co/oOal2hGh66"], "date": {"hour": 8, "month": 11, "iso": "2018-11-23T08:10:11", "year": 2018, "day": 23, "minute": 10}, "geo": null, "id": 1065880175345197056, "lang": "en", "emoticons": [], "user_id": 945250390957875200, "coordinates": null, "source": "Twitter Web Client", "id_str": "1065880175345197056", "mentions": [], "location": "Paris"}, {"truncated": true, "text": "Accelerating AI to the next level for enterprises - IBM IT Infrastructure Blog The need for\u2026", "hashtags": [], "topic": "infrastructure", "tweet_urls": ["https://t.co/Zei2yjlOwb", "https://t.co/N2t3owx6FU"], "date": {"hour": 7, "month": 11, "iso": "2018-11-23T07:37:01", "year": 2018, "day": 23, "minute": 37}, "geo": null, "id": 1065871829179478016, "lang": "en", "emoticons": [], "user_id": 18473668, "coordinates": null, "source": "Buffer", "id_str": "1065871829179478016", "mentions": [], "location": "Paris"}, {"truncated": false, "text": "Infrastructure Security KPI\u2019s -", "hashtags": ["#Analytics", "#DataScience"], "topic": "infrastructure", "tweet_urls": ["https://t.co/PdfESww8z9"], "date": {"hour": 7, "month": 11, "iso": "2018-11-23T07:20:26", "year": 2018, "day": 23, "minute": 20}, "geo": null, "id": 1065867656996286464, "lang": "en", "emoticons": [], "user_id": 1269972008, "coordinates": null, "source": "IFTTT", "id_str": "1065867656996286464", "mentions": [], "location": "Paris"}, {"truncated": false, "text": "Infrastructure Security KPI\u2019s -", "hashtags": ["#DataScience", "#Analytics"], "topic": "infrastructure", "tweet_urls": ["https://t.co/21ZPcIYpEk"], "date": {"hour": 7, "month": 11, "iso": "2018-11-23T07:20:13", "year": 2018, "day": 23, "minute": 20}, "geo": null, "id": 1065867599387525122, "lang": "en", "emoticons": [], "user_id": 1269440827, "coordinates": null, "source": "IFTTT", "id_str": "1065867599387525122", "mentions": [], "location": "Paris"}, {"truncated": false, "text": "Infrastructure Security KPI\u2019s -", "hashtags": ["#analytics"], "topic": "infrastructure", "tweet_urls": ["https://t.co/q0JD6ggHHF"], "date": {"hour": 7, "month": 11, "iso": "2018-11-23T07:19:26", "year": 2018, "day": 23, "minute": 19}, "geo": null, "id": 1065867401869344768, "lang": "en", "emoticons": [], "user_id": 1270025862, "coordinates": null, "source": "IFTTT", "id_str": "1065867401869344768", "mentions": [], "location": "Paris"}, {"truncated": true, "text": "Subnational Public-Private Partnerships: Meeting the Infrastructure Challenges report,\u2026", "hashtags": [], "topic": "infrastructure", "tweet_urls": ["https://t.co/Ls2pqmskMJ"], "date": {"hour": 5, "month": 11, "iso": "2018-11-23T05:56:00", "year": 2018, "day": 23, "minute": 56}, "geo": null, "id": 1065846408081809408, "lang": "en", "emoticons": [], "user_id": 241944593, "coordinates": null, "source": "Twitter Web Client", "id_str": "1065846408081809408", "mentions": ["@OECD"], "location": "Paris"}, {"truncated": true, "text": "Subnational Public-Private Partenerships: Meeting the Infrastructure Challenges report,\u2026", "hashtags": [], "topic": "infrastructure", "tweet_urls": ["https://t.co/Fq7ceWmZXT"], "date": {"hour": 5, "month": 11, "iso": "2018-11-23T05:52:55", "year": 2018, "day": 23, "minute": 52}, "geo": null, "id": 1065845629593763840, "lang": "en", "emoticons": [], "user_id": 241944593, "coordinates": null, "source": "Twitter Web Client", "id_str": "1065845629593763840", "mentions": ["@OECD"], "location": "Paris"}, {"truncated": true, "text": "And political suicide. Personally, I would speculate the only politically survivable commitment we cou\u2026", "hashtags": [], "topic": "infrastructure", "tweet_urls": ["https://t.co/YbYN0yYgLb"], "date": {"hour": 23, "month": 11, "iso": "2018-11-22T23:40:07", "year": 2018, "day": 22, "minute": 40}, "geo": null, "id": 1065751810772688896, "lang": "en", "emoticons": [], "user_id": 3186872395, "coordinates": null, "source": "Twitter Web Client", "id_str": "1065751810772688896", "mentions": ["@Erasmus111"], "location": "Paris"}, {"truncated": true, "text": "Great opportunity to present why cities cannot go at it alone in risk management. Cities are connected with nationa\u2026", "hashtags": [], "topic": "infrastructure", "tweet_urls": ["https://t.co/C6XvTa7fQN"], "date": {"hour": 20, "month": 11, "iso": "2018-11-22T20:16:45", "year": 2018, "day": 22, "minute": 16}, "geo": null, "id": 1065700635750866946, "lang": "en", "emoticons": [], "user_id": 809000718, "coordinates": null, "source": "Twitter for iPhone", "id_str": "1065700635750866946", "mentions": [], "location": "Paris"}, {"truncated": true, "text": "Or recommending foreign aid, standard in the Cold War era, even if it was tied to ridiculous string\u2026", "hashtags": [], "topic": "infrastructure", "tweet_urls": ["https://t.co/Vq7R9M9vck"], "date": {"hour": 20, "month": 11, "iso": "2018-11-22T20:04:59", "year": 2018, "day": 22, "minute": 4}, "geo": null, "id": 1065697670663163905, "lang": "en", "emoticons": [], "user_id": 3540982032, "coordinates": null, "source": "Twitter Web Client", "id_str": "1065697670663163905", "mentions": ["@onesarahjones"], "location": "Paris"}, {"truncated": true, "text": "I remember that but Clanbase had no business model, no infrastructure:\u2026", "hashtags": [], "topic": "infrastructure", "tweet_urls": ["https://t.co/JjQGb1Oeo5"], "date": {"hour": 18, "month": 11, "iso": "2018-11-22T18:36:23", "year": 2018, "day": 22, "minute": 36}, "geo": null, "id": 1065675373617176576, "lang": "en", "emoticons": [], "user_id": 15611813, "coordinates": null, "source": "Twitter Web Client", "id_str": "1065675373617176576", "mentions": ["@rumpel7", "@theflyingdj", "@lemondefr", "@YvesEudes"], "location": "Paris"}, {"truncated": true, "text": "More than the infrastructure, the enables to reach the goals of the and\u2026", "hashtags": ["#management", "#SmartBuilding.", "#Datacrossing"], "topic": "infrastructure", "tweet_urls": ["https://t.co/0Yi3VTWash"], "date": {"hour": 18, "month": 11, "iso": "2018-11-22T18:10:16", "year": 2018, "day": 22, "minute": 10}, "geo": null, "id": 1065668803558813699, "lang": "en", "emoticons": [], "user_id": 829715021718503424, "coordinates": null, "source": "Twitter Web Client", "id_str": "1065668803558813699", "mentions": [], "location": "Paris"}, {"truncated": true, "text": "Good insight to develop low-carbon infrastructure projects here with focus on project planning and investment.\u2026", "hashtags": [], "topic": "infrastructure", "tweet_urls": ["https://t.co/WDUdssdpVW"], "date": {"hour": 17, "month": 11, "iso": "2018-11-22T17:30:02", "year": 2018, "day": 22, "minute": 30}, "geo": null, "id": 1065658677074583557, "lang": "en", "emoticons": [], "user_id": 182493489, "coordinates": null, "source": "Buffer", "id_str": "1065658677074583557", "mentions": [], "location": "Paris"}, {"truncated": true, "text": "D\u00e9couvrez NXO SD-Branch : l'infrastructure r\u00e9seau agile pour vos agences et sites distants. Une solution \u00ab tout en\u2026", "hashtags": [], "topic": "infrastructure", "tweet_urls": ["https://t.co/uT8km9JVvr"], "date": {"hour": 17, "month": 11, "iso": "2018-11-22T17:05:44", "year": 2018, "day": 22, "minute": 5}, "geo": null, "id": 1065652563121487873, "lang": "fr", "emoticons": [], "user_id": 380359374, "coordinates": null, "source": "Twitter Web Client", "id_str": "1065652563121487873", "mentions": [], "location": "Paris"}, {"truncated": true, "text": "Le capital d\u2019infrastructure est devenu un th\u00e8me d\u2019investissement majeur pour les investisseurs institutionnels, en\u2026", "hashtags": [], "topic": "infrastructure", "tweet_urls": ["https://t.co/7faJ1oSy7O"], "date": {"hour": 16, "month": 11, "iso": "2018-11-22T16:55:13", "year": 2018, "day": 22, "minute": 55}, "geo": null, "id": 1065649916679254018, "lang": "fr", "emoticons": [], "user_id": 1017306176621629440, "coordinates": null, "source": "Hootsuite Inc.", "id_str": "1065649916679254018", "mentions": [], "location": "Paris"}, {"truncated": true, "text": "A great talk with the pioneers at OpenAI, that points on the future challenges of infrastructure to serve large sca\u2026", "hashtags": [], "topic": "infrastructure", "tweet_urls": ["https://t.co/78JK3tmq2Z"], "date": {"hour": 16, "month": 11, "iso": "2018-11-22T16:48:02", "year": 2018, "day": 22, "minute": 48}, "geo": null, "id": 1065648106442813442, "lang": "en", "emoticons": [], "user_id": 2500810831, "coordinates": null, "source": "Buffer", "id_str": "1065648106442813442", "mentions": [], "location": "Paris"}, {"truncated": true, "text": "Interesting debates taking place today around France\u2019s attractiveness: economy, infrastructure, education and R&amp;D..\u2026", "hashtags": [], "topic": "infrastructure", "tweet_urls": ["https://t.co/d2mafocPKF"], "date": {"hour": 16, "month": 11, "iso": "2018-11-22T16:40:17", "year": 2018, "day": 22, "minute": 40}, "geo": null, "id": 1065646156582146048, "lang": "en", "emoticons": [], "user_id": 2474390020, "coordinates": null, "source": "Twitter for iPhone", "id_str": "1065646156582146048", "mentions": [], "location": "Paris"}, {"truncated": true, "text": "Presidente Conte reminded today the importance of infrastructure resilience today at - see insi\u2026", "hashtags": ["#EFDRR2018"], "topic": "infrastructure", "tweet_urls": ["https://t.co/sM3tNmVDRg"], "date": {"hour": 16, "month": 11, "iso": "2018-11-22T16:19:08", "year": 2018, "day": 22, "minute": 19}, "geo": null, "id": 1065640835436425217, "lang": "en", "emoticons": [], "user_id": 809000718, "coordinates": null, "source": "Twitter for iPhone", "id_str": "1065640835436425217", "mentions": ["@OECDgov"], "location": "Paris"}, {"truncated": true, "text": "&amp; mettent en place une infrastructure d'accompagnement des projets : -&gt; \u00e0 suiv\u2026", "hashtags": ["#IIIF", "#IIIF360"], "topic": "infrastructure", "tweet_urls": ["https://t.co/ilbcuArklT"], "date": {"hour": 15, "month": 11, "iso": "2018-11-22T15:25:54", "year": 2018, "day": 22, "minute": 25}, "geo": null, "id": 1065627436954587137, "lang": "fr", "emoticons": [], "user_id": 316579881, "coordinates": null, "source": "Twitter Web Client", "id_str": "1065627436954587137", "mentions": ["@biblissima", "@Huma_Num"], "location": "Paris"}, {"truncated": true, "text": "Pour renforcer la team Infrastructure, nous recherchons notre futur(e) Administrateur Syst\u00e8mes &amp; R\u00e9seaux. Plus que\u2026", "hashtags": [], "topic": "infrastructure", "tweet_urls": ["https://t.co/WGUJQ3Vytk"], "date": {"hour": 15, "month": 11, "iso": "2018-11-22T15:23:21", "year": 2018, "day": 22, "minute": 23}, "geo": null, "id": 1065626798577381377, "lang": "fr", "emoticons": [], "user_id": 940894112110268416, "coordinates": null, "source": "Twitter Web Client", "id_str": "1065626798577381377", "mentions": [], "location": "Paris"}, {"truncated": true, "text": "Malheureusement? Pkoi malheureusement? C malheureux d'apprendre que certaines personnes d\u00e9cid\u2026", "hashtags": [], "topic": "infrastructure", "tweet_urls": ["https://t.co/ABkpRn5Cjb"], "date": {"hour": 15, "month": 11, "iso": "2018-11-22T15:17:33", "year": 2018, "day": 22, "minute": 17}, "geo": null, "id": 1065625335667007489, "lang": "fr", "emoticons": [], "user_id": 231928607, "coordinates": null, "source": "Twitter for Android", "id_str": "1065625335667007489", "mentions": ["@28minutes", "@CageJulia"], "location": "Paris"}, {"truncated": true, "text": "Investment growing driven by gradual increase in capacity utilisation, large infrastructure programmes &amp; rec\u2026", "hashtags": ["#India"], "topic": "infrastructure", "tweet_urls": ["https://t.co/nhiFJdbpP2"], "date": {"hour": 15, "month": 11, "iso": "2018-11-22T15:01:52", "year": 2018, "day": 22, "minute": 1}, "geo": null, "id": 1065621392589275136, "lang": "en", "emoticons": [], "user_id": 501861132, "coordinates": null, "source": "Twitter Web Client", "id_str": "1065621392589275136", "mentions": [], "location": "Paris"}, {"truncated": false, "text": "Breaking ground for Google\u2019s first data center in Denmark", "hashtags": [], "topic": "infrastructure", "tweet_urls": ["https://t.co/TZ1z1qrxrC"], "date": {"hour": 14, "month": 11, "iso": "2018-11-22T14:51:33", "year": 2018, "day": 22, "minute": 51}, "geo": null, "id": 1065618793618014208, "lang": "en", "emoticons": [], "user_id": 81120020, "coordinates": null, "source": "Twitter Web Client", "id_str": "1065618793618014208", "mentions": ["@google"], "location": "Paris"}, {"truncated": true, "text": "Much about integrating UX and business models in trials of emerging systems, for fear of loosing all planning, infr\u2026", "hashtags": [], "topic": "infrastructure", "tweet_urls": ["https://t.co/IezwVxyj2q"], "date": {"hour": 14, "month": 11, "iso": "2018-11-22T14:32:15", "year": 2018, "day": 22, "minute": 32}, "geo": null, "id": 1065613937192943616, "lang": "en", "emoticons": [], "user_id": 3123286143, "coordinates": null, "source": "LinkedIn", "id_str": "1065613937192943616", "mentions": [], "location": "Paris"}, {"truncated": true, "text": "Growth is projected to pick up as infrastructure projects, lower corporate taxes and higher oil prices wi\u2026", "hashtags": ["#Colombia"], "topic": "infrastructure", "tweet_urls": ["https://t.co/ubA8Ls3tFb"], "date": {"hour": 14, "month": 11, "iso": "2018-11-22T14:19:54", "year": 2018, "day": 22, "minute": 19}, "geo": null, "id": 1065610831382097920, "lang": "en", "emoticons": [], "user_id": 501861132, "coordinates": null, "source": "Twitter Web Client", "id_str": "1065610831382097920", "mentions": [], "location": "Paris"}, {"truncated": true, "text": "Gender inclusion efforts are most successful when they are supported by the right environment, culture, policies, a\u2026", "hashtags": [], "topic": "infrastructure", "tweet_urls": ["https://t.co/RzCmG0m8VF"], "date": {"hour": 14, "month": 11, "iso": "2018-11-22T14:10:22", "year": 2018, "day": 22, "minute": 10}, "geo": null, "id": 1065608428616327168, "lang": "en", "emoticons": [], "user_id": 4603553178, "coordinates": null, "source": "IFTTT", "id_str": "1065608428616327168", "mentions": [], "location": "Paris"}, {"truncated": true, "text": "PNG need an infrastructure in place. It is a priority of govt but require massive investment, planning\u2026", "hashtags": [], "topic": "infrastructure", "tweet_urls": ["https://t.co/875dKUBDzJ"], "date": {"hour": 13, "month": 11, "iso": "2018-11-22T13:55:56", "year": 2018, "day": 22, "minute": 55}, "geo": null, "id": 1065604797242449920, "lang": "en", "emoticons": [], "user_id": 47359542, "coordinates": null, "source": "Twitter Web Client", "id_str": "1065604797242449920", "mentions": ["@RaviKush41"], "location": "Paris"}, {"truncated": true, "text": "fait \u00e9voluer ses offres d\u2019infrastructure de cloud priv\u00e9 vers un cloud public", "hashtags": ["#PureStorage"], "topic": "infrastructure", "tweet_urls": ["https://t.co/qVZSRKYqCz"], "date": {"hour": 13, "month": 11, "iso": "2018-11-22T13:09:04", "year": 2018, "day": 22, "minute": 9}, "geo": null, "id": 1065593005510467584, "lang": "fr", "emoticons": [], "user_id": 3853224555, "coordinates": null, "source": "AgoraPulse Manager", "id_str": "1065593005510467584", "mentions": ["@PureStorage\u2026"], "location": "Paris"}, {"truncated": true, "text": "Country Kit Civil 3D : partagez vos retours d'exp\u00e9riences et vos souhaits pour la prochaine versio\u2026", "hashtags": ["#infrastructure:"], "topic": "infrastructure", "tweet_urls": ["https://t.co/Z9OAxUywjD"], "date": {"hour": 13, "month": 11, "iso": "2018-11-22T13:04:32", "year": 2018, "day": 22, "minute": 4}, "geo": null, "id": 1065591863137185792, "lang": "fr", "emoticons": [], "user_id": 2563225075, "coordinates": null, "source": "IFTTT", "id_str": "1065591863137185792", "mentions": [], "location": "Paris"}, {"truncated": true, "text": "NY Power Authority identified the first 32 locations for DCFC infrastructure as part of its EVolve NY program. New\u2026", "hashtags": [], "topic": "infrastructure", "tweet_urls": ["https://t.co/K4BS8fMDKw"], "date": {"hour": 12, "month": 11, "iso": "2018-11-22T12:01:13", "year": 2018, "day": 22, "minute": 1}, "geo": null, "id": 1065575928712056834, "lang": "en", "emoticons": [], "user_id": 1067997024, "coordinates": null, "source": "LinkedIn", "id_str": "1065575928712056834", "mentions": [], "location": "Paris"}, {"truncated": true, "text": "\"L\u2019Autorit\u00e9 souhaite appeler l\u2019attention du Gouvernement afin que l\u2019ordonnance puisse garantir l\u2019ind\u00e9pendance r\u00e9ell\u2026", "hashtags": [], "topic": "infrastructure", "tweet_urls": ["https://t.co/dVDVrHbP8A"], "date": {"hour": 11, "month": 11, "iso": "2018-11-22T11:19:47", "year": 2018, "day": 22, "minute": 19}, "geo": null, "id": 1065565501240328194, "lang": "fr", "emoticons": [], "user_id": 125950138, "coordinates": null, "source": "Twitter Web Client", "id_str": "1065565501240328194", "mentions": [], "location": "Paris"}, {"truncated": true, "text": "Publication de l'avis de l'Arafer relatif au projet d\u2019ordonnance portant diverses dispositions relatives \u00e0 la gesti\u2026", "hashtags": [], "topic": "infrastructure", "tweet_urls": ["https://t.co/rJ5zZIGbWu"], "date": {"hour": 11, "month": 11, "iso": "2018-11-22T11:16:40", "year": 2018, "day": 22, "minute": 16}, "geo": null, "id": 1065564715991089152, "lang": "fr", "emoticons": [], "user_id": 4845227146, "coordinates": null, "source": "Twitter Web Client", "id_str": "1065564715991089152", "mentions": [], "location": "Paris"}, {"truncated": true, "text": "Mettre des infrastructure de rechargement en ville ne pose aucun probl\u00e8me, pas besoin de recharger ch\u2026", "hashtags": [], "topic": "infrastructure", "tweet_urls": ["https://t.co/BAzXEXjNxX"], "date": {"hour": 11, "month": 11, "iso": "2018-11-22T11:04:14", "year": 2018, "day": 22, "minute": 4}, "geo": null, "id": 1065561588999102464, "lang": "fr", "emoticons": [], "user_id": 1119852036, "coordinates": null, "source": "Twitter Web Client", "id_str": "1065561588999102464", "mentions": ["@kreme2kassis"], "location": "Paris"}, {"truncated": true, "text": "NetXP, Provadys et Majj se rapprochent pour cr\u00e9er un leader fran\u00e7ais ind\u00e9pendant de la Cybers\u00e9curit\u00e9, du Cloud\u2026", "hashtags": [], "topic": "infrastructure", "tweet_urls": ["https://t.co/PyVqpXrGUz"], "date": {"hour": 10, "month": 11, "iso": "2018-11-22T10:00:04", "year": 2018, "day": 22, "minute": 0}, "geo": null, "id": 1065545440211415040, "lang": "fr", "emoticons": ["\ud83d\udce3"], "user_id": 2574870320, "coordinates": null, "source": "TweetDeck", "id_str": "1065545440211415040", "mentions": [], "location": "Paris"}, {"truncated": true, "text": "l' au service des villes pour r\u00e9soudre les probl\u00e8mes de congestion et d'infrastructure li\u00e9s au de mas\u2026", "hashtags": ["#IA", "#tourisme"], "topic": "infrastructure", "tweet_urls": ["https://t.co/xVjjuwlYfQ"], "date": {"hour": 9, "month": 11, "iso": "2018-11-22T09:55:53", "year": 2018, "day": 22, "minute": 55}, "geo": null, "id": 1065544386816155649, "lang": "fr", "emoticons": [], "user_id": 586393873, "coordinates": null, "source": "LinkedIn", "id_str": "1065544386816155649", "mentions": [], "location": "Paris"}, {"truncated": true, "text": ": Cinq projets et terrritoires mis \u00e0 l\u2019honneur par pour les premi\u00e8res Victoires de l\u2019investiss\u2026", "hashtags": ["#SMCL2018"], "topic": "infrastructure", "tweet_urls": ["https://t.co/vf8qRSgjUv"], "date": {"hour": 9, "month": 11, "iso": "2018-11-22T09:42:38", "year": 2018, "day": 22, "minute": 42}, "geo": null, "id": 1065541054202605569, "lang": "fr", "emoticons": [], "user_id": 203876160, "coordinates": null, "source": "Twitter for Android", "id_str": "1065541054202605569", "mentions": ["@FNTP_info"], "location": "Paris"}, {"truncated": true, "text": "I am asking same question as before - where are US &amp; EU? Or Japan for that matter? Provide money for infrastructure\u2026", "hashtags": [], "topic": "infrastructure", "tweet_urls": ["https://t.co/I8c5RQbP7N"], "date": {"hour": 9, "month": 11, "iso": "2018-11-22T09:29:03", "year": 2018, "day": 22, "minute": 29}, "geo": null, "id": 1065537632644542465, "lang": "en", "emoticons": [], "user_id": 4871934887, "coordinates": null, "source": "Twitter Web Client", "id_str": "1065537632644542465", "mentions": [], "location": "Paris"}, {"truncated": true, "text": "Internet Of Satellites Data - Faire du business au quotidien avec l'infrastructure spatiale. Conf\u00e9rence et \u00e9changes\u2026", "hashtags": [], "topic": "infrastructure", "tweet_urls": ["https://t.co/RfmADakAE1"], "date": {"hour": 9, "month": 11, "iso": "2018-11-22T09:22:59", "year": 2018, "day": 22, "minute": 22}, "geo": null, "id": 1065536106593218560, "lang": "fr", "emoticons": [], "user_id": 1307161195, "coordinates": null, "source": "Twitter Web Client", "id_str": "1065536106593218560", "mentions": [], "location": "Paris"}, {"truncated": true, "text": "L'acc\u00e8s \u00e0 l'espace par le priv\u00e9 est loin de tout repos ! aujourd'hui, demain la et r\u00e9gulation, co\u2026", "hashtags": ["#ISS", "#Lune", "#Mars,"], "topic": "infrastructure", "tweet_urls": ["https://t.co/pgMTXk78n3"], "date": {"hour": 9, "month": 11, "iso": "2018-11-22T09:00:58", "year": 2018, "day": 22, "minute": 0}, "geo": null, "id": 1065530567352045568, "lang": "fr", "emoticons": [], "user_id": 817125747915714560, "coordinates": null, "source": "Twitter Web Client", "id_str": "1065530567352045568", "mentions": [], "location": "Paris"}, {"truncated": true, "text": "I'm wondering how cutting edge streaming technologies like could overla\u2026", "hashtags": [], "topic": "infrastructure", "tweet_urls": ["https://t.co/Xe7PjKwQVN"], "date": {"hour": 8, "month": 11, "iso": "2018-11-22T08:41:52", "year": 2018, "day": 22, "minute": 41}, "geo": null, "id": 1065525760373518337, "lang": "en", "emoticons": [], "user_id": 53436627, "coordinates": null, "source": "Twitter for Android", "id_str": "1065525760373518337", "mentions": ["@apache_pulsar", "@ApacheFlink", "@ProjectPravega"], "location": "Paris"}, {"truncated": true, "text": "6eme \u00e9tape de l au v\u00e9lodrome de Marseille. L \u00e9quipe vous attend pour \u00e9changer sur l et nos sol\u2026", "hashtags": ["#Ittour2018", "#HPE", "#IA"], "topic": "infrastructure", "tweet_urls": ["https://t.co/UUbr9hFuLj"], "date": {"hour": 8, "month": 11, "iso": "2018-11-22T08:26:03", "year": 2018, "day": 22, "minute": 26}, "geo": null, "id": 1065521781702832128, "lang": "fr", "emoticons": [], "user_id": 3044569641, "coordinates": null, "source": "Twitter for iPhone", "id_str": "1065521781702832128", "mentions": [], "location": "Paris"}, {"truncated": true, "text": "Petit d\u00e9jeuner des Assises du Tr\u00e8s Haut D\u00e9bit sous la pr\u00e9sidence de ,\nd\u00e9put\u00e9 d\u2019Ille-et-Vilaine, p\u2026", "hashtags": ["#THD"], "topic": "infrastructure", "tweet_urls": ["https://t.co/t4I9bGz8JH"], "date": {"hour": 8, "month": 11, "iso": "2018-11-22T08:01:21", "year": 2018, "day": 22, "minute": 1}, "geo": null, "id": 1065515565467529216, "lang": "fr", "emoticons": [], "user_id": 771372753421238273, "coordinates": null, "source": "Twitter for Android", "id_str": "1065515565467529216", "mentions": ["@F_BACHELIER"], "location": "Paris"}, {"truncated": true, "text": "Y\u2019a pas que les usa, uk, Espagne etc c\u2019est pareil on reste comp\u00e9titif quoiqu\u2019il arrive. Par contre s\u2019ils a\u2026", "hashtags": [], "topic": "infrastructure", "tweet_urls": ["https://t.co/l5jfUr763z"], "date": {"hour": 7, "month": 11, "iso": "2018-11-22T07:24:21", "year": 2018, "day": 22, "minute": 24}, "geo": null, "id": 1065506254150348802, "lang": "fr", "emoticons": [], "user_id": 942099582514843648, "coordinates": null, "source": "Twitter for iPhone", "id_str": "1065506254150348802", "mentions": ["@Liopeka"], "location": "Paris"}, {"truncated": true, "text": "ZDNet published \"Emotet malware runs on a dual infrastructure to avoid downtime and takedowns\" \nSee full original a\u2026", "hashtags": [], "topic": "infrastructure", "tweet_urls": ["https://t.co/ksPDqLERXY"], "date": {"hour": 7, "month": 11, "iso": "2018-11-22T07:06:24", "year": 2018, "day": 22, "minute": 6}, "geo": null, "id": 1065501736146735104, "lang": "en", "emoticons": [], "user_id": 978891109823909889, "coordinates": null, "source": "Informations Relay", "id_str": "1065501736146735104", "mentions": [], "location": "Paris"}, {"truncated": false, "text": "infrastructure firms \u201cinvisible\u201d as incumbents\u2019 appetite varies", "hashtags": ["#OpenBanking:"], "topic": "infrastructure", "tweet_urls": ["https://t.co/OGEvG8Aps3"], "date": {"hour": 19, "month": 11, "iso": "2018-11-21T19:34:07", "year": 2018, "day": 21, "minute": 34}, "geo": null, "id": 1065327518050324482, "lang": "en", "emoticons": [], "user_id": 559919694, "coordinates": null, "source": "Twitter for iPhone", "id_str": "1065327518050324482", "mentions": [], "location": "Paris"}, {"truncated": false, "text": "\"L'avenir, c'est une infrastructure \u00e9nerg\u00e9tique plus d\u00e9centralis\u00e9e.\"", "hashtags": [], "topic": "infrastructure", "tweet_urls": [], "date": {"hour": 19, "month": 11, "iso": "2018-11-21T19:27:44", "year": 2018, "day": 21, "minute": 27}, "geo": null, "id": 1065325909962575873, "lang": "fr", "emoticons": [], "user_id": 1059072246692671488, "coordinates": null, "source": "Twitter Web Client", "id_str": "1065325909962575873", "mentions": [], "location": "Paris"}, {"truncated": true, "text": "\"Geopolitics of with : US and Europe are strong on cyber-infrastructure, but most of\u2026", "hashtags": ["#Cyberspace\""], "topic": "infrastructure", "tweet_urls": ["https://t.co/4r98s88L0n"], "date": {"hour": 19, "month": 11, "iso": "2018-11-21T19:20:36", "year": 2018, "day": 21, "minute": 20}, "geo": null, "id": 1065324115131801600, "lang": "en", "emoticons": [], "user_id": 733399996326780928, "coordinates": null, "source": "Twitter for Android", "id_str": "1065324115131801600", "mentions": ["@fr0gger_", "@ege_fr"], "location": "Paris"}, {"truncated": true, "text": "\"The space is currently focusing on funding and building the Infrastructure levels of tomorrow\u2019s revolu\u2026", "hashtags": ["#Blockchain"], "topic": "infrastructure", "tweet_urls": ["https://t.co/eoR5u2UPBp"], "date": {"hour": 17, "month": 11, "iso": "2018-11-21T17:46:32", "year": 2018, "day": 21, "minute": 46}, "geo": null, "id": 1065300441699950592, "lang": "en", "emoticons": [], "user_id": 846129689399824384, "coordinates": null, "source": "Twitter Web Client", "id_str": "1065300441699950592", "mentions": [], "location": "Paris"}, {"truncated": true, "text": "EPA Recognizes Wilmington, Delaware\u2019s Renewable Energy and Biosolids Facility for Excellence and Innovation in Clea\u2026", "hashtags": [], "topic": "infrastructure", "tweet_urls": ["https://t.co/w48lC7A2Sm"], "date": {"hour": 17, "month": 11, "iso": "2018-11-21T17:33:01", "year": 2018, "day": 21, "minute": 33}, "geo": null, "id": 1065297042766004225, "lang": "en", "emoticons": [], "user_id": 742838298398298116, "coordinates": null, "source": "IFTTT", "id_str": "1065297042766004225", "mentions": [], "location": "Paris"}, {"truncated": false, "text": "1er T\u00e9moin : Uberisation : mot galvaud\u00e9 ? Disruptions rapide avec num\u00e9rique, sans aucune infrastructure, centr\u00e9 sur le client.", "hashtags": [], "topic": "infrastructure", "tweet_urls": [], "date": {"hour": 17, "month": 11, "iso": "2018-11-21T17:27:45", "year": 2018, "day": 21, "minute": 27}, "geo": null, "id": 1065295714916421632, "lang": "fr", "emoticons": [], "user_id": 4743107534, "coordinates": null, "source": "Twitter Web Client", "id_str": "1065295714916421632", "mentions": [], "location": "Paris"}, {"truncated": true, "text": "\"La sur le podium des pays par les : \n attaques par d\u00e9ni de service, \n intrusions informatique\u2026", "hashtags": ["#cybermenaces"], "topic": "infrastructure", "tweet_urls": ["https://t.co/gJSnGfiays"], "date": {"hour": 17, "month": 11, "iso": "2018-11-21T17:17:41", "year": 2018, "day": 21, "minute": 17}, "geo": null, "id": 1065293182861279238, "lang": "fr", "emoticons": ["\ud83c\uddeb\ud83c\uddf7", "\ud83c\udfaf", "\ud83d\udc49"], "user_id": 473107653, "coordinates": null, "source": "Twitter Web Client", "id_str": "1065293182861279238", "mentions": [], "location": "Paris"}, {"truncated": true, "text": "will be present at the 8th Annual Infrastructure Investors Forum: Energy &amp; Renewables - to be held in N\u2026", "hashtags": [], "topic": "infrastructure", "tweet_urls": ["https://t.co/FqisspEUgb"], "date": {"hour": 17, "month": 11, "iso": "2018-11-21T17:09:23", "year": 2018, "day": 21, "minute": 9}, "geo": null, "id": 1065291091828768768, "lang": "en", "emoticons": [], "user_id": 707121895775326208, "coordinates": null, "source": "Twitter Web Client", "id_str": "1065291091828768768", "mentions": ["@VoltaliaSA"], "location": "Paris"}, {"truncated": true, "text": "Erdan: \u00abnous devons revenir aux \u00e9liminations cibl\u00e9s des dirigeants du Hamas et \u00eatre pr\u00eats \u00e0 occuper Gaza jusqu'\u00e0 ce\u2026", "hashtags": [], "topic": "infrastructure", "tweet_urls": ["https://t.co/ISEqUTA93O"], "date": {"hour": 16, "month": 11, "iso": "2018-11-21T16:17:08", "year": 2018, "day": 21, "minute": 17}, "geo": null, "id": 1065277944359206913, "lang": "fr", "emoticons": [], "user_id": 465670452, "coordinates": null, "source": "Twitter for iPad", "id_str": "1065277944359206913", "mentions": [], "location": "Paris"}, {"truncated": true, "text": "Pour soutenir le de capacit\u00e9s , SES fournira des services par satellite au projet d'infrastructu\u2026", "hashtags": ["#d\u00e9veloppement", "#5G"], "topic": "infrastructure", "tweet_urls": ["https://t.co/7h2CaWgY7Q"], "date": {"hour": 14, "month": 11, "iso": "2018-11-21T14:04:30", "year": 2018, "day": 21, "minute": 4}, "geo": null, "id": 1065244566230638592, "lang": "fr", "emoticons": [], "user_id": 707537897033957376, "coordinates": null, "source": "TweetDeck", "id_str": "1065244566230638592", "mentions": [], "location": "Paris"}, {"truncated": true, "text": "[TUTO/TEST] S\u00e9curiser une infrastructure avec HashiCorp Vault (par \u2026", "hashtags": ["#Ethereum"], "topic": "infrastructure", "tweet_urls": ["https://t.co/BSCpP36i2z"], "date": {"hour": 13, "month": 11, "iso": "2018-11-21T13:57:20", "year": 2018, "day": 21, "minute": 57}, "geo": null, "id": 1065242763883683840, "lang": "fr", "emoticons": ["\ud83d\udd27", "\ud83d\udc49"], "user_id": 864482401996726272, "coordinates": null, "source": "Twitter Web Client", "id_str": "1065242763883683840", "mentions": ["@nicolas_lyw)"], "location": "Paris"}, {"truncated": true, "text": "The LTIIA workshop on project financing in emerging countries gathered 40 executives who shared best practices in\u2026", "hashtags": [], "topic": "infrastructure", "tweet_urls": ["https://t.co/AbXht8P8iO"], "date": {"hour": 13, "month": 11, "iso": "2018-11-21T13:35:35", "year": 2018, "day": 21, "minute": 35}, "geo": null, "id": 1065237289993940992, "lang": "en", "emoticons": [], "user_id": 2791370527, "coordinates": null, "source": "Twitter Web Client", "id_str": "1065237289993940992", "mentions": [], "location": "Paris"}, {"truncated": true, "text": "\"5G is the perfect storm of once-in-a-decade infrastructure modernization\" \ufe0f Find out about the trans\u2026", "hashtags": ["#5G", "#Network"], "topic": "infrastructure", "tweet_urls": ["https://t.co/ZOKPHpYPkw"], "date": {"hour": 11, "month": 11, "iso": "2018-11-21T11:57:00", "year": 2018, "day": 21, "minute": 57}, "geo": null, "id": 1065212478932451328, "lang": "en", "emoticons": ["\u27a1"], "user_id": 168743277, "coordinates": null, "source": "TweetDeck", "id_str": "1065212478932451328", "mentions": [], "location": "Paris"}, {"truncated": true, "text": "le nouveau si\u00e8ge 3.0 de ! Les \u00e9quipes de en AMO , le et le cabi\u2026", "hashtags": ["#Quanta"], "topic": "infrastructure", "tweet_urls": ["https://t.co/6hHKgVImOh"], "date": {"hour": 11, "month": 11, "iso": "2018-11-21T11:32:14", "year": 2018, "day": 21, "minute": 32}, "geo": null, "id": 1065206246742114304, "lang": "fr", "emoticons": [], "user_id": 832233312412385280, "coordinates": null, "source": "Twitter Web Client", "id_str": "1065206246742114304", "mentions": ["@Jaguar_Network", "@Constructa_SA", "@GroupeFayat"], "location": "Paris"}, {"truncated": true, "text": "leader des solutions de recharges intelligentes, installe quatre bornes de recharge sur le parking Rod\u2026", "hashtags": [], "topic": "infrastructure", "tweet_urls": ["https://t.co/n2kO9qUXZp"], "date": {"hour": 10, "month": 11, "iso": "2018-11-21T10:54:51", "year": 2018, "day": 21, "minute": 54}, "geo": {"type": "Point", "coordinates": [48.8464384, 2.310144]}, "id": 1065196837966135296, "lang": "fr", "emoticons": [], "user_id": 478748808, "coordinates": {"type": "Point", "coordinates": [2.310144, 48.8464384]}, "source": "Hootsuite Inc.", "id_str": "1065196837966135296", "mentions": ["@NewMotionFR"], "location": "Paris"}, {"truncated": true, "text": "\u201cCompliance during project\u2019s procurement &amp; implementation encourages international infrastructure developers to par\u2026", "hashtags": [], "topic": "infrastructure", "tweet_urls": ["https://t.co/v9jkq3pF4E"], "date": {"hour": 10, "month": 11, "iso": "2018-11-21T10:33:00", "year": 2018, "day": 21, "minute": 33}, "geo": null, "id": 1065191341330698240, "lang": "en", "emoticons": [], "user_id": 2791370527, "coordinates": null, "source": "Twitter Web Client", "id_str": "1065191341330698240", "mentions": [], "location": "Paris"}, {"truncated": true, "text": "vous donne rdv les 5 &amp; 6 d\u00e9cembre au ,1er \u00e9v\u00e9nement en Europe sur l\u2019#opensource, les\u2026", "hashtags": [], "topic": "infrastructure", "tweet_urls": ["https://t.co/CYpcw6oB42"], "date": {"hour": 9, "month": 11, "iso": "2018-11-21T09:47:18", "year": 2018, "day": 21, "minute": 47}, "geo": null, "id": 1065179841669066752, "lang": "fr", "emoticons": [], "user_id": 733203983012114432, "coordinates": null, "source": "Twitter Web Client", "id_str": "1065179841669066752", "mentions": ["@osones", "@OSS_Paris"], "location": "Paris"}, {"truncated": true, "text": "Apr\u00e8s, chaque publisher a ses sp\u00e9cificit\u00e9s \u00e0 la marges, mais on pourrait tr\u00e8s bien imaginer une plateforme open-sou\u2026", "hashtags": [], "topic": "infrastructure", "tweet_urls": ["https://t.co/QFuxQHlQHC"], "date": {"hour": 9, "month": 11, "iso": "2018-11-21T09:24:27", "year": 2018, "day": 21, "minute": 24}, "geo": null, "id": 1065174088379965440, "lang": "fr", "emoticons": [], "user_id": 16040356, "coordinates": null, "source": "Twitter Web Client", "id_str": "1065174088379965440", "mentions": [], "location": "Paris"}, {"truncated": true, "text": "Nous accompagnons nos clients dans le choix des solutions les plus ad\u00e9quates avec leurs besoins, comme le montre l'\u2026", "hashtags": [], "topic": "infrastructure", "tweet_urls": ["https://t.co/h5LNZELyMy"], "date": {"hour": 9, "month": 11, "iso": "2018-11-21T09:21:57", "year": 2018, "day": 21, "minute": 21}, "geo": null, "id": 1065173459414761472, "lang": "fr", "emoticons": [], "user_id": 836270273250865152, "coordinates": null, "source": "Twitter Web Client", "id_str": "1065173459414761472", "mentions": [], "location": "Paris"}, {"truncated": true, "text": "Un point de contr\u00f4le Uptrends rien qu'\u00e0 vous. Surveillez l'infrastructure, les environnements de pr\u00e9production, l'i\u2026", "hashtags": [], "topic": "infrastructure", "tweet_urls": ["https://t.co/bmrorQweCn"], "date": {"hour": 9, "month": 11, "iso": "2018-11-21T09:01:19", "year": 2018, "day": 21, "minute": 1}, "geo": null, "id": 1065168267621339136, "lang": "fr", "emoticons": [], "user_id": 963807427543085056, "coordinates": null, "source": "Hootsuite Inc.", "id_str": "1065168267621339136", "mentions": [], "location": "Paris"}, {"truncated": true, "text": "Hub-and-Spoke topology now available with \u2066@OracleIaaS\u2069 Virtual Cloud Networks. Start consolidating on-prem connect\u2026", "hashtags": [], "topic": "infrastructure", "tweet_urls": ["https://t.co/Sta8erg9J4"], "date": {"hour": 9, "month": 11, "iso": "2018-11-21T09:00:18", "year": 2018, "day": 21, "minute": 0}, "geo": null, "id": 1065168011148046336, "lang": "en", "emoticons": [], "user_id": 194681961, "coordinates": null, "source": "Twitter for iPhone", "id_str": "1065168011148046336", "mentions": [], "location": "Paris"}, {"truncated": true, "text": "They're enormous and require a fuckton of supportive groundside infrastru\u2026", "hashtags": [], "topic": "infrastructure", "tweet_urls": ["https://t.co/0emhB08vhm"], "date": {"hour": 8, "month": 11, "iso": "2018-11-21T08:49:50", "year": 2018, "day": 21, "minute": 49}, "geo": null, "id": 1065165377058021376, "lang": "en", "emoticons": [], "user_id": 15398150, "coordinates": null, "source": "Twitter for Android", "id_str": "1065165377058021376", "mentions": ["@threestationsq", "@bkchiblist", "@RealRobotics"], "location": "Paris"}, {"truncated": false, "text": "C'\u00e9tait hier, sur le \n#CollTerr", "hashtags": ["#congresdesmaires", "#SMCL", "#investissement", "#financeslocales", "#infrastructure"], "topic": "infrastructure", "tweet_urls": ["https://t.co/VbKhs7tCBX"], "date": {"hour": 8, "month": 11, "iso": "2018-11-21T08:46:56", "year": 2018, "day": 21, "minute": 46}, "geo": null, "id": 1065164646896885761, "lang": "fr", "emoticons": [], "user_id": 203876160, "coordinates": null, "source": "Twitter for Android", "id_str": "1065164646896885761", "mentions": ["@l_amf"], "location": "Paris"}, {"truncated": false, "text": "[Opinion] L\u2019intelligence artificielle : quels impacts sur l\u2019infrastructure du data center \u00e0 courte \u00e9ch\u00e9ance ? \n\nhttps://t.co/Y0D4gsOPWh", "hashtags": [], "topic": "infrastructure", "tweet_urls": [], "date": {"hour": 7, "month": 11, "iso": "2018-11-21T07:35:03", "year": 2018, "day": 21, "minute": 35}, "geo": null, "id": 1065146558910468097, "lang": "fr", "emoticons": [], "user_id": 821886853, "coordinates": null, "source": "Hootsuite Inc.", "id_str": "1065146558910468097", "mentions": [], "location": "Paris"}, {"truncated": true, "text": "Motorists should be the first ones campaigning for bike infrastructure! Look at that empty road! If you DO need a c\u2026", "hashtags": [], "topic": "infrastructure", "tweet_urls": ["https://t.co/oaHd9gEDD7"], "date": {"hour": 7, "month": 11, "iso": "2018-11-21T07:31:03", "year": 2018, "day": 21, "minute": 31}, "geo": null, "id": 1065145552294297600, "lang": "en", "emoticons": [], "user_id": 453278948, "coordinates": null, "source": "Twitter Web Client", "id_str": "1065145552294297600", "mentions": [], "location": "Paris"}, {"truncated": true, "text": "DSI et IoT : de nombreuse craintes selon une \u00e9tude de Dynatrace : 74 % des DSI craignent les probl\u00e8mes de performan\u2026", "hashtags": [], "topic": "infrastructure", "tweet_urls": ["https://t.co/2PaJHx39Z1"], "date": {"hour": 7, "month": 11, "iso": "2018-11-21T07:25:42", "year": 2018, "day": 21, "minute": 25}, "geo": null, "id": 1065144205037748224, "lang": "fr", "emoticons": [], "user_id": 53011010, "coordinates": null, "source": "Twitter for iPhone", "id_str": "1065144205037748224", "mentions": [], "location": "Paris"}, {"truncated": true, "text": "Example of likely poor infrastructure under PTI Government. The road would have been closed for land sliding not le\u2026", "hashtags": [], "topic": "infrastructure", "tweet_urls": ["https://t.co/QI5GuVl8dp"], "date": {"hour": 7, "month": 11, "iso": "2018-11-21T07:08:11", "year": 2018, "day": 21, "minute": 8}, "geo": null, "id": 1065139796023099392, "lang": "en", "emoticons": [], "user_id": 965309749473546240, "coordinates": null, "source": "Twitter for Android", "id_str": "1065139796023099392", "mentions": [], "location": "Paris"}, {"truncated": true, "text": "Actions \u00e0 surveiller: China Jinjiang Environment, Sunpower, Keppel Infrastructure Trust, Ace Atteindre\u00a0Infocom\u2026", "hashtags": [], "topic": "infrastructure", "tweet_urls": ["https://t.co/NMkctRqz2Z"], "date": {"hour": 6, "month": 11, "iso": "2018-11-21T06:25:20", "year": 2018, "day": 21, "minute": 25}, "geo": null, "id": 1065129014032064512, "lang": "fr", "emoticons": [], "user_id": 150642725, "coordinates": null, "source": "WordPress.com", "id_str": "1065129014032064512", "mentions": [], "location": "Paris"}, {"truncated": true, "text": "Muy buen n\u00famero con art\u00edculos de sobre la seguridad de la infraestructura, sobre cuestiones ambien\u2026", "hashtags": [], "topic": "infrastructure", "tweet_urls": ["https://t.co/WBx1IsA4Lc"], "date": {"hour": 10, "month": 11, "iso": "2018-11-23T10:57:03", "year": 2018, "day": 23, "minute": 57}, "geo": null, "id": 1065922168234696704, "lang": "es", "emoticons": [], "user_id": 906067074128236544, "coordinates": null, "source": "Twitter Web Client", "id_str": "1065922168234696704", "mentions": ["@hsom07", "@jjpotti"], "location": "Paris"}]