[{"truncated": true, "text": "This has to happen when Trump comes to France this weekend !!!\nBesides the people's march to protest his visit that\u2026", "hashtags": [], "topic": "unrest", "tweet_urls": ["https://t.co/7i2fI5BLig"], "date": {"hour": 22, "month": 11, "iso": "2018-11-08T22:44:48", "year": 2018, "day": 8, "minute": 44}, "geo": null, "id": 1060664460631793671, "lang": "en", "emoticons": [], "user_id": 39296373, "coordinates": null, "source": "Twitter Web Client", "location": "Paris", "mentions": []}, {"truncated": true, "text": "UPDATE for Nov. 11, 14h, Place de la R\u00e9publique\n#TrumpMeansWar \n\nOur fundamental and democratic\u2026", "hashtags": ["#TrumpCestLaGuerre"], "topic": "unrest", "tweet_urls": ["https://t.co/J2qocZXn9M"], "date": {"hour": 16, "month": 11, "iso": "2018-11-08T16:27:47", "year": 2018, "day": 8, "minute": 27}, "geo": null, "id": 1060569581029416962, "lang": "en", "emoticons": [], "user_id": 818525312069861376, "coordinates": null, "source": "Twitter Web Client", "location": "Paris", "mentions": []}, {"truncated": true, "text": "We\u2019re praying for peace here in too. And justice and equality. \n\nJoin us this Sunday at our strong but peace\u2026", "hashtags": ["#Paris"], "topic": "unrest", "tweet_urls": ["https://t.co/AVk573de2v"], "date": {"hour": 12, "month": 11, "iso": "2018-11-08T12:24:20", "year": 2018, "day": 8, "minute": 24}, "geo": null, "id": 1060508316940537856, "lang": "en", "emoticons": [], "user_id": 844197520008007682, "coordinates": null, "source": "Twitter for iPhone", "location": "Paris", "mentions": []}, {"truncated": true, "text": "&amp; other courageous people like him have been outspoken about Israel's war crim\u2026", "hashtags": [], "topic": "unrest", "tweet_urls": ["https://t.co/iFn2yVaEZs"], "date": {"hour": 11, "month": 11, "iso": "2018-11-08T11:35:47", "year": 2018, "day": 8, "minute": 35}, "geo": null, "id": 1060496099885178880, "lang": "en", "emoticons": [], "user_id": 923986483857514496, "coordinates": null, "source": "Twitter Web Client", "location": "Paris", "mentions": ["@JackkJazz", "@NewsCoverUp", "@rogerwaters"]}, {"truncated": true, "text": "En Australie, des \u00e9l\u00e8ves font la gr\u00e8ve de l'\u00e9cole pour lutter contre l'inaction climatique. Ils vont forc\u00e9ment \u00eatre\u2026", "hashtags": [], "topic": "unrest", "tweet_urls": ["https://t.co/27LZO4UmEL"], "date": {"hour": 11, "month": 11, "iso": "2018-11-08T11:06:14", "year": 2018, "day": 8, "minute": 6}, "geo": null, "id": 1060488662100664320, "lang": "fr", "emoticons": [], "user_id": 20696007, "coordinates": null, "source": "Twitter Web Client", "location": "Paris", "mentions": []}, {"truncated": true, "text": "When he comes to Paris on And we have Please support us by liking &amp; dona\u2026", "hashtags": ["#Nov11,", "#TrumpMeansWar!!", "#TrumpBabyBlimp"], "topic": "unrest", "tweet_urls": ["https://t.co/N8aExD5bNO"], "date": {"hour": 8, "month": 11, "iso": "2018-11-08T08:10:05", "year": 2018, "day": 8, "minute": 10}, "geo": null, "id": 1060444330970808320, "lang": "en", "emoticons": ["\ud83d\ude0d"], "user_id": 844197520008007682, "coordinates": null, "source": "Hootsuite Inc.", "location": "Paris", "mentions": []}, {"truncated": true, "text": "Un autre style qu'avec des \n\nRT \u201cThere is a window of opportunity to do something about\u2026", "hashtags": ["#giletsjaunes..."], "topic": "unrest", "tweet_urls": ["https://t.co/givIq0CgGy"], "date": {"hour": 7, "month": 11, "iso": "2018-11-08T07:21:19", "year": 2018, "day": 8, "minute": 21}, "geo": null, "id": 1060432059792003073, "lang": "en", "emoticons": [], "user_id": 3387022762, "coordinates": null, "source": "TweetCaster for Android", "location": "Paris", "mentions": ["@DeSmogUK:"]}, {"truncated": true, "text": "Australian students plan school strikes to protest against inaction - They\u2019ve been inspired by 15-year-old\u2026", "hashtags": ["#climate"], "topic": "unrest", "tweet_urls": ["https://t.co/YV5iWzJApr"], "date": {"hour": 6, "month": 11, "iso": "2018-11-08T06:54:21", "year": 2018, "day": 8, "minute": 54}, "geo": null, "id": 1060425274469376000, "lang": "en", "emoticons": [], "user_id": 568832237, "coordinates": null, "source": "Twitter Web Client", "location": "Paris", "mentions": []}, {"truncated": true, "text": "The fight for is gaining momentum across various countries and will culminate in the form of a mass\u2026", "hashtags": ["#AvniTheTigress"], "topic": "unrest", "tweet_urls": ["https://t.co/wQWGlD2Yk7"], "date": {"hour": 21, "month": 11, "iso": "2018-11-07T21:46:02", "year": 2018, "day": 7, "minute": 46}, "geo": null, "id": 1060287284359127041, "lang": "en", "emoticons": [], "user_id": 1012802612234682369, "coordinates": null, "source": "Twitter for iPhone", "location": "Paris", "mentions": []}, {"truncated": true, "text": "ARCHIPLAIN Open-access protest posters by Vivienne Westwood and Nan Goldin appear in Visionaire\u2026", "hashtags": [], "topic": "unrest", "tweet_urls": ["https://t.co/4xJokAMGKJ"], "date": {"hour": 17, "month": 11, "iso": "2018-11-07T17:04:07", "year": 2018, "day": 7, "minute": 4}, "geo": null, "id": 1060216336561790976, "lang": "en", "emoticons": [], "user_id": 2427550422, "coordinates": null, "source": "dlvr.it", "location": "Paris", "mentions": []}, {"truncated": true, "text": "\u201cFor the people of Saadah, the signs of Iran were all over the province since early 2000,\u201d he said. \u201cThe flags of H\u2026", "hashtags": [], "topic": "unrest", "tweet_urls": ["https://t.co/N3HUBbXQ5C"], "date": {"hour": 8, "month": 11, "iso": "2018-11-07T08:13:29", "year": 2018, "day": 7, "minute": 13}, "geo": null, "id": 1060082800211189760, "lang": "en", "emoticons": [], "user_id": 1185511748, "coordinates": null, "source": "Twitter for Android", "location": "Paris", "mentions": []}, {"truncated": true, "text": "John Lennon's Protest Anthem 'Gimme Some Truth' Gets an 'Ultimate Mix' Lyric Video for Election Day: Watch\u2026", "hashtags": [], "topic": "unrest", "tweet_urls": ["https://t.co/afzDYhsFZ7"], "date": {"hour": 6, "month": 11, "iso": "2018-11-07T06:39:02", "year": 2018, "day": 7, "minute": 39}, "geo": null, "id": 1060059028875890688, "lang": "en", "emoticons": [], "user_id": 829749571228139520, "coordinates": null, "source": "Buffer", "location": "Paris", "mentions": []}, {"truncated": true, "text": "\u201cWe, writers, painters, sculptors, architects and passionate devotees of the hitherto untouched beauty of Paris, pr\u2026", "hashtags": [], "topic": "unrest", "tweet_urls": ["https://t.co/Ob1cOJ6qqS"], "date": {"hour": 19, "month": 11, "iso": "2018-11-06T19:49:39", "year": 2018, "day": 6, "minute": 49}, "geo": {"type": "Point", "coordinates": [48.85838631, 2.29455382]}, "id": 1059895608926978049, "lang": "en", "emoticons": [], "user_id": 360141526, "coordinates": {"type": "Point", "coordinates": [2.29455382, 48.85838631]}, "source": "Instagram", "location": "Paris", "mentions": []}, {"truncated": false, "text": "Million Mask March: Activists rally against the government and call for \u2018change\u2019 in protest through central London", "hashtags": [], "topic": "unrest", "tweet_urls": ["https://t.co/LVSdk4EHBq"], "date": {"hour": 18, "month": 11, "iso": "2018-11-06T18:30:07", "year": 2018, "day": 6, "minute": 30}, "geo": null, "id": 1059875591783096321, "lang": "en", "emoticons": [], "user_id": 344144852, "coordinates": null, "source": "espacebeauxarts", "location": "Paris", "mentions": []}, {"truncated": true, "text": "Gros GG \u00e0 la Rayn hier, jai pas du tout \u00e9tais fait play en lan\u00e7ant un protest jai vraiment pas accepter la d\u00e9faites\u2026", "hashtags": [], "topic": "unrest", "tweet_urls": ["https://t.co/aEhqNP3Gd0"], "date": {"hour": 13, "month": 11, "iso": "2018-11-06T13:31:48", "year": 2018, "day": 6, "minute": 31}, "geo": null, "id": 1059800520666333184, "lang": "fr", "emoticons": [], "user_id": 818898343749447680, "coordinates": null, "source": "Twitter for Android", "location": "Paris", "mentions": []}, {"truncated": false, "text": "French far-right politician\u2019s proposal to protest higher gasoline prices? Honk. Use the car\u2019s horn.", "hashtags": ["#France"], "topic": "unrest", "tweet_urls": ["https://t.co/oDhLW7zW82"], "date": {"hour": 9, "month": 11, "iso": "2018-11-06T09:54:13", "year": 2018, "day": 6, "minute": 54}, "geo": null, "id": 1059745761414529025, "lang": "en", "emoticons": [], "user_id": 314494880, "coordinates": null, "source": "Twitter for iPhone", "location": "Paris", "mentions": []}, {"truncated": false, "text": "Duque quiere podrir el movimiento pac\u00edfico de protesta estudiantil con violencia policial", "hashtags": [], "topic": "unrest", "tweet_urls": ["https://t.co/kDv3caEmML"], "date": {"hour": 5, "month": 11, "iso": "2018-11-09T05:04:33", "year": 2018, "day": 9, "minute": 4}, "geo": null, "id": 1060760027638779904, "lang": "es", "emoticons": [], "user_id": 53683373, "coordinates": null, "source": "Twitter for iPhone", "location": "Paris", "mentions": []}, {"truncated": true, "text": "Terribles im\u00e1genes y testimonios de excesos policiales en todo el pa\u00eds contra estudiantes en paro. La fuerza p\u00fablic\u2026", "hashtags": [], "topic": "unrest", "tweet_urls": ["https://t.co/bqZwJXawXn"], "date": {"hour": 23, "month": 11, "iso": "2018-11-08T23:49:44", "year": 2018, "day": 8, "minute": 49}, "geo": null, "id": 1060680802374205440, "lang": "es", "emoticons": [], "user_id": 83457960, "coordinates": null, "source": "Twitter for Android", "location": "Paris", "mentions": []}, {"truncated": false, "text": "Digo, ah\u00ed como para que se les vuelva excusa para deslegitimar la protesta.", "hashtags": [], "topic": "unrest", "tweet_urls": [], "date": {"hour": 23, "month": 11, "iso": "2018-11-08T23:44:51", "year": 2018, "day": 8, "minute": 44}, "geo": null, "id": 1060679574525218816, "lang": "es", "emoticons": [], "user_id": 130742386, "coordinates": null, "source": "Twitter for Android", "location": "Paris", "mentions": []}, {"truncated": false, "text": "Cr\u00edticas a AMLO no son por moler; no me ha invitado a su toma de protesta: Felipe Calder\u00f3n. \u2066\u2066@ivette_simss\u2069", "hashtags": [], "topic": "unrest", "tweet_urls": ["https://t.co/fYuiFNqtb1"], "date": {"hour": 23, "month": 11, "iso": "2018-11-08T23:09:18", "year": 2018, "day": 8, "minute": 9}, "geo": null, "id": 1060670626891874304, "lang": "es", "emoticons": [], "user_id": 70594604, "coordinates": null, "source": "Twitter for iPhone", "location": "Paris", "mentions": []}, {"truncated": false, "text": "Manual para Acciones de protesta simb\u00f3licas (arte en espacios p\u00fablicos)", "hashtags": [], "topic": "unrest", "tweet_urls": ["https://t.co/ONidk81Y2Y"], "date": {"hour": 19, "month": 11, "iso": "2018-11-08T19:45:46", "year": 2018, "day": 8, "minute": 45}, "geo": null, "id": 1060619404621291526, "lang": "es", "emoticons": [], "user_id": 41013283, "coordinates": null, "source": "Twitter for Android", "location": "Paris", "mentions": []}, {"truncated": false, "text": "Protesta por el d\u00eda de los muertos 2018, organizada por el Pen\u00a0Club", "hashtags": [], "topic": "unrest", "tweet_urls": ["https://t.co/jN6eIjztio", "https://t.co/WabEQswQIU"], "date": {"hour": 8, "month": 11, "iso": "2018-11-08T08:57:55", "year": 2018, "day": 8, "minute": 57}, "geo": null, "id": 1060456369927712768, "lang": "es", "emoticons": [], "user_id": 24603610, "coordinates": null, "source": "WordPress.com", "location": "Paris", "mentions": []}, {"truncated": true, "text": "Algunas ideas de protesta c\u00edvica (pensando en voz alta a prop\u00f3sito de la visita a Nicaragua de la delegaci\u00f3n del Pa\u2026", "hashtags": [], "topic": "unrest", "tweet_urls": ["https://t.co/NLVXcxX5UR"], "date": {"hour": 3, "month": 11, "iso": "2018-11-08T03:17:39", "year": 2018, "day": 8, "minute": 17}, "geo": null, "id": 1060370740229390336, "lang": "es", "emoticons": [], "user_id": 24236390, "coordinates": null, "source": "Twitter Web Client", "location": "Paris", "mentions": []}, {"truncated": true, "text": "yo no esperar\u00eda tanto porque en se\u00f1al de pro\u2026", "hashtags": [], "topic": "unrest", "tweet_urls": ["https://t.co/CGLMtOAGp9"], "date": {"hour": 21, "month": 11, "iso": "2018-11-06T21:21:32", "year": 2018, "day": 6, "minute": 21}, "geo": null, "id": 1059918729474117634, "lang": "es", "emoticons": [], "user_id": 87561244, "coordinates": null, "source": "Twitter for Android", "location": "Paris", "mentions": ["@patriciopa7", "@horaciorlarreta", "@mariuvidal", "@todonoticias", "@cuervotinelli"]}, {"truncated": true, "text": "\"Nous devons cr\u00e9er un front de r\u00e9sistance\", trois jours apr\u00e8s les r\u00e9sultats de l\u2019\u00e9lection pr\u00e9sidentielle, un premie\u2026", "hashtags": [], "topic": "unrest", "tweet_urls": ["https://t.co/QvSRYLVgon"], "date": {"hour": 21, "month": 11, "iso": "2018-11-08T21:43:48", "year": 2018, "day": 8, "minute": 43}, "geo": null, "id": 1060649110842281986, "lang": "fr", "emoticons": [], "user_id": 108561712, "coordinates": null, "source": "Media Studio", "location": "Paris", "mentions": []}, {"truncated": true, "text": "se d\u00e9fend sur sa perquisition \n\n\u00ab\u00a0Vous savez l\u2019erreur que j\u2019ai commise ? \nJ\u2019\u00e9tais certain qu\u2019une protest\u2026", "hashtags": ["#Melenchon"], "topic": "unrest", "tweet_urls": ["https://t.co/kAXfGRHC8y"], "date": {"hour": 21, "month": 11, "iso": "2018-11-08T21:16:27", "year": 2018, "day": 8, "minute": 16}, "geo": null, "id": 1060642228484390913, "lang": "fr", "emoticons": [], "user_id": 272013199, "coordinates": null, "source": "Twitter for iPhone", "location": "Paris", "mentions": []}, {"truncated": true, "text": "Le monde du football draine tous les circuits mafieux et des sommes d'argent qui d\u00e9passent l'entend\u2026", "hashtags": [], "topic": "unrest", "tweet_urls": ["https://t.co/rOEftBZ8OG"], "date": {"hour": 21, "month": 11, "iso": "2018-11-08T21:05:02", "year": 2018, "day": 8, "minute": 5}, "geo": null, "id": 1060639353922351104, "lang": "fr", "emoticons": [], "user_id": 522206808, "coordinates": null, "source": "Twitter Web Client", "location": "Paris", "mentions": ["@EmmanuelMacron"]}, {"truncated": true, "text": "\u00c7a doit \u00eatre un signe de protestation pacifique tout simplement. Les soldats les emp\u00eachant d\u2019\u2026", "hashtags": [], "topic": "unrest", "tweet_urls": ["https://t.co/tdTlvXeAAw"], "date": {"hour": 20, "month": 11, "iso": "2018-11-08T20:39:11", "year": 2018, "day": 8, "minute": 39}, "geo": null, "id": 1060632849169244160, "lang": "fr", "emoticons": [], "user_id": 775108598225575941, "coordinates": null, "source": "Twitter for iPhone", "location": "Paris", "mentions": ["@Zined__", "@adeleking59"]}, {"truncated": true, "text": "Gr\u00e8ve le 12 novembre : pour protester contre le budget de l'\u00e9ducation nationale et pour dire non \u00e0 la suppression\u2026", "hashtags": [], "topic": "unrest", "tweet_urls": ["https://t.co/PhHSGY95lS"], "date": {"hour": 19, "month": 11, "iso": "2018-11-08T19:35:03", "year": 2018, "day": 8, "minute": 35}, "geo": null, "id": 1060616709017616384, "lang": "fr", "emoticons": [], "user_id": 828615186, "coordinates": null, "source": "Twitter Web Client", "location": "Paris", "mentions": []}, {"truncated": true, "text": "On passe a Lisa Malapert, autre accus\u00e9e. La pr\u00e9sidente : \"Est ce que vous avez pass\u00e9 la fronti\u00e8re ?\" . Reponse: mon\u2026", "hashtags": [], "topic": "unrest", "tweet_urls": ["https://t.co/XmvJClCr2O"], "date": {"hour": 16, "month": 11, "iso": "2018-11-08T16:30:26", "year": 2018, "day": 8, "minute": 30}, "geo": null, "id": 1060570247776948224, "lang": "fr", "emoticons": [], "user_id": 193000986, "coordinates": null, "source": "Twitter for Android", "location": "Paris", "mentions": []}, {"truncated": true, "text": "[Must seen] Basquiat &amp; Egon Schiele : deux enfants terribles de la couleur et de la protestation r\u00e9unis pour la pre\u2026", "hashtags": [], "topic": "unrest", "tweet_urls": ["https://t.co/loGuB8ooUo"], "date": {"hour": 14, "month": 11, "iso": "2018-11-08T14:41:59", "year": 2018, "day": 8, "minute": 41}, "geo": null, "id": 1060542958427144194, "lang": "fr", "emoticons": [], "user_id": 736244192213643264, "coordinates": null, "source": "Twitter for iPhone", "location": "Paris", "mentions": []}, {"truncated": true, "text": "Donc les pour protester contre augmentation du polluant qui les emp\u00eachent de faire joujou ave\u2026", "hashtags": ["#GiletsJaunes", "#Diesel"], "topic": "unrest", "tweet_urls": ["https://t.co/nNmdGPefbm"], "date": {"hour": 13, "month": 11, "iso": "2018-11-08T13:55:10", "year": 2018, "day": 8, "minute": 55}, "geo": null, "id": 1060531176077697025, "lang": "fr", "emoticons": [], "user_id": 63990723, "coordinates": null, "source": "Twitter for Android", "location": "Paris", "mentions": []}, {"truncated": true, "text": "Mon chauffeur Uber : \u00ab\u00a0je comprends pas ce mouvement du 18 novembre. C\u2019est pour protester contre le prix du carbura\u2026", "hashtags": [], "topic": "unrest", "tweet_urls": ["https://t.co/6liImQPTwH"], "date": {"hour": 13, "month": 11, "iso": "2018-11-08T13:10:17", "year": 2018, "day": 8, "minute": 10}, "geo": null, "id": 1060519879634309120, "lang": "fr", "emoticons": [], "user_id": 387811643, "coordinates": null, "source": "Twitter for iPhone", "location": "Paris", "mentions": []}, {"truncated": true, "text": "L'affaire - - concernant la au va semble-t-il se poursuivre au Trib\u2026", "hashtags": ["#Kenya", "#GuineeEquatoriale", "#CAF", "#CAN2018F", "#Ghana"], "topic": "unrest", "tweet_urls": ["https://t.co/d6xlexqYK5"], "date": {"hour": 12, "month": 11, "iso": "2018-11-08T12:38:48", "year": 2018, "day": 8, "minute": 38}, "geo": null, "id": 1060511958447915008, "lang": "fr", "emoticons": [], "user_id": 2514906816, "coordinates": null, "source": "Twitter Web Client", "location": "Paris", "mentions": []}, {"truncated": true, "text": "Autorit\u00e9s n\u2019ont traduit personne en justice pour rendre compte de la mort d\u2019au moins 185 personnes atteinte\u2026", "hashtags": ["#Soudan"], "topic": "unrest", "tweet_urls": ["https://t.co/Woxlr0Zxu5"], "date": {"hour": 12, "month": 11, "iso": "2018-11-08T12:23:24", "year": 2018, "day": 8, "minute": 23}, "geo": null, "id": 1060508080255975425, "lang": "fr", "emoticons": [], "user_id": 1570144238, "coordinates": null, "source": "Twitter Web Client", "location": "Paris", "mentions": []}, {"truncated": false, "text": "Gr\u00e8ve de la faim pour protester contre un projet de rocade pr\u00e8s de Strasbourg", "hashtags": [], "topic": "unrest", "tweet_urls": ["https://t.co/Xk6aLVPX6b"], "date": {"hour": 11, "month": 11, "iso": "2018-11-08T11:27:04", "year": 2018, "day": 8, "minute": 27}, "geo": null, "id": 1060493902942269440, "lang": "fr", "emoticons": [], "user_id": 4663880063, "coordinates": null, "source": "IFTTT", "location": "Paris", "mentions": []}, {"truncated": true, "text": "Voir Mondafrique protester contre les fake news, et les sites financ\u00e9s par on ne sait qu\u2026", "hashtags": [], "topic": "unrest", "tweet_urls": ["https://t.co/xCmCEO6oeO"], "date": {"hour": 11, "month": 11, "iso": "2018-11-08T11:06:46", "year": 2018, "day": 8, "minute": 6}, "geo": null, "id": 1060488795445968896, "lang": "fr", "emoticons": [], "user_id": 466482668, "coordinates": null, "source": "Twitter Web Client", "location": "Paris", "mentions": ["@Mondafrique", "@FemmeRebelle"]}, {"truncated": true, "text": "\u00abViolence verbale\u00bb de Donald Trump \u00e0 l'encontre d'un journaliste de CNN: protestation de la F\u00e9d\u00e9ration internationa\u2026", "hashtags": [], "topic": "unrest", "tweet_urls": ["https://t.co/DkTEqccdHX"], "date": {"hour": 10, "month": 11, "iso": "2018-11-08T10:49:06", "year": 2018, "day": 8, "minute": 49}, "geo": null, "id": 1060484347776520192, "lang": "fr", "emoticons": [], "user_id": 32861321, "coordinates": null, "source": "dlvr.it", "location": "Paris", "mentions": []}, {"truncated": true, "text": "Twitter c. tr\u00e9s bien, mais nous devrions toutes \u00eatre devant (ou derri\u00e8re, en g\u00e9n\u00e9ral on est rel\u00e9gu\u00e9\u2026", "hashtags": [], "topic": "unrest", "tweet_urls": ["https://t.co/KLEjle5EBU"], "date": {"hour": 9, "month": 11, "iso": "2018-11-08T09:59:16", "year": 2018, "day": 8, "minute": 59}, "geo": null, "id": 1060471807344549888, "lang": "fr", "emoticons": [], "user_id": 801725910789586944, "coordinates": null, "source": "Twitter Web Client", "location": "Paris", "mentions": ["@SOS_les_Mamans"]}, {"truncated": true, "text": "Protestation de qui met en avant des faits invent\u00e9s, \"menace pour notre d\u00e9mocratie\"; la profession fait bloc d\u2026", "hashtags": [], "topic": "unrest", "tweet_urls": ["https://t.co/AXMkwnUmBS"], "date": {"hour": 9, "month": 11, "iso": "2018-11-08T09:41:14", "year": 2018, "day": 8, "minute": 41}, "geo": null, "id": 1060467269724200962, "lang": "fr", "emoticons": [], "user_id": 17687621, "coordinates": null, "source": "Twitter for iPhone", "location": "Paris", "mentions": ["@CNN"]}, {"truncated": true, "text": "6500 manifestants \u00e9cologistes ont d\u00e9cid\u00e9 de bloquer la mine de charbon d'Hambach pour protester contre l'utilisatio\u2026", "hashtags": [], "topic": "unrest", "tweet_urls": ["https://t.co/wXltupyxdi"], "date": {"hour": 9, "month": 11, "iso": "2018-11-08T09:19:16", "year": 2018, "day": 8, "minute": 19}, "geo": null, "id": 1060461743497994243, "lang": "fr", "emoticons": [], "user_id": 804349137760227328, "coordinates": null, "source": "Hootsuite Inc.", "location": "Paris", "mentions": []}, {"truncated": true, "text": "Et la sur\u00e9valuation des contrats de United avec AON ou adidas personnes n'en parle ? Ah oui c\u2026", "hashtags": [], "topic": "unrest", "tweet_urls": ["https://t.co/wBdYTV8RJ0"], "date": {"hour": 6, "month": 11, "iso": "2018-11-08T06:01:43", "year": 2018, "day": 8, "minute": 1}, "geo": null, "id": 1060412028911783936, "lang": "fr", "emoticons": [], "user_id": 2967005254, "coordinates": null, "source": "Twitter for Android", "location": "Paris", "mentions": ["@davdav84", "@Pierre_B_y"]}, {"truncated": true, "text": "Bien! Mais que le soutienne cela est un risque d\u2019\u00e9chec pour cette jacquerie! \nCarburants: le PS soutient la pro\u2026", "hashtags": ["#PS"], "topic": "unrest", "tweet_urls": ["https://t.co/KvGwgJzdRi"], "date": {"hour": 22, "month": 11, "iso": "2018-11-07T22:48:12", "year": 2018, "day": 7, "minute": 48}, "geo": null, "id": 1060302930878873601, "lang": "fr", "emoticons": [], "user_id": 2365378849, "coordinates": null, "source": "Twitter for iPhone", "location": "Paris", "mentions": []}]