[{"truncated": false, "text": "Trump Rat and Democracy at Jeffrey Deitch \u201cProtest Factory\u201d", "hashtags": [], "topic": "unrest", "tweet_urls": ["https://t.co/Dh5jpnpCAi"], "date": {"hour": 9, "month": 11, "iso": "2018-11-16T09:14:24", "year": 2018, "day": 16, "minute": 14}, "geo": null, "id": 1063359621937750016, "lang": "en", "emoticons": [], "user_id": 7950382, "coordinates": null, "source": "Twitter Web Client", "location": "Paris", "mentions": []}, {"truncated": true, "text": "There's no &amp; press in seeks 2 provide info received frm inside Iran w/ regards t\u2026", "hashtags": ["#freedomofspeech", "#Iran."], "topic": "unrest", "tweet_urls": ["https://t.co/zZMFdFQiMz"], "date": {"hour": 6, "month": 11, "iso": "2018-11-16T06:29:42", "year": 2018, "day": 16, "minute": 29}, "geo": null, "id": 1063318171141062656, "lang": "en", "emoticons": [], "user_id": 1524959642, "coordinates": null, "source": "Twitter Web Client", "location": "Paris", "mentions": ["@womenncri"]}, {"truncated": false, "text": "GAO shuts down Oracle\u2019s JEDI protest, but it\u2019s not over yet", "hashtags": [], "topic": "unrest", "tweet_urls": ["https://t.co/YozyFYq6qB"], "date": {"hour": 15, "month": 11, "iso": "2018-11-15T15:03:42", "year": 2018, "day": 15, "minute": 3}, "geo": null, "id": 1063085136747642881, "lang": "en", "emoticons": [], "user_id": 75337774, "coordinates": null, "source": "Twitter for Android", "location": "Paris", "mentions": []}, {"truncated": true, "text": "French lawyers have strong protest placard game...\n\n\"The new justice is worse than Beaujolais Nouveau, and that's s\u2026", "hashtags": [], "topic": "unrest", "tweet_urls": ["https://t.co/7I12tAdUNx"], "date": {"hour": 14, "month": 11, "iso": "2018-11-15T14:26:18", "year": 2018, "day": 15, "minute": 26}, "geo": null, "id": 1063075723966119937, "lang": "en", "emoticons": [], "user_id": 453278948, "coordinates": null, "source": "Twitter for Android", "location": "Paris", "mentions": []}, {"truncated": true, "text": "Also a guy who regularly peddle hate on social media. People have the right to\u2026", "hashtags": [], "topic": "unrest", "tweet_urls": ["https://t.co/ASR9DHdgBk"], "date": {"hour": 10, "month": 11, "iso": "2018-11-15T10:04:15", "year": 2018, "day": 15, "minute": 4}, "geo": null, "id": 1063009777654079488, "lang": "en", "emoticons": [], "user_id": 47359542, "coordinates": null, "source": "Twitter Web Client", "location": "Paris", "mentions": ["@ananthkrishnan", "@Ram_Guha", "@tmkrishna"]}, {"truncated": true, "text": "My brothers n sisters in India... The ball is now in ur hands... Go there.. Call..Protest...whatever u can\u2026", "hashtags": [], "topic": "unrest", "tweet_urls": ["https://t.co/5jzib4Uovt"], "date": {"hour": 9, "month": 11, "iso": "2018-11-15T09:29:34", "year": 2018, "day": 15, "minute": 29}, "geo": null, "id": 1063001047902363649, "lang": "en", "emoticons": [], "user_id": 4099442007, "coordinates": null, "source": "Twitter for Android", "location": "Paris", "mentions": []}, {"truncated": true, "text": "British government ministers who want to push through an ill-informed decision to implement job losses on their con\u2026", "hashtags": [], "topic": "unrest", "tweet_urls": ["https://t.co/gBldqY1AYK"], "date": {"hour": 8, "month": 11, "iso": "2018-11-15T08:01:32", "year": 2018, "day": 15, "minute": 1}, "geo": null, "id": 1062978895954227201, "lang": "en", "emoticons": [], "user_id": 369711636, "coordinates": null, "source": "Twitter for iPhone", "location": "Paris", "mentions": []}, {"truncated": true, "text": "Macron approvals ratings are very low, there will be a nationwide protest against his massive gas taxes\u2026", "hashtags": [], "topic": "unrest", "tweet_urls": ["https://t.co/T2taFGfsJY"], "date": {"hour": 0, "month": 11, "iso": "2018-11-15T00:20:36", "year": 2018, "day": 15, "minute": 20}, "geo": null, "id": 1062862899604013068, "lang": "en", "emoticons": [], "user_id": 73887128, "coordinates": null, "source": "Tweetbot for i\u039fS", "location": "Paris", "mentions": ["@robreiner"]}, {"truncated": true, "text": "I removed a member of the admin group as she was wasn't staying in our little admin chat. \n\nThis was in protest of\u2026", "hashtags": [], "topic": "unrest", "tweet_urls": ["https://t.co/8CzRPwlyyl"], "date": {"hour": 23, "month": 11, "iso": "2018-11-14T23:07:50", "year": 2018, "day": 14, "minute": 7}, "geo": null, "id": 1062844585087586304, "lang": "en", "emoticons": [], "user_id": 110058074, "coordinates": null, "source": "TweetDeck", "location": "Paris", "mentions": []}, {"truncated": false, "text": "Government denies Oracle\u2019s protest of $10B Pentagon JEDI cloud RFP", "hashtags": [], "topic": "unrest", "tweet_urls": ["https://t.co/RPxXAE6Gwr"], "date": {"hour": 22, "month": 11, "iso": "2018-11-14T22:04:33", "year": 2018, "day": 14, "minute": 4}, "geo": null, "id": 1062828661290778625, "lang": "en", "emoticons": [], "user_id": 1012778107, "coordinates": null, "source": "IFTTT", "location": "Paris", "mentions": []}, {"truncated": false, "text": "Government denies Oracle\u2019s protest of $10B Pentagon JEDI cloud RFP by ron_miller", "hashtags": [], "topic": "unrest", "tweet_urls": ["https://t.co/EvdJ3UECIU", "https://t.co/tbUa7ZnJyX"], "date": {"hour": 22, "month": 11, "iso": "2018-11-14T22:04:33", "year": 2018, "day": 14, "minute": 4}, "geo": null, "id": 1062828657876582402, "lang": "en", "emoticons": [], "user_id": 299684980, "coordinates": null, "source": "Zapier.com", "location": "Paris", "mentions": []}, {"truncated": true, "text": "Why shouldnt they try to shut his speech. Do you know what a protest IS ?? A protest\u2026", "hashtags": [], "topic": "unrest", "tweet_urls": ["https://t.co/3tCELcjEWI"], "date": {"hour": 21, "month": 11, "iso": "2018-11-14T21:40:13", "year": 2018, "day": 14, "minute": 40}, "geo": null, "id": 1062822536075972608, "lang": "en", "emoticons": [], "user_id": 259882714, "coordinates": null, "source": "Twitter Lite", "location": "Paris", "mentions": ["@JeremiahNSavage", "@RubinReport"]}, {"truncated": true, "text": "Nah. Its easy to edit a video like this to make them look clueless. and you dont unde\u2026", "hashtags": [], "topic": "unrest", "tweet_urls": ["https://t.co/mHHo1P8IJX"], "date": {"hour": 21, "month": 11, "iso": "2018-11-14T21:14:16", "year": 2018, "day": 14, "minute": 14}, "geo": null, "id": 1062816005779529729, "lang": "en", "emoticons": [], "user_id": 259882714, "coordinates": null, "source": "Twitter Lite", "location": "Paris", "mentions": ["@JeremiahNSavage", "@RubinReport"]}, {"truncated": true, "text": "We commend our men in Enugu who fearlessly staged a peaceful protest today 14th November 2018\n\nOur stance on no mor\u2026", "hashtags": [], "topic": "unrest", "tweet_urls": ["https://t.co/GevQloY9Gq"], "date": {"hour": 15, "month": 11, "iso": "2018-11-14T15:30:54", "year": 2018, "day": 14, "minute": 30}, "geo": null, "id": 1062729594674012161, "lang": "en", "emoticons": [], "user_id": 3669452654, "coordinates": null, "source": "Facebook", "location": "Paris", "mentions": []}, {"truncated": true, "text": "is bracing for heavy traffic over the weekend as angry drivers plan to block roads nationwide on November 1\u2026", "hashtags": ["#France"], "topic": "unrest", "tweet_urls": ["https://t.co/l35d1k7mDB"], "date": {"hour": 13, "month": 11, "iso": "2018-11-14T13:40:21", "year": 2018, "day": 14, "minute": 40}, "geo": null, "id": 1062701772190429184, "lang": "en", "emoticons": [], "user_id": 47359542, "coordinates": null, "source": "Twitter Web Client", "location": "Paris", "mentions": []}, {"truncated": true, "text": "VIDEO: IPOB FORMIDABLE SECURITY MEN DEFIED HEAVY MILITARY PRESENT, STAGED PEACEFUL PROTEST IN ENUGU STATE\n\nDeclared\u2026", "hashtags": [], "topic": "unrest", "tweet_urls": ["https://t.co/Vy2TzdNtfc"], "date": {"hour": 13, "month": 11, "iso": "2018-11-14T13:08:37", "year": 2018, "day": 14, "minute": 8}, "geo": null, "id": 1062693786499907584, "lang": "en", "emoticons": [], "user_id": 3669452654, "coordinates": null, "source": "Facebook", "location": "Paris", "mentions": []}, {"truncated": true, "text": "More Pictures From Enugu peaceful protest by IPOB security men. \nBiafra Freedom is Non Negotiable!! \n\nDespite the p\u2026", "hashtags": [], "topic": "unrest", "tweet_urls": ["https://t.co/0hAp06LY6L"], "date": {"hour": 11, "month": 11, "iso": "2018-11-14T11:51:56", "year": 2018, "day": 14, "minute": 51}, "geo": null, "id": 1062674489434169344, "lang": "en", "emoticons": [], "user_id": 3669452654, "coordinates": null, "source": "Facebook", "location": "Paris", "mentions": []}, {"truncated": true, "text": "VIDEO &amp; PHOTOS: IPOB FORMIDABLE SECURITY MEN DEFIED HEAVY MILITARY PRESENT, STAGED PEACEFUL PROTEST IN ENUGU STATE\u2026", "hashtags": [], "topic": "unrest", "tweet_urls": ["https://t.co/8ezn7Uju7f"], "date": {"hour": 11, "month": 11, "iso": "2018-11-14T11:16:05", "year": 2018, "day": 14, "minute": 16}, "geo": null, "id": 1062665467079335936, "lang": "en", "emoticons": [], "user_id": 3669452654, "coordinates": null, "source": "Facebook", "location": "Paris", "mentions": []}, {"truncated": true, "text": "IPOB FORMIDABLE SECURITY MEN IN ENUGU UNDER THE LEADERSHIP OF MAZI NNAMDI KANU TODAY 14TH NOVEMBER 2018 STAGED PEAC\u2026", "hashtags": [], "topic": "unrest", "tweet_urls": ["https://t.co/M0u4dreDOY"], "date": {"hour": 9, "month": 11, "iso": "2018-11-14T09:40:54", "year": 2018, "day": 14, "minute": 40}, "geo": null, "id": 1062641514877280256, "lang": "en", "emoticons": [], "user_id": 3669452654, "coordinates": null, "source": "Facebook", "location": "Paris", "mentions": []}, {"truncated": true, "text": "As France prepares for road blockages in protest against diesel prices, thinking back to the fuel protests in the U\u2026", "hashtags": [], "topic": "unrest", "tweet_urls": ["https://t.co/mdWsTKshvn"], "date": {"hour": 7, "month": 11, "iso": "2018-11-14T07:50:53", "year": 2018, "day": 14, "minute": 50}, "geo": null, "id": 1062613826242265088, "lang": "en", "emoticons": [], "user_id": 212169053, "coordinates": null, "source": "Twitter Web Client", "location": "Paris", "mentions": []}, {"truncated": false, "text": "Often, doves dressed as pigeons use broken glass, to protest the sound of a skater at Place de la R\u00e9publique", "hashtags": [], "topic": "unrest", "tweet_urls": [], "date": {"hour": 0, "month": 11, "iso": "2018-11-14T00:34:41", "year": 2018, "day": 14, "minute": 34}, "geo": null, "id": 1062504055224844293, "lang": "en", "emoticons": ["\ud83d\ude2d"], "user_id": 2464528712, "coordinates": null, "source": "Cheap Bots, Done Quick!", "location": "Paris", "mentions": []}, {"truncated": false, "text": "Why would she protest like this when it\u2019s within her power to do something in the capacity of the job she was just given", "hashtags": [], "topic": "unrest", "tweet_urls": [], "date": {"hour": 19, "month": 11, "iso": "2018-11-13T19:15:17", "year": 2018, "day": 13, "minute": 15}, "geo": null, "id": 1062423674656034817, "lang": "en", "emoticons": [], "user_id": 715314322143096832, "coordinates": null, "source": "Twitter for iPhone", "location": "Paris", "mentions": ["@thehill"]}, {"truncated": false, "text": "The \u201cyellow vest\u201d, a wave of anger against a new fuel tax in France", "hashtags": [], "topic": "unrest", "tweet_urls": ["https://t.co/qRXzpR2QYD", "https://t.co/3c9lUeo0Ct"], "date": {"hour": 18, "month": 11, "iso": "2018-11-13T18:50:07", "year": 2018, "day": 13, "minute": 50}, "geo": null, "id": 1062417342812975104, "lang": "en", "emoticons": [], "user_id": 25049056, "coordinates": null, "source": "dlvr.it", "location": "Paris", "mentions": []}, {"truncated": false, "text": "The \u201cyellow vest\u201d, a wave of anger against a new fuel tax in France", "hashtags": [], "topic": "unrest", "tweet_urls": ["https://t.co/xPY8S5mXKe", "https://t.co/p4JdLbAF1f"], "date": {"hour": 18, "month": 11, "iso": "2018-11-13T18:42:09", "year": 2018, "day": 13, "minute": 42}, "geo": null, "id": 1062415337625284608, "lang": "en", "emoticons": [], "user_id": 1994321, "coordinates": null, "source": "dlvr.it", "location": "Paris", "mentions": []}, {"truncated": true, "text": "no, pelosi had already set up the commission again before the protest. who is sidelin\u2026", "hashtags": [], "topic": "unrest", "tweet_urls": ["https://t.co/F6nvYcv8zE"], "date": {"hour": 18, "month": 11, "iso": "2018-11-13T18:02:44", "year": 2018, "day": 13, "minute": 2}, "geo": null, "id": 1062405416364195840, "lang": "en", "emoticons": [], "user_id": 257822451, "coordinates": null, "source": "Twitter Web Client", "location": "Paris", "mentions": ["@AshleyBaloghNM", "@reesetheone1"]}, {"truncated": false, "text": "Anda Albert que susto amigo...cuanto lo lament\u00f3 que esta protesta se lleve a esas dimensiones... terrible y miedoso...", "hashtags": [], "topic": "unrest", "tweet_urls": [], "date": {"hour": 0, "month": 11, "iso": "2018-11-16T00:41:47", "year": 2018, "day": 16, "minute": 41}, "geo": null, "id": 1063230617507299331, "lang": "es", "emoticons": ["\ud83d\ude2a"], "user_id": 952313125063323648, "coordinates": null, "source": "Twitter for Android", "location": "Paris", "mentions": ["@marchenajr"]}, {"truncated": true, "text": "Que drama, creo entender Ricardo que la estigmatizaci\u00f3n de la poblaci\u00f3n que pr\u2026", "hashtags": [], "topic": "unrest", "tweet_urls": ["https://t.co/PzDWl3pQit"], "date": {"hour": 11, "month": 11, "iso": "2018-11-15T11:13:17", "year": 2018, "day": 15, "minute": 13}, "geo": null, "id": 1063027152348741632, "lang": "es", "emoticons": [], "user_id": 952313125063323648, "coordinates": null, "source": "Twitter for Android", "location": "Paris", "mentions": ["@RSilvaRomero", "@el_pais", "@elpais_inter"]}, {"truncated": true, "text": "A la luz de las amenazas de Capriles. No podemos olvidar que a\u00fan quedan quienes desde la MUD le encuentran justific\u2026", "hashtags": [], "topic": "unrest", "tweet_urls": ["https://t.co/ja21bhE3fm"], "date": {"hour": 13, "month": 11, "iso": "2018-11-14T13:07:47", "year": 2018, "day": 14, "minute": 7}, "geo": null, "id": 1062693579053776896, "lang": "es", "emoticons": [], "user_id": 231371935, "coordinates": null, "source": "Twitter for iPhone", "location": "Paris", "mentions": []}, {"truncated": true, "text": "vive un movimiento social desde hace meses en protesta por la reforma fiscal impulsada por el gobiern\u2026", "hashtags": ["#CostaRica"], "topic": "unrest", "tweet_urls": ["https://t.co/mhhIrjQDB3"], "date": {"hour": 17, "month": 11, "iso": "2018-11-13T17:07:50", "year": 2018, "day": 13, "minute": 7}, "geo": null, "id": 1062391600251318272, "lang": "es", "emoticons": ["\ud83c\udde8\ud83c\uddf7"], "user_id": 47932395, "coordinates": null, "source": "Twitter Web Client", "location": "Paris", "mentions": []}, {"truncated": true, "text": "Rappel pas de m\u00e9t\u00e9o demain samedi 17 novembre. Pour protester contre mon pouvoir d'achat 923e daah par mois!.V\u00f4tre\u2026", "hashtags": [], "topic": "unrest", "tweet_urls": ["https://t.co/5M4n06LG3n"], "date": {"hour": 11, "month": 11, "iso": "2018-11-16T11:29:56", "year": 2018, "day": 16, "minute": 29}, "geo": null, "id": 1063393728495316994, "lang": "fr", "emoticons": [], "user_id": 1046053371843694592, "coordinates": null, "source": "Twitter for Android", "location": "Paris", "mentions": []}, {"truncated": true, "text": "Samedi, je porterai un gilet jaune, moi aussi, m\u00eame si je n\u2019ai pas de voiture. Ce sera la suite de mon\u2026", "hashtags": [], "topic": "unrest", "tweet_urls": ["https://t.co/hPEQHEmwA7"], "date": {"hour": 10, "month": 11, "iso": "2018-11-16T10:52:16", "year": 2018, "day": 16, "minute": 52}, "geo": null, "id": 1063384249154379777, "lang": "fr", "emoticons": [], "user_id": 1904828864, "coordinates": null, "source": "Twitter for iPhone", "location": "Paris", "mentions": ["@ericbrunet"]}, {"truncated": true, "text": "Bon ce qui est ironique, c'est que Google est aussi touch\u00e9 par . Des salari\u00e9s de l'entreprise \u00e0 travers le m\u2026", "hashtags": ["#MeToo"], "topic": "unrest", "tweet_urls": ["https://t.co/ZCENntpvic"], "date": {"hour": 10, "month": 11, "iso": "2018-11-16T10:32:49", "year": 2018, "day": 16, "minute": 32}, "geo": null, "id": 1063379353562685440, "lang": "fr", "emoticons": [], "user_id": 2233244852, "coordinates": null, "source": "Twitter Web Client", "location": "Paris", "mentions": []}, {"truncated": true, "text": "La France se pr\u00e9pare \u00e0 un week-end d\u2019immobilit\u00e9 sur les routes avec plus de 1500 barrages spontan\u00e9s pr\u00e9vus pour pro\u2026", "hashtags": [], "topic": "unrest", "tweet_urls": ["https://t.co/QzyzJlUgY2"], "date": {"hour": 10, "month": 11, "iso": "2018-11-16T10:20:00", "year": 2018, "day": 16, "minute": 20}, "geo": null, "id": 1063376128893730816, "lang": "fr", "emoticons": [], "user_id": 169004070, "coordinates": null, "source": "TweetDeck", "location": "Paris", "mentions": []}, {"truncated": true, "text": "Susan Wojcicki est venue critiquer au Parlement europ\u00e9en la censure qu'imposerait la directive mais n'a\u2026", "hashtags": ["#Copyright"], "topic": "unrest", "tweet_urls": ["https://t.co/vW37GQHUfA"], "date": {"hour": 9, "month": 11, "iso": "2018-11-16T09:15:48", "year": 2018, "day": 16, "minute": 15}, "geo": null, "id": 1063359973772677120, "lang": "fr", "emoticons": [], "user_id": 25705970, "coordinates": null, "source": "Twitter for iPad", "location": "Paris", "mentions": []}, {"truncated": false, "text": "Doubs\u00a0: le village de Gilley enti\u00e8rement repeint en jaune pour protester contre la hausse du carburant", "hashtags": [], "topic": "unrest", "tweet_urls": ["https://t.co/2BdNvrU9vI"], "date": {"hour": 9, "month": 11, "iso": "2018-11-16T09:02:23", "year": 2018, "day": 16, "minute": 2}, "geo": null, "id": 1063356598104539136, "lang": "fr", "emoticons": [], "user_id": 466570497, "coordinates": null, "source": "Twitter for iPhone", "location": "Paris", "mentions": []}, {"truncated": true, "text": "Vous avez raison sur le fait que les \u00e9\u2026", "hashtags": [], "topic": "unrest", "tweet_urls": ["https://t.co/NtZ4rzYOTr"], "date": {"hour": 8, "month": 11, "iso": "2018-11-16T08:31:11", "year": 2018, "day": 16, "minute": 31}, "geo": null, "id": 1063348746715623424, "lang": "fr", "emoticons": [], "user_id": 925629775, "coordinates": null, "source": "Twitter Web Client", "location": "Paris", "mentions": ["@ChristianDomine", "@faureolivier", "@JLMelenchon", "@emmanuelmaurel", "@laurentwauquiez"]}, {"truncated": false, "text": "Irlande : des femmes postent des photos de leurs sous-v\u00eatements pour protester contre un acquittement pour viol", "hashtags": [], "topic": "unrest", "tweet_urls": ["https://t.co/VeY1Z94vDG"], "date": {"hour": 8, "month": 11, "iso": "2018-11-16T08:25:05", "year": 2018, "day": 16, "minute": 25}, "geo": null, "id": 1063347209721139200, "lang": "fr", "emoticons": [], "user_id": 34570323, "coordinates": null, "source": "dlvr.it", "location": "Paris", "mentions": []}, {"truncated": false, "text": "Irlande : des femmes postent des photos de leurs sous-v\u00eatements pour protester contre un acquittement pour viol", "hashtags": [], "topic": "unrest", "tweet_urls": ["https://t.co/Vt4VJnzZHV"], "date": {"hour": 8, "month": 11, "iso": "2018-11-16T08:04:30", "year": 2018, "day": 16, "minute": 4}, "geo": null, "id": 1063342030061998080, "lang": "fr", "emoticons": [], "user_id": 1844998807, "coordinates": null, "source": "Twitter Web Client", "location": "Paris", "mentions": []}, {"truncated": false, "text": "Cette d\u00e9put\u00e9e irlandaise brandit son string devant le Parlement pour protester contre l'acquittement d'un violeur", "hashtags": [], "topic": "unrest", "tweet_urls": ["https://t.co/OUNAv5PU4z"], "date": {"hour": 21, "month": 11, "iso": "2018-11-15T21:41:14", "year": 2018, "day": 15, "minute": 41}, "geo": null, "id": 1063185179747979265, "lang": "fr", "emoticons": [], "user_id": 2422762861, "coordinates": null, "source": "Netguide.com", "location": "Paris", "mentions": []}, {"truncated": true, "text": "Janvier 2021, suite \u00e0 la p\u00e9nurie de production \u00e9lectrique sur le sol fran\u00e7ais des marcheurs mettent\u2026", "hashtags": [], "topic": "unrest", "tweet_urls": ["https://t.co/bbbLOsiRr3"], "date": {"hour": 21, "month": 11, "iso": "2018-11-15T21:37:20", "year": 2018, "day": 15, "minute": 37}, "geo": null, "id": 1063184196565393408, "lang": "fr", "emoticons": [], "user_id": 801907501302214657, "coordinates": null, "source": "Twitter for iPhone", "location": "Paris", "mentions": ["@JulietteEtVous"]}, {"truncated": true, "text": "Apr\u00e8s les bonnets rouges, les gilets jaunes quel couleur pour protester contre l'augmentation de l'\u00e9\u2026", "hashtags": [], "topic": "unrest", "tweet_urls": ["https://t.co/LXHCVaswcZ"], "date": {"hour": 21, "month": 11, "iso": "2018-11-15T21:11:53", "year": 2018, "day": 15, "minute": 11}, "geo": null, "id": 1063177793679306754, "lang": "fr", "emoticons": [], "user_id": 860812721029345280, "coordinates": null, "source": "Twitter for Android", "location": "Paris", "mentions": ["@greenpeacefr"]}, {"truncated": true, "text": "Bravo Doubs\u00a0: le village de Gilley enti\u00e8rement repeint en jaune pour protester contre la hausse du carbur\u2026", "hashtags": ["#Gilley"], "topic": "unrest", "tweet_urls": ["https://t.co/pbTMcNZ2vM"], "date": {"hour": 21, "month": 11, "iso": "2018-11-15T21:00:31", "year": 2018, "day": 15, "minute": 0}, "geo": null, "id": 1063174930840408064, "lang": "fr", "emoticons": ["\ud83e\udd17"], "user_id": 493400724, "coordinates": null, "source": "Twitter for Android", "location": "Paris", "mentions": []}, {"truncated": true, "text": "\"Le 17 Novembre c'est la pays r\u00e9el qui se r\u00e9volte \u00e0 cause de la hausse des prix du diesel principalement mais pas s\u2026", "hashtags": [], "topic": "unrest", "tweet_urls": ["https://t.co/kMj2npppKL"], "date": {"hour": 20, "month": 11, "iso": "2018-11-15T20:22:14", "year": 2018, "day": 15, "minute": 22}, "geo": null, "id": 1063165298872909824, "lang": "fr", "emoticons": [], "user_id": 26483739, "coordinates": null, "source": "Facebook", "location": "Paris", "mentions": []}, {"truncated": false, "text": "Doubs\u00a0: le village de Gilley enti\u00e8rement repeint en jaune pour protester contre la hausse du carburant", "hashtags": [], "topic": "unrest", "tweet_urls": ["https://t.co/ueeZGwUo87"], "date": {"hour": 18, "month": 11, "iso": "2018-11-15T18:14:17", "year": 2018, "day": 15, "minute": 14}, "geo": null, "id": 1063133097355608064, "lang": "fr", "emoticons": [], "user_id": 238255951, "coordinates": null, "source": "Twitter for iPad", "location": "Paris", "mentions": []}, {"truncated": true, "text": "Des coursiers des grandes plates-formes de livraisons appellent \u00e0 une semaine de gr\u00e8ve \u00e0 partir de ce dimanche pour\u2026", "hashtags": [], "topic": "unrest", "tweet_urls": ["https://t.co/GtX106c0jf"], "date": {"hour": 18, "month": 11, "iso": "2018-11-15T18:12:16", "year": 2018, "day": 15, "minute": 12}, "geo": null, "id": 1063132591442804737, "lang": "fr", "emoticons": [], "user_id": 1062074398776143872, "coordinates": null, "source": "Twitter Web Client", "location": "Paris", "mentions": []}, {"truncated": true, "text": "Tr\u00e8s pas mal du tout. Si vous voulez protester sur la qui n'existerait pas, ou sur le fait de la d\u00e9n\u2026", "hashtags": ["#ChargeMentale"], "topic": "unrest", "tweet_urls": ["https://t.co/C1Ewli3OF1"], "date": {"hour": 18, "month": 11, "iso": "2018-11-15T18:07:13", "year": 2018, "day": 15, "minute": 7}, "geo": null, "id": 1063131319788539904, "lang": "fr", "emoticons": [], "user_id": 901109562253737985, "coordinates": null, "source": "Twitter for Android", "location": "Paris", "mentions": []}, {"truncated": false, "text": "Doubs : le village de Gilley enti\u00e8rement repeint en jaune pour protester contre la hausse du carburant.", "hashtags": [], "topic": "unrest", "tweet_urls": ["https://t.co/8IIkavUSbS"], "date": {"hour": 17, "month": 11, "iso": "2018-11-15T17:27:05", "year": 2018, "day": 15, "minute": 27}, "geo": null, "id": 1063121221636837377, "lang": "fr", "emoticons": [], "user_id": 1005964106, "coordinates": null, "source": "Twitter Web Client", "location": "Paris", "mentions": []}, {"truncated": true, "text": "Mdr tous ces gilets jaunes qui font leur petit plein d'essence avant d'aller bloquer les routes samedi pour protest\u2026", "hashtags": [], "topic": "unrest", "tweet_urls": ["https://t.co/DzY5BOgB6s"], "date": {"hour": 16, "month": 11, "iso": "2018-11-15T16:17:19", "year": 2018, "day": 15, "minute": 17}, "geo": null, "id": 1063103664913563648, "lang": "fr", "emoticons": [], "user_id": 1313028877, "coordinates": null, "source": "Twitter for Android", "location": "Paris", "mentions": []}, {"truncated": true, "text": "C'est le r\u00e9sum\u00e9 de mon repas de midi ! Dingue \u00e7a ! Y'en a m\u00eame un qui a \u00e9teint sa\u2026", "hashtags": [], "topic": "unrest", "tweet_urls": ["https://t.co/V8Ik3iYNNO"], "date": {"hour": 14, "month": 11, "iso": "2018-11-15T14:19:51", "year": 2018, "day": 15, "minute": 19}, "geo": null, "id": 1063074100703301632, "lang": "fr", "emoticons": [], "user_id": 301905963, "coordinates": null, "source": "Twitter for Android", "location": "Paris", "mentions": ["@ChristophePretr", "@EmmanuelMacron"]}, {"truncated": false, "text": "Economie&gt; Finance:Face \u00e0 la protestation, le Maroc pourrait rev--", "hashtags": ["#economie"], "topic": "unrest", "tweet_urls": ["https://t.co/xwrSw7tKhc", "https://t.co/nJRlryqBbf"], "date": {"hour": 12, "month": 11, "iso": "2018-11-15T12:50:14", "year": 2018, "day": 15, "minute": 50}, "geo": null, "id": 1063051547532292096, "lang": "fr", "emoticons": [], "user_id": 716671512, "coordinates": null, "source": "CrazyBourse", "location": "Paris", "mentions": []}, {"truncated": true, "text": "Quand c\u2019est pas pour vous faire passer pour des Marie-Libert\u00e9 c\u2019est soit disant pour protester. \nNous on veut de\u2026", "hashtags": [], "topic": "unrest", "tweet_urls": ["https://t.co/1sFT9vwoVc"], "date": {"hour": 12, "month": 11, "iso": "2018-11-15T12:38:59", "year": 2018, "day": 15, "minute": 38}, "geo": null, "id": 1063048717052329989, "lang": "fr", "emoticons": ["\ud83d\udca4"], "user_id": 561306098, "coordinates": null, "source": "Twitter for iPhone", "location": "Paris", "mentions": []}, {"truncated": true, "text": "Mais qui sont vos parents, vous ? Oh chacal on t\u2019a pas port\u00e9 9 mois pour que tu ailles afficher tes dessous sur Twi\u2026", "hashtags": [], "topic": "unrest", "tweet_urls": ["https://t.co/s4mlmHQbFm"], "date": {"hour": 12, "month": 11, "iso": "2018-11-15T12:37:16", "year": 2018, "day": 15, "minute": 37}, "geo": null, "id": 1063048287685672962, "lang": "fr", "emoticons": [], "user_id": 561306098, "coordinates": null, "source": "Twitter for iPhone", "location": "Paris", "mentions": []}, {"truncated": true, "text": "D'accord, les m\u00e9dias dans ce cas n'ont pas grand-chose \u00e0 f\u2026", "hashtags": [], "topic": "unrest", "tweet_urls": ["https://t.co/WChr0Py0M8"], "date": {"hour": 11, "month": 11, "iso": "2018-11-15T11:34:07", "year": 2018, "day": 15, "minute": 34}, "geo": null, "id": 1063032394926690306, "lang": "fr", "emoticons": [], "user_id": 1462113865, "coordinates": null, "source": "Twitter Web Client", "location": "Paris", "mentions": ["@kaye259621", "@AchessT", "@Lilou5754", "@Francois_Ruffin", "@Bervan"]}, {"truncated": false, "text": "\"Il vient une heure o\u00f9 protester ne suffit plus. Apr\u00e8s la philosophie, il faut l'action.\" \n\nVictor Hugo.", "hashtags": [], "topic": "unrest", "tweet_urls": ["https://t.co/IX5oJrhd6w"], "date": {"hour": 11, "month": 11, "iso": "2018-11-15T11:00:08", "year": 2018, "day": 15, "minute": 0}, "geo": null, "id": 1063023843059613696, "lang": "fr", "emoticons": [], "user_id": 26483739, "coordinates": null, "source": "Facebook", "location": "Paris", "mentions": []}, {"truncated": true, "text": ".@AnnieGenevard: \u00ab Le mouvement du exprime une protestation l\u00e9gitime\nNous apportons notre soutien aux a\u2026", "hashtags": ["#17novembre"], "topic": "unrest", "tweet_urls": ["https://t.co/8gveFHnGmx"], "date": {"hour": 10, "month": 11, "iso": "2018-11-15T10:57:11", "year": 2018, "day": 15, "minute": 57}, "geo": null, "id": 1063023097597607936, "lang": "fr", "emoticons": [], "user_id": 3074061052, "coordinates": null, "source": "Twitter Web Client", "location": "Paris", "mentions": []}, {"truncated": true, "text": "Les sont rassembl\u00e9s devant pour protester contre . Ici le barreau d'Avesnes sur\u2026", "hashtags": ["#avocats", "#PJLJustice"], "topic": "unrest", "tweet_urls": ["https://t.co/h2NOzgvaYN"], "date": {"hour": 10, "month": 11, "iso": "2018-11-15T10:32:08", "year": 2018, "day": 15, "minute": 32}, "geo": null, "id": 1063016793936150528, "lang": "fr", "emoticons": [], "user_id": 14272831, "coordinates": null, "source": "Twitter for Android", "location": "Paris", "mentions": ["@AssembleeNat"]}, {"truncated": true, "text": "Quatre ministres du gouvernement de Teresa dont celui charg\u00e9 du Brexit d\u00e9missionnent pour protester contre le\u2026", "hashtags": ["#May"], "topic": "unrest", "tweet_urls": ["https://t.co/DYv76koCiL"], "date": {"hour": 10, "month": 11, "iso": "2018-11-15T10:29:55", "year": 2018, "day": 15, "minute": 29}, "geo": null, "id": 1063016237691781120, "lang": "fr", "emoticons": [], "user_id": 139772444, "coordinates": null, "source": "Twitter for iPhone", "location": "Paris", "mentions": []}, {"truncated": true, "text": "\ufe0f Troisi\u00e8me d\u00e9part du gouvernement britannique de la journ\u00e9e, la secr\u00e9taire d\u2019\u00c9tat britannique au Tr\u2026", "hashtags": ["#BREXIT"], "topic": "unrest", "tweet_urls": ["https://t.co/I6XOfcGVFr"], "date": {"hour": 10, "month": 11, "iso": "2018-11-15T10:21:57", "year": 2018, "day": 15, "minute": 21}, "geo": null, "id": 1063014234320187393, "lang": "fr", "emoticons": ["\ud83c\uddea\ud83c\uddfa", "\ud83d\udd1a", "\u2b55", "\ud83c\uddec\ud83c\udde7"], "user_id": 2990149976, "coordinates": null, "source": "DirectActus App", "location": "Paris", "mentions": []}, {"truncated": true, "text": "Br\u00e8ve d'actualit\u00e9 juridique \u00e0 propos du blocage pr\u00e9vu par les \"gilets jaunes\" le 17 novembre prochain\u2026", "hashtags": [], "topic": "unrest", "tweet_urls": ["https://t.co/OoaUEzCvKM"], "date": {"hour": 10, "month": 11, "iso": "2018-11-15T10:20:00", "year": 2018, "day": 15, "minute": 20}, "geo": null, "id": 1063013740831039488, "lang": "fr", "emoticons": ["\ud83c\udfa7"], "user_id": 1040650135078936582, "coordinates": null, "source": "TweetDeck", "location": "Paris", "mentions": []}, {"truncated": true, "text": "Peine de mort: Le Texas ex\u00e9cute un Mexicain malgr\u00e9 des protestations internationales I", "hashtags": ["#Texas", "#peinedemort\u2026"], "topic": "unrest", "tweet_urls": ["https://t.co/bUmPIRxdAC"], "date": {"hour": 10, "month": 11, "iso": "2018-11-15T10:19:24", "year": 2018, "day": 15, "minute": 19}, "geo": null, "id": 1063013589072728070, "lang": "fr", "emoticons": [], "user_id": 734413693820252161, "coordinates": null, "source": "Twitter Web Client", "location": "Paris", "mentions": []}, {"truncated": true, "text": "ALERTE-Brexit: 3 ministres britanniques d\u00e9missionnent pour protester contre l\u2019accord de Brexit\u2026", "hashtags": [], "topic": "unrest", "tweet_urls": ["https://t.co/POzYd0C0zG"], "date": {"hour": 10, "month": 11, "iso": "2018-11-15T10:15:13", "year": 2018, "day": 15, "minute": 15}, "geo": null, "id": 1063012537569067008, "lang": "fr", "emoticons": [], "user_id": 1356382759, "coordinates": null, "source": "Actu140", "location": "Paris", "mentions": []}, {"truncated": true, "text": "DIRECT. Le ministre britannique charg\u00e9 du Brexit d\u00e9missionne pour protester contre le projet d'accord trouv\u00e9 entre\u2026", "hashtags": [], "topic": "unrest", "tweet_urls": ["https://t.co/lULOhea7Fg"], "date": {"hour": 9, "month": 11, "iso": "2018-11-15T09:45:47", "year": 2018, "day": 15, "minute": 45}, "geo": null, "id": 1063005129018892288, "lang": "fr", "emoticons": [], "user_id": 57920203, "coordinates": null, "source": "Twitter for Android", "location": "Paris", "mentions": []}, {"truncated": true, "text": "DIRECT. Le ministre britannique charg\u00e9 du Brexit d\u00e9missionne pour protester contre le projet d\u2019accord trouv\u00e9 entre\u2026", "hashtags": [], "topic": "unrest", "tweet_urls": ["https://t.co/TEvOfXocc9"], "date": {"hour": 9, "month": 11, "iso": "2018-11-15T09:44:43", "year": 2018, "day": 15, "minute": 44}, "geo": null, "id": 1063004863091490816, "lang": "fr", "emoticons": [], "user_id": 976403279398752256, "coordinates": null, "source": "WordPress.com", "location": "Paris", "mentions": []}, {"truncated": true, "text": "\ufe0f Apr\u00e8s la d\u00e9mission du secr\u00e9taire d\u2019\u00c9tat britannique pour l'Irlande du Nord Shailesh Vara, le mini\u2026", "hashtags": ["#BREXIT"], "topic": "unrest", "tweet_urls": ["https://t.co/kfOeoWqWwL"], "date": {"hour": 9, "month": 11, "iso": "2018-11-15T09:19:53", "year": 2018, "day": 15, "minute": 19}, "geo": null, "id": 1062998613499043841, "lang": "fr", "emoticons": ["\ud83c\uddea\ud83c\uddfa", "\ud83d\udd1a", "\u2b55", "\ud83c\uddec\ud83c\udde7"], "user_id": 2990149976, "coordinates": null, "source": "DirectActus App", "location": "Paris", "mentions": []}, {"truncated": false, "text": "les 44 personnes survivantes seront en le 17/11 pour protester entres autres contre les r\u00e9ductions de vitesse", "hashtags": ["#giletsjaune"], "topic": "unrest", "tweet_urls": [], "date": {"hour": 9, "month": 11, "iso": "2018-11-15T09:01:17", "year": 2018, "day": 15, "minute": 1}, "geo": null, "id": 1062993932919992320, "lang": "fr", "emoticons": [], "user_id": 408692988, "coordinates": null, "source": "Twitter Web Client", "location": "Paris", "mentions": ["@franceinfo"]}, {"truncated": true, "text": "Je crois que l'on atteint le sommet de la r\u00e9cup\u00e9ration politique ! Comparer les poilus aux ce n'est\u2026", "hashtags": ["#giletsjaunes"], "topic": "unrest", "tweet_urls": ["https://t.co/PVSi5efAdK"], "date": {"hour": 8, "month": 11, "iso": "2018-11-15T08:27:47", "year": 2018, "day": 15, "minute": 27}, "geo": null, "id": 1062985502729609216, "lang": "fr", "emoticons": ["\ud83d\ude21"], "user_id": 988357051071057920, "coordinates": null, "source": "Twitter for Android", "location": "Paris", "mentions": []}, {"truncated": true, "text": "Rightwing activist sentenced to five years in prison arrested again for injuring counter protester during anti-Kore\u2026", "hashtags": [], "topic": "unrest", "tweet_urls": ["https://t.co/SsAx45RMun"], "date": {"hour": 7, "month": 11, "iso": "2018-11-15T07:51:40", "year": 2018, "day": 15, "minute": 51}, "geo": null, "id": 1062976412024360960, "lang": "en", "emoticons": [], "user_id": 172292855, "coordinates": null, "source": "Twitter for Android", "location": "Paris", "mentions": []}, {"truncated": true, "text": "Les musulmans connaissent depuis des siecles les bienfaits de la protestat\u2026", "hashtags": [], "topic": "unrest", "tweet_urls": ["https://t.co/cxlPrIqxDF"], "date": {"hour": 7, "month": 11, "iso": "2018-11-15T07:51:00", "year": 2018, "day": 15, "minute": 51}, "geo": null, "id": 1062976246592749573, "lang": "fr", "emoticons": [], "user_id": 855506044298178561, "coordinates": null, "source": "Twitter for Android", "location": "Paris", "mentions": ["@vincent_Mal", "@quelquonque1", "@MajidOukacha"]}, {"truncated": false, "text": "Marseille: \"Marche de la col\u00e8re\" tendue apr\u00e8s l'effondrement meurtrier de Noailles\nhttps://t.co/UuBGj5xLfr", "hashtags": [], "topic": "unrest", "tweet_urls": ["https://t.co/aZLmkzdCQF"], "date": {"hour": 6, "month": 11, "iso": "2018-11-15T06:00:00", "year": 2018, "day": 15, "minute": 0}, "geo": null, "id": 1062948309697024000, "lang": "fr", "emoticons": [], "user_id": 26467557, "coordinates": null, "source": "TweetDeck", "location": "Paris", "mentions": []}, {"truncated": true, "text": "Oui les isra\u00e9liens veulent la paix patati patata ... La on voit le vrai visage ... Ils vont lanc\u00e9\u2026", "hashtags": [], "topic": "unrest", "tweet_urls": ["https://t.co/WArd7gZkHc"], "date": {"hour": 0, "month": 11, "iso": "2018-11-15T00:02:09", "year": 2018, "day": 15, "minute": 2}, "geo": null, "id": 1062858252873072640, "lang": "fr", "emoticons": ["\ud83d\ude02"], "user_id": 1016979115356971008, "coordinates": null, "source": "Twitter for Android", "location": "Paris", "mentions": ["@i24NEWS_FR"]}, {"truncated": true, "text": "On va tourner \u00e0 quoi... 3... 4\u20ac de l'heure... DE NUIT !!\nParce que faut pas r\u00eaver hein, le peu de livraisons ne ser\u2026", "hashtags": [], "topic": "unrest", "tweet_urls": ["https://t.co/k7rfYg580O"], "date": {"hour": 20, "month": 11, "iso": "2018-11-14T20:59:27", "year": 2018, "day": 14, "minute": 59}, "geo": null, "id": 1062812277731139591, "lang": "fr", "emoticons": [], "user_id": 134187849, "coordinates": null, "source": "Twitter Web Client", "location": "Paris", "mentions": []}, {"truncated": true, "text": "Il vient une heure ou protester ne suffit plus. Apr\u00e8s la philosophie, il faut l\u2019action . Tous unis pou\u2026", "hashtags": [], "topic": "unrest", "tweet_urls": ["https://t.co/L4XgoWEzIH"], "date": {"hour": 19, "month": 11, "iso": "2018-11-14T19:19:47", "year": 2018, "day": 14, "minute": 19}, "geo": null, "id": 1062787193809309697, "lang": "fr", "emoticons": [], "user_id": 1033775367633481729, "coordinates": null, "source": "Twitter for iPhone", "location": "Paris", "mentions": ["@EPhilippePM"]}, {"truncated": true, "text": "\"\u00eatre libre de ses poils\" woh, tu as la flemme de t'\u00e9piler quoi :( Ou juste protester par un moyen d\u00e9\u2026", "hashtags": [], "topic": "unrest", "tweet_urls": ["https://t.co/R7W7nWAhQw"], "date": {"hour": 18, "month": 11, "iso": "2018-11-14T18:35:41", "year": 2018, "day": 14, "minute": 35}, "geo": null, "id": 1062776096612081664, "lang": "fr", "emoticons": [], "user_id": 1009461709, "coordinates": null, "source": "Twitter Web Client", "location": "Paris", "mentions": ["@ifeelnothlng"]}, {"truncated": true, "text": "\"Apr\u00e8s quatorze d\u00e9missions au sein de son cabinet en un an, dont six en protestation contre sa gestion du Brexit, T\u2026", "hashtags": [], "topic": "unrest", "tweet_urls": ["https://t.co/Oh06YoZRQW"], "date": {"hour": 18, "month": 11, "iso": "2018-11-14T18:16:46", "year": 2018, "day": 14, "minute": 16}, "geo": null, "id": 1062771335124934656, "lang": "fr", "emoticons": [], "user_id": 343981573, "coordinates": null, "source": "Twitter Web Client", "location": "Paris", "mentions": []}, {"truncated": true, "text": "Vid\u00e9o de Gaza : d\u00e9sinformation d'Amnesty International qui ne voit qu'une simple \u00ab protestation \u00bb pour d\u00e9crire des\u2026", "hashtags": [], "topic": "unrest", "tweet_urls": ["https://t.co/MYxdnqnRcc"], "date": {"hour": 17, "month": 11, "iso": "2018-11-14T17:15:46", "year": 2018, "day": 14, "minute": 15}, "geo": null, "id": 1062755983817105409, "lang": "fr", "emoticons": [], "user_id": 1076640444, "coordinates": null, "source": "Twitter Web Client", "location": "Paris", "mentions": []}, {"truncated": true, "text": "Ok !! Parlon\u2026", "hashtags": [], "topic": "unrest", "tweet_urls": ["https://t.co/G2UtyEg4Ei"], "date": {"hour": 16, "month": 11, "iso": "2018-11-14T16:46:17", "year": 2018, "day": 14, "minute": 46}, "geo": null, "id": 1062748563703296000, "lang": "fr", "emoticons": [], "user_id": 811151454618734593, "coordinates": null, "source": "Twitter for Android", "location": "Paris", "mentions": ["@ludovic_plante", "@StephaneLamy_", "@allamellou", "@l_csy", "@hautsdeseinefr", "@enmarchefr", "@ClichyEnMarche", "@RMuzeau"]}, {"truncated": true, "text": "Les \u00ab\u00a0gilets jaunes\u00a0\u00bb \u00e9largissent le champ de leur protestation au fur et \u00e0 mesure que leur mouvement m\u00fbrit la par\u2026", "hashtags": [], "topic": "unrest", "tweet_urls": ["https://t.co/CwENFGhGsB"], "date": {"hour": 16, "month": 11, "iso": "2018-11-14T16:16:31", "year": 2018, "day": 14, "minute": 16}, "geo": null, "id": 1062741076132483073, "lang": "fr", "emoticons": [], "user_id": 856819147, "coordinates": null, "source": "Twitter for iPad", "location": "Paris", "mentions": []}, {"truncated": true, "text": "Le ministre de la d\u00e9fense isra\u00e9lien, Avigdor d\u00e9missionne pour protester contre le cessez-le feu \u00e0 Gaza.\u2026", "hashtags": ["#Lieberman"], "topic": "unrest", "tweet_urls": ["https://t.co/9j2IyMCoiE"], "date": {"hour": 13, "month": 11, "iso": "2018-11-14T13:52:34", "year": 2018, "day": 14, "minute": 52}, "geo": null, "id": 1062704846216794114, "lang": "fr", "emoticons": [], "user_id": 488339397, "coordinates": null, "source": "Twitter Web Client", "location": "Paris", "mentions": []}, {"truncated": true, "text": "Le grand populaire du 17 ne doit pas se limiter \u00e0 une protestation contre la hausse du prix des carb\u2026", "hashtags": ["#rassemblement"], "topic": "unrest", "tweet_urls": ["https://t.co/Wh3dbxNO77"], "date": {"hour": 12, "month": 11, "iso": "2018-11-14T12:07:53", "year": 2018, "day": 14, "minute": 7}, "geo": null, "id": 1062678502758117376, "lang": "fr", "emoticons": [], "user_id": 3021171815, "coordinates": null, "source": "Twitter Web Client", "location": "Paris", "mentions": []}, {"truncated": true, "text": "Le 17 novembre, plusieurs blocages sont pr\u00e9vus dans toute la France pour protester contre la hausse des prix des\u2026", "hashtags": [], "topic": "unrest", "tweet_urls": ["https://t.co/OMDVEjmzGo"], "date": {"hour": 10, "month": 11, "iso": "2018-11-14T10:59:33", "year": 2018, "day": 14, "minute": 59}, "geo": null, "id": 1062661308783513605, "lang": "fr", "emoticons": ["\ud83d\udccc"], "user_id": 295643060, "coordinates": null, "source": "Twitter Web Client", "location": "Paris", "mentions": []}, {"truncated": true, "text": "Le retour de Hollande est probablement une nouvelle plaisanterie de l\u2019int\u00e9ress\u00e9, mais ce serait enfin un vrai motif\u2026", "hashtags": [], "topic": "unrest", "tweet_urls": ["https://t.co/dnP97HDuPq"], "date": {"hour": 10, "month": 11, "iso": "2018-11-14T10:55:25", "year": 2018, "day": 14, "minute": 55}, "geo": null, "id": 1062660266087845889, "lang": "fr", "emoticons": [], "user_id": 957669187874369536, "coordinates": null, "source": "Twitter for iPhone", "location": "Paris", "mentions": []}, {"truncated": true, "text": "\"Ecologie ou d\u00e9magogie, il faut choisir\" lance aux critiques de la hausse du prix des carburants. \"Si on\u2026", "hashtags": [], "topic": "unrest", "tweet_urls": ["https://t.co/mCcasnLhpm"], "date": {"hour": 7, "month": 11, "iso": "2018-11-14T07:46:21", "year": 2018, "day": 14, "minute": 46}, "geo": null, "id": 1062612684586270720, "lang": "fr", "emoticons": [], "user_id": 38842192, "coordinates": null, "source": "Twitter Web Client", "location": "Paris", "mentions": ["@FdeRugy"]}, {"truncated": true, "text": "Ils s\u2019augmentent gracieusement leur salaires et demandent aux fran\u00e7ais de ne pas protester contre la hausse des tax\u2026", "hashtags": [], "topic": "unrest", "tweet_urls": ["https://t.co/asFvNXpEqm"], "date": {"hour": 23, "month": 11, "iso": "2018-11-13T23:49:49", "year": 2018, "day": 13, "minute": 49}, "geo": null, "id": 1062492763101519880, "lang": "fr", "emoticons": [], "user_id": 272588838, "coordinates": null, "source": "Twitter for iPhone", "location": "Paris", "mentions": []}, {"truncated": false, "text": "Manifestations Un appel \u00e0 une manifestation nationale dans le cadre du mouvement de protestation \u00ab Pe...", "hashtags": ["#Ha\u00efti"], "topic": "unrest", "tweet_urls": ["https://t.co/zqZ1GHsGvD"], "date": {"hour": 23, "month": 11, "iso": "2018-11-13T23:45:05", "year": 2018, "day": 13, "minute": 45}, "geo": null, "id": 1062491570333716481, "lang": "fr", "emoticons": [], "user_id": 600304356, "coordinates": null, "source": "AutoTweetFCV", "location": "Paris", "mentions": []}, {"truncated": true, "text": "2. Si \u00e0 l'\u00e9poque qqun avait dit la musique anglaise j'aime pas alors quelle a juste \u00e9cout\u00e9 One direction\u2026", "hashtags": [], "topic": "unrest", "tweet_urls": ["https://t.co/aViTwEJSOj"], "date": {"hour": 23, "month": 11, "iso": "2018-11-13T23:07:21", "year": 2018, "day": 13, "minute": 7}, "geo": null, "id": 1062482076224667648, "lang": "fr", "emoticons": [], "user_id": 44407728, "coordinates": null, "source": "Twitter for Android", "location": "Paris", "mentions": ["@minahopps"]}, {"truncated": true, "text": "Je voulais participer pour protester par ras le bol g\u00e9n\u00e9ral des imp\u00f4ts et taxes mais aucun rassemblem\u2026", "hashtags": ["#GiletsJaunes"], "topic": "unrest", "tweet_urls": ["https://t.co/VDlPKgpafd"], "date": {"hour": 22, "month": 11, "iso": "2018-11-13T22:17:20", "year": 2018, "day": 13, "minute": 17}, "geo": null, "id": 1062469489600724993, "lang": "fr", "emoticons": [], "user_id": 1027544185354764290, "coordinates": null, "source": "Twitter for Android", "location": "Paris", "mentions": []}, {"truncated": false, "text": "d\u00e9sol\u00e9e pour elles hein mais le witch bloc qui dessine un pentacle sur le sol pour protester je vais jamais m'en remettre", "hashtags": [], "topic": "unrest", "tweet_urls": [], "date": {"hour": 20, "month": 11, "iso": "2018-11-13T20:27:18", "year": 2018, "day": 13, "minute": 27}, "geo": null, "id": 1062441796419178496, "lang": "fr", "emoticons": [], "user_id": 3916424957, "coordinates": null, "source": "Twitter for Android", "location": "Paris", "mentions": []}, {"truncated": true, "text": "Ah ben mince !! Dommage, Il n'y avait pas grand monde pour protester contre la r\u00e9forme de la et la\u2026", "hashtags": ["#sncf"], "topic": "unrest", "tweet_urls": ["https://t.co/QjuxYQQOjf"], "date": {"hour": 20, "month": 11, "iso": "2018-11-13T20:17:23", "year": 2018, "day": 13, "minute": 17}, "geo": null, "id": 1062439300984381440, "lang": "fr", "emoticons": [], "user_id": 4181534675, "coordinates": null, "source": "Twitter for Android", "location": "Paris", "mentions": ["@FARaVelo"]}, {"truncated": true, "text": "On devrait en effet parler de tous les suicides dans les m\u00e9dias. n\u00e9anmoins, la polici\u00e8re dont on a bcp parl\u00e9 \u00e9tait\u2026", "hashtags": [], "topic": "unrest", "tweet_urls": ["https://t.co/uSIJZWvSYq"], "date": {"hour": 18, "month": 11, "iso": "2018-11-13T18:12:58", "year": 2018, "day": 13, "minute": 12}, "geo": null, "id": 1062407990119149570, "lang": "fr", "emoticons": [], "user_id": 2678257167, "coordinates": null, "source": "Twitter for iPhone", "location": "Paris", "mentions": []}, {"truncated": true, "text": "Les professeurs ont un m\u00e9tier tr\u00e8s difficile.\nCela ne les met pas au dessus du panier\nNo\u2026", "hashtags": [], "topic": "unrest", "tweet_urls": ["https://t.co/2iWV8BgOYP"], "date": {"hour": 16, "month": 11, "iso": "2018-11-13T16:55:51", "year": 2018, "day": 13, "minute": 55}, "geo": null, "id": 1062388584332845057, "lang": "fr", "emoticons": [], "user_id": 2324063732, "coordinates": null, "source": "Twitter Lite", "location": "Paris", "mentions": ["@SalviniFrance", "@Minana_APG"]}, {"truncated": true, "text": "Pas de pour les infirmi\u00e8res lib\u00e9rales. Le dit \"chacun est libre de manifester ou non\" le 17 mai\u2026", "hashtags": ["#giletjaune"], "topic": "unrest", "tweet_urls": ["https://t.co/wVwa1OhoA0"], "date": {"hour": 16, "month": 11, "iso": "2018-11-13T16:20:08", "year": 2018, "day": 13, "minute": 20}, "geo": null, "id": 1062379598384652288, "lang": "fr", "emoticons": [], "user_id": 37756681, "coordinates": null, "source": "Twitter Web Client", "location": "Paris", "mentions": ["@Sniil1"]}, {"truncated": true, "text": "Mes petites f\u00e9ministes d'\u00cele de France : voici un \u00e9v\u00e9nement pour protester contre les violences sexistes et sexuell\u2026", "hashtags": [], "topic": "unrest", "tweet_urls": ["https://t.co/9dcIUwae7z"], "date": {"hour": 15, "month": 11, "iso": "2018-11-13T15:47:48", "year": 2018, "day": 13, "minute": 47}, "geo": null, "id": 1062371458633097216, "lang": "fr", "emoticons": [], "user_id": 101009579, "coordinates": null, "source": "Twitter Web Client", "location": "Paris", "mentions": []}, {"truncated": false, "text": "C'est bien dommage. Macron devrait vigoureusement protester pour ne pas apparaitre comme un vassal\u2026", "hashtags": [], "topic": "unrest", "tweet_urls": ["https://t.co/37CbfXgzF6"], "date": {"hour": 14, "month": 11, "iso": "2018-11-13T14:47:12", "year": 2018, "day": 13, "minute": 47}, "geo": null, "id": 1062356206948438016, "lang": "fr", "emoticons": [], "user_id": 46129687, "coordinates": null, "source": "Twitter Web Client", "location": "Paris", "mentions": []}]