[{"truncated": true, "text": "\u2014 \u201cOne mimics silliness in order to make the public protest in one's favour, and thus carry it along advantageously\u2026", "hashtags": [], "topic": "unrest", "tweet_urls": ["https://t.co/WzDiK14F6E"], "date": {"hour": 11, "month": 11, "iso": "2018-11-13T11:51:24", "year": 2018, "day": 13, "minute": 51}, "geo": null, "id": 1062311968093155328, "lang": "en", "emoticons": [], "user_id": 89046397, "coordinates": null, "source": "Twitter Web Client", "location": "Paris", "mentions": []}, {"truncated": true, "text": "GEOFF, GEOFF, GEOFF...OUT OUT OUT: the power of protest. Reasons to be Cheerful with \u2066@Ed_Miliband\u2069 and Geoff Lloyd\u2026", "hashtags": [], "topic": "unrest", "tweet_urls": ["https://t.co/dM882hTt7R"], "date": {"hour": 18, "month": 11, "iso": "2018-11-12T18:04:03", "year": 2018, "day": 12, "minute": 4}, "geo": null, "id": 1062043361400549376, "lang": "en", "emoticons": [], "user_id": 666633, "coordinates": null, "source": "Twitter for iPhone", "location": "Paris", "mentions": []}, {"truncated": false, "text": "Fox News Twitter account on \u2018silent protest\u2019 over response to Tucker Carlson threats", "hashtags": [], "topic": "unrest", "tweet_urls": ["https://t.co/xdHUepnyOQ", "https://t.co/EVvcXC4MAT"], "date": {"hour": 17, "month": 11, "iso": "2018-11-12T17:58:07", "year": 2018, "day": 12, "minute": 58}, "geo": null, "id": 1062041867888414720, "lang": "en", "emoticons": [], "user_id": 119934299, "coordinates": null, "source": "dlvr.it", "location": "Paris", "mentions": []}, {"truncated": true, "text": "During yesterday's anti-Trump protest at Place de la R\u00e9publique I did my first live video coverage (don't focus on\u2026", "hashtags": [], "topic": "unrest", "tweet_urls": ["https://t.co/9AS2Qg0S4x"], "date": {"hour": 16, "month": 11, "iso": "2018-11-12T16:51:47", "year": 2018, "day": 12, "minute": 51}, "geo": null, "id": 1062025173661114374, "lang": "en", "emoticons": [], "user_id": 2355457010, "coordinates": null, "source": "Twitter Web Client", "location": "Paris", "mentions": []}, {"truncated": true, "text": "Yesterday's live coverage of the anti-Trump protest at Place de la R\u00e9publique for . Photo Gallery and Article\u2026", "hashtags": [], "topic": "unrest", "tweet_urls": ["https://t.co/3j7zj77Vpl"], "date": {"hour": 16, "month": 11, "iso": "2018-11-12T16:50:12", "year": 2018, "day": 12, "minute": 50}, "geo": null, "id": 1062024773897777152, "lang": "en", "emoticons": [], "user_id": 2355457010, "coordinates": null, "source": "Twitter Web Client", "location": "Paris", "mentions": ["@tpi"]}, {"truncated": true, "text": "Walk out of mine there\u2019s a protest about uni fees banging out \u201cEnjoy the Silence\u201d as they go past mix\u2026", "hashtags": [], "topic": "unrest", "tweet_urls": ["https://t.co/sslBfzomfr"], "date": {"hour": 14, "month": 11, "iso": "2018-11-12T14:18:19", "year": 2018, "day": 12, "minute": 18}, "geo": null, "id": 1061986551423528961, "lang": "en", "emoticons": [], "user_id": 827082438, "coordinates": null, "source": "Twitter for iPhone", "location": "Paris", "mentions": ["@rustyspanner"]}, {"truncated": false, "text": "Protesters take anger over insulin prices to drug makers, some bearing children\u2019s ashes via", "hashtags": [], "topic": "unrest", "tweet_urls": ["https://t.co/onKXNNfy62"], "date": {"hour": 12, "month": 11, "iso": "2018-11-12T12:30:35", "year": 2018, "day": 12, "minute": 30}, "geo": null, "id": 1061959439304024064, "lang": "en", "emoticons": [], "user_id": 424089030, "coordinates": null, "source": "Twitter Web Client", "location": "Paris", "mentions": ["@statnews"]}, {"truncated": true, "text": "Anger over prices in the U.S. has swelled as the nation\u2019s largest insulin makers have hiked the price of t\u2026", "hashtags": ["#insulin"], "topic": "unrest", "tweet_urls": ["https://t.co/CaWkDlb6Ig"], "date": {"hour": 11, "month": 11, "iso": "2018-11-12T11:35:02", "year": 2018, "day": 12, "minute": 35}, "geo": null, "id": 1061945459856437250, "lang": "en", "emoticons": [], "user_id": 100027195, "coordinates": null, "source": "LinkedIn", "location": "Paris", "mentions": []}, {"truncated": false, "text": "Protesters take anger over insulin prices to drug makers, some bearing children\u2019s ashes via", "hashtags": [], "topic": "unrest", "tweet_urls": ["https://t.co/uUW5Grdogl"], "date": {"hour": 11, "month": 11, "iso": "2018-11-12T11:26:59", "year": 2018, "day": 12, "minute": 26}, "geo": null, "id": 1061943434674651137, "lang": "en", "emoticons": [], "user_id": 75337774, "coordinates": null, "source": "Twitter for Android", "location": "Paris", "mentions": ["@statnews"]}, {"truncated": true, "text": "And they were doxxing him for not being empathetic to what appears to be a lie. See\u2026", "hashtags": [], "topic": "unrest", "tweet_urls": ["https://t.co/T9YcFFKcWZ"], "date": {"hour": 8, "month": 11, "iso": "2018-11-12T08:35:53", "year": 2018, "day": 12, "minute": 35}, "geo": null, "id": 1061900377958899712, "lang": "en", "emoticons": [], "user_id": 1041724736974331904, "coordinates": null, "source": "Twitter Web Client", "location": "Paris", "mentions": ["@schmangee", "@mattyglesias", "@jack"]}, {"truncated": false, "text": "\nI think the protest was lame &amp; no matter ur disagreement w. someone you don\u2019t go 2 their house or involve their family.", "hashtags": [], "topic": "unrest", "tweet_urls": [], "date": {"hour": 8, "month": 11, "iso": "2018-11-12T08:18:31", "year": 2018, "day": 12, "minute": 18}, "geo": null, "id": 1061896006814629888, "lang": "en", "emoticons": [], "user_id": 829780214767050753, "coordinates": null, "source": "Twitter for iPhone", "location": "Paris", "mentions": ["@wokeTJ", "@HeerJeet"]}, {"truncated": true, "text": "Actually, you are laughing at the urban liberals who elected him. His popula\u2026", "hashtags": [], "topic": "unrest", "tweet_urls": ["https://t.co/qGzdOy1GFx"], "date": {"hour": 23, "month": 11, "iso": "2018-11-11T23:15:46", "year": 2018, "day": 11, "minute": 15}, "geo": null, "id": 1061759420089151493, "lang": "en", "emoticons": [], "user_id": 1018601381219926017, "coordinates": null, "source": "Twitter for Android", "location": "Paris", "mentions": ["@tthomp76", "@FredKirkey1", "@kaitlancollins"]}, {"truncated": false, "text": "Jfais aussi boule \u00e0 z si tu win", "hashtags": [], "topic": "unrest", "tweet_urls": [], "date": {"hour": 22, "month": 11, "iso": "2018-11-11T22:50:52", "year": 2018, "day": 11, "minute": 50}, "geo": null, "id": 1061753153815789569, "lang": "fr", "emoticons": [], "user_id": 858200245574021125, "coordinates": null, "source": "Twitter for Android", "location": "Paris", "mentions": ["@itsMxrcy_", "@xWesk0zz_", "@us_protest", "@JasonDeR6S", "@RapTorFr76_", "@AwarR6S", "@KadabraShinshi"]}, {"truncated": true, "text": "After an intensive day reporting the anti-#Trump protest at Place de la R\u00e9publique in with and\u2026", "hashtags": ["#Paris"], "topic": "unrest", "tweet_urls": ["https://t.co/CZNXO3RTM3"], "date": {"hour": 21, "month": 11, "iso": "2018-11-11T21:54:33", "year": 2018, "day": 11, "minute": 54}, "geo": null, "id": 1061738981052833794, "lang": "en", "emoticons": [], "user_id": 2355457010, "coordinates": null, "source": "Twitter for iPhone", "location": "Paris", "mentions": ["@PhineasJFR"]}, {"truncated": false, "text": "(VIDEO) Rassemblement anti Trump. Place de la R\u00e9publique, Paris.", "hashtags": ["#TrumpGoHome\nhttps://t.co/ZsJQsPHuJR"], "topic": "unrest", "tweet_urls": [], "date": {"hour": 21, "month": 11, "iso": "2018-11-11T21:02:55", "year": 2018, "day": 11, "minute": 2}, "geo": null, "id": 1061725984150446081, "lang": "fr", "emoticons": [], "user_id": 2821365845, "coordinates": null, "source": "Twitter for Android", "location": "Paris", "mentions": []}, {"truncated": true, "text": "Palestinians with flags to show support &amp; protest towards the illegal occupiers get shot while unarmed. The illegal\u2026", "hashtags": [], "topic": "unrest", "tweet_urls": ["https://t.co/samcHeqb65"], "date": {"hour": 20, "month": 11, "iso": "2018-11-11T20:29:46", "year": 2018, "day": 11, "minute": 29}, "geo": null, "id": 1061717644938825730, "lang": "en", "emoticons": [], "user_id": 1045626292492734464, "coordinates": null, "source": "Twitter for Android", "location": "Paris", "mentions": []}, {"truncated": true, "text": "Many of us were out in the rain today to protest Tramp's visit to Paris. If you believe in something, you just do i\u2026", "hashtags": [], "topic": "unrest", "tweet_urls": ["https://t.co/JGe1uyvqkh"], "date": {"hour": 18, "month": 11, "iso": "2018-11-11T18:34:11", "year": 2018, "day": 11, "minute": 34}, "geo": null, "id": 1061688556412919808, "lang": "en", "emoticons": [], "user_id": 828846991711039489, "coordinates": null, "source": "Twitter Web Client", "location": "Paris", "mentions": []}, {"truncated": true, "text": "La protesta que recibi\u00f3 a Duque en Francia\n\nUn grupo de colombianos fueron sacados del evento al q asisti\u00f3 el presi\u2026", "hashtags": [], "topic": "unrest", "tweet_urls": ["https://t.co/IWvTJ9my0F"], "date": {"hour": 23, "month": 11, "iso": "2018-11-12T23:31:21", "year": 2018, "day": 12, "minute": 31}, "geo": null, "id": 1062125729738080256, "lang": "es", "emoticons": [], "user_id": 782474533089443840, "coordinates": null, "source": "Twitter for Android", "location": "Paris", "mentions": []}, {"truncated": true, "text": "Completamente equivocado, no era yo, para su rabia y tristeza. La actuaci\u00f3n la dio su presidente al impedir nuestr\u2026", "hashtags": [], "topic": "unrest", "tweet_urls": ["https://t.co/ulhOjBTSVm"], "date": {"hour": 22, "month": 11, "iso": "2018-11-12T22:45:06", "year": 2018, "day": 12, "minute": 45}, "geo": null, "id": 1062114088241807366, "lang": "es", "emoticons": [], "user_id": 782474533089443840, "coordinates": null, "source": "Twitter for Android", "location": "Paris", "mentions": []}, {"truncated": true, "text": "En serio que verg\u00fcenza en lo que se volvi\u00f3 a convertir Colombia por dentro y hasta por fuera.", "hashtags": [], "topic": "unrest", "tweet_urls": ["https://t.co/Q8YbrjBjWg"], "date": {"hour": 22, "month": 11, "iso": "2018-11-12T22:40:08", "year": 2018, "day": 12, "minute": 40}, "geo": null, "id": 1062112839547150336, "lang": "es", "emoticons": [], "user_id": 2991812025, "coordinates": null, "source": "Twitter for iPhone", "location": "Paris", "mentions": ["@AngelicaLozanoC\u2026"]}, {"truncated": false, "text": "La protesta que recibi\u00f3 a Duque en Francia |", "hashtags": [], "topic": "unrest", "tweet_urls": ["https://t.co/0GJThfwPOn", "https://t.co/NGcoNEqYLe"], "date": {"hour": 22, "month": 11, "iso": "2018-11-12T22:32:17", "year": 2018, "day": 12, "minute": 32}, "geo": null, "id": 1062110861656027137, "lang": "es", "emoticons": [], "user_id": 2991812025, "coordinates": null, "source": "Facebook", "location": "Paris", "mentions": []}, {"truncated": true, "text": "Duque evade el di\u00e1logo con los colombianos en Paris y les manda vigilantes y gendarmes para expulsarlos de la Unesc\u2026", "hashtags": [], "topic": "unrest", "tweet_urls": ["https://t.co/tVeufk8dCP"], "date": {"hour": 22, "month": 11, "iso": "2018-11-12T22:22:53", "year": 2018, "day": 12, "minute": 22}, "geo": null, "id": 1062108499562455040, "lang": "es", "emoticons": [], "user_id": 95756224, "coordinates": null, "source": "Twitter for iPhone", "location": "Paris", "mentions": []}, {"truncated": true, "text": "La comunidad internacional ve con mucha preocupacion la estigmatizacion d los lideres y de los movimientod sociales\u2026", "hashtags": [], "topic": "unrest", "tweet_urls": ["https://t.co/OH3fNCjB5v"], "date": {"hour": 18, "month": 11, "iso": "2018-11-12T18:29:21", "year": 2018, "day": 12, "minute": 29}, "geo": null, "id": 1062049727108313088, "lang": "es", "emoticons": [], "user_id": 523514012, "coordinates": null, "source": "Twitter for Android", "location": "Paris", "mentions": []}, {"truncated": false, "text": "Me vengo a enterar que los fif\u00eds piensan que inventaron las marchas de protesta...https://t.co/KeeuN9XGT7", "hashtags": [], "topic": "unrest", "tweet_urls": [], "date": {"hour": 17, "month": 11, "iso": "2018-11-12T17:25:24", "year": 2018, "day": 12, "minute": 25}, "geo": null, "id": 1062033634578874368, "lang": "es", "emoticons": [], "user_id": 247614922, "coordinates": null, "source": "Twitter for Android", "location": "Paris", "mentions": []}, {"truncated": true, "text": "Les gr\u00e8ves dans le priv\u00e9 sont tr\u00e8s rares et pour la plupart\u2026", "hashtags": [], "topic": "unrest", "tweet_urls": ["https://t.co/E6JCREzSzQ"], "date": {"hour": 12, "month": 11, "iso": "2018-11-13T12:55:29", "year": 2018, "day": 13, "minute": 55}, "geo": null, "id": 1062328092553818112, "lang": "fr", "emoticons": [], "user_id": 1443610214, "coordinates": null, "source": "Twitter Web Client", "location": "Paris", "mentions": ["@emmypatterson44", "@AmiPhal", "@kevinbossuet", "@carton30x40x30"]}, {"truncated": true, "text": "Mobilisations du 17 novembre: \"La mobilit\u00e9 devient un sujet de protestation collective, c'est nouveau et c'est \u00e0 pr\u2026", "hashtags": [], "topic": "unrest", "tweet_urls": ["https://t.co/LE1xnazV9p"], "date": {"hour": 12, "month": 11, "iso": "2018-11-13T12:19:23", "year": 2018, "day": 13, "minute": 19}, "geo": null, "id": 1062319010220531712, "lang": "fr", "emoticons": [], "user_id": 49036460, "coordinates": null, "source": "TweetDeck", "location": "Paris", "mentions": []}, {"truncated": true, "text": "Faut pas se r\u00e9jouir de la protestation du peuple qui demandent la suppression des taxes, c\u2019est compl\u00e8tement inadmis\u2026", "hashtags": [], "topic": "unrest", "tweet_urls": ["https://t.co/7gYqoRg0Tf"], "date": {"hour": 12, "month": 11, "iso": "2018-11-13T12:18:40", "year": 2018, "day": 13, "minute": 18}, "geo": null, "id": 1062318828741369856, "lang": "fr", "emoticons": [], "user_id": 272588838, "coordinates": null, "source": "Twitter for iPhone", "location": "Paris", "mentions": []}, {"truncated": true, "text": "Les manifestent samedi. Avant, autre action de protestation: le boycott de la pi\u00e8ce en un acte jou\u00e9e\u2026", "hashtags": ["#GiletsJaunes"], "topic": "unrest", "tweet_urls": ["https://t.co/S8xBqYlIpf"], "date": {"hour": 12, "month": 11, "iso": "2018-11-13T12:07:10", "year": 2018, "day": 13, "minute": 7}, "geo": null, "id": 1062315935967666176, "lang": "fr", "emoticons": [], "user_id": 582922075, "coordinates": null, "source": "Twitter Web Client", "location": "Paris", "mentions": []}, {"truncated": true, "text": "\ufe0fCertains politiques essayent de r\u00e9cup\u00e9rer la protestation du au lieu d\u2019\u00eatre force de propositions.\n\n\u2026", "hashtags": ["#17Novembre"], "topic": "unrest", "tweet_urls": ["https://t.co/VQYt36PdTR"], "date": {"hour": 11, "month": 11, "iso": "2018-11-13T11:25:18", "year": 2018, "day": 13, "minute": 25}, "geo": null, "id": 1062305399091724289, "lang": "fr", "emoticons": ["\u2705", "\u2757"], "user_id": 868161505795219456, "coordinates": null, "source": "IFTTT", "location": "Paris", "mentions": []}, {"truncated": true, "text": "\ufe0fCertains politiques essayent de r\u00e9cup\u00e9rer la protestation du au lieu d\u2019\u00eatre force de propositions.\n\n\u2026", "hashtags": ["#17Novembre"], "topic": "unrest", "tweet_urls": ["https://t.co/NiIuJ3wsIv"], "date": {"hour": 11, "month": 11, "iso": "2018-11-13T11:23:16", "year": 2018, "day": 13, "minute": 23}, "geo": null, "id": 1062304885482442753, "lang": "fr", "emoticons": ["\u2705", "\u2757"], "user_id": 35712322, "coordinates": null, "source": "Twitter for iPhone", "location": "Paris", "mentions": []}, {"truncated": true, "text": "Protester est l\u00e9gitime, bloquer le pays ne l\u2019est pas. Nous serons vigilants comme l\u2019a rappel\u00e9 le ministre de l\u2019Int\u00e9\u2026", "hashtags": [], "topic": "unrest", "tweet_urls": ["https://t.co/FNVl7W8ZGH"], "date": {"hour": 11, "month": 11, "iso": "2018-11-13T11:20:10", "year": 2018, "day": 13, "minute": 20}, "geo": null, "id": 1062304108781228032, "lang": "fr", "emoticons": [], "user_id": 868161505795219456, "coordinates": null, "source": "IFTTT", "location": "Paris", "mentions": []}, {"truncated": true, "text": "Protester est l\u00e9gitime, bloquer le pays ne l\u2019est pas. Nous serons vigilants comme l\u2019a rappel\u00e9 le ministre de l\u2019Int\u00e9\u2026", "hashtags": [], "topic": "unrest", "tweet_urls": ["https://t.co/8wK2TGLTnp"], "date": {"hour": 11, "month": 11, "iso": "2018-11-13T11:16:17", "year": 2018, "day": 13, "minute": 16}, "geo": null, "id": 1062303128442359808, "lang": "fr", "emoticons": [], "user_id": 35712322, "coordinates": null, "source": "Twitter for iPhone", "location": "Paris", "mentions": []}, {"truncated": true, "text": "Samedi 17 novembre, vous serez des milliers \u00e0 protester contre la hausse du prix du On vous dit tout\u2026", "hashtags": ["#carburant."], "topic": "unrest", "tweet_urls": ["https://t.co/zWIlemzFiH"], "date": {"hour": 9, "month": 11, "iso": "2018-11-13T09:39:09", "year": 2018, "day": 13, "minute": 39}, "geo": null, "id": 1062278684118269952, "lang": "fr", "emoticons": ["\ud83d\udce3"], "user_id": 187482815, "coordinates": null, "source": "TweetDeck", "location": "Paris", "mentions": []}, {"truncated": true, "text": "Situation humanitaire \u00ab catastrophique \u00bb pour 50 000 d\u00e9plac\u00e9s syriens, cantonn\u00e9s en plein d\u00e9sert -&gt; pendant ce temp\u2026", "hashtags": [], "topic": "unrest", "tweet_urls": ["https://t.co/tWjHnBHeyW"], "date": {"hour": 9, "month": 11, "iso": "2018-11-13T09:34:16", "year": 2018, "day": 13, "minute": 34}, "geo": null, "id": 1062277457989062656, "lang": "fr", "emoticons": [], "user_id": 1131235543, "coordinates": null, "source": "Twitter Web Client", "location": "Paris", "mentions": []}, {"truncated": true, "text": "INFO -\"J'ai eu des contacts avec le service communication du parti, ils m'ont dit que le hashtag avait bien marc\u2026", "hashtags": [], "topic": "unrest", "tweet_urls": ["https://t.co/NBsrA0RUrc"], "date": {"hour": 9, "month": 11, "iso": "2018-11-13T09:00:13", "year": 2018, "day": 13, "minute": 0}, "geo": null, "id": 1062268886689726464, "lang": "fr", "emoticons": ["\ud83c\uddeb\ud83c\uddf7", "\u26a1"], "user_id": 252552050, "coordinates": null, "source": "Twitter for iPhone", "location": "Paris", "mentions": []}, {"truncated": true, "text": ".@G_Peltier interview\u00e9 par .@JP_Elkabbach sur .@CNEWS : \"Protester c'est bien, et nous protesterons avec nos comp\u2026", "hashtags": [], "topic": "unrest", "tweet_urls": ["https://t.co/gCavtakGDV"], "date": {"hour": 8, "month": 11, "iso": "2018-11-13T08:49:51", "year": 2018, "day": 13, "minute": 49}, "geo": null, "id": 1062266280252792837, "lang": "fr", "emoticons": ["\ud83d\udcfa"], "user_id": 2280577922, "coordinates": null, "source": "Twitter Web Client", "location": "Paris", "mentions": []}, {"truncated": false, "text": "En m\u00eame temps c'est leur ligne poujadiste la protestation contre les taxes et imp\u00f4ts", "hashtags": [], "topic": "unrest", "tweet_urls": [], "date": {"hour": 8, "month": 11, "iso": "2018-11-13T08:21:25", "year": 2018, "day": 13, "minute": 21}, "geo": null, "id": 1062259121519554560, "lang": "fr", "emoticons": [], "user_id": 301435822, "coordinates": null, "source": "Twitter Web Client", "location": "Paris", "mentions": ["@jmaphatie"]}, {"truncated": true, "text": "150 morts en une seule journ\u00e9e. J'entends pas les pro protester comme d'habitude. Ah oui c'est vr\u2026", "hashtags": ["#Yemen", "#Palestine"], "topic": "unrest", "tweet_urls": ["https://t.co/TPUyuOFcwD"], "date": {"hour": 6, "month": 11, "iso": "2018-11-13T06:38:53", "year": 2018, "day": 13, "minute": 38}, "geo": null, "id": 1062233319973285888, "lang": "fr", "emoticons": [], "user_id": 1027544185354764290, "coordinates": null, "source": "Twitter for Android", "location": "Paris", "mentions": []}, {"truncated": true, "text": "\u00c0 l'intention de tous les peuples r\u00e9sign\u00e9s au monde particuli\u00e8rement \u00e0 celui de ma Guin\u00e9e224 vo\u2026", "hashtags": ["#DenzelWashington"], "topic": "unrest", "tweet_urls": ["https://t.co/ZX2YY5m7kM"], "date": {"hour": 4, "month": 11, "iso": "2018-11-13T04:41:35", "year": 2018, "day": 13, "minute": 41}, "geo": null, "id": 1062203798779846656, "lang": "fr", "emoticons": ["\ud83c\uddec\ud83c\uddf3"], "user_id": 922710929552396288, "coordinates": null, "source": "Twitter for Android", "location": "Paris", "mentions": []}, {"truncated": true, "text": "Rappelons leur que l'ancienne g\u00e9n\u00e9ration (soit la mienne) \u00e0 essayer de protester pour notre libert\u00e9 de passage avec\u2026", "hashtags": [], "topic": "unrest", "tweet_urls": ["https://t.co/z7ddMlJzBa"], "date": {"hour": 23, "month": 11, "iso": "2018-11-12T23:09:46", "year": 2018, "day": 12, "minute": 9}, "geo": null, "id": 1062120296327585792, "lang": "fr", "emoticons": [], "user_id": 2161916925, "coordinates": null, "source": "Twitter for Android", "location": "Paris", "mentions": []}, {"truncated": true, "text": "Evidemment! Et la voudrait bien ridiculiser le mvmt pour tuer tte protestation de sa politique dans l'\u0153uf\u2026", "hashtags": ["#Macronie"], "topic": "unrest", "tweet_urls": ["https://t.co/8OZ53UY3i9"], "date": {"hour": 21, "month": 11, "iso": "2018-11-12T21:59:57", "year": 2018, "day": 12, "minute": 59}, "geo": null, "id": 1062102724907556864, "lang": "fr", "emoticons": [], "user_id": 319670635, "coordinates": null, "source": "Twitter Web Client", "location": "Paris", "mentions": []}, {"truncated": true, "text": "Mon \u00e9diteur albanais Abdullah Zeneli des \u00e9ditions Buzuku fait la gr\u00e8ve de la faim pour protester con\u2026", "hashtags": [], "topic": "unrest", "tweet_urls": ["https://t.co/bYnmsyRdWa"], "date": {"hour": 21, "month": 11, "iso": "2018-11-12T21:19:00", "year": 2018, "day": 12, "minute": 19}, "geo": null, "id": 1062092420962287621, "lang": "fr", "emoticons": [], "user_id": 325508020, "coordinates": null, "source": "Twitter Web Client", "location": "Paris", "mentions": ["@editor_buzuku"]}, {"truncated": true, "text": "C\u2019est parti! 22h (apr\u00e8s pub) pour De quoi le mouvement des est-il le\u2026", "hashtags": ["#Canal16", "#lesvoixdelinfo", "#GiletsJaunes"], "topic": "unrest", "tweet_urls": ["https://t.co/J3z4AMpxeE"], "date": {"hour": 20, "month": 11, "iso": "2018-11-12T20:56:36", "year": 2018, "day": 12, "minute": 56}, "geo": null, "id": 1062086785654755333, "lang": "fr", "emoticons": ["\ud83d\ude05"], "user_id": 2279012240, "coordinates": null, "source": "Twitter for iPhone", "location": "Paris", "mentions": ["@CNEWS"]}, {"truncated": true, "text": "J'esp\u00e8re qu ns serons nombreux &amp; MOI QUI n'aime pas les manifs je vais y aller car ce\u2026", "hashtags": [], "topic": "unrest", "tweet_urls": ["https://t.co/txbfr4pR3L"], "date": {"hour": 19, "month": 11, "iso": "2018-11-12T19:54:55", "year": 2018, "day": 12, "minute": 54}, "geo": null, "id": 1062071261948493830, "lang": "fr", "emoticons": [], "user_id": 470504806, "coordinates": null, "source": "Twitter for iPhone", "location": "Paris", "mentions": ["@nicolasgregoire", "@MarinaNolly"]}, {"truncated": true, "text": "Je le vois plut\u00f4t comme une *revendication* d\u2019irrationalit\u00e9 comme une protestation ultime c\u2026", "hashtags": [], "topic": "unrest", "tweet_urls": ["https://t.co/hqeBd2il7R"], "date": {"hour": 19, "month": 11, "iso": "2018-11-12T19:47:06", "year": 2018, "day": 12, "minute": 47}, "geo": null, "id": 1062069295000236033, "lang": "fr", "emoticons": [], "user_id": 6031942, "coordinates": null, "source": "Twitter for iPhone", "location": "Paris", "mentions": ["@Romain_Pigenel", "@adsaum"]}, {"truncated": true, "text": "Des milliers de professeurs ont fait gr\u00e8ve aujourd'hui et d\u00e9fil\u00e9 dans plusieurs villes de France pour protester con\u2026", "hashtags": [], "topic": "unrest", "tweet_urls": ["https://t.co/yWd44fDWcA"], "date": {"hour": 18, "month": 11, "iso": "2018-11-12T18:13:09", "year": 2018, "day": 12, "minute": 13}, "geo": null, "id": 1062045648097370113, "lang": "fr", "emoticons": [], "user_id": 338985020, "coordinates": null, "source": "TweetDeck", "location": "Paris", "mentions": []}, {"truncated": true, "text": "Il est \u00e9vident que derri\u00e8re cette protestation du 17/11 il y a des extr\u00e9mistes de droite et de gauche ..la plan\u00e8te\u2026", "hashtags": [], "topic": "unrest", "tweet_urls": ["https://t.co/TRcUgDBwDh"], "date": {"hour": 18, "month": 11, "iso": "2018-11-12T18:09:23", "year": 2018, "day": 12, "minute": 9}, "geo": null, "id": 1062044701417705473, "lang": "fr", "emoticons": [], "user_id": 1623926822, "coordinates": null, "source": "Twitter Web Client", "location": "Paris", "mentions": []}, {"truncated": true, "text": "Une des tactiques utilis\u00e9es consiste \u00e0 affirmer, d'un ton de protestation, que toute crit\u2026", "hashtags": [], "topic": "unrest", "tweet_urls": ["https://t.co/qygZFhlDwK"], "date": {"hour": 16, "month": 11, "iso": "2018-11-12T16:37:04", "year": 2018, "day": 12, "minute": 37}, "geo": null, "id": 1062021471051137024, "lang": "fr", "emoticons": [], "user_id": 1052199324824698881, "coordinates": null, "source": "Twitter for Android", "location": "Paris", "mentions": ["@egabriot", "@LaurenceVanceu"]}, {"truncated": true, "text": "Des \u00e9tudiants et des enseignants sont rassembl\u00e9s ce 12 novembre dans plusieurs villes pour protester contre les sup\u2026", "hashtags": [], "topic": "unrest", "tweet_urls": ["https://t.co/GynrbTXNWB"], "date": {"hour": 16, "month": 11, "iso": "2018-11-12T16:24:32", "year": 2018, "day": 12, "minute": 24}, "geo": null, "id": 1062018316200493056, "lang": "fr", "emoticons": [], "user_id": 960668847895470080, "coordinates": null, "source": "Twitter for Android", "location": "Paris", "mentions": []}, {"truncated": true, "text": "Le 17 novembre, plein de gens s'appr\u00eatent \u00e0 brandir leur gilet jaune en signe de protestation. Si je ne suis pas im\u2026", "hashtags": [], "topic": "unrest", "tweet_urls": ["https://t.co/Mx27svi17D"], "date": {"hour": 16, "month": 11, "iso": "2018-11-12T16:05:09", "year": 2018, "day": 12, "minute": 5}, "geo": null, "id": 1062013437797167104, "lang": "fr", "emoticons": [], "user_id": 9379272, "coordinates": null, "source": "Hootsuite Inc.", "location": "Paris", "mentions": []}, {"truncated": true, "text": "On a tout \u00e0 fait le droit de se plaindre de la hausse du prix du carburant mais il\u2026", "hashtags": [], "topic": "unrest", "tweet_urls": ["https://t.co/49QAdXfUIR"], "date": {"hour": 15, "month": 11, "iso": "2018-11-12T15:24:29", "year": 2018, "day": 12, "minute": 24}, "geo": null, "id": 1062003201824776194, "lang": "fr", "emoticons": [], "user_id": 24956018, "coordinates": null, "source": "Twitter for Android", "location": "Paris", "mentions": ["@de_marse", "@quatremer", "@Poulin2012"]}, {"truncated": true, "text": "Y a pas une ann\u00e9e o\u00f9 il n\u2019y a pas de gr\u00e8ve. Quel que soit le gouvernement, les mesures, le contexte, il y\u2026", "hashtags": [], "topic": "unrest", "tweet_urls": ["https://t.co/jVpzIMBJDG"], "date": {"hour": 12, "month": 11, "iso": "2018-11-12T12:23:21", "year": 2018, "day": 12, "minute": 23}, "geo": null, "id": 1061957621408825344, "lang": "fr", "emoticons": [], "user_id": 950469251650998273, "coordinates": null, "source": "Twitter for iPhone", "location": "Paris", "mentions": ["@Ant1Adam"]}, {"truncated": true, "text": "Pourquoi faire jouer le bol\u00e9ro de Ravel une semaine avant la protestation des gilets jaunes ? Quel \u00e9tait le message\u2026", "hashtags": [], "topic": "unrest", "tweet_urls": ["https://t.co/duHYHqWA4V"], "date": {"hour": 11, "month": 11, "iso": "2018-11-12T11:08:37", "year": 2018, "day": 12, "minute": 8}, "geo": null, "id": 1061938813818298369, "lang": "fr", "emoticons": [], "user_id": 353609779, "coordinates": null, "source": "Twitter Web Client", "location": "Paris", "mentions": []}, {"truncated": true, "text": "Pourquoi faire jouer le bol\u00e9ro de Ravel une semaine avant la protestation des gilets jaunes ? Quel \u00e9tait le message\u2026", "hashtags": [], "topic": "unrest", "tweet_urls": ["https://t.co/N7UqbBhyay"], "date": {"hour": 11, "month": 11, "iso": "2018-11-12T11:06:59", "year": 2018, "day": 12, "minute": 6}, "geo": null, "id": 1061938402986209280, "lang": "fr", "emoticons": [], "user_id": 353596036, "coordinates": null, "source": "Facebook", "location": "Paris", "mentions": []}, {"truncated": true, "text": "Pour, ou contre la du ? Franchement, il serait d\u00e9raisonnable d'\u00eatre contre la d\u00e9molition\u2026", "hashtags": ["#manifpourtous", "#17novembre"], "topic": "unrest", "tweet_urls": ["https://t.co/adJVV3dBi2"], "date": {"hour": 9, "month": 11, "iso": "2018-11-12T09:23:46", "year": 2018, "day": 12, "minute": 23}, "geo": null, "id": 1061912427263127552, "lang": "fr", "emoticons": [], "user_id": 90185947, "coordinates": null, "source": "Twitter Web Client", "location": "Paris", "mentions": []}, {"truncated": true, "text": "C'est pas le mouvement populiste soutenu par Dupont-Aignan et MLP pour protester contre la hausse des\u2026", "hashtags": [], "topic": "unrest", "tweet_urls": ["https://t.co/N9ZCP5Xftf"], "date": {"hour": 8, "month": 11, "iso": "2018-11-12T08:43:38", "year": 2018, "day": 12, "minute": 43}, "geo": null, "id": 1061902327001595905, "lang": "fr", "emoticons": [], "user_id": 92273705, "coordinates": null, "source": "Twitter for Android", "location": "Paris", "mentions": ["@greenwitch3"]}, {"truncated": true, "text": "- Gr\u00e8ve dans l\u2019Education nationale pour protester contre les suppressions de postes et la d\u00e9valorisatio\u2026", "hashtags": ["#LaMidinale"], "topic": "unrest", "tweet_urls": ["https://t.co/4MHv3RPJ7A"], "date": {"hour": 8, "month": 11, "iso": "2018-11-12T08:33:28", "year": 2018, "day": 12, "minute": 33}, "geo": null, "id": 1061899768140623872, "lang": "fr", "emoticons": [], "user_id": 260228964, "coordinates": null, "source": "Twitter for iPhone", "location": "Paris", "mentions": []}, {"truncated": true, "text": "Vous allez donc d\u00e9missionner pour protester contre ce gouvernement qui ne fait rien pour l'\u00e9cologie ? Et n\u2026", "hashtags": [], "topic": "unrest", "tweet_urls": ["https://t.co/wtBc1hmzT8"], "date": {"hour": 8, "month": 11, "iso": "2018-11-12T08:33:11", "year": 2018, "day": 12, "minute": 33}, "geo": null, "id": 1061899697546240000, "lang": "fr", "emoticons": [], "user_id": 808611280261152768, "coordinates": null, "source": "Twitter for Android", "location": "Paris", "mentions": ["@FdeRugy"]}, {"truncated": true, "text": "Lyc\u00e9e Charlemagne Paris 4e : les profs en gr\u00e8ve contre les suppressions de postes dans le secondaire et quelques ly\u2026", "hashtags": [], "topic": "unrest", "tweet_urls": ["https://t.co/cyR0na1fa5"], "date": {"hour": 8, "month": 11, "iso": "2018-11-12T08:05:17", "year": 2018, "day": 12, "minute": 5}, "geo": null, "id": 1061892674754670592, "lang": "fr", "emoticons": [], "user_id": 317699090, "coordinates": null, "source": "Twitter for iPhone", "location": "Paris", "mentions": []}, {"truncated": false, "text": "The Femen protester who disrupted Trump's motorcade on the Champs-Elys\u00e9es today.", "hashtags": [], "topic": "unrest", "tweet_urls": ["https://t.co/WFoghCqr6r"], "date": {"hour": 20, "month": 11, "iso": "2018-11-11T20:37:46", "year": 2018, "day": 11, "minute": 37}, "geo": null, "id": 1061719656233402372, "lang": "en", "emoticons": [], "user_id": 21484872, "coordinates": null, "source": "Twitter Web Client", "location": "Paris", "mentions": []}, {"truncated": true, "text": "non ! L\u00e2ches et d\u00e9gueu jusqu\"au bout !! FINI pour eux ! \u2026. sans m\u00eame protester ! J'esp\u00e8e du fond de coeur, q\u2026", "hashtags": [], "topic": "unrest", "tweet_urls": ["https://t.co/IvgfC9a97J"], "date": {"hour": 20, "month": 11, "iso": "2018-11-11T20:19:52", "year": 2018, "day": 11, "minute": 19}, "geo": null, "id": 1061715152964411399, "lang": "fr", "emoticons": [], "user_id": 2392849351, "coordinates": null, "source": "Twitter Web Client", "location": "Paris", "mentions": []}]