[{"truncated": false, "text": "\u201cTrump Says He\u2019s Unlikely to Sit for Interview in Russia Investigation ... \u201c", "hashtags": [], "topic": "politics", "tweet_urls": ["https://t.co/Bn20X6hZ22"], "date": {"hour": 0, "month": 11, "iso": "2018-11-19T00:32:35", "year": 2018, "day": 19, "minute": 32}, "geo": null, "id": 1064315466888429568, "lang": "en", "emoticons": ["\ud83d\ude37", "\ud83e\udd2a"], "user_id": 263715795, "coordinates": null, "source": "Twitter for iPhone", "id_str": "1064315466888429568", "mentions": [], "location": "Paris"}, {"truncated": true, "text": "You re spewing partisan nonsense. And you\u2026", "hashtags": [], "topic": "politics", "tweet_urls": ["https://t.co/86pTXpvySq"], "date": {"hour": 23, "month": 11, "iso": "2018-11-18T23:57:15", "year": 2018, "day": 18, "minute": 57}, "geo": null, "id": 1064306572623585280, "lang": "en", "emoticons": [], "user_id": 259882714, "coordinates": null, "source": "Twitter Lite", "id_str": "1064306572623585280", "mentions": ["@NicholasRank", "@LocoRojo37", "@BoatScarecrow", "@redsteeze", "@allahpundit"], "location": "Paris"}, {"truncated": true, "text": "Trump says he declined to listen to recording of 'vicious' Khashoggi killing\nhttps://t.co/oTpFbMZKnR\nBen Salmane d\u00e9\u2026", "hashtags": [], "topic": "politics", "tweet_urls": ["https://t.co/7u95T7vCVe"], "date": {"hour": 23, "month": 11, "iso": "2018-11-18T23:13:45", "year": 2018, "day": 18, "minute": 13}, "geo": null, "id": 1064295626031185920, "lang": "fr", "emoticons": [], "user_id": 434592844, "coordinates": null, "source": "Twitter for iPad", "id_str": "1064295626031185920", "mentions": [], "location": "Paris"}, {"truncated": true, "text": "Punjab Police must make sure that culprits of are nabbed. I do not trust Congress govt of Punjab bu\u2026", "hashtags": ["#AmritsarAttack"], "topic": "politics", "tweet_urls": ["https://t.co/sWX5fLfYzy"], "date": {"hour": 22, "month": 11, "iso": "2018-11-18T22:08:45", "year": 2018, "day": 18, "minute": 8}, "geo": null, "id": 1064279267104694272, "lang": "en", "emoticons": [], "user_id": 47359542, "coordinates": null, "source": "Twitter Web Client", "id_str": "1064279267104694272", "mentions": [], "location": "Paris"}, {"truncated": true, "text": "\u201cHow to engage women in politics to diminish under representation?\u201d", "hashtags": ["#forumdeparissurlapaix", "#parispeaceforum", "#youth\u2026"], "topic": "politics", "tweet_urls": ["https://t.co/Gj6lmhoWAw"], "date": {"hour": 22, "month": 11, "iso": "2018-11-18T22:02:35", "year": 2018, "day": 18, "minute": 2}, "geo": null, "id": 1064277718047567872, "lang": "en", "emoticons": [], "user_id": 1061753104775987206, "coordinates": null, "source": "Twitter for iPhone", "id_str": "1064277718047567872", "mentions": [], "location": "Paris"}, {"truncated": true, "text": "Lawmakers introduce legislation to save federal flood insurance program : Down the Shore : Politics &amp; Policy\u2026", "hashtags": [], "topic": "politics", "tweet_urls": ["https://t.co/wqCG2pOY9M"], "date": {"hour": 21, "month": 11, "iso": "2018-11-18T21:59:18", "year": 2018, "day": 18, "minute": 59}, "geo": null, "id": 1064276889450221568, "lang": "en", "emoticons": [], "user_id": 893092879, "coordinates": null, "source": "Scoop.it", "id_str": "1064276889450221568", "mentions": [], "location": "Paris"}, {"truncated": true, "text": "The old dichotomy between left and right is no longer enough, and the alternation of political parties in power no\u2026", "hashtags": [], "topic": "politics", "tweet_urls": ["https://t.co/hBs2OHiL1i"], "date": {"hour": 21, "month": 11, "iso": "2018-11-18T21:36:00", "year": 2018, "day": 18, "minute": 36}, "geo": null, "id": 1064271025632829440, "lang": "en", "emoticons": [], "user_id": 206368233, "coordinates": null, "source": "TweetDeck", "id_str": "1064271025632829440", "mentions": [], "location": "Paris"}, {"truncated": true, "text": "Ortiz, burro, nunca deb\u00edas haber subido como diputado. No dice nada de eso la constituc\u2026", "hashtags": [], "topic": "politics", "tweet_urls": ["https://t.co/JimWcHrF30"], "date": {"hour": 1, "month": 11, "iso": "2018-11-19T01:46:04", "year": 2018, "day": 19, "minute": 46}, "geo": null, "id": 1064333958530441217, "lang": "es", "emoticons": [], "user_id": 211511505, "coordinates": null, "source": "Twitter Web Client", "id_str": "1064333958530441217", "mentions": ["@caraocruzpy", "@DipPastorVera"], "location": "Paris"}, {"truncated": true, "text": "Ver a la extrema derecha y a la extrema izquierda de la mano en esto hace que surjan muchas\u2026", "hashtags": [], "topic": "politics", "tweet_urls": ["https://t.co/A9vGtsKuNz"], "date": {"hour": 22, "month": 11, "iso": "2018-11-18T22:08:42", "year": 2018, "day": 18, "minute": 8}, "geo": null, "id": 1064279254429511680, "lang": "es", "emoticons": [], "user_id": 498931871, "coordinates": null, "source": "Twitter for iPhone", "id_str": "1064279254429511680", "mentions": ["@jfombona", "@marujatarre"], "location": "Paris"}, {"truncated": true, "text": "No ser\u00e1 la primera vez que Alan Garc\u00eda se escapa. En 1992, se asil\u00f3 en Colombia por 9 a\u00f1os, hasta que prescibieran\u2026", "hashtags": [], "topic": "politics", "tweet_urls": ["https://t.co/CqNyqeIyDU"], "date": {"hour": 21, "month": 11, "iso": "2018-11-18T21:11:16", "year": 2018, "day": 18, "minute": 11}, "geo": null, "id": 1064264803387154434, "lang": "es", "emoticons": [], "user_id": 327231460, "coordinates": null, "source": "Twitter Web Client", "id_str": "1064264803387154434", "mentions": [], "location": "Paris"}, {"truncated": true, "text": "Donc quand c'est politique, c'est normal d'\u00eatre pass\u00e9 a tabac... C'est encore plus triste pour la\u2026", "hashtags": [], "topic": "politics", "tweet_urls": ["https://t.co/8XhVCSgi04"], "date": {"hour": 2, "month": 11, "iso": "2018-11-19T02:20:12", "year": 2018, "day": 19, "minute": 20}, "geo": null, "id": 1064342547647160320, "lang": "fr", "emoticons": [], "user_id": 1894897502, "coordinates": null, "source": "Twitter for Android", "id_str": "1064342547647160320", "mentions": ["@aqwzsxe70831589"], "location": "Paris"}, {"truncated": false, "text": "Wauquiez s'oppose \u00e0 la PMA pour toutes en \u00e9voquant l'eug\u00e9nisme nazi", "hashtags": ["#Politique"], "topic": "politics", "tweet_urls": ["https://t.co/JVpPaoigGr", "https://t.co/PKTkNIavqm"], "date": {"hour": 1, "month": 11, "iso": "2018-11-19T01:52:06", "year": 2018, "day": 19, "minute": 52}, "geo": null, "id": 1064335476721635328, "lang": "fr", "emoticons": [], "user_id": 1271852322, "coordinates": null, "source": "L'important", "id_str": "1064335476721635328", "mentions": [], "location": "Paris"}, {"truncated": false, "text": "\u00ab Gilets jaunes \u00bb : Edouard Philippe r\u00e9affirme que \u00ab le cap sera tenu \u00bb", "hashtags": [], "topic": "politics", "tweet_urls": ["https://t.co/3Cl7ifJXk6"], "date": {"hour": 1, "month": 11, "iso": "2018-11-19T01:39:55", "year": 2018, "day": 19, "minute": 39}, "geo": null, "id": 1064332411905982464, "lang": "fr", "emoticons": [], "user_id": 2422762861, "coordinates": null, "source": "Netguide.com", "id_str": "1064332411905982464", "mentions": [], "location": "Paris"}, {"truncated": true, "text": "Gilets jaunes : \u00abNous poursuivrons la trajectoire pr\u00e9vue\u00bb, assure Fran\u00e7ois de Rugy\n\nCelle qui vous m\u00e8nent droit dan\u2026", "hashtags": [], "topic": "politics", "tweet_urls": ["https://t.co/ZZMDIf9Z0g"], "date": {"hour": 1, "month": 11, "iso": "2018-11-19T01:39:46", "year": 2018, "day": 19, "minute": 39}, "geo": null, "id": 1064332370776592384, "lang": "fr", "emoticons": [], "user_id": 272588838, "coordinates": null, "source": "Twitter for iPhone", "id_str": "1064332370776592384", "mentions": [], "location": "Paris"}, {"truncated": false, "text": "Bernard Sanan\u00e8s: \u00abEmmanuel Macron affronte un second tour \u00e0 l\u2019envers\u00bb", "hashtags": [], "topic": "politics", "tweet_urls": ["https://t.co/Tkls9ZO8rF"], "date": {"hour": 1, "month": 11, "iso": "2018-11-19T01:36:40", "year": 2018, "day": 19, "minute": 36}, "geo": null, "id": 1064331593936982017, "lang": "fr", "emoticons": [], "user_id": 2422762861, "coordinates": null, "source": "Netguide.com", "id_str": "1064331593936982017", "mentions": [], "location": "Paris"}, {"truncated": false, "text": "Immeubles effondr\u00e9s \u00e0 Marseille: Jean-Claude Gaudin peut-il aller au bout de son mandat?", "hashtags": [], "topic": "politics", "tweet_urls": ["https://t.co/Ki5InFekRJ", "https://t.co/nCTNgWWwWv"], "date": {"hour": 1, "month": 11, "iso": "2018-11-19T01:34:45", "year": 2018, "day": 19, "minute": 34}, "geo": null, "id": 1064331111533289473, "lang": "fr", "emoticons": [], "user_id": 2649991, "coordinates": null, "source": "Echobox Social", "id_str": "1064331111533289473", "mentions": [], "location": "Paris"}, {"truncated": false, "text": "\"Gilets jaunes\" : \"Si Macron revient en arri\u00e8re, il perdra tout cr\u00e9dit\", estime Mazerolle", "hashtags": [], "topic": "politics", "tweet_urls": ["https://t.co/ReBj5XSmrk"], "date": {"hour": 1, "month": 11, "iso": "2018-11-19T01:29:36", "year": 2018, "day": 19, "minute": 29}, "geo": null, "id": 1064329815384309760, "lang": "fr", "emoticons": [], "user_id": 2422762861, "coordinates": null, "source": "Netguide.com", "id_str": "1064329815384309760", "mentions": [], "location": "Paris"}, {"truncated": false, "text": "\"Gilets jaunes\" : \u00c9douard Philippe d\u00e9nonce des sc\u00e8nes \"d'anarchie\"", "hashtags": [], "topic": "politics", "tweet_urls": ["https://t.co/yMEh3wbFNb"], "date": {"hour": 1, "month": 11, "iso": "2018-11-19T01:21:28", "year": 2018, "day": 19, "minute": 21}, "geo": null, "id": 1064327767108534274, "lang": "fr", "emoticons": [], "user_id": 2422762861, "coordinates": null, "source": "Netguide.com", "id_str": "1064327767108534274", "mentions": [], "location": "Paris"}, {"truncated": false, "text": "Edouard Philippe : \"J'entends ce que disent les Fran\u00e7ais\" mais \"le cap est bon, nous allons le tenir\"", "hashtags": [], "topic": "politics", "tweet_urls": ["https://t.co/FQR1yUKBDg"], "date": {"hour": 1, "month": 11, "iso": "2018-11-19T01:07:31", "year": 2018, "day": 19, "minute": 7}, "geo": null, "id": 1064324257226915840, "lang": "fr", "emoticons": [], "user_id": 2422762861, "coordinates": null, "source": "Netguide.com", "id_str": "1064324257226915840", "mentions": [], "location": "Paris"}, {"truncated": false, "text": "Sondage : Macron doit d\u00e9missionner ?", "hashtags": [], "topic": "politics", "tweet_urls": ["https://t.co/qL2ToauZS4"], "date": {"hour": 0, "month": 11, "iso": "2018-11-19T00:59:14", "year": 2018, "day": 19, "minute": 59}, "geo": null, "id": 1064322171256938504, "lang": "fr", "emoticons": [], "user_id": 38489301, "coordinates": null, "source": "Facebook", "id_str": "1064322171256938504", "mentions": [], "location": "Paris"}, {"truncated": false, "text": "Macron doit d\u00e9missionner ? via", "hashtags": [], "topic": "politics", "tweet_urls": ["https://t.co/io43lD270y"], "date": {"hour": 0, "month": 11, "iso": "2018-11-19T00:59:08", "year": 2018, "day": 19, "minute": 59}, "geo": null, "id": 1064322144837005314, "lang": "fr", "emoticons": [], "user_id": 38489301, "coordinates": null, "source": "Twitter for iPhone", "id_str": "1064322144837005314", "mentions": ["@mesopinions_com"], "location": "Paris"}, {"truncated": true, "text": "..Guerre politique pour : apr\u00e8s et les proc\u00e9dures judiciaires o\u00f9 chaque\u2026", "hashtags": ["#Europ\u00e9ennes2019", "#BenallaGate"], "topic": "politics", "tweet_urls": ["https://t.co/Wf9nzJBJOV"], "date": {"hour": 0, "month": 11, "iso": "2018-11-19T00:57:16", "year": 2018, "day": 19, "minute": 57}, "geo": null, "id": 1064321676912062465, "lang": "fr", "emoticons": [], "user_id": 857804828, "coordinates": null, "source": "Twitter for Android", "id_str": "1064321676912062465", "mentions": ["@andrebercoff"], "location": "Paris"}, {"truncated": false, "text": "Wauquiez s'oppose \u00e0 la PMA pour toutes en \u00e9voquant l'eug\u00e9nisme nazi", "hashtags": ["#Politique"], "topic": "politics", "tweet_urls": ["https://t.co/JVpPaoigGr", "https://t.co/fbHEYZwtRv"], "date": {"hour": 0, "month": 11, "iso": "2018-11-19T00:51:06", "year": 2018, "day": 19, "minute": 51}, "geo": null, "id": 1064320123069190146, "lang": "fr", "emoticons": [], "user_id": 1271852322, "coordinates": null, "source": "L'important", "id_str": "1064320123069190146", "mentions": [], "location": "Paris"}, {"truncated": false, "text": "Gilets jaunes : rendez-vous \u00e0 Paris samedi 24 jaune 24", "hashtags": ["#Gilts", "#Paris", "#dimanche"], "topic": "politics", "tweet_urls": ["https://t.co/GgjGoPfHb8", "https://t.co/iL6JaglNEi"], "date": {"hour": 0, "month": 11, "iso": "2018-11-19T00:47:05", "year": 2018, "day": 19, "minute": 47}, "geo": null, "id": 1064319113630109696, "lang": "fr", "emoticons": [], "user_id": 347798938, "coordinates": null, "source": "dlvr.it", "id_str": "1064319113630109696", "mentions": [], "location": "Paris"}, {"truncated": false, "text": "La \u00abd\u00e9sorganisation\u00bb des \u00abgilets jaunes\u00bb trouble le minist\u00e8re de l'Int\u00e9rieur", "hashtags": [], "topic": "politics", "tweet_urls": ["https://t.co/pz859cygq7"], "date": {"hour": 0, "month": 11, "iso": "2018-11-19T00:44:39", "year": 2018, "day": 19, "minute": 44}, "geo": null, "id": 1064318499730935811, "lang": "fr", "emoticons": [], "user_id": 2422762861, "coordinates": null, "source": "Netguide.com", "id_str": "1064318499730935811", "mentions": [], "location": "Paris"}, {"truncated": false, "text": "L\u00e9gislatives partielles en Essonne: le favori de Valls et la candidate LFI au second tour.", "hashtags": [], "topic": "politics", "tweet_urls": ["https://t.co/G9SmBvwGkR"], "date": {"hour": 0, "month": 11, "iso": "2018-11-19T00:27:28", "year": 2018, "day": 19, "minute": 27}, "geo": null, "id": 1064314179144699906, "lang": "fr", "emoticons": [], "user_id": 276605327, "coordinates": null, "source": "France Actualit\u00e9s", "id_str": "1064314179144699906", "mentions": [], "location": "Paris"}, {"truncated": true, "text": "Utiliser la violence \u00e0 des fins politique, c'est du fanatisme qui dessert la cause des handicap\u00e9s. La\u2026", "hashtags": [], "topic": "politics", "tweet_urls": ["https://t.co/6dz3XrMOaA"], "date": {"hour": 0, "month": 11, "iso": "2018-11-19T00:26:22", "year": 2018, "day": 19, "minute": 26}, "geo": null, "id": 1064313899636465666, "lang": "fr", "emoticons": [], "user_id": 120177503, "coordinates": null, "source": "Twitter for Android", "id_str": "1064313899636465666", "mentions": ["@le_Parisien"], "location": "Paris"}, {"truncated": true, "text": "\u00e0 qui la faute ? \u00abLe gouvernement a mal g\u00e9r\u00e9 cette crise, la transition \u00e9cologique et \u00e9nerg\u00e9tique, c\u2026", "hashtags": ["#Giletsjaunes"], "topic": "politics", "tweet_urls": ["https://t.co/Cszuf5U5jr"], "date": {"hour": 0, "month": 11, "iso": "2018-11-19T00:21:12", "year": 2018, "day": 19, "minute": 21}, "geo": null, "id": 1064312602212401152, "lang": "fr", "emoticons": [], "user_id": 331556368, "coordinates": null, "source": "Twitter for iPhone", "id_str": "1064312602212401152", "mentions": [], "location": "Paris"}, {"truncated": true, "text": "Netanyahou joue donc la politique de rapprochement et de collaboration avec de puissants pays arabes (Egypte-Arabie\u2026", "hashtags": [], "topic": "politics", "tweet_urls": ["https://t.co/RBILxZrqFU"], "date": {"hour": 0, "month": 11, "iso": "2018-11-19T00:19:41", "year": 2018, "day": 19, "minute": 19}, "geo": null, "id": 1064312218668421121, "lang": "fr", "emoticons": [], "user_id": 111556179, "coordinates": null, "source": "Twitter Web Client", "id_str": "1064312218668421121", "mentions": [], "location": "Paris"}, {"truncated": true, "text": "Je ne peux pas continuer. et vous avez e\u2026", "hashtags": [], "topic": "politics", "tweet_urls": ["https://t.co/iBWD6Z86QU"], "date": {"hour": 0, "month": 11, "iso": "2018-11-19T00:05:38", "year": 2018, "day": 19, "minute": 5}, "geo": null, "id": 1064308684464013313, "lang": "fr", "emoticons": [], "user_id": 92346703, "coordinates": null, "source": "Twitter Web Client", "id_str": "1064308684464013313", "mentions": ["@mamabouk2", "@Zebef", "@Hamouda235", "@Jasmine13041973", "@ahals12", "@Zebef", "@mamabouk2,"], "location": "Paris"}, {"truncated": false, "text": "tu m'as achev\u00e9e d'un c\u00f4t\u00e9 \u00e7a bataille pour pas avoir de tap\u00e9s int\u00e9gristes en politique de l'autre \u00e7a \u00e9lit une secte.", "hashtags": [], "topic": "politics", "tweet_urls": [], "date": {"hour": 23, "month": 11, "iso": "2018-11-18T23:56:56", "year": 2018, "day": 18, "minute": 56}, "geo": null, "id": 1064306494273921024, "lang": "fr", "emoticons": [], "user_id": 13363862, "coordinates": null, "source": "Twitter Web Client", "id_str": "1064306494273921024", "mentions": ["@KyloRen25"], "location": "Paris"}, {"truncated": true, "text": "J'suis pas bien, je ne r\u00e9alise pas, j'ai fini Ginga Eyiuu Densetsu, le Kaiser du Space Op\u00e9ra, masterclass en strat\u00e9\u2026", "hashtags": [], "topic": "politics", "tweet_urls": ["https://t.co/OXmbMF7dc4"], "date": {"hour": 23, "month": 11, "iso": "2018-11-18T23:55:07", "year": 2018, "day": 18, "minute": 55}, "geo": null, "id": 1064306037866618880, "lang": "fr", "emoticons": [], "user_id": 824581734184456192, "coordinates": null, "source": "Twitter for Android", "id_str": "1064306037866618880", "mentions": [], "location": "Paris"}, {"truncated": false, "text": "Oui nous y sommes / L'\u00e9ditorial du Figaro: \u00abImpasse\u00bb via", "hashtags": [], "topic": "politics", "tweet_urls": ["https://t.co/zolUrfEATT"], "date": {"hour": 23, "month": 11, "iso": "2018-11-18T23:52:56", "year": 2018, "day": 18, "minute": 52}, "geo": null, "id": 1064305488546930689, "lang": "fr", "emoticons": ["\ud83d\udce2"], "user_id": 493174819, "coordinates": null, "source": "Twitter for iPhone", "id_str": "1064305488546930689", "mentions": ["@FigaroVox"], "location": "Paris"}, {"truncated": false, "text": "Wauquiez s'oppose \u00e0 la PMA pour toutes en \u00e9voquant l'eug\u00e9nisme nazi", "hashtags": ["#Politique"], "topic": "politics", "tweet_urls": ["https://t.co/JVpPaoigGr", "https://t.co/8pu9CrTaaQ"], "date": {"hour": 23, "month": 11, "iso": "2018-11-18T23:49:05", "year": 2018, "day": 18, "minute": 49}, "geo": null, "id": 1064304518316417024, "lang": "fr", "emoticons": [], "user_id": 1271852322, "coordinates": null, "source": "L'important", "id_str": "1064304518316417024", "mentions": [], "location": "Paris"}, {"truncated": true, "text": "\u00c7a fait un bout de temps que je ne regarde plus alors si elle r\u2026", "hashtags": [], "topic": "politics", "tweet_urls": ["https://t.co/cFRD2CgRGp"], "date": {"hour": 23, "month": 11, "iso": "2018-11-18T23:46:46", "year": 2018, "day": 18, "minute": 46}, "geo": null, "id": 1064303935073206272, "lang": "fr", "emoticons": [], "user_id": 1022028742770806787, "coordinates": null, "source": "Twitter for iPhone", "id_str": "1064303935073206272", "mentions": ["@cavousf5", "@fhollande", "@BabethLemoine", "@BabethLemoine"], "location": "Paris"}, {"truncated": true, "text": "C\u2019est la principale propri\u00e9t\u00e9 du pouvoir politique depuis 2 si\u00e8cles dans les d\u00e9mocraties, le substrat s\u2026", "hashtags": [], "topic": "politics", "tweet_urls": ["https://t.co/JTH7Y5BXCO"], "date": {"hour": 23, "month": 11, "iso": "2018-11-18T23:43:12", "year": 2018, "day": 18, "minute": 43}, "geo": null, "id": 1064303037068521477, "lang": "fr", "emoticons": [], "user_id": 2746824302, "coordinates": null, "source": "Twitter for iPhone", "id_str": "1064303037068521477", "mentions": ["@DamienRieu"], "location": "Paris"}, {"truncated": true, "text": "2/ marche... Ce parti sert \u00e0 emp\u00eacher tout d\u00e9bat d'id\u00e9es et \u00e0 discr\u00e9diter des alternat\u2026", "hashtags": [], "topic": "politics", "tweet_urls": ["https://t.co/zRyq4rOkw5"], "date": {"hour": 23, "month": 11, "iso": "2018-11-18T23:40:28", "year": 2018, "day": 18, "minute": 40}, "geo": null, "id": 1064302351270465541, "lang": "fr", "emoticons": [], "user_id": 357317158, "coordinates": null, "source": "Fenix 2", "id_str": "1064302351270465541", "mentions": ["@Administral", "@daniele_favari"], "location": "Paris"}, {"truncated": false, "text": "La \u00abd\u00e9sorganisation\u00bb des \u00abgilets jaunes\u00bb trouble le minist\u00e8re de l'Int\u00e9rieur via", "hashtags": [], "topic": "politics", "tweet_urls": ["https://t.co/CC0vp8XOqL"], "date": {"hour": 23, "month": 11, "iso": "2018-11-18T23:39:16", "year": 2018, "day": 18, "minute": 39}, "geo": null, "id": 1064302046600462336, "lang": "fr", "emoticons": ["\ud83d\udce2"], "user_id": 493174819, "coordinates": null, "source": "Twitter for iPhone", "id_str": "1064302046600462336", "mentions": ["@Le_Figaro"], "location": "Paris"}, {"truncated": true, "text": "Oui excellente prestation de : un discours profond, d'\u00e9cono\u2026", "hashtags": [], "topic": "politics", "tweet_urls": ["https://t.co/RF6xFb7YH8"], "date": {"hour": 23, "month": 11, "iso": "2018-11-18T23:36:52", "year": 2018, "day": 18, "minute": 36}, "geo": null, "id": 1064301441328836608, "lang": "fr", "emoticons": [], "user_id": 1647031086, "coordinates": null, "source": "Twitter for Android", "id_str": "1064301441328836608", "mentions": ["@AntoineBaudino", "@JackyCornu", "@MLP_officiel", "@MLP_officiel"], "location": "Paris"}, {"truncated": false, "text": "\"Gilets jaunes\" : \"on a vu des sc\u00e8nes qui relevaient de l'anarchie\", affirme Edouard Philippe", "hashtags": [], "topic": "politics", "tweet_urls": ["https://t.co/mIU9GPDQzy"], "date": {"hour": 23, "month": 11, "iso": "2018-11-18T23:36:13", "year": 2018, "day": 18, "minute": 36}, "geo": null, "id": 1064301278703087618, "lang": "fr", "emoticons": [], "user_id": 2422762861, "coordinates": null, "source": "Netguide.com", "id_str": "1064301278703087618", "mentions": [], "location": "Paris"}, {"truncated": true, "text": "J\u00e9r\u00f4me Sainte-Marie : \u00abLes \u00abgilets jaunes\u00bb font converger des \u00e9lectorats populaires jusqu'ici oppos\u00e9s\u00bb \u2066\u2026", "hashtags": [], "topic": "politics", "tweet_urls": ["https://t.co/Q6FiolkFmE"], "date": {"hour": 23, "month": 11, "iso": "2018-11-18T23:30:59", "year": 2018, "day": 18, "minute": 30}, "geo": null, "id": 1064299961838419969, "lang": "fr", "emoticons": [], "user_id": 955981538, "coordinates": null, "source": "Twitter for iPhone", "id_str": "1064299961838419969", "mentions": [], "location": "Paris"}, {"truncated": false, "text": "Soci\u00e9t\u00e9 Cutry : les propri\u00e9taires du lotissement fant\u00f4me devront payer - Le R\u00e9publicain Lorrain", "hashtags": [], "topic": "politics", "tweet_urls": ["https://t.co/bLFMdKRZT6"], "date": {"hour": 23, "month": 11, "iso": "2018-11-18T23:29:19", "year": 2018, "day": 18, "minute": 29}, "geo": null, "id": 1064299544068988928, "lang": "fr", "emoticons": [], "user_id": 569363716, "coordinates": null, "source": "IFTTT", "id_str": "1064299544068988928", "mentions": [], "location": "Paris"}, {"truncated": true, "text": "ligne non entretenue par la SNCF depuis des ann\u00e9es non \u00e9lectrifi\u00e9e et vitesse limit\u00e9e \u00e0 40 kmh.\nPourt\u2026", "hashtags": [], "topic": "politics", "tweet_urls": ["https://t.co/cnxMJcVnbQ"], "date": {"hour": 23, "month": 11, "iso": "2018-11-18T23:28:29", "year": 2018, "day": 18, "minute": 28}, "geo": null, "id": 1064299334622158853, "lang": "fr", "emoticons": [], "user_id": 326593604, "coordinates": null, "source": "Twitter Web Client", "id_str": "1064299334622158853", "mentions": ["@Maitre_Eolas"], "location": "Paris"}, {"truncated": false, "text": "Si c'est aussi creux, cela signifie-t-il que malgr\u00e9 les d\u00e9n\u00e9gations, elle se voit un destin politique?...", "hashtags": [], "topic": "politics", "tweet_urls": [], "date": {"hour": 23, "month": 11, "iso": "2018-11-18T23:27:34", "year": 2018, "day": 18, "minute": 27}, "geo": null, "id": 1064299103717392385, "lang": "fr", "emoticons": [], "user_id": 832150301847216130, "coordinates": null, "source": "Twitter for Android", "id_str": "1064299103717392385", "mentions": ["@FredericSays"], "location": "Paris"}, {"truncated": false, "text": "\"Gilets jaunes\": Collomb appelle \u00e0 \"\u00eatre \u00e0 l'\u00e9coute\" via", "hashtags": [], "topic": "politics", "tweet_urls": ["https://t.co/YjiPNRG7xP"], "date": {"hour": 23, "month": 11, "iso": "2018-11-18T23:26:42", "year": 2018, "day": 18, "minute": 26}, "geo": null, "id": 1064298886611828736, "lang": "fr", "emoticons": [], "user_id": 793876317976526848, "coordinates": null, "source": "Twitter Web Client", "id_str": "1064298886611828736", "mentions": ["@BFMTV"], "location": "Paris"}, {"truncated": true, "text": "= ? Le raccourci catastrophique de qui est capable d'atteindre le tout seul da\u2026", "hashtags": ["#PMA", "#Nazisme", "#Wauquiez", "#PointGodwin"], "topic": "politics", "tweet_urls": ["https://t.co/I1abaQWied"], "date": {"hour": 23, "month": 11, "iso": "2018-11-18T23:21:18", "year": 2018, "day": 18, "minute": 21}, "geo": null, "id": 1064297527531442177, "lang": "fr", "emoticons": [], "user_id": 47141398, "coordinates": null, "source": "Twitter Web Client", "id_str": "1064297527531442177", "mentions": [], "location": "Paris"}, {"truncated": false, "text": "La cote de popularit\u00e9 d'Emmanuel Macron chute \u00e0 25% de satisfaits, son niveau le plus bas\n\nhttps://t.co/a5SkXyZCX0", "hashtags": [], "topic": "politics", "tweet_urls": ["https://t.co/LjoPDWnUeB"], "date": {"hour": 23, "month": 11, "iso": "2018-11-18T23:20:00", "year": 2018, "day": 18, "minute": 20}, "geo": null, "id": 1064297198085521408, "lang": "fr", "emoticons": [], "user_id": 357412940, "coordinates": null, "source": "TweetDeck", "id_str": "1064297198085521408", "mentions": [], "location": "Paris"}, {"truncated": true, "text": "Malgr\u00e9 les \"#Macron, d\u00e9mission!\", le talkie-walkie de continue \u00e0 s'\u00e9gosiller \"Il faut nous faire\u2026", "hashtags": ["#Griveaux", "#Macron"], "topic": "politics", "tweet_urls": ["https://t.co/WSPMW9Si6T"], "date": {"hour": 23, "month": 11, "iso": "2018-11-18T23:18:18", "year": 2018, "day": 18, "minute": 18}, "geo": null, "id": 1064296769180393472, "lang": "fr", "emoticons": [], "user_id": 3064923280, "coordinates": null, "source": "Twitter Web Client", "id_str": "1064296769180393472", "mentions": [], "location": "Paris"}, {"truncated": false, "text": "Fran\u00e7ois Hollande et S\u00e9gol\u00e8ne Royal, l\u2019\u00e9ternel retour \u2014 via", "hashtags": [], "topic": "politics", "tweet_urls": ["https://t.co/A3lOBQNKNP"], "date": {"hour": 23, "month": 11, "iso": "2018-11-18T23:11:54", "year": 2018, "day": 18, "minute": 11}, "geo": null, "id": 1064295162216701952, "lang": "fr", "emoticons": [], "user_id": 1404884185, "coordinates": null, "source": "Twitter for iPad", "id_str": "1064295162216701952", "mentions": ["@lemondefr\n#OuPas"], "location": "Paris"}, {"truncated": false, "text": "La politique de Macron monte les fran\u00e7ais les uns contre les autres. J'esp\u00e8re qu'il est content comme \u00e7a, ce sombre abrutis", "hashtags": [], "topic": "politics", "tweet_urls": [], "date": {"hour": 23, "month": 11, "iso": "2018-11-18T23:09:53", "year": 2018, "day": 18, "minute": 9}, "geo": null, "id": 1064294653741211650, "lang": "fr", "emoticons": [], "user_id": 2483863777, "coordinates": null, "source": "Twitter for Android", "id_str": "1064294653741211650", "mentions": [], "location": "Paris"}, {"truncated": false, "text": "Laurent Wauquiez d\u00e9nonce \"l\u2019eug\u00e9nisme\" de la PMA devant Sens Commun via", "hashtags": [], "topic": "politics", "tweet_urls": ["https://t.co/QqWHyUT9Wk"], "date": {"hour": 23, "month": 11, "iso": "2018-11-18T23:07:22", "year": 2018, "day": 18, "minute": 7}, "geo": null, "id": 1064294019440754689, "lang": "fr", "emoticons": [], "user_id": 573838319, "coordinates": null, "source": "Twitter Web Client", "id_str": "1064294019440754689", "mentions": ["@Valeurs"], "location": "Paris"}, {"truncated": false, "text": "Gilets jaunes\u00a0: le gouvernement \"garde le cap\"", "hashtags": [], "topic": "politics", "tweet_urls": ["https://t.co/GcjmJIMfIz"], "date": {"hour": 23, "month": 11, "iso": "2018-11-18T23:07:20", "year": 2018, "day": 18, "minute": 7}, "geo": null, "id": 1064294012675399681, "lang": "fr", "emoticons": [], "user_id": 986508564, "coordinates": null, "source": "Twitter for Android", "id_str": "1064294012675399681", "mentions": [], "location": "Paris"}, {"truncated": true, "text": "allez mes s\u00e9ries ! ... pardon mes ch\u00e9ris ! ;o) avec on est au bord du concept : format\u2026", "hashtags": ["#cheriescheris", "#GENDERDERBY"], "topic": "politics", "tweet_urls": ["https://t.co/RJWXHeAPIZ"], "date": {"hour": 23, "month": 11, "iso": "2018-11-18T23:06:24", "year": 2018, "day": 18, "minute": 6}, "geo": null, "id": 1064293776825438209, "lang": "fr", "emoticons": [], "user_id": 379429470, "coordinates": null, "source": "Twitter Web Client", "id_str": "1064293776825438209", "mentions": [], "location": "Paris"}, {"truncated": false, "text": "pas de politique please ...\n\net pas de chose trop intime.\nsinon ... avec un marseillais, \u00e7a risque de ...", "hashtags": [], "topic": "politics", "tweet_urls": [], "date": {"hour": 23, "month": 11, "iso": "2018-11-18T23:04:10", "year": 2018, "day": 18, "minute": 4}, "geo": null, "id": 1064293212288897024, "lang": "fr", "emoticons": [], "user_id": 1645096070, "coordinates": null, "source": "Twitter Web Client", "id_str": "1064293212288897024", "mentions": ["@Awksfr", "@togen"], "location": "Paris"}, {"truncated": true, "text": "Il faut donner un nouveau projet \u00e0 l\u2019Union Europ\u00e9enne, un projet plus d\u00e9mocratique, un projet plus politique, un pr\u2026", "hashtags": [], "topic": "politics", "tweet_urls": ["https://t.co/26pirmhkH6"], "date": {"hour": 23, "month": 11, "iso": "2018-11-18T23:03:39", "year": 2018, "day": 18, "minute": 3}, "geo": null, "id": 1064293085742579712, "lang": "fr", "emoticons": [], "user_id": 16389573, "coordinates": null, "source": "Twitter for iPhone", "id_str": "1064293085742579712", "mentions": [], "location": "Paris"}, {"truncated": false, "text": "Vous avez parl\u00e9 politique avec la coloriste, non ? Et vous vous \u00eates chamaill\u00e9es... \nCa s'estompera avec qq shampoings...", "hashtags": [], "topic": "politics", "tweet_urls": [], "date": {"hour": 23, "month": 11, "iso": "2018-11-18T23:01:11", "year": 2018, "day": 18, "minute": 1}, "geo": null, "id": 1064292462095724545, "lang": "fr", "emoticons": [], "user_id": 1060427995, "coordinates": null, "source": "Twitter for Android", "id_str": "1064292462095724545", "mentions": ["@MINNIECASTEVET_"], "location": "Paris"}, {"truncated": true, "text": "Moins de 20% des \u00e9lecteurs pour \u00e9lire leur repr\u00e9sentant.e \u00e0 l'Assembl\u00e9e nationale. Il y a un gros probl\u00e8me\u2026", "hashtags": [], "topic": "politics", "tweet_urls": ["https://t.co/as4EkjMTSo"], "date": {"hour": 22, "month": 11, "iso": "2018-11-18T22:55:20", "year": 2018, "day": 18, "minute": 55}, "geo": null, "id": 1064290992503865344, "lang": "fr", "emoticons": [], "user_id": 19540983, "coordinates": null, "source": "Twitter for Android", "id_str": "1064290992503865344", "mentions": [], "location": "Paris"}, {"truncated": true, "text": "\u201cIl y a eu 409 bless\u00e9s, 282 interpellations et 157 gardes \u00e0 vue\u201d, annonce le ministre\u2026", "hashtags": ["#Giletsjaunes"], "topic": "politics", "tweet_urls": ["https://t.co/2gq2YTDTs1"], "date": {"hour": 22, "month": 11, "iso": "2018-11-18T22:55:06", "year": 2018, "day": 18, "minute": 55}, "geo": null, "id": 1064290934093942785, "lang": "fr", "emoticons": [], "user_id": 42628461, "coordinates": null, "source": "Tweetbot for i\u039fS", "id_str": "1064290934093942785", "mentions": ["@renaud_epstein"], "location": "Paris"}, {"truncated": true, "text": "Bravo \u00e0 et qui atteignent le second tour dans la !\n\nCela confirme que la\u2026", "hashtags": ["#circo9101"], "topic": "politics", "tweet_urls": ["https://t.co/JT4nY5Eztd"], "date": {"hour": 22, "month": 11, "iso": "2018-11-18T22:47:43", "year": 2018, "day": 18, "minute": 47}, "geo": null, "id": 1064289074884870144, "lang": "fr", "emoticons": ["\ud83d\udd34"], "user_id": 441719109, "coordinates": null, "source": "Twitter for iPhone", "id_str": "1064289074884870144", "mentions": ["@Farida_Amrani_", "@UlysseRabate"], "location": "Paris"}, {"truncated": true, "text": "Tiens donc, l'optimisation comptable que nous d\u00e9non\u00e7ons \u00e0 chaque conseil de Explosion de la dette de Pari\u2026", "hashtags": ["#paris10"], "topic": "politics", "tweet_urls": ["https://t.co/voATzYS8nF"], "date": {"hour": 22, "month": 11, "iso": "2018-11-18T22:47:30", "year": 2018, "day": 18, "minute": 47}, "geo": null, "id": 1064289021420060674, "lang": "fr", "emoticons": [], "user_id": 48646983, "coordinates": null, "source": "Twitter for iPhone", "id_str": "1064289021420060674", "mentions": [], "location": "Paris"}, {"truncated": true, "text": "Ouais y'a juste 6,9 milliards e gens qui cr\u00e8vent \u00e0 cause de la politique\u2026", "hashtags": [], "topic": "politics", "tweet_urls": ["https://t.co/4WhwIq7NRh"], "date": {"hour": 22, "month": 11, "iso": "2018-11-18T22:45:37", "year": 2018, "day": 18, "minute": 45}, "geo": null, "id": 1064288546310316033, "lang": "fr", "emoticons": [], "user_id": 2611784160, "coordinates": null, "source": "Twitter Web Client", "id_str": "1064288546310316033", "mentions": ["@Mr100pseudo", "@Azthegame27", "@ChroniqueDisney"], "location": "Paris"}, {"truncated": true, "text": "POLITIQUE - Ce dimanche se tenait le 1er tour de la l\u00e9gislative partielle dans la 1\u00e8re circo. de l\u2019Essonne pour\u2026", "hashtags": [], "topic": "politics", "tweet_urls": ["https://t.co/nXPCohQ75C"], "date": {"hour": 22, "month": 11, "iso": "2018-11-18T22:44:26", "year": 2018, "day": 18, "minute": 44}, "geo": null, "id": 1064288248019787779, "lang": "fr", "emoticons": ["\ud83c\uddeb\ud83c\uddf7", "\ud83d\udd35"], "user_id": 793842846050684928, "coordinates": null, "source": "Twitter for iPhone", "id_str": "1064288248019787779", "mentions": [], "location": "Paris"}, {"truncated": true, "text": "Pour ceux qui doutaient du positionnement politique de Valls et de son adjoint \u00e0 droite toute. Le maire d'Evry a fa\u2026", "hashtags": [], "topic": "politics", "tweet_urls": ["https://t.co/nc5EaQUg7U"], "date": {"hour": 22, "month": 11, "iso": "2018-11-18T22:43:40", "year": 2018, "day": 18, "minute": 43}, "geo": null, "id": 1064288053005639680, "lang": "fr", "emoticons": [], "user_id": 326593604, "coordinates": null, "source": "Twitter Web Client", "id_str": "1064288053005639680", "mentions": [], "location": "Paris"}, {"truncated": true, "text": "Ben non, ce sera une victoire du \"peuple\" ! Un coup d'arr\u00eat \u00e0\u2026", "hashtags": [], "topic": "politics", "tweet_urls": ["https://t.co/Rc0ePXlEvI"], "date": {"hour": 22, "month": 11, "iso": "2018-11-18T22:41:18", "year": 2018, "day": 18, "minute": 41}, "geo": null, "id": 1064287460337823746, "lang": "fr", "emoticons": [], "user_id": 183658636, "coordinates": null, "source": "Twitter Web Client", "id_str": "1064287460337823746", "mentions": ["@neutralitude", "@alexiscorbiere", "@EPhilippePM", "@France2tv"], "location": "Paris"}, {"truncated": false, "text": "Si les Fran\u00e7ais ne te plaisent pas, change de pays : va faire de la politique ailleurs !", "hashtags": [], "topic": "politics", "tweet_urls": ["https://t.co/KP6cR9gftU"], "date": {"hour": 22, "month": 11, "iso": "2018-11-18T22:37:27", "year": 2018, "day": 18, "minute": 37}, "geo": null, "id": 1064286489524224002, "lang": "fr", "emoticons": [], "user_id": 519609710, "coordinates": null, "source": "Twitter Web Client", "id_str": "1064286489524224002", "mentions": [], "location": "Paris"}, {"truncated": true, "text": "\"Black Panther, Captain America, Superman : le message politique cach\u00e9 derri\u00e8re les super-h\u00e9ros\"\u2026", "hashtags": [], "topic": "politics", "tweet_urls": ["https://t.co/AjsMuY1XmB"], "date": {"hour": 22, "month": 11, "iso": "2018-11-18T22:34:45", "year": 2018, "day": 18, "minute": 34}, "geo": null, "id": 1064285812412596224, "lang": "fr", "emoticons": [], "user_id": 280404559, "coordinates": null, "source": "Twitter for iPhone", "id_str": "1064285812412596224", "mentions": [], "location": "Paris"}, {"truncated": true, "text": "C\u2019est quand meme surr\u00e9aliste que le Figaro accorde de l\u2019importance \u00e0 une petite \u00e9narque alors que les \u00e9lus disent r\u2026", "hashtags": [], "topic": "politics", "tweet_urls": ["https://t.co/6pAOvjMwih"], "date": {"hour": 22, "month": 11, "iso": "2018-11-18T22:31:07", "year": 2018, "day": 18, "minute": 31}, "geo": null, "id": 1064284895684513792, "lang": "fr", "emoticons": [], "user_id": 2365378849, "coordinates": null, "source": "Twitter for iPhone", "id_str": "1064284895684513792", "mentions": [], "location": "Paris"}, {"truncated": false, "text": "\u00ab\u00a0Gilets jaunes\u00a0\u00bb\u00a0: Edouard Philippe r\u00e9affirme que \u00ab\u00a0le cap sera tenu\u00a0\u00bb", "hashtags": [], "topic": "politics", "tweet_urls": ["https://t.co/PzXZfnNYoI"], "date": {"hour": 22, "month": 11, "iso": "2018-11-18T22:30:47", "year": 2018, "day": 18, "minute": 30}, "geo": null, "id": 1064284811689365504, "lang": "fr", "emoticons": [], "user_id": 50969059, "coordinates": null, "source": "Twitter Web Client", "id_str": "1064284811689365504", "mentions": [], "location": "Paris"}, {"truncated": true, "text": "Allez, on va caricaturer ce mouvement populaire sans structure syndicale ni politique. Les parisiens, q\u2026", "hashtags": [], "topic": "politics", "tweet_urls": ["https://t.co/YC1oWhyQs3"], "date": {"hour": 22, "month": 11, "iso": "2018-11-18T22:28:03", "year": 2018, "day": 18, "minute": 28}, "geo": null, "id": 1064284123139837952, "lang": "fr", "emoticons": [], "user_id": 40207102, "coordinates": null, "source": "Twitter for iPhone", "id_str": "1064284123139837952", "mentions": ["@Enthoven_R"], "location": "Paris"}, {"truncated": true, "text": "Bravo la r\u00e9cup\u00e9ration politique les gilets n ont que faire des syndicats r\u2026", "hashtags": [], "topic": "politics", "tweet_urls": ["https://t.co/6b5nI6LzC3"], "date": {"hour": 22, "month": 11, "iso": "2018-11-18T22:27:52", "year": 2018, "day": 18, "minute": 27}, "geo": null, "id": 1064284078495723521, "lang": "fr", "emoticons": [], "user_id": 1219481017, "coordinates": null, "source": "Twitter for iPhone", "id_str": "1064284078495723521", "mentions": ["@CfdtBerger", "@EmmanuelMacron", "@EPhilippePM"], "location": "Paris"}, {"truncated": true, "text": "La de la Ville de inexistante avant l'\u00e9lection de Bertrand Delano\u00eb, atteint aujourd'hui 7 milliards d\u2026", "hashtags": ["#dette", "#Paris"], "topic": "politics", "tweet_urls": ["https://t.co/Vpk3hOjn1T"], "date": {"hour": 22, "month": 11, "iso": "2018-11-18T22:27:50", "year": 2018, "day": 18, "minute": 27}, "geo": null, "id": 1064284070342000641, "lang": "fr", "emoticons": [], "user_id": 2208958405, "coordinates": null, "source": "Twitter for Android", "id_str": "1064284070342000641", "mentions": [], "location": "Paris"}, {"truncated": true, "text": "L\u00e9gislative partielle en Essonne: Forte abstention pour d\u00e9signer le successeur de Manuel Valls\u2026", "hashtags": [], "topic": "politics", "tweet_urls": ["https://t.co/XGbpy6tFrL"], "date": {"hour": 22, "month": 11, "iso": "2018-11-18T22:27:33", "year": 2018, "day": 18, "minute": 27}, "geo": null, "id": 1064283999277891584, "lang": "fr", "emoticons": [], "user_id": 2649991, "coordinates": null, "source": "Echobox Social", "id_str": "1064283999277891584", "mentions": [], "location": "Paris"}, {"truncated": true, "text": "D\u00e9j\u00e0 qu\u2019il \u00e9tait per\u00e7u comme quelqu\u2019un de fourbe dans le milieu politique.. mais l\u00e0 il a gravi un \u00e9chelo\u2026", "hashtags": [], "topic": "politics", "tweet_urls": ["https://t.co/Ie3mPyqj4b"], "date": {"hour": 22, "month": 11, "iso": "2018-11-18T22:27:28", "year": 2018, "day": 18, "minute": 27}, "geo": null, "id": 1064283977664667649, "lang": "fr", "emoticons": [], "user_id": 2179414719, "coordinates": null, "source": "Twitter for iPhone", "id_str": "1064283977664667649", "mentions": ["@egregoire"], "location": "Paris"}, {"truncated": false, "text": "Les m\u00e9dias encouragent-ils le populisme violent ?", "hashtags": [], "topic": "politics", "tweet_urls": ["https://t.co/htRwiUmAse"], "date": {"hour": 22, "month": 11, "iso": "2018-11-18T22:25:57", "year": 2018, "day": 18, "minute": 25}, "geo": null, "id": 1064283595328708611, "lang": "fr", "emoticons": [], "user_id": 2422762861, "coordinates": null, "source": "Netguide.com", "id_str": "1064283595328708611", "mentions": [], "location": "Paris"}, {"truncated": true, "text": "C pas la politique en soit qui m\u2019int\u00e9resse mais son lien avec l\u2019\u00e9conomie, et aussi les sujets socie\u2026", "hashtags": [], "topic": "politics", "tweet_urls": ["https://t.co/8UBRgR3q3Z"], "date": {"hour": 22, "month": 11, "iso": "2018-11-18T22:24:29", "year": 2018, "day": 18, "minute": 24}, "geo": null, "id": 1064283227370766336, "lang": "fr", "emoticons": [], "user_id": 95710864, "coordinates": null, "source": "Twitter for iPhone", "id_str": "1064283227370766336", "mentions": ["@RomualdMoreels"], "location": "Paris"}, {"truncated": true, "text": "Vous ne l\u2019avez pas chang\u00e9, vous l\u2019avez abandonn\u00e9e et fait perdre \u00e0 l\u2019Etat des 100 millions d\u2019euros.\u2026", "hashtags": [], "topic": "politics", "tweet_urls": ["https://t.co/DKL8TDkCnX"], "date": {"hour": 22, "month": 11, "iso": "2018-11-18T22:24:28", "year": 2018, "day": 18, "minute": 24}, "geo": null, "id": 1064283222383763457, "lang": "fr", "emoticons": [], "user_id": 540127786, "coordinates": null, "source": "Twitter for iPad", "id_str": "1064283222383763457", "mentions": ["@RoyalSegolene"], "location": "Paris"}, {"truncated": true, "text": "On est d'accord mais en politique tout est possible, et le choc du coup d'\u00e9tat manqu\u00e9\u2026", "hashtags": [], "topic": "politics", "tweet_urls": ["https://t.co/drzQ2HnuwI"], "date": {"hour": 22, "month": 11, "iso": "2018-11-18T22:24:17", "year": 2018, "day": 18, "minute": 24}, "geo": null, "id": 1064283177253068801, "lang": "fr", "emoticons": [], "user_id": 304053385, "coordinates": null, "source": "Twitter for Android", "id_str": "1064283177253068801", "mentions": ["@islamonde_info", "@GundemFransa"], "location": "Paris"}, {"truncated": false, "text": "Congr\u00e8s des maires\u00a0: l'absence de Macron sera \u00ab\u00a0regrett\u00e9e\u00a0\u00bb", "hashtags": [], "topic": "politics", "tweet_urls": ["https://t.co/7sphJLjP0L", "https://t.co/7vq2SSWBk1"], "date": {"hour": 22, "month": 11, "iso": "2018-11-18T22:23:04", "year": 2018, "day": 18, "minute": 23}, "geo": null, "id": 1064282871320535041, "lang": "fr", "emoticons": [], "user_id": 8460572, "coordinates": null, "source": "Echobox Social", "id_str": "1064282871320535041", "mentions": [], "location": "Paris"}, {"truncated": true, "text": "Wauquiez a tout faux. Sur le fond, sur la forme avec ce point Godwin digne d'un troll de Twitter, et que\u2026", "hashtags": [], "topic": "politics", "tweet_urls": ["https://t.co/QbvM6YVE8I"], "date": {"hour": 22, "month": 11, "iso": "2018-11-18T22:22:16", "year": 2018, "day": 18, "minute": 22}, "geo": null, "id": 1064282671558344707, "lang": "fr", "emoticons": [], "user_id": 1443610214, "coordinates": null, "source": "Twitter Web Client", "id_str": "1064282671558344707", "mentions": ["@RTLFrance"], "location": "Paris"}, {"truncated": false, "text": "De toute fa\u00e7on dans le monde politique, c'est toujours la faute des autres !", "hashtags": [], "topic": "politics", "tweet_urls": [], "date": {"hour": 22, "month": 11, "iso": "2018-11-18T22:21:05", "year": 2018, "day": 18, "minute": 21}, "geo": null, "id": 1064282373200781313, "lang": "fr", "emoticons": [], "user_id": 721895972, "coordinates": null, "source": "Twitter for Android", "id_str": "1064282373200781313", "mentions": ["@BorisVallaud", "@faureolivier"], "location": "Paris"}, {"truncated": true, "text": "J'ajoute une info importante : alors qu'il y a une vague verte partout en Europe, le fait de perdre l\u2026", "hashtags": [], "topic": "politics", "tweet_urls": ["https://t.co/K1eTLWAeRm"], "date": {"hour": 22, "month": 11, "iso": "2018-11-18T22:20:33", "year": 2018, "day": 18, "minute": 20}, "geo": null, "id": 1064282238232219649, "lang": "fr", "emoticons": [], "user_id": 7135912, "coordinates": null, "source": "Twitter Web Client", "id_str": "1064282238232219649", "mentions": ["@MarquisDeZAD"], "location": "Paris"}, {"truncated": true, "text": "Le probl\u00e8me, nous sommes des incapables. Les peuples qui ha\u2026", "hashtags": [], "topic": "politics", "tweet_urls": ["https://t.co/HeKvxiRtHl"], "date": {"hour": 22, "month": 11, "iso": "2018-11-18T22:20:17", "year": 2018, "day": 18, "minute": 20}, "geo": null, "id": 1064282170334818306, "lang": "fr", "emoticons": [], "user_id": 92346703, "coordinates": null, "source": "Twitter for iPhone", "id_str": "1064282170334818306", "mentions": ["@mamabouk2", "@Hamouda235", "@Zebef", "@Jasmine13041973", "@ahals12"], "location": "Paris"}, {"truncated": true, "text": "ha tiens le 1 est encore dans les pires trucs, je rappelle \u00e0 la cantonnade que\u2026", "hashtags": [], "topic": "politics", "tweet_urls": ["https://t.co/GiqoTRGxNy"], "date": {"hour": 22, "month": 11, "iso": "2018-11-18T22:19:47", "year": 2018, "day": 18, "minute": 19}, "geo": null, "id": 1064282044908343297, "lang": "fr", "emoticons": [], "user_id": 13363862, "coordinates": null, "source": "Twitter Web Client", "id_str": "1064282044908343297", "mentions": ["@dede17_86", "@Le1hebdo", "@placepublique_"], "location": "Paris"}, {"truncated": false, "text": "L\u2019arm\u00e9e d\u00e9baptise une promo de Saint-Cyr portant le nom d\u2019une personnalit\u00e9 antis\u00e9mite", "hashtags": [], "topic": "politics", "tweet_urls": ["https://t.co/b4fnyl59w7"], "date": {"hour": 22, "month": 11, "iso": "2018-11-18T22:17:47", "year": 2018, "day": 18, "minute": 17}, "geo": null, "id": 1064281542233600000, "lang": "fr", "emoticons": [], "user_id": 38244333, "coordinates": null, "source": "Twitter for Android", "id_str": "1064281542233600000", "mentions": ["@ouestfrance"], "location": "Paris"}, {"truncated": false, "text": "Devant Sens commun, Wauquiez d\u00e9nonce \u00abl'eug\u00e9nisme\u00bb port\u00e9 par l'ouverture de la PMA", "hashtags": [], "topic": "politics", "tweet_urls": ["https://t.co/03ms0eWUCi"], "date": {"hour": 22, "month": 11, "iso": "2018-11-18T22:16:56", "year": 2018, "day": 18, "minute": 16}, "geo": null, "id": 1064281327959269376, "lang": "fr", "emoticons": [], "user_id": 2422762861, "coordinates": null, "source": "Netguide.com", "id_str": "1064281327959269376", "mentions": [], "location": "Paris"}, {"truncated": true, "text": "Il a commenc\u00e9 \u00e0 l'aile droite du PS, il a men\u00e9 une politique de droite, il est pass\u00e9 officiellement \u00e0 droite avec\u2026", "hashtags": [], "topic": "politics", "tweet_urls": ["https://t.co/0LS69L4S9Z"], "date": {"hour": 22, "month": 11, "iso": "2018-11-18T22:14:30", "year": 2018, "day": 18, "minute": 14}, "geo": null, "id": 1064280713506287618, "lang": "fr", "emoticons": [], "user_id": 101697079, "coordinates": null, "source": "Twitter for Android", "id_str": "1064280713506287618", "mentions": [], "location": "Paris"}, {"truncated": true, "text": "SIGNEZ LA PETITION\nSoutien au president .\nNous traversons une sociale et politique.\nLaissons\u2026", "hashtags": ["#EmmanuelMacron", "#crise"], "topic": "politics", "tweet_urls": ["https://t.co/2kLRijPSyA"], "date": {"hour": 22, "month": 11, "iso": "2018-11-18T22:13:19", "year": 2018, "day": 18, "minute": 13}, "geo": null, "id": 1064280418835406848, "lang": "fr", "emoticons": [], "user_id": 221623557, "coordinates": null, "source": "Twitter for iPhone", "id_str": "1064280418835406848", "mentions": [], "location": "Paris"}, {"truncated": true, "text": "et sont parfaitement coh\u00e9rents. \nIls d\u00e9noncent ces taxes et ne les ont pas vot\u00e9, pour\u2026", "hashtags": ["#LR"], "topic": "politics", "tweet_urls": ["https://t.co/SGw5GW6eii"], "date": {"hour": 22, "month": 11, "iso": "2018-11-18T22:12:36", "year": 2018, "day": 18, "minute": 12}, "geo": null, "id": 1064280235271692288, "lang": "fr", "emoticons": [], "user_id": 785536947599056896, "coordinates": null, "source": "Twitter for iPhone", "id_str": "1064280235271692288", "mentions": ["@Europe1", "@laurentwauquiez"], "location": "Paris"}, {"truncated": true, "text": "C'est pas gagn\u00e9... Ses derni\u00e8res interventions c'\u00e9tait pour taper sur M\u00e9lenchon\u2026", "hashtags": [], "topic": "politics", "tweet_urls": ["https://t.co/wv5Y1v79wY"], "date": {"hour": 22, "month": 11, "iso": "2018-11-18T22:11:59", "year": 2018, "day": 18, "minute": 11}, "geo": null, "id": 1064280082292908033, "lang": "fr", "emoticons": [], "user_id": 357317158, "coordinates": null, "source": "Fenix 2", "id_str": "1064280082292908033", "mentions": ["@labour_eco", "@TwIttNTIN", "@IanBrossat"], "location": "Paris"}, {"truncated": false, "text": "Gilets jaunes : l\u2019ex\u00e9cutif \u00e0 la peine face \u00e0 une fronde hors norme", "hashtags": ["#Economie"], "topic": "politics", "tweet_urls": ["https://t.co/EEo8WLBSHy"], "date": {"hour": 22, "month": 11, "iso": "2018-11-18T22:09:43", "year": 2018, "day": 18, "minute": 9}, "geo": null, "id": 1064279509237751809, "lang": "fr", "emoticons": [], "user_id": 876741653767258112, "coordinates": null, "source": "IFTTT", "id_str": "1064279509237751809", "mentions": [], "location": "Paris"}, {"truncated": true, "text": "Une politique efficace c'est pas compliqu\u00e9, cela consiste \u00e0 faire co\u00efncider efficacit\u00e9 \u00e9conomique / justice sociale\u2026", "hashtags": [], "topic": "politics", "tweet_urls": ["https://t.co/ecJ9Fry3WO"], "date": {"hour": 22, "month": 11, "iso": "2018-11-18T22:08:19", "year": 2018, "day": 18, "minute": 8}, "geo": null, "id": 1064279159063613441, "lang": "fr", "emoticons": [], "user_id": 781209647738982400, "coordinates": null, "source": "Twitter for Android", "id_str": "1064279159063613441", "mentions": [], "location": "Paris"}, {"truncated": false, "text": "Gilets jaunes : l\u2019ex\u00e9cutif \u00e0 la peine face \u00e0 une fronde hors norme", "hashtags": ["#Economie"], "topic": "politics", "tweet_urls": ["https://t.co/S8yaDnN9qH"], "date": {"hour": 22, "month": 11, "iso": "2018-11-18T22:07:55", "year": 2018, "day": 18, "minute": 7}, "geo": null, "id": 1064279056596836353, "lang": "fr", "emoticons": [], "user_id": 213307578, "coordinates": null, "source": "IFTTT", "id_str": "1064279056596836353", "mentions": [], "location": "Paris"}, {"truncated": false, "text": "\u00abGilets jaunes\u00bb\u00a0: l'ex\u00e9cutif cherche une r\u00e9ponse", "hashtags": [], "topic": "politics", "tweet_urls": ["https://t.co/xeI0WigEbM", "https://t.co/3ORROa7NV8"], "date": {"hour": 22, "month": 11, "iso": "2018-11-18T22:06:40", "year": 2018, "day": 18, "minute": 6}, "geo": null, "id": 1064278744586629121, "lang": "fr", "emoticons": [], "user_id": 1463150749, "coordinates": null, "source": "dlvr.it", "id_str": "1064278744586629121", "mentions": [], "location": "Paris"}, {"truncated": false, "text": "Sondage : en forte baisse, Emmanuel Macron d\u00e9gringole chez les commer\u00e7ants, artisans et ouvriers", "hashtags": [], "topic": "politics", "tweet_urls": ["https://t.co/dA813ZBUDO"], "date": {"hour": 22, "month": 11, "iso": "2018-11-18T22:05:58", "year": 2018, "day": 18, "minute": 5}, "geo": null, "id": 1064278569117986816, "lang": "fr", "emoticons": [], "user_id": 432055286, "coordinates": null, "source": "Facebook", "id_str": "1064278569117986816", "mentions": [], "location": "Paris"}, {"truncated": true, "text": "R\u00e9duire la d\u00e9pense publique et la pression fiscale c\u2019\u00e9tait le programme de vous avez\u2026", "hashtags": [], "topic": "politics", "tweet_urls": ["https://t.co/soNaLP7nfu"], "date": {"hour": 22, "month": 11, "iso": "2018-11-18T22:04:35", "year": 2018, "day": 18, "minute": 4}, "geo": null, "id": 1064278218084139008, "lang": "fr", "emoticons": [], "user_id": 785536947599056896, "coordinates": null, "source": "Twitter for iPhone", "id_str": "1064278218084139008", "mentions": ["@FrancoisFillon.\n\n@EPhilippePM"], "location": "Paris"}, {"truncated": true, "text": "Classes de CP d\u00e9doubl\u00e9es : pourquoi a tort de parler d\u00e9j\u00e0 de \"r\u00e9sultats spectaculaires\"\u2026", "hashtags": [], "topic": "politics", "tweet_urls": ["https://t.co/ixMNXoUqDh"], "date": {"hour": 22, "month": 11, "iso": "2018-11-18T22:04:11", "year": 2018, "day": 18, "minute": 4}, "geo": null, "id": 1064278117546672129, "lang": "fr", "emoticons": [], "user_id": 1404884185, "coordinates": null, "source": "Twitter for iPad", "id_str": "1064278117546672129", "mentions": ["@BGriveaux"], "location": "Paris"}, {"truncated": true, "text": "Sauf qu en France les taxes augmentent aussi vite que la dette et que tout individu suivant un minimum la\u2026", "hashtags": [], "topic": "politics", "tweet_urls": ["https://t.co/WbjNKNvTIf"], "date": {"hour": 22, "month": 11, "iso": "2018-11-18T22:04:04", "year": 2018, "day": 18, "minute": 4}, "geo": null, "id": 1064278089654566912, "lang": "fr", "emoticons": [], "user_id": 3350447915, "coordinates": null, "source": "Twitter for Android", "id_str": "1064278089654566912", "mentions": ["@Sifaoui"], "location": "Paris"}, {"truncated": false, "text": "\"Gilets jaunes\" : G\u00e9rald Darmanin accuse Laurent Wauquiez de d\u00e9magogie et de r\u00e9cup\u00e9ration", "hashtags": [], "topic": "politics", "tweet_urls": ["https://t.co/fExz9tD1Yn"], "date": {"hour": 22, "month": 11, "iso": "2018-11-18T22:03:41", "year": 2018, "day": 18, "minute": 3}, "geo": null, "id": 1064277991973302272, "lang": "fr", "emoticons": [], "user_id": 34570323, "coordinates": null, "source": "dlvr.it", "id_str": "1064277991973302272", "mentions": [], "location": "Paris"}, {"truncated": false, "text": "\n#EdouardPhilippe un sourd dou\u00e9 de la politique \nhttps://t.co/Ov1LgQvuAE", "hashtags": [], "topic": "politics", "tweet_urls": [], "date": {"hour": 22, "month": 11, "iso": "2018-11-18T22:02:54", "year": 2018, "day": 18, "minute": 2}, "geo": null, "id": 1064277797730947081, "lang": "fr", "emoticons": [], "user_id": 613519689, "coordinates": null, "source": "Twitter for Android", "id_str": "1064277797730947081", "mentions": ["@NilsVay"], "location": "Paris"}, {"truncated": true, "text": "L\u2019\u00e9tat n\u2019as \u00e9t\u00e9 en rien p\u00e9nalis\u00e9 par cette action de blocage de rond point et de route. Bien Au contraire, la divis\u2026", "hashtags": [], "topic": "politics", "tweet_urls": ["https://t.co/4ooxbryGHK"], "date": {"hour": 22, "month": 11, "iso": "2018-11-18T22:02:31", "year": 2018, "day": 18, "minute": 2}, "geo": null, "id": 1064277700041420800, "lang": "fr", "emoticons": [], "user_id": 402620054, "coordinates": null, "source": "Twitter for iPhone", "id_str": "1064277700041420800", "mentions": [], "location": "Paris"}, {"truncated": false, "text": ".@bernard_sananes: \u00ab Emmanuel Macron affronte un second tour \u00e0 l\u2019envers \u00bb via", "hashtags": ["#GiletsJaunes", "#Macron"], "topic": "politics", "tweet_urls": ["https://t.co/5ois0cQ0ok"], "date": {"hour": 22, "month": 11, "iso": "2018-11-18T22:02:24", "year": 2018, "day": 18, "minute": 2}, "geo": null, "id": 1064277670937223169, "lang": "fr", "emoticons": [], "user_id": 38778867, "coordinates": null, "source": "Twitter for Android", "id_str": "1064277670937223169", "mentions": ["@Lopinion_fr"], "location": "Paris"}, {"truncated": true, "text": "- Election l\u00e9gislative partielle : moins de 18% de participation !!\n\nA ce rythme la l'#Oligarchie pourra m\u2026", "hashtags": ["#Essonne"], "topic": "politics", "tweet_urls": ["https://t.co/XTA79ch0qH"], "date": {"hour": 22, "month": 11, "iso": "2018-11-18T22:00:53", "year": 2018, "day": 18, "minute": 0}, "geo": null, "id": 1064277290245341186, "lang": "fr", "emoticons": [], "user_id": 844283446268715009, "coordinates": null, "source": "Facebook", "id_str": "1064277290245341186", "mentions": [], "location": "Paris"}, {"truncated": true, "text": "La politique de ce gouvernement va \u00e0 l'encontre du pouvoir d'achat, elle est tr\u00e8s in\u00e9galitaire. La col\u00e8re des\u2026", "hashtags": [], "topic": "politics", "tweet_urls": ["https://t.co/ijPD5nc8vq"], "date": {"hour": 22, "month": 11, "iso": "2018-11-18T22:00:25", "year": 2018, "day": 18, "minute": 0}, "geo": null, "id": 1064277172658020353, "lang": "fr", "emoticons": [], "user_id": 329686497, "coordinates": null, "source": "Twitter Web Client", "id_str": "1064277172658020353", "mentions": [], "location": "Paris"}, {"truncated": true, "text": "Mobilisation des : \"le pr\u00e9sident doit \u00eatre \u00e0 l'\u00e9coute\", selon Daniel Cohn-Bendit\u2026", "hashtags": ["#GiletsJaunes"], "topic": "politics", "tweet_urls": ["https://t.co/XBbgDGW7Ju"], "date": {"hour": 22, "month": 11, "iso": "2018-11-18T22:00:01", "year": 2018, "day": 18, "minute": 0}, "geo": null, "id": 1064277069352312834, "lang": "fr", "emoticons": [], "user_id": 26467557, "coordinates": null, "source": "TweetDeck", "id_str": "1064277069352312834", "mentions": [], "location": "Paris"}, {"truncated": true, "text": "La politique du gouvernement va aggraver le sentiment d\u2019abandon des territoires : les h\u00f4pitaux, les gares, les bure\u2026", "hashtags": [], "topic": "politics", "tweet_urls": ["https://t.co/I4ilmUAC20"], "date": {"hour": 21, "month": 11, "iso": "2018-11-18T21:59:29", "year": 2018, "day": 18, "minute": 59}, "geo": null, "id": 1064276935256227841, "lang": "fr", "emoticons": [], "user_id": 329686497, "coordinates": null, "source": "Twitter Web Client", "id_str": "1064276935256227841", "mentions": [], "location": "Paris"}, {"truncated": true, "text": "\"Que faisait le pr\u00e9fet de police \u00e0 Beauvau? Sa place n'\u00e9tait-elle pas plut\u00f4t dans le PC de commandement sur l'\u00eele d\u2026", "hashtags": [], "topic": "politics", "tweet_urls": ["https://t.co/UqbmaA8WN9"], "date": {"hour": 21, "month": 11, "iso": "2018-11-18T21:59:17", "year": 2018, "day": 18, "minute": 59}, "geo": null, "id": 1064276887269244930, "lang": "fr", "emoticons": [], "user_id": 3146359696, "coordinates": null, "source": "Twitter Web Client", "id_str": "1064276887269244930", "mentions": [], "location": "Paris"}, {"truncated": false, "text": "C'est peu! Faut r\u00e9ussir \u00e0 mobiliser les gens blas\u00e9s qui ont \u00e9t\u00e9 d\u00e9go\u00fbt\u00e9 de la politique... C'est si dur \u00e0 faire..", "hashtags": [], "topic": "politics", "tweet_urls": [], "date": {"hour": 21, "month": 11, "iso": "2018-11-18T21:57:31", "year": 2018, "day": 18, "minute": 57}, "geo": null, "id": 1064276440278097920, "lang": "fr", "emoticons": [], "user_id": 357317158, "coordinates": null, "source": "Fenix 2", "id_str": "1064276440278097920", "mentions": ["@labour_eco", "@TwIttNTIN"], "location": "Paris"}, {"truncated": false, "text": "Sant\u00e9: Politique - Encore des blocages, Philippe monte au cr\u00e9n =&gt;", "hashtags": ["#medecine"], "topic": "politics", "tweet_urls": ["https://t.co/O4OdMu67a0", "https://t.co/koX6SFxbck"], "date": {"hour": 21, "month": 11, "iso": "2018-11-18T21:57:11", "year": 2018, "day": 18, "minute": 57}, "geo": null, "id": 1064276357440389120, "lang": "fr", "emoticons": [], "user_id": 3037208183, "coordinates": null, "source": "StyleMaxiMusic", "id_str": "1064276357440389120", "mentions": [], "location": "Paris"}, {"truncated": true, "text": "Mehdi Ouraoui : Hollande et Royal sont \u00able glyphosate de la gauche, l\u00e0 o\u00f9 ils passent, rien ne repousse\u00bb\u2026", "hashtags": [], "topic": "politics", "tweet_urls": ["https://t.co/WuiWPtMTxw"], "date": {"hour": 21, "month": 11, "iso": "2018-11-18T21:56:05", "year": 2018, "day": 18, "minute": 56}, "geo": null, "id": 1064276081681842176, "lang": "fr", "emoticons": [], "user_id": 1271852322, "coordinates": null, "source": "L'important", "id_str": "1064276081681842176", "mentions": [], "location": "Paris"}, {"truncated": true, "text": "Amis Fran\u00e7ais, \u00e0 priori beaucoup d'entre vous sont insatisfaits par l'action du Pr\u00e9sident Macron.\nQuel est votre su\u2026", "hashtags": [], "topic": "politics", "tweet_urls": ["https://t.co/Rql0nIYTCZ"], "date": {"hour": 21, "month": 11, "iso": "2018-11-18T21:55:52", "year": 2018, "day": 18, "minute": 55}, "geo": null, "id": 1064276027520765952, "lang": "fr", "emoticons": [], "user_id": 775767583731703810, "coordinates": null, "source": "Twitter Web Client", "id_str": "1064276027520765952", "mentions": [], "location": "Paris"}, {"truncated": true, "text": "Quand je lis les experts politique de twitter parler du mouvement j'ai vraiment la sensation d'\u00eatre \u00e0\u2026", "hashtags": ["#GiletsJaunes"], "topic": "politics", "tweet_urls": ["https://t.co/KayT0HGylY"], "date": {"hour": 21, "month": 11, "iso": "2018-11-18T21:54:58", "year": 2018, "day": 18, "minute": 54}, "geo": null, "id": 1064275799124176896, "lang": "fr", "emoticons": [], "user_id": 4858192870, "coordinates": null, "source": "Twitter for Android", "id_str": "1064275799124176896", "mentions": [], "location": "Paris"}, {"truncated": false, "text": "Netanyahu juge \"irresponsable\" d'appeler \u00e0 des \u00e9lections anticip\u00e9es", "hashtags": [], "topic": "politics", "tweet_urls": ["https://t.co/OqibyLkjxL"], "date": {"hour": 21, "month": 11, "iso": "2018-11-18T21:54:38", "year": 2018, "day": 18, "minute": 54}, "geo": null, "id": 1064275713979809792, "lang": "fr", "emoticons": [], "user_id": 71525923, "coordinates": null, "source": "u2nRTW", "id_str": "1064275713979809792", "mentions": [], "location": "Paris"}, {"truncated": false, "text": "\u00c9douard Philippe a entendu \"la col\u00e8re et la souffrance\" des \"gilets jaunes\"", "hashtags": [], "topic": "politics", "tweet_urls": ["https://t.co/e3b2WSqVoQ"], "date": {"hour": 21, "month": 11, "iso": "2018-11-18T21:54:38", "year": 2018, "day": 18, "minute": 54}, "geo": null, "id": 1064275713925120000, "lang": "fr", "emoticons": [], "user_id": 71525923, "coordinates": null, "source": "u2nRTW", "id_str": "1064275713925120000", "mentions": [], "location": "Paris"}, {"truncated": true, "text": "Halte \u00e0 la r\u00e9cup\u00e9ration politique ! \u00c0 Aulnay-sous-Bois, il n\u2019y a vraiment plus ni boussole, ni pilote\u00a0!\u2026", "hashtags": [], "topic": "politics", "tweet_urls": ["https://t.co/nRT4B0bKSR"], "date": {"hour": 21, "month": 11, "iso": "2018-11-18T21:54:13", "year": 2018, "day": 18, "minute": 54}, "geo": null, "id": 1064275611902971905, "lang": "fr", "emoticons": [], "user_id": 1002346728, "coordinates": null, "source": "WordPress.com", "id_str": "1064275611902971905", "mentions": [], "location": "Paris"}, {"truncated": false, "text": "Jean-Luc M\u00e9lenchon salue \"la nouvelle France\" \u00e0 \u00c9pinay-sur-Seine.", "hashtags": [], "topic": "politics", "tweet_urls": ["https://t.co/A1L4WlKDGC"], "date": {"hour": 21, "month": 11, "iso": "2018-11-18T21:53:29", "year": 2018, "day": 18, "minute": 53}, "geo": null, "id": 1064275427491897344, "lang": "fr", "emoticons": [], "user_id": 276605327, "coordinates": null, "source": "France Actualit\u00e9s", "id_str": "1064275427491897344", "mentions": [], "location": "Paris"}, {"truncated": false, "text": "Le gouvernement ne bouge pas d'un iota apr\u00e8s la mobilisation du", "hashtags": ["#17Novembre", "#GiletsJaunes"], "topic": "politics", "tweet_urls": ["https://t.co/HW8d6HNACU", "https://t.co/T7prmtYEFx"], "date": {"hour": 21, "month": 11, "iso": "2018-11-18T21:52:13", "year": 2018, "day": 18, "minute": 52}, "geo": null, "id": 1064275108569726976, "lang": "fr", "emoticons": [], "user_id": 15823722, "coordinates": null, "source": "Echobox Social", "id_str": "1064275108569726976", "mentions": [], "location": "Paris"}, {"truncated": false, "text": "Il n'est pas extr\u00eame Macron avec sa politique anti-migrants et immigr\u00e9s soutenue par l'extr\u00eame droite ?", "hashtags": [], "topic": "politics", "tweet_urls": ["https://t.co/MMpodTHUOQ"], "date": {"hour": 21, "month": 11, "iso": "2018-11-18T21:50:36", "year": 2018, "day": 18, "minute": 50}, "geo": null, "id": 1064274699608309761, "lang": "fr", "emoticons": [], "user_id": 101697079, "coordinates": null, "source": "Twitter for Android", "id_str": "1064274699608309761", "mentions": [], "location": "Paris"}, {"truncated": false, "text": "\u00ab\u00a0#Daesh c\u2019est\u00a0\u00c7A\u00a0!\u00a0\u00bb ou\u00a0comprendre l\u2019exploitation politique des\u00a0images violentes", "hashtags": [], "topic": "politics", "tweet_urls": ["https://t.co/gcQAWMQMOv", "https://t.co/NzIeBpyjeV"], "date": {"hour": 21, "month": 11, "iso": "2018-11-18T21:50:16", "year": 2018, "day": 18, "minute": 50}, "geo": null, "id": 1064274617207009282, "lang": "fr", "emoticons": [], "user_id": 3235780418, "coordinates": null, "source": "Echobox Social", "id_str": "1064274617207009282", "mentions": [], "location": "Paris"}, {"truncated": true, "text": "encore faudrait t'il que les LR comme Ciotti ne se fasse pas prendre en photo devant un centre des imp\u00f4ts avec des\u2026", "hashtags": [], "topic": "politics", "tweet_urls": ["https://t.co/bPviwxxttt"], "date": {"hour": 21, "month": 11, "iso": "2018-11-18T21:49:31", "year": 2018, "day": 18, "minute": 49}, "geo": null, "id": 1064274428333297665, "lang": "fr", "emoticons": [], "user_id": 1623926822, "coordinates": null, "source": "Twitter Web Client", "id_str": "1064274428333297665", "mentions": [], "location": "Paris"}, {"truncated": false, "text": "Gilets jaunes : l\u2019ex\u00e9cutif \u00e0 la peine face \u00e0 une fronde hors norme", "hashtags": [], "topic": "politics", "tweet_urls": ["https://t.co/pQw33cyU0s"], "date": {"hour": 21, "month": 11, "iso": "2018-11-18T21:49:22", "year": 2018, "day": 18, "minute": 49}, "geo": null, "id": 1064274390790127619, "lang": "fr", "emoticons": [], "user_id": 38142665, "coordinates": null, "source": "Nonli", "id_str": "1064274390790127619", "mentions": [], "location": "Paris"}, {"truncated": false, "text": "Autos:Politique:Le Premier Ministre ne fait pas de geste &gt; Malgr\u00e9 -", "hashtags": ["#Autos"], "topic": "politics", "tweet_urls": ["https://t.co/x18wKv0OB4", "https://t.co/fAcZH4V6cS"], "date": {"hour": 21, "month": 11, "iso": "2018-11-18T21:49:16", "year": 2018, "day": 18, "minute": 49}, "geo": null, "id": 1064274363925610496, "lang": "fr", "emoticons": [], "user_id": 3290408878, "coordinates": null, "source": "NewsBKFrance", "id_str": "1064274363925610496", "mentions": [], "location": "Paris"}, {"truncated": true, "text": "Nous remercions \n#NosEnfantsM\u00e9ritentMieux\n#D\u00e9fendonsLesUsagersPasLesIndustriels\u2026", "hashtags": [], "topic": "politics", "tweet_urls": ["https://t.co/pKns7iV16b"], "date": {"hour": 21, "month": 11, "iso": "2018-11-18T21:48:06", "year": 2018, "day": 18, "minute": 48}, "geo": null, "id": 1064274070525669377, "lang": "fr", "emoticons": [], "user_id": 934798331183804416, "coordinates": null, "source": "Twitter for iPhone", "id_str": "1064274070525669377", "mentions": ["@EELV18e"], "location": "Paris"}, {"truncated": true, "text": "\"On a entendu de la col\u00e8re mais on a aussi entendu de la souffrance, l\u2019absence de perspectives\", mais\u2026", "hashtags": ["#GiletsJaunes"], "topic": "politics", "tweet_urls": ["https://t.co/0IoPwCOKnw"], "date": {"hour": 21, "month": 11, "iso": "2018-11-18T21:47:38", "year": 2018, "day": 18, "minute": 47}, "geo": null, "id": 1064273955647836161, "lang": "fr", "emoticons": [], "user_id": 331556368, "coordinates": null, "source": "Twitter Web Client", "id_str": "1064273955647836161", "mentions": [], "location": "Paris"}, {"truncated": true, "text": "\u00c7a fait mal de dire que \u00e7a se passait mieux du temps de la droite (Chirac, Tiberi), malgr\u00e9 les affaires :\u00a0\u00abLa dette\u2026", "hashtags": [], "topic": "politics", "tweet_urls": ["https://t.co/Upo5GsZULv"], "date": {"hour": 21, "month": 11, "iso": "2018-11-18T21:45:53", "year": 2018, "day": 18, "minute": 45}, "geo": null, "id": 1064273514964881410, "lang": "fr", "emoticons": [], "user_id": 39119790, "coordinates": null, "source": "Twitter for iPhone", "id_str": "1064273514964881410", "mentions": [], "location": "Paris"}, {"truncated": true, "text": "Ce n'est pas \u00e7a le pb, mais que cette politique n'est totalitaire que pr les gens qui ont d\u00e9j\u00e0 du mal \u00e0\u2026", "hashtags": [], "topic": "politics", "tweet_urls": ["https://t.co/b9fN32KKBw"], "date": {"hour": 21, "month": 11, "iso": "2018-11-18T21:45:37", "year": 2018, "day": 18, "minute": 45}, "geo": null, "id": 1064273447914745856, "lang": "fr", "emoticons": [], "user_id": 858954748426412033, "coordinates": null, "source": "Twitter Web Client", "id_str": "1064273447914745856", "mentions": ["@DamienRieu"], "location": "Paris"}, {"truncated": true, "text": "Avant de manifester faut revoir vos priorit\u00e9s, vous manifestez de fa\u00e7on injuste et violente, et apr\u00e8s c\u2019est vous qu\u2026", "hashtags": [], "topic": "politics", "tweet_urls": ["https://t.co/hLpxPabXFY"], "date": {"hour": 21, "month": 11, "iso": "2018-11-18T21:44:14", "year": 2018, "day": 18, "minute": 44}, "geo": null, "id": 1064273097648496640, "lang": "fr", "emoticons": [], "user_id": 2972844279, "coordinates": null, "source": "Twitter for iPhone", "id_str": "1064273097648496640", "mentions": [], "location": "Paris"}, {"truncated": false, "text": "\"Gilets jaunes\" : G\u00e9rald Darmanin accuse Laurent Wauquiez de d\u00e9magogie et de r\u00e9cup\u00e9ration", "hashtags": [], "topic": "politics", "tweet_urls": ["https://t.co/iRzVqIpXwB"], "date": {"hour": 21, "month": 11, "iso": "2018-11-18T21:43:54", "year": 2018, "day": 18, "minute": 43}, "geo": null, "id": 1064273012910956544, "lang": "fr", "emoticons": ["\ud83c\uddeb\ud83c\uddf7"], "user_id": 1043410125774626816, "coordinates": null, "source": "Twitter for iPhone", "id_str": "1064273012910956544", "mentions": [], "location": "Paris"}, {"truncated": true, "text": "La mairie pr\u00e9f\u00e8re encaisser l\u2019argent de la vente plut\u00f4t que de loger ses habitant.e.s. Au vu de ses derni\u00e8res inter\u2026", "hashtags": [], "topic": "politics", "tweet_urls": ["https://t.co/ioc3Nda4vJ"], "date": {"hour": 21, "month": 11, "iso": "2018-11-18T21:43:25", "year": 2018, "day": 18, "minute": 43}, "geo": null, "id": 1064272894358953985, "lang": "fr", "emoticons": [], "user_id": 709344759010222080, "coordinates": null, "source": "Twitter Web Client", "id_str": "1064272894358953985", "mentions": [], "location": "Paris"}, {"truncated": true, "text": "D\u00e9go\u00fbt absolu devant tant de d\u00e9magogie. Je m\u2019appelle Yedidia. Mon deuxi\u00e8me pr\u00e9nom est d\u2019origine juive polonaise. St\u2026", "hashtags": [], "topic": "politics", "tweet_urls": ["https://t.co/dvPVlnzYmV"], "date": {"hour": 21, "month": 11, "iso": "2018-11-18T21:42:26", "year": 2018, "day": 18, "minute": 42}, "geo": null, "id": 1064272645162770432, "lang": "fr", "emoticons": [], "user_id": 58821148, "coordinates": null, "source": "Twitter for iPhone", "id_str": "1064272645162770432", "mentions": [], "location": "Paris"}, {"truncated": true, "text": "Le gouvernement accepterait il de r\u00e9tablir l'ISF de supprimer le plafonnement de l'imp\u00f4t sur les capitaux mobiliers\u2026", "hashtags": [], "topic": "politics", "tweet_urls": ["https://t.co/ugpUpOS5A6"], "date": {"hour": 21, "month": 11, "iso": "2018-11-18T21:41:47", "year": 2018, "day": 18, "minute": 41}, "geo": null, "id": 1064272479760326656, "lang": "fr", "emoticons": [], "user_id": 326593604, "coordinates": null, "source": "Twitter Web Client", "id_str": "1064272479760326656", "mentions": [], "location": "Paris"}, {"truncated": true, "text": "Best dimanche ever \u00e0 discuter de \u00f4 combien La chartreuse de Parme est f\u00e9ministe et de \u00f4 combien les personnages f\u00e9m\u2026", "hashtags": [], "topic": "politics", "tweet_urls": ["https://t.co/zi9ekUTFtZ"], "date": {"hour": 21, "month": 11, "iso": "2018-11-18T21:40:34", "year": 2018, "day": 18, "minute": 40}, "geo": null, "id": 1064272176386359296, "lang": "fr", "emoticons": [], "user_id": 934520065151651846, "coordinates": null, "source": "Twitter for iPhone", "id_str": "1064272176386359296", "mentions": [], "location": "Paris"}, {"truncated": false, "text": "Succession de Valls en Essonne : forte abstention au 1er tour de la l\u00e9gislative partielle", "hashtags": [], "topic": "politics", "tweet_urls": ["https://t.co/lLNu58WDmu"], "date": {"hour": 21, "month": 11, "iso": "2018-11-18T21:40:06", "year": 2018, "day": 18, "minute": 40}, "geo": null, "id": 1064272055980351489, "lang": "fr", "emoticons": [], "user_id": 34570323, "coordinates": null, "source": "dlvr.it", "id_str": "1064272055980351489", "mentions": [], "location": "Paris"}, {"truncated": false, "text": "Jean-Luc M\u00e9lenchon salue \"la nouvelle France\" \u00e0 \u00c9pinay-sur-Seine", "hashtags": [], "topic": "politics", "tweet_urls": ["https://t.co/GQn4M29SUL"], "date": {"hour": 21, "month": 11, "iso": "2018-11-18T21:40:05", "year": 2018, "day": 18, "minute": 40}, "geo": null, "id": 1064272052880728064, "lang": "fr", "emoticons": [], "user_id": 34570323, "coordinates": null, "source": "dlvr.it", "id_str": "1064272052880728064", "mentions": [], "location": "Paris"}, {"truncated": false, "text": "Succession de Valls en Essonne : forte abstention au 1er tour de la l\u00e9gislative partielle via", "hashtags": [], "topic": "politics", "tweet_urls": ["https://t.co/OyCZu8N4c7"], "date": {"hour": 21, "month": 11, "iso": "2018-11-18T21:39:55", "year": 2018, "day": 18, "minute": 39}, "geo": null, "id": 1064272011839586304, "lang": "fr", "emoticons": [], "user_id": 257488786, "coordinates": null, "source": "Twitter Web Client", "id_str": "1064272011839586304", "mentions": ["@europe1"], "location": "Paris"}, {"truncated": true, "text": "Putain Danielle Simonnet qui s'approprie la col\u00e8re du peuple. C'est un manque de respect. Franchement la France ins\u2026", "hashtags": [], "topic": "politics", "tweet_urls": ["https://t.co/Zn0JSWygLv"], "date": {"hour": 21, "month": 11, "iso": "2018-11-18T21:39:41", "year": 2018, "day": 18, "minute": 39}, "geo": null, "id": 1064271953480089601, "lang": "fr", "emoticons": [], "user_id": 812043944712425472, "coordinates": null, "source": "Twitter for Android", "id_str": "1064271953480089601", "mentions": [], "location": "Paris"}, {"truncated": true, "text": "Ce n\u2019est pas faute d\u2019avoir d\u00e9nonc\u00e9 la gestion catastrophique \u2066@Anne_Hidalgo\u2069 au conseil de Paris \u00e0 chaque d\u00e9bat bud\u2026", "hashtags": [], "topic": "politics", "tweet_urls": ["https://t.co/VuoUoPdBZm"], "date": {"hour": 21, "month": 11, "iso": "2018-11-18T21:38:04", "year": 2018, "day": 18, "minute": 38}, "geo": null, "id": 1064271544824799234, "lang": "fr", "emoticons": [], "user_id": 1377846451, "coordinates": null, "source": "Twitter for iPhone", "id_str": "1064271544824799234", "mentions": [], "location": "Paris"}, {"truncated": false, "text": "Gilets jaunes : \u00abLe gouvernement a mal g\u00e9r\u00e9 cette crise\u00bb, estime Cohn-Bendit via", "hashtags": [], "topic": "politics", "tweet_urls": ["https://t.co/buEDKgyyw0"], "date": {"hour": 21, "month": 11, "iso": "2018-11-18T21:37:38", "year": 2018, "day": 18, "minute": 37}, "geo": null, "id": 1064271437723258883, "lang": "fr", "emoticons": [], "user_id": 257488786, "coordinates": null, "source": "Twitter Web Client", "id_str": "1064271437723258883", "mentions": ["@leParisien_pol"], "location": "Paris"}, {"truncated": true, "text": "Lettre d'Edouardo, le chanteur de \"Je t'aime le lundi\", au Pr\u00e9sident de la R\u00e9publique, Emmanuel Macron :\u2026", "hashtags": [], "topic": "politics", "tweet_urls": ["https://t.co/cDWLERnJMa"], "date": {"hour": 21, "month": 11, "iso": "2018-11-18T21:37:33", "year": 2018, "day": 18, "minute": 37}, "geo": null, "id": 1064271414876925958, "lang": "fr", "emoticons": [], "user_id": 301701858, "coordinates": null, "source": "Twitter Web Client", "id_str": "1064271414876925958", "mentions": [], "location": "Paris"}, {"truncated": true, "text": "Depuis des ann\u00e9es, on constate une baisse inqui\u00e9tante du niveau du service public de la radio publique . M\u00eame\u2026", "hashtags": [], "topic": "politics", "tweet_urls": ["https://t.co/TUQb52NOAa"], "date": {"hour": 21, "month": 11, "iso": "2018-11-18T21:37:29", "year": 2018, "day": 18, "minute": 37}, "geo": null, "id": 1064271398540111873, "lang": "fr", "emoticons": [], "user_id": 101697079, "coordinates": null, "source": "Twitter for Android", "id_str": "1064271398540111873", "mentions": [], "location": "Paris"}, {"truncated": true, "text": "On sait que les d\u00e9r\u00e8glement climatique vont avoir lieu avant dans les autres continents, les r\u00e9gions les\u2026", "hashtags": [], "topic": "politics", "tweet_urls": ["https://t.co/WesrnYzrGp"], "date": {"hour": 21, "month": 11, "iso": "2018-11-18T21:35:36", "year": 2018, "day": 18, "minute": 35}, "geo": null, "id": 1064270926030745600, "lang": "fr", "emoticons": [], "user_id": 1054005183695462400, "coordinates": null, "source": "Twitter for Android", "id_str": "1064270926030745600", "mentions": ["@MANGADO1"], "location": "Paris"}, {"truncated": true, "text": "J\u00e9r\u00f4me Sainte-Marie : \u00abLes \u00abgilets jaunes\u00bb font converger des \u00e9lectorats populaires jusqu'ici oppos\u00e9s\u00bb\u2026", "hashtags": [], "topic": "politics", "tweet_urls": ["https://t.co/RNyYSFWiaH"], "date": {"hour": 21, "month": 11, "iso": "2018-11-18T21:32:26", "year": 2018, "day": 18, "minute": 32}, "geo": null, "id": 1064270128488095745, "lang": "fr", "emoticons": [], "user_id": 368404814, "coordinates": null, "source": "Twitter for Android", "id_str": "1064270128488095745", "mentions": [], "location": "Paris"}, {"truncated": true, "text": "Comme celui command\u00e9 par qui dit que 90% des Clichois sont heureux de vivre \u00e0 Pour in\u2026", "hashtags": ["#Clichy."], "topic": "politics", "tweet_urls": ["https://t.co/xGdE96lX8d"], "date": {"hour": 21, "month": 11, "iso": "2018-11-18T21:31:51", "year": 2018, "day": 18, "minute": 31}, "geo": null, "id": 1064269983210004481, "lang": "fr", "emoticons": [], "user_id": 636846637, "coordinates": null, "source": "Twitter for iPhone", "id_str": "1064269983210004481", "mentions": ["@AlciatorLA", "@RMuzeau"], "location": "Paris"}, {"truncated": true, "text": "La dette de la Ville de Paris, inexistante avant l'\u00e9lection de Bertrand Delano\u00eb, atteint aujourd'hui 7 milliards d'\u2026", "hashtags": [], "topic": "politics", "tweet_urls": ["https://t.co/lXR5RCBTzh"], "date": {"hour": 21, "month": 11, "iso": "2018-11-18T21:31:37", "year": 2018, "day": 18, "minute": 31}, "geo": null, "id": 1064269922216361984, "lang": "fr", "emoticons": [], "user_id": 573838319, "coordinates": null, "source": "Twitter Web Client", "id_str": "1064269922216361984", "mentions": [], "location": "Paris"}, {"truncated": true, "text": "La France est en train de mourir \u00e0 petit feu.\n\nLa politique d'immigration tue les fran\u00e7ais. Je vous conseille de vi\u2026", "hashtags": [], "topic": "politics", "tweet_urls": ["https://t.co/GXvr0Ij0kk"], "date": {"hour": 21, "month": 11, "iso": "2018-11-18T21:31:24", "year": 2018, "day": 18, "minute": 31}, "geo": null, "id": 1064269866662793216, "lang": "fr", "emoticons": [], "user_id": 975536424148787200, "coordinates": null, "source": "Twitter for iPhone", "id_str": "1064269866662793216", "mentions": [], "location": "Paris"}, {"truncated": false, "text": "Et une politique anti-migrants et immigr\u00e9s soutenue par l'extr\u00eame droite, tu soutiens ?", "hashtags": [], "topic": "politics", "tweet_urls": ["https://t.co/N5WRDVmnVd"], "date": {"hour": 21, "month": 11, "iso": "2018-11-18T21:30:58", "year": 2018, "day": 18, "minute": 30}, "geo": null, "id": 1064269758005170177, "lang": "fr", "emoticons": [], "user_id": 101697079, "coordinates": null, "source": "Twitter for Android", "id_str": "1064269758005170177", "mentions": [], "location": "Paris"}, {"truncated": true, "text": "Quelle honte !Et il pr\u00e9tend \u00e0 devenir Pr\u00e9sident,on est vraiment dans les basses eau\u2026", "hashtags": [], "topic": "politics", "tweet_urls": ["https://t.co/VHgq3VvAzx"], "date": {"hour": 21, "month": 11, "iso": "2018-11-18T21:28:54", "year": 2018, "day": 18, "minute": 28}, "geo": null, "id": 1064269241464102913, "lang": "fr", "emoticons": [], "user_id": 2818785767, "coordinates": null, "source": "Twitter for iPhone", "id_str": "1064269241464102913", "mentions": ["@SOShomophobie", "@laurentwauquiez"], "location": "Paris"}, {"truncated": false, "text": "\u00c0 quoi bon faire de la si ce n\u2019est pour am\u00e9liorer le quotidien des gens qui ont peu ? \nJ\u2019ai ma petite id\u00e9e...", "hashtags": ["#politique"], "topic": "politics", "tweet_urls": [], "date": {"hour": 21, "month": 11, "iso": "2018-11-18T21:28:42", "year": 2018, "day": 18, "minute": 28}, "geo": null, "id": 1064269188951347202, "lang": "fr", "emoticons": ["\ud83d\udd34"], "user_id": 585736569, "coordinates": null, "source": "Twitter Web Client", "id_str": "1064269188951347202", "mentions": [], "location": "Paris"}, {"truncated": false, "text": "Une alliance rouge brun \u00e7a fait pas une politique vous \u00eates alli\u00e9s de circonstances !", "hashtags": [], "topic": "politics", "tweet_urls": [], "date": {"hour": 21, "month": 11, "iso": "2018-11-18T21:27:54", "year": 2018, "day": 18, "minute": 27}, "geo": null, "id": 1064268986756603904, "lang": "fr", "emoticons": [], "user_id": 1550302099, "coordinates": null, "source": "Twitter for iPhone", "id_str": "1064268986756603904", "mentions": ["@Droitenational", "@Chedon18", "@jwaintraub"], "location": "Paris"}, {"truncated": true, "text": "est en Allemagne et que fait il ? Ce qu'il fait de mieux ; il d\u00e9gueule sur la France.\nCe type n'est pas se\u2026", "hashtags": ["#Macron"], "topic": "politics", "tweet_urls": ["https://t.co/f2RRLUMgZk"], "date": {"hour": 21, "month": 11, "iso": "2018-11-18T21:26:29", "year": 2018, "day": 18, "minute": 26}, "geo": null, "id": 1064268629636718592, "lang": "fr", "emoticons": [], "user_id": 394961572, "coordinates": null, "source": "Twitter for Android", "id_str": "1064268629636718592", "mentions": [], "location": "Paris"}, {"truncated": true, "text": "Pas encore gagn\u00e9. Cette courageuse journaliste d'investigation maltaise g\u00eanait - le mot est faible -\u2026", "hashtags": [], "topic": "politics", "tweet_urls": ["https://t.co/wHpE2v0NJ3"], "date": {"hour": 21, "month": 11, "iso": "2018-11-18T21:26:03", "year": 2018, "day": 18, "minute": 26}, "geo": null, "id": 1064268523558633473, "lang": "fr", "emoticons": [], "user_id": 325043073, "coordinates": null, "source": "Twitter for Android", "id_str": "1064268523558633473", "mentions": ["@Limportant_fr"], "location": "Paris"}, {"truncated": false, "text": "A d\u00e9faut de Macron, les maires re\u00e7oivent sa lettre", "hashtags": [], "topic": "politics", "tweet_urls": ["https://t.co/QHKdNjOlwE"], "date": {"hour": 21, "month": 11, "iso": "2018-11-18T21:25:11", "year": 2018, "day": 18, "minute": 25}, "geo": null, "id": 1064268303076638721, "lang": "fr", "emoticons": ["\ud83c\uddeb\ud83c\uddf7"], "user_id": 1043410125774626816, "coordinates": null, "source": "Twitter for iPhone", "id_str": "1064268303076638721", "mentions": [], "location": "Paris"}, {"truncated": true, "text": "Pourquoi les comptes de campagne de M\u00e9lenchon posent-ils question\u00a0? via", "hashtags": ["#Politique"], "topic": "politics", "tweet_urls": ["https://t.co/du9UDnpiuA", "https://t.co/WMDPpRRace"], "date": {"hour": 21, "month": 11, "iso": "2018-11-18T21:23:33", "year": 2018, "day": 18, "minute": 23}, "geo": null, "id": 1064267894576619523, "lang": "fr", "emoticons": [], "user_id": 419539044, "coordinates": null, "source": "Twitter Web Client", "id_str": "1064267894576619523", "mentions": ["@LePoint\u2026"], "location": "Paris"}, {"truncated": true, "text": "Quelqu\u2019un pour expliquer \u00e0 que c\u2019est pr\u00e9cis\u00e9ment parce qu\u2019il a \u00e9t\u00e9 mis un terme \u00e0 un\u2026", "hashtags": [], "topic": "politics", "tweet_urls": ["https://t.co/AKVjdhtRes"], "date": {"hour": 21, "month": 11, "iso": "2018-11-18T21:22:50", "year": 2018, "day": 18, "minute": 22}, "geo": null, "id": 1064267713122631680, "lang": "fr", "emoticons": [], "user_id": 64167140, "coordinates": null, "source": "Twitter for iPad", "id_str": "1064267713122631680", "mentions": ["@patrick_edery", "@patrick_edery"], "location": "Paris"}, {"truncated": false, "text": "Wauquiez s'oppose \u00e0 la PMA pour toutes en \u00e9voquant l'eug\u00e9nisme nazi", "hashtags": ["#Politique"], "topic": "politics", "tweet_urls": ["https://t.co/JVpPaoigGr", "https://t.co/dQ9k8jqwh4"], "date": {"hour": 21, "month": 11, "iso": "2018-11-18T21:22:06", "year": 2018, "day": 18, "minute": 22}, "geo": null, "id": 1064267529588260864, "lang": "fr", "emoticons": [], "user_id": 1271852322, "coordinates": null, "source": "L'important", "id_str": "1064267529588260864", "mentions": [], "location": "Paris"}, {"truncated": true, "text": "Je crois que cette personne devrait relire certains ouvr\u2026", "hashtags": [], "topic": "politics", "tweet_urls": ["https://t.co/hVkPNFAgvO"], "date": {"hour": 21, "month": 11, "iso": "2018-11-18T21:21:38", "year": 2018, "day": 18, "minute": 21}, "geo": null, "id": 1064267409593372674, "lang": "fr", "emoticons": [], "user_id": 906081000509366272, "coordinates": null, "source": "Twitter Web Client", "id_str": "1064267409593372674", "mentions": ["@LBF_LaBonneFee", "@SachaRamos69", "@FenrirMax38540", "@T_Nenninger"], "location": "Paris"}, {"truncated": true, "text": "Si les de tous bords ne d\u00e9pose pas de motion de censure pour plus aucune force politique\u2026", "hashtags": ["#deput\u00e9s", "#destitu\u00e9", "#macron"], "topic": "politics", "tweet_urls": ["https://t.co/R05EFwaVaJ"], "date": {"hour": 21, "month": 11, "iso": "2018-11-18T21:21:20", "year": 2018, "day": 18, "minute": 21}, "geo": null, "id": 1064267337023594497, "lang": "fr", "emoticons": [], "user_id": 1038667084396486656, "coordinates": null, "source": "Twitter for Android", "id_str": "1064267337023594497", "mentions": [], "location": "Paris"}, {"truncated": true, "text": "c'est bien pour cela qu'il ne faut pas juger h\u00e2tivement\u2026", "hashtags": [], "topic": "politics", "tweet_urls": ["https://t.co/WW0TfJw9WU"], "date": {"hour": 21, "month": 11, "iso": "2018-11-18T21:20:36", "year": 2018, "day": 18, "minute": 20}, "geo": null, "id": 1064267151568236545, "lang": "fr", "emoticons": [], "user_id": 906081000509366272, "coordinates": null, "source": "Twitter Web Client", "id_str": "1064267151568236545", "mentions": ["@FenrirMax38540", "@T_Nenninger", "@SachaRamos69", "@LBF_LaBonneFee"], "location": "Paris"}, {"truncated": true, "text": "Je ne suis pas LREM et je d\u00e9sapprouve les attaques sur l'\u00e2ge ou le physique dans un d\u00e9ba\u2026", "hashtags": [], "topic": "politics", "tweet_urls": ["https://t.co/SctoVM38ob"], "date": {"hour": 21, "month": 11, "iso": "2018-11-18T21:20:15", "year": 2018, "day": 18, "minute": 20}, "geo": null, "id": 1064267064620257280, "lang": "fr", "emoticons": [], "user_id": 104184883, "coordinates": null, "source": "Twitter for Android", "id_str": "1064267064620257280", "mentions": ["@theced42", "@philippepoustis"], "location": "Paris"}, {"truncated": false, "text": "La minute antique -\u00a0La \u00ab\u00a0d\u00e9jupitarisation\u00a0\u00bb de Macron\u00a0? via", "hashtags": ["#35", "#Politique"], "topic": "politics", "tweet_urls": ["https://t.co/GXOwe7xX31"], "date": {"hour": 21, "month": 11, "iso": "2018-11-18T21:16:59", "year": 2018, "day": 18, "minute": 16}, "geo": null, "id": 1064266242566049792, "lang": "fr", "emoticons": [], "user_id": 3989151856, "coordinates": null, "source": "Twitter Web Client", "id_str": "1064266242566049792", "mentions": ["@LePoint"], "location": "Paris"}, {"truncated": false, "text": "\u00c9douard Philippe a entendu \"la col\u00e8re et la souffrance\" des \"gilets jaunes\"", "hashtags": [], "topic": "politics", "tweet_urls": ["https://t.co/e3b2WS9kxi"], "date": {"hour": 21, "month": 11, "iso": "2018-11-18T21:14:38", "year": 2018, "day": 18, "minute": 14}, "geo": null, "id": 1064265647197175808, "lang": "fr", "emoticons": [], "user_id": 71525923, "coordinates": null, "source": "u2nRTW", "id_str": "1064265647197175808", "mentions": [], "location": "Paris"}, {"truncated": true, "text": "La bonne vieille politique de r\u00e9cup\u00e9ration.\n\nAllez-vous baisser une partie des taxes sur le p\u00e9trol\u2026", "hashtags": [], "topic": "politics", "tweet_urls": ["https://t.co/ONKC9P7zRV"], "date": {"hour": 21, "month": 11, "iso": "2018-11-18T21:13:39", "year": 2018, "day": 18, "minute": 13}, "geo": null, "id": 1064265403231277058, "lang": "fr", "emoticons": [], "user_id": 870406917507690498, "coordinates": null, "source": "Twitter for Android", "id_str": "1064265403231277058", "mentions": ["@laurentwauquiez"], "location": "Paris"}, {"truncated": true, "text": ": le poids de la dette (et des int\u00e9r\u00eats de la dette) de la Ville de Paris explose !\nLe montr\u2026", "hashtags": ["#Paris", "#ConseildeParis"], "topic": "politics", "tweet_urls": ["https://t.co/JW1DFlLo9s"], "date": {"hour": 21, "month": 11, "iso": "2018-11-18T21:11:55", "year": 2018, "day": 18, "minute": 11}, "geo": null, "id": 1064264966008647683, "lang": "fr", "emoticons": [], "user_id": 45343260, "coordinates": null, "source": "Twitter for iPhone", "id_str": "1064264966008647683", "mentions": [], "location": "Paris"}, {"truncated": true, "text": "des actions r\u00e9guli\u00e8res et dans le temps en \u00e9tant pr\u00e9sent sur le terrain pour d\u00e9montrer une forte mobil\u2026", "hashtags": [], "topic": "politics", "tweet_urls": ["https://t.co/XvPCOpj507"], "date": {"hour": 21, "month": 11, "iso": "2018-11-18T21:11:54", "year": 2018, "day": 18, "minute": 11}, "geo": null, "id": 1064264962313543680, "lang": "fr", "emoticons": [], "user_id": 950445229357830144, "coordinates": null, "source": "Twitter for iPhone", "id_str": "1064264962313543680", "mentions": ["@T_Nenninger"], "location": "Paris"}, {"truncated": false, "text": "Un d\u00e9put\u00e9 veut que les immigr\u00e9s adoptent un deuxi\u00e8me pr\u00e9nom \u00ab\u00a0fran\u00e7ais\u00a0\u00bb", "hashtags": [], "topic": "politics", "tweet_urls": ["https://t.co/6vGz6zL8GK", "https://t.co/w2Yrbi5AJn"], "date": {"hour": 21, "month": 11, "iso": "2018-11-18T21:10:56", "year": 2018, "day": 18, "minute": 10}, "geo": null, "id": 1064264719979159554, "lang": "fr", "emoticons": [], "user_id": 8460572, "coordinates": null, "source": "Echobox Social", "id_str": "1064264719979159554", "mentions": [], "location": "Paris"}]