[{"truncated": true, "text": "Michel Virgoleux introduces the joint conference organised by and on the a\u2026", "hashtags": ["#construction"], "topic": "infrastructure", "tweet_urls": ["https://t.co/Jz3bXXFGjW"], "date": {"hour": 8, "month": 11, "iso": "2018-11-06T08:38:48", "year": 2018, "day": 6, "minute": 38}, "geo": null, "id": 1059726783245889536, "lang": "en", "emoticons": [], "user_id": 2352057564, "coordinates": null, "source": "Twitter for iPhone", "location": "Paris", "mentions": ["@PeckarAbramson", "@altanalaw"]}, {"truncated": true, "text": "Transport authorities around the world are moving from solely managing infrastructure assets to also being services\u2026", "hashtags": [], "topic": "infrastructure", "tweet_urls": ["https://t.co/Eg76EdJVqH"], "date": {"hour": 8, "month": 11, "iso": "2018-11-06T08:17:07", "year": 2018, "day": 6, "minute": 17}, "geo": null, "id": 1059721326959738880, "lang": "en", "emoticons": [], "user_id": 906067074128236544, "coordinates": null, "source": "Twitter for iPhone", "location": "Paris", "mentions": []}, {"truncated": true, "text": "Lime says it\u2019s looking to partner with cities to bring more protected bike lanes and better infrastructure for \u201cmic\u2026", "hashtags": [], "topic": "infrastructure", "tweet_urls": ["https://t.co/CsT4xKtUxT"], "date": {"hour": 8, "month": 11, "iso": "2018-11-06T08:04:54", "year": 2018, "day": 6, "minute": 4}, "geo": null, "id": 1059718253470203904, "lang": "en", "emoticons": [], "user_id": 2370841956, "coordinates": null, "source": "Twitter for iPhone", "location": "Paris", "mentions": []}, {"truncated": true, "text": "Circling back on the \u201cpeak-digital\u201d discussion... Until the internet infrastructure underpinning dig\u2026", "hashtags": [], "topic": "infrastructure", "tweet_urls": ["https://t.co/SvAW3S5ajY"], "date": {"hour": 7, "month": 11, "iso": "2018-11-06T07:36:22", "year": 2018, "day": 6, "minute": 36}, "geo": null, "id": 1059711071416541185, "lang": "en", "emoticons": [], "user_id": 139469937, "coordinates": null, "source": "Twitter for iPhone", "location": "Paris", "mentions": ["@TheRudinGroup"]}, {"truncated": true, "text": "has launched an open source project called Real-time Acceleration Platform for Integrated Data Science (RAP\u2026", "hashtags": ["#NVIDIA"], "topic": "infrastructure", "tweet_urls": ["https://t.co/Fb9AGyl51j"], "date": {"hour": 5, "month": 11, "iso": "2018-11-06T05:38:39", "year": 2018, "day": 6, "minute": 38}, "geo": null, "id": 1059681448096083973, "lang": "en", "emoticons": [], "user_id": 62098160, "coordinates": null, "source": "LinkedIn", "location": "Paris", "mentions": []}, {"truncated": true, "text": "TechRepublic posted \"Why API-driven infrastructure is the end goal for data center modernization\" \nSee full origina\u2026", "hashtags": [], "topic": "infrastructure", "tweet_urls": ["https://t.co/BpJcVRi46R"], "date": {"hour": 22, "month": 11, "iso": "2018-11-05T22:10:14", "year": 2018, "day": 5, "minute": 10}, "geo": null, "id": 1059568598144950275, "lang": "en", "emoticons": [], "user_id": 978891109823909889, "coordinates": null, "source": "Informations Relay", "location": "Paris", "mentions": []}, {"truncated": true, "text": "Non, ca ne l\u2019est pas.Le Venezuela a utilis\u00e9 la mann\u2026", "hashtags": [], "topic": "infrastructure", "tweet_urls": ["https://t.co/1IS0IqQZvF"], "date": {"hour": 21, "month": 11, "iso": "2018-11-05T21:33:20", "year": 2018, "day": 5, "minute": 33}, "geo": null, "id": 1059559313708990465, "lang": "fr", "emoticons": [], "user_id": 421014814, "coordinates": null, "source": "Twitter for iPhone", "location": "Paris", "mentions": ["@GarrodDrescher", "@arfelas", "@trinacrie", "@Portes_Thomas", "@GWGoldnadel"]}, {"truncated": true, "text": "Proud after EMnet Africa, last week\u2019s business meeting on\u00a0\u201cInfrastructure and regional connectivity.\u201d\n#team", "hashtags": ["#OECD\u2026"], "topic": "infrastructure", "tweet_urls": ["https://t.co/c5ivzwu1Aj"], "date": {"hour": 20, "month": 11, "iso": "2018-11-05T20:04:38", "year": 2018, "day": 5, "minute": 4}, "geo": {"type": "Point", "coordinates": [48.86138889, 2.26944444]}, "id": 1059536991795200002, "lang": "en", "emoticons": [], "user_id": 30290356, "coordinates": {"type": "Point", "coordinates": [2.26944444, 48.86138889]}, "source": "Instagram", "location": "Paris", "mentions": []}, {"truncated": true, "text": "G\u00e9rard Wolf, chairman of the Sustainable Cities\u00a0Taskforce\u00a0of Medef International, at the CICA Construction 4.0 for\u2026", "hashtags": [], "topic": "infrastructure", "tweet_urls": ["https://t.co/ODgXKllo5m"], "date": {"hour": 17, "month": 11, "iso": "2018-11-05T17:11:49", "year": 2018, "day": 5, "minute": 11}, "geo": null, "id": 1059493501413531648, "lang": "en", "emoticons": [], "user_id": 434023545, "coordinates": null, "source": "Twitter for iPhone", "location": "Paris", "mentions": []}, {"truncated": true, "text": "To address the urgent challenge &amp; meet our broader development goals, trillions of dollars need to be inve\u2026", "hashtags": ["#climate"], "topic": "infrastructure", "tweet_urls": ["https://t.co/uiIuChfPwU"], "date": {"hour": 16, "month": 11, "iso": "2018-11-05T16:07:49", "year": 2018, "day": 5, "minute": 7}, "geo": null, "id": 1059477394447310848, "lang": "en", "emoticons": [], "user_id": 84617373, "coordinates": null, "source": "Twitter Web Client", "location": "Paris", "mentions": []}, {"truncated": true, "text": "Identifier les erreurs d'infrastructure gr\u00e2ce \u00e0 du monitoring et anticiper les sc\u00e9narios de rupture d'activit\u00e9, voi\u2026", "hashtags": [], "topic": "infrastructure", "tweet_urls": ["https://t.co/m2pbRSscAK"], "date": {"hour": 15, "month": 11, "iso": "2018-11-05T15:57:35", "year": 2018, "day": 5, "minute": 57}, "geo": null, "id": 1059474816665862144, "lang": "fr", "emoticons": [], "user_id": 576343673, "coordinates": null, "source": "Twitter Web Client", "location": "Paris", "mentions": []}, {"truncated": true, "text": "Besoin d'une infrastructure de serveur dense avec s\u00e9curit\u00e9 et flexibilit\u00e9 int\u00e9gr\u00e9es pour r\u00e9pondre \u00e0 des application\u2026", "hashtags": [], "topic": "infrastructure", "tweet_urls": ["https://t.co/XtSRys40PR"], "date": {"hour": 15, "month": 11, "iso": "2018-11-05T15:01:01", "year": 2018, "day": 5, "minute": 1}, "geo": null, "id": 1059460581420343296, "lang": "fr", "emoticons": [], "user_id": 236435266, "coordinates": null, "source": "Sprinklr", "location": "Paris", "mentions": []}, {"truncated": true, "text": "Vincent Maret, Corporate Director, Open Innovation, Bouygues SA, is sharing a few lessons learned regarding innovat\u2026", "hashtags": [], "topic": "infrastructure", "tweet_urls": ["https://t.co/2XxG6Iw9On"], "date": {"hour": 14, "month": 11, "iso": "2018-11-05T14:52:03", "year": 2018, "day": 5, "minute": 52}, "geo": null, "id": 1059458328382918656, "lang": "en", "emoticons": [], "user_id": 434023545, "coordinates": null, "source": "Twitter for iPhone", "location": "Paris", "mentions": []}, {"truncated": true, "text": "D\u00e9couvrez le nouveau syst\u00e8me AIRI Mini, d\u00e9sormais disponible avec la technologie de r\u00e9seau \u00e0 100 giga-octets", "hashtags": [], "topic": "infrastructure", "tweet_urls": ["https://t.co/twUD6pyERY"], "date": {"hour": 14, "month": 11, "iso": "2018-11-05T14:26:02", "year": 2018, "day": 5, "minute": 26}, "geo": null, "id": 1059451780042514432, "lang": "fr", "emoticons": [], "user_id": 1931397439, "coordinates": null, "source": "Sprinklr", "location": "Paris", "mentions": ["@Cisco\u2026"]}, {"truncated": true, "text": "The FBI, the NCCIC and the DHS have noted that since at least March 2016 there has been a notable increase of energ\u2026", "hashtags": [], "topic": "infrastructure", "tweet_urls": ["https://t.co/XZbcIq1Oka"], "date": {"hour": 13, "month": 11, "iso": "2018-11-05T13:54:49", "year": 2018, "day": 5, "minute": 54}, "geo": null, "id": 1059443924014645248, "lang": "en", "emoticons": [], "user_id": 26174431, "coordinates": null, "source": "LinkedIn", "location": "Paris", "mentions": []}, {"truncated": true, "text": "lively discussions on quality (QI):\n1. There should be no tension btw QI &amp; sustainable infra\u2026", "hashtags": ["#G20ws", "#infrastructure"], "topic": "infrastructure", "tweet_urls": ["https://t.co/sKpxniCImT"], "date": {"hour": 13, "month": 11, "iso": "2018-11-05T13:53:04", "year": 2018, "day": 5, "minute": 53}, "geo": null, "id": 1059443481314295808, "lang": "en", "emoticons": [], "user_id": 504465785, "coordinates": null, "source": "Twitter Lite", "location": "Paris", "mentions": []}, {"truncated": true, "text": "Visit booth at and discover how Flexible SD-WAN Service Assurance tool al\u2026", "hashtags": ["#GartnerSYM", "#GartnerITXpo"], "topic": "infrastructure", "tweet_urls": ["https://t.co/oTkaWGDHyv"], "date": {"hour": 13, "month": 11, "iso": "2018-11-05T13:47:45", "year": 2018, "day": 5, "minute": 47}, "geo": null, "id": 1059442142945402880, "lang": "en", "emoticons": [], "user_id": 4919303429, "coordinates": null, "source": "Twitter for iPhone", "location": "Paris", "mentions": ["@orangebusiness"]}, {"truncated": true, "text": "Les technologies pourraient am\u00e9liorer de 10 \u00e0 30% certains indicateurs cl\u00e9s de la qualit\u00e9 de la vie, rapporte\u2026", "hashtags": [], "topic": "infrastructure", "tweet_urls": ["https://t.co/OPprCqtqdF"], "date": {"hour": 13, "month": 11, "iso": "2018-11-05T13:14:09", "year": 2018, "day": 5, "minute": 14}, "geo": null, "id": 1059433690642685952, "lang": "fr", "emoticons": [], "user_id": 1143011156, "coordinates": null, "source": "Twitter Web Client", "location": "Paris", "mentions": []}, {"truncated": true, "text": "Bentley Systems annonce les laur\u00e9ats des prix Year in Infrastructure 2018: 19 au prix et 9 au prix 'Specia\u2026", "hashtags": ["#YII2018"], "topic": "infrastructure", "tweet_urls": ["https://t.co/gYoGJHpRyW"], "date": {"hour": 13, "month": 11, "iso": "2018-11-05T13:10:09", "year": 2018, "day": 5, "minute": 10}, "geo": null, "id": 1059432684693291009, "lang": "fr", "emoticons": [], "user_id": 2851103949, "coordinates": null, "source": "Adobe\u00ae Social", "location": "Paris", "mentions": []}, {"truncated": true, "text": "Hudaidah is going to be the next Mosul or Reqqa. Street fighting will drain both sides, civilian casualties will be\u2026", "hashtags": [], "topic": "infrastructure", "tweet_urls": ["https://t.co/j5OSwW4Gtt"], "date": {"hour": 12, "month": 11, "iso": "2018-11-05T12:44:07", "year": 2018, "day": 5, "minute": 44}, "geo": null, "id": 1059426130132918273, "lang": "en", "emoticons": [], "user_id": 16838600, "coordinates": null, "source": "Twitter for Android", "location": "Paris", "mentions": []}, {"truncated": true, "text": "va r\u00e9aliser son troisi\u00e8me projet d\u2019infrastructure pour le m\u00e9tro de Lyon avec la plateforme", "hashtags": ["#Bimsync"], "topic": "infrastructure", "tweet_urls": ["https://t.co/HuzXcJ3fdE"], "date": {"hour": 12, "month": 11, "iso": "2018-11-05T12:35:02", "year": 2018, "day": 5, "minute": 35}, "geo": null, "id": 1059423845839486982, "lang": "fr", "emoticons": [], "user_id": 931454342372188160, "coordinates": null, "source": "Buffer", "location": "Paris", "mentions": ["@egis", "@Catendra\u2026"]}, {"truncated": true, "text": "At of \n@anticorruption &amp; calls for greater action from to tackle costs of co\u2026", "hashtags": ["#G20ws", "#G20"], "topic": "infrastructure", "tweet_urls": ["https://t.co/1o1vKvQcWp"], "date": {"hour": 11, "month": 11, "iso": "2018-11-05T11:15:09", "year": 2018, "day": 5, "minute": 15}, "geo": null, "id": 1059403742922137600, "lang": "en", "emoticons": [], "user_id": 504465785, "coordinates": null, "source": "Twitter Lite", "location": "Paris", "mentions": ["@meberazategui", "@civil20_18"]}, {"truncated": true, "text": "Prof Yoshino of at puts forward a proposal to use tax revenue generated from growth spillovers\u2026", "hashtags": ["#G20ws"], "topic": "infrastructure", "tweet_urls": ["https://t.co/LDBggFfJJW"], "date": {"hour": 11, "month": 11, "iso": "2018-11-05T11:07:00", "year": 2018, "day": 5, "minute": 7}, "geo": null, "id": 1059401692649795584, "lang": "en", "emoticons": [], "user_id": 504465785, "coordinates": null, "source": "Twitter Lite", "location": "Paris", "mentions": ["@ADBInstitute"]}, {"truncated": true, "text": "Bonjour, en qualit\u00e9 de gestionnaire de l'infrastructure ferroviaire, n'est pas en charge\u2026", "hashtags": [], "topic": "infrastructure", "tweet_urls": ["https://t.co/e2RriKBhwQ"], "date": {"hour": 10, "month": 11, "iso": "2018-11-05T10:35:57", "year": 2018, "day": 5, "minute": 35}, "geo": null, "id": 1059393877134790657, "lang": "fr", "emoticons": [], "user_id": 2821224219, "coordinates": null, "source": "Twitter Web Client", "location": "Paris", "mentions": ["@RedMathoulde", "@SNCFReseau"]}, {"truncated": true, "text": "\"American fascists have found navigating this infrastructure far easier, with a larger array of mainstream media ou\u2026", "hashtags": [], "topic": "infrastructure", "tweet_urls": ["https://t.co/NwwwEBOTfL"], "date": {"hour": 10, "month": 11, "iso": "2018-11-05T10:03:44", "year": 2018, "day": 5, "minute": 3}, "geo": null, "id": 1059385768936902656, "lang": "en", "emoticons": [], "user_id": 956250134786002944, "coordinates": null, "source": "Twitter Lite", "location": "Paris", "mentions": []}, {"truncated": true, "text": "\"Satellite imagery: The future of tracking urban markets\" provides a nice overview of the analyses of economic acti\u2026", "hashtags": [], "topic": "infrastructure", "tweet_urls": ["https://t.co/NCq7mr9hka"], "date": {"hour": 9, "month": 11, "iso": "2018-11-05T09:46:51", "year": 2018, "day": 5, "minute": 46}, "geo": null, "id": 1059381521088425985, "lang": "en", "emoticons": [], "user_id": 576058205, "coordinates": null, "source": "Twitter Web Client", "location": "Paris", "mentions": []}, {"truncated": true, "text": "Virtualization, along with public and private clouds are converging via - providing efficient and\u2026", "hashtags": ["#interconnection"], "topic": "infrastructure", "tweet_urls": ["https://t.co/IByIb728rl"], "date": {"hour": 9, "month": 11, "iso": "2018-11-05T09:00:36", "year": 2018, "day": 5, "minute": 0}, "geo": null, "id": 1059369880082886657, "lang": "en", "emoticons": [], "user_id": 2687208192, "coordinates": null, "source": "Hootsuite", "location": "Paris", "mentions": []}]