[{"truncated": false, "text": "Petit fr\u00e8re calme toi. \u00c0 qui profite le crime ? Et moi-m\u00eame, vais-je m\u2019en sortir ? Pose-toi des questions .", "hashtags": [], "topic": "crime", "tweet_urls": [], "date": {"hour": 16, "month": 11, "iso": "2018-11-13T16:51:17", "year": 2018, "day": 13, "minute": 51}, "geo": null, "id": 1062387435995316225, "lang": "fr", "emoticons": [], "user_id": 1594498650, "coordinates": null, "source": "Twitter for iPhone", "location": "Paris", "mentions": ["@Kodjosteve", "@Mlle_Rox"]}, {"truncated": true, "text": "En direct depuis la sc\u00e8ne du crime : malgr\u00e9 mon interdiction, mon fils de 3 ans a quand m\u00eame jou\u00e9 en cachette avec\u2026", "hashtags": [], "topic": "crime", "tweet_urls": ["https://t.co/1qPXDnjVNa"], "date": {"hour": 16, "month": 11, "iso": "2018-11-13T16:44:58", "year": 2018, "day": 13, "minute": 44}, "geo": null, "id": 1062385844550430720, "lang": "fr", "emoticons": [], "user_id": 178107061, "coordinates": null, "source": "Twitter for Android", "location": "Paris", "mentions": []}, {"truncated": true, "text": "Les lanceurs d'alerte divulguent des informations cruciales \u00e0 la lutte contre la et le crime mais se re\u2026", "hashtags": ["#corruption"], "topic": "crime", "tweet_urls": ["https://t.co/RPt4z5uFCg"], "date": {"hour": 16, "month": 11, "iso": "2018-11-13T16:18:04", "year": 2018, "day": 13, "minute": 18}, "geo": null, "id": 1062379075174653952, "lang": "fr", "emoticons": [], "user_id": 50290123, "coordinates": null, "source": "Twitter Web Client", "location": "Paris", "mentions": []}, {"truncated": true, "text": "\"Je suis certain qu\u2019il a \u00e9t\u00e9 actif dans les ann\u00e9es 90 et 2000\", assure le commandant Bourgard. Tout pourrait venir,\u2026", "hashtags": [], "topic": "crime", "tweet_urls": ["https://t.co/1zxsHNTwGb"], "date": {"hour": 15, "month": 11, "iso": "2018-11-13T15:15:22", "year": 2018, "day": 13, "minute": 15}, "geo": null, "id": 1062363299088613383, "lang": "fr", "emoticons": [], "user_id": 86762926, "coordinates": null, "source": "Twitter Web Client", "location": "Paris", "mentions": []}, {"truncated": true, "text": "Oui, c'est vrai. Le crim\u2026", "hashtags": [], "topic": "crime", "tweet_urls": ["https://t.co/iAqFtlrLNj"], "date": {"hour": 15, "month": 11, "iso": "2018-11-13T15:13:04", "year": 2018, "day": 13, "minute": 13}, "geo": null, "id": 1062362717913341954, "lang": "fr", "emoticons": [], "user_id": 724542993986887680, "coordinates": null, "source": "Twitter Web Client", "location": "Paris", "mentions": ["@TigreNoir13", "@BLEUKLEINN", "@SawabCenterFR", "@le_Parisien", "@AbuYabess_", "@LibreSahel", "@bilale_keita"]}, {"truncated": true, "text": "LIVE : du minist\u00e8re des Affaires \u00e9trang\u00e8res d'#Israel , pr\u00e8s de la fronti\u00e8re de le commet u\u2026", "hashtags": ["#Gaza:", "#Hamas"], "topic": "crime", "tweet_urls": ["https://t.co/cCSXIEwXzX"], "date": {"hour": 15, "month": 11, "iso": "2018-11-13T15:04:38", "year": 2018, "day": 13, "minute": 4}, "geo": null, "id": 1062360595322888192, "lang": "fr", "emoticons": [], "user_id": 181299257, "coordinates": null, "source": "Twitter Web Client", "location": "Paris", "mentions": ["@yiftahc,"]}, {"truncated": true, "text": "Oh que oui, et cela se voit assez cruellement, \u00e0 une ou deux exceptions pr\u00e8s, mais la m\u00e9diocrit\u00e9 act\u2026", "hashtags": [], "topic": "crime", "tweet_urls": ["https://t.co/q4Tp7augRy"], "date": {"hour": 14, "month": 11, "iso": "2018-11-13T14:46:55", "year": 2018, "day": 13, "minute": 46}, "geo": null, "id": 1062356137440407552, "lang": "fr", "emoticons": [], "user_id": 26565397, "coordinates": null, "source": "Twitter Web Client", "location": "Paris", "mentions": ["@Jean_Ajalbert"]}, {"truncated": true, "text": "Sur la p\u00e9riode 90-2000, sans crime reconnu: \"il y en a forc\u00e9ment. Si Monique Olivier n'en parle pas, c'est peut-\u00eatr\u2026", "hashtags": [], "topic": "crime", "tweet_urls": ["https://t.co/Kb7jDJYx5B"], "date": {"hour": 14, "month": 11, "iso": "2018-11-13T14:22:01", "year": 2018, "day": 13, "minute": 22}, "geo": null, "id": 1062349872010088448, "lang": "fr", "emoticons": [], "user_id": 373271932, "coordinates": null, "source": "Twitter for Android", "location": "Paris", "mentions": []}, {"truncated": true, "text": "En dans retour sur quelques unes des pires histoires criminelles qui ont eu pour d\u00e9cor la v\u2026", "hashtags": ["#Replay"], "topic": "crime", "tweet_urls": ["https://t.co/v8tVQZ67hy"], "date": {"hour": 14, "month": 11, "iso": "2018-11-13T14:07:09", "year": 2018, "day": 13, "minute": 7}, "geo": null, "id": 1062346131982704640, "lang": "fr", "emoticons": [], "user_id": 2151180877, "coordinates": null, "source": "Twitter Web Client", "location": "Paris", "mentions": ["@LHeureDuCrime,"]}, {"truncated": true, "text": "Crazy girl in town.\nParterns in crime leaelkrog changiznasiry\n#redlips you see my ligh\u2026", "hashtags": ["#shine", "#paris", "#bykavak\n\n*can"], "topic": "crime", "tweet_urls": ["https://t.co/EVRHLDuANA"], "date": {"hour": 13, "month": 11, "iso": "2018-11-13T13:49:18", "year": 2018, "day": 13, "minute": 49}, "geo": {"type": "Point", "coordinates": [48.8567, 2.3508]}, "id": 1062341636904996864, "lang": "en", "emoticons": [], "user_id": 47698816, "coordinates": {"type": "Point", "coordinates": [2.3508, 48.8567]}, "source": "Instagram", "location": "Paris", "mentions": []}, {"truncated": true, "text": "C\u2019est franchement horrible... comment le monde peut accepter se drame ... pourquoi personne ne les aides .\u2026", "hashtags": [], "topic": "crime", "tweet_urls": ["https://t.co/d5C4ydcs77"], "date": {"hour": 13, "month": 11, "iso": "2018-11-13T13:28:15", "year": 2018, "day": 13, "minute": 28}, "geo": null, "id": 1062336338471632897, "lang": "fr", "emoticons": [], "user_id": 330633252, "coordinates": null, "source": "Twitter for iPhone", "location": "Paris", "mentions": ["@ARTEfr"]}, {"truncated": true, "text": "Je participe dimanche prochain le 18 novembre, au salon Sang pour sang polar de Franqueville Saint Pierre. J\u2019y pr\u00e9s\u2026", "hashtags": [], "topic": "crime", "tweet_urls": ["https://t.co/J161YbM1Dx"], "date": {"hour": 12, "month": 11, "iso": "2018-11-13T12:53:01", "year": 2018, "day": 13, "minute": 53}, "geo": null, "id": 1062327474363817984, "lang": "fr", "emoticons": [], "user_id": 63063227, "coordinates": null, "source": "Twitter for iPhone", "location": "Paris", "mentions": []}, {"truncated": true, "text": "Je participe dimanche prochain le 18 novembre, au salon Sang pour sang polar de Franqueville Saint Pierre. J\u2019y pr\u00e9s\u2026", "hashtags": [], "topic": "crime", "tweet_urls": ["https://t.co/sxxNlm9FSd"], "date": {"hour": 12, "month": 11, "iso": "2018-11-13T12:52:43", "year": 2018, "day": 13, "minute": 52}, "geo": null, "id": 1062327396462927873, "lang": "fr", "emoticons": [], "user_id": 63063227, "coordinates": null, "source": "Twitter for iPhone", "location": "Paris", "mentions": []}, {"truncated": true, "text": "I review Nick Cheung's 3rd film as a director, crime thriller THE TROUGH (2018):\nhttps://t.co/Xb4WtKHcSo\nStarring\u2026", "hashtags": [], "topic": "crime", "tweet_urls": ["https://t.co/sKk0v8U3jj"], "date": {"hour": 12, "month": 11, "iso": "2018-11-13T12:50:26", "year": 2018, "day": 13, "minute": 50}, "geo": null, "id": 1062326825332994049, "lang": "en", "emoticons": [], "user_id": 1553158729, "coordinates": null, "source": "Twitter Web Client", "location": "Paris", "mentions": []}, {"truncated": false, "text": "Michel Fourniret : un crime pour de l\u2019or via", "hashtags": [], "topic": "crime", "tweet_urls": ["https://t.co/UOgs3SLWfd"], "date": {"hour": 12, "month": 11, "iso": "2018-11-13T12:37:18", "year": 2018, "day": 13, "minute": 37}, "geo": null, "id": 1062323517432229888, "lang": "fr", "emoticons": [], "user_id": 1089140672, "coordinates": null, "source": "Twitter Web Client", "location": "Paris", "mentions": ["@franceinfo"]}, {"truncated": false, "text": "Le colonialisme, fran\u00e7ais hier, isra\u00e9lien aujourd'hui, chinois demain, est un crime contre l'humanit\u00e9.", "hashtags": [], "topic": "crime", "tweet_urls": [], "date": {"hour": 12, "month": 11, "iso": "2018-11-13T12:27:01", "year": 2018, "day": 13, "minute": 27}, "geo": null, "id": 1062320931618594817, "lang": "fr", "emoticons": [], "user_id": 783741839987838976, "coordinates": null, "source": "Twitter for Android", "location": "Paris", "mentions": []}, {"truncated": true, "text": "In April 1999, US bombed Serbian TV and killed 16 journalists and technicians for the same\u2026", "hashtags": [], "topic": "crime", "tweet_urls": ["https://t.co/RraCe5V13K"], "date": {"hour": 12, "month": 11, "iso": "2018-11-13T12:07:38", "year": 2018, "day": 13, "minute": 7}, "geo": null, "id": 1062316051298504711, "lang": "en", "emoticons": [], "user_id": 384778627, "coordinates": null, "source": "Twitter Web Client", "location": "Paris", "mentions": ["@amalsaad_lb", "@ggreenwald"]}, {"truncated": true, "text": "Les \u00c9tats arabes sont corrompus pour la plupart oui. Mais en quoi \u00e7a l\u00e9gitime Israel \u00e0 t\u2026", "hashtags": [], "topic": "crime", "tweet_urls": ["https://t.co/kdWkkwoRjf"], "date": {"hour": 12, "month": 11, "iso": "2018-11-13T12:04:29", "year": 2018, "day": 13, "minute": 4}, "geo": null, "id": 1062315260584038401, "lang": "fr", "emoticons": [], "user_id": 2735926074, "coordinates": null, "source": "Twitter for iPhone", "location": "Paris", "mentions": ["@ariebens", "@ambfranceisrael"]}, {"truncated": true, "text": "la est dans une impunit\u00e9 quasi totale...\n\nMoins de 4% des sur mineurs font l'objet\u2026", "hashtags": ["#Pedocriminalite:", "#France", "#viols"], "topic": "crime", "tweet_urls": ["https://t.co/yQOPBW9GTZ"], "date": {"hour": 11, "month": 11, "iso": "2018-11-13T11:59:35", "year": 2018, "day": 13, "minute": 59}, "geo": null, "id": 1062314025856450561, "lang": "fr", "emoticons": [], "user_id": 1657311517, "coordinates": null, "source": "Twitter for Android", "location": "Paris", "mentions": []}, {"truncated": true, "text": "Remind me please which media outlet (except Russian and Chinese) condemned US's attack\u2026", "hashtags": [], "topic": "crime", "tweet_urls": ["https://t.co/j9MF5o5A0l"], "date": {"hour": 11, "month": 11, "iso": "2018-11-13T11:53:42", "year": 2018, "day": 13, "minute": 53}, "geo": null, "id": 1062312548312248326, "lang": "en", "emoticons": [], "user_id": 384778627, "coordinates": null, "source": "Twitter Web Client", "location": "Paris", "mentions": ["@Ian56789", "@annaleclaire", "@CNN"]}, {"truncated": false, "text": "13 novembre, l'un des milliers des jours anniversaires du plus grand crime contre l'humanit\u00e9 : la circoncision\nhttps://t.co/0Is174btEq", "hashtags": [], "topic": "crime", "tweet_urls": [], "date": {"hour": 11, "month": 11, "iso": "2018-11-13T11:25:41", "year": 2018, "day": 13, "minute": 25}, "geo": null, "id": 1062305495703318528, "lang": "fr", "emoticons": [], "user_id": 52763136, "coordinates": null, "source": "Twitter Web Client", "location": "Paris", "mentions": []}, {"truncated": true, "text": "As a fighter against child sexual abuse, how can you embrace a religion that advocates the crime aga\u2026", "hashtags": [], "topic": "crime", "tweet_urls": ["https://t.co/J8zKG8tHnl"], "date": {"hour": 10, "month": 11, "iso": "2018-11-13T10:06:05", "year": 2018, "day": 13, "minute": 6}, "geo": null, "id": 1062285463757697024, "lang": "en", "emoticons": [], "user_id": 52763136, "coordinates": null, "source": "Twitter Web Client", "location": "Paris", "mentions": ["@Sinead0Connor"]}, {"truncated": true, "text": "Reagrdez : Hier soir quand une frappe a\u00e9rienne isra\u00e9lienne a bombard\u00e9 le b\u00e2timent de la t\u00e9l\u00e9vision Al Aqsa TV au mi\u2026", "hashtags": [], "topic": "crime", "tweet_urls": ["https://t.co/HrrTEqUoN5"], "date": {"hour": 9, "month": 11, "iso": "2018-11-13T09:53:11", "year": 2018, "day": 13, "minute": 53}, "geo": null, "id": 1062282218867998726, "lang": "fr", "emoticons": [], "user_id": 303211226, "coordinates": null, "source": "Facebook", "location": "Paris", "mentions": []}, {"truncated": true, "text": "La loi Schiappa n'y est pour rien. L\u2026", "hashtags": [], "topic": "crime", "tweet_urls": ["https://t.co/8eq8FcbQoR"], "date": {"hour": 9, "month": 11, "iso": "2018-11-13T09:40:13", "year": 2018, "day": 13, "minute": 40}, "geo": null, "id": 1062278952524361733, "lang": "fr", "emoticons": [], "user_id": 988357051071057920, "coordinates": null, "source": "Twitter for Android", "location": "Paris", "mentions": ["@chch5585", "@Castafiore64", "@MartineMartini1", "@elsa3_bardin", "@ZohraBitan", "@YaelMellul"]}, {"truncated": true, "text": "Le meurtre de Farida Hamiche est reconnu par Michel Mais c'est un crime sans cadavre. Le corps de la vi\u2026", "hashtags": ["#Fourniret."], "topic": "crime", "tweet_urls": ["https://t.co/W95s4jrAoY"], "date": {"hour": 9, "month": 11, "iso": "2018-11-13T09:24:11", "year": 2018, "day": 13, "minute": 24}, "geo": null, "id": 1062274920695128064, "lang": "fr", "emoticons": [], "user_id": 373271932, "coordinates": null, "source": "Twitter for Android", "location": "Paris", "mentions": []}, {"truncated": true, "text": "\n#13novembre2015 : \u00e0 une s\u00e9rie d\u2019attentats revendiqu\u00e9e par l\u2019\u00c9tat islamique cause 130 morts et p\u2026", "hashtags": ["#Cejourl\u00e0", "#Paris,"], "topic": "crime", "tweet_urls": ["https://t.co/TsX9aCfUr7"], "date": {"hour": 9, "month": 11, "iso": "2018-11-13T09:23:28", "year": 2018, "day": 13, "minute": 23}, "geo": null, "id": 1062274739492806656, "lang": "fr", "emoticons": ["\ud83d\udcc5"], "user_id": 727436801959415808, "coordinates": null, "source": "Twitter Web Client", "location": "Paris", "mentions": []}, {"truncated": true, "text": "\"The police try to be proactive in order to prevent crime. The Ministry of the Interior is supporting\u2026", "hashtags": [], "topic": "crime", "tweet_urls": ["https://t.co/fByMBITOWw"], "date": {"hour": 9, "month": 11, "iso": "2018-11-13T09:21:47", "year": 2018, "day": 13, "minute": 21}, "geo": null, "id": 1062274315817832449, "lang": "en", "emoticons": [], "user_id": 163029889, "coordinates": null, "source": "Twitter Web Client", "location": "Paris", "mentions": []}, {"truncated": true, "text": "The 8-day training course is part of the Academy for Tax &amp; Financial Crime Investigation, set to improve th\u2026", "hashtags": ["#Africa"], "topic": "crime", "tweet_urls": ["https://t.co/bzFAdALzrN"], "date": {"hour": 8, "month": 11, "iso": "2018-11-13T08:57:27", "year": 2018, "day": 13, "minute": 57}, "geo": null, "id": 1062268193136349184, "lang": "en", "emoticons": [], "user_id": 2479832246, "coordinates": null, "source": "Twitter Web Client", "location": "Paris", "mentions": []}, {"truncated": true, "text": "Efus is in the crime prevention conference organised by the ministry of interior of the Czech Republic. Carla Napol\u2026", "hashtags": [], "topic": "crime", "tweet_urls": ["https://t.co/kfpVj76G48"], "date": {"hour": 8, "month": 11, "iso": "2018-11-13T08:47:32", "year": 2018, "day": 13, "minute": 47}, "geo": null, "id": 1062265696405676032, "lang": "en", "emoticons": [], "user_id": 163029889, "coordinates": null, "source": "Twitter for iPhone", "location": "Paris", "mentions": []}, {"truncated": false, "text": "Petit rappel de l\u2019affaire \ufe0f", "hashtags": [], "topic": "crime", "tweet_urls": ["https://t.co/rTGCTV1k3i"], "date": {"hour": 7, "month": 11, "iso": "2018-11-13T07:21:39", "year": 2018, "day": 13, "minute": 21}, "geo": null, "id": 1062244082448326656, "lang": "fr", "emoticons": ["\u27a1"], "user_id": 86762926, "coordinates": null, "source": "Twitter for iPhone", "location": "Paris", "mentions": []}, {"truncated": true, "text": "\u00ab\u00a0L\u2019ogre des Ardennes\u00a0\u00bb et son ex-femme, \u00e2g\u00e9s aujourd\u2019hui de 76 et 69 ans, sont jug\u00e9s pour le meurtre de Farida Ham\u2026", "hashtags": [], "topic": "crime", "tweet_urls": ["https://t.co/GCeP1p8uZg"], "date": {"hour": 7, "month": 11, "iso": "2018-11-13T07:17:42", "year": 2018, "day": 13, "minute": 17}, "geo": null, "id": 1062243088721154048, "lang": "fr", "emoticons": [], "user_id": 86762926, "coordinates": null, "source": "Twitter for iPhone", "location": "Paris", "mentions": []}, {"truncated": true, "text": "Isra\u00ebl le peut bien s\u00fbr! mais se fera encore accuser de crime contre l l'humanit\u00e9. Aucun Etat au m\u2026", "hashtags": [], "topic": "crime", "tweet_urls": ["https://t.co/bt6m7KxIyK"], "date": {"hour": 6, "month": 11, "iso": "2018-11-13T06:39:38", "year": 2018, "day": 13, "minute": 39}, "geo": null, "id": 1062233507836149760, "lang": "fr", "emoticons": [], "user_id": 3131351722, "coordinates": null, "source": "Twitter for iPhone", "location": "Paris", "mentions": ["@ProzacChaotique"]}, {"truncated": true, "text": "A better idea would be trying to prevent scores of children being murdered on Londons streets every night\u2026", "hashtags": [], "topic": "crime", "tweet_urls": ["https://t.co/pJuwsDHGTj"], "date": {"hour": 6, "month": 11, "iso": "2018-11-13T06:33:43", "year": 2018, "day": 13, "minute": 33}, "geo": null, "id": 1062232020502360064, "lang": "en", "emoticons": [], "user_id": 427472356, "coordinates": null, "source": "Twitter for iPhone", "location": "Paris", "mentions": ["@bopinion"]}, {"truncated": true, "text": "La police va bient\u00f4t acqu\u00e9rir des hoverbikes, des motos volantes, pour mieux combattre le crime\u2026", "hashtags": [], "topic": "crime", "tweet_urls": ["https://t.co/5HPRXMNaEB"], "date": {"hour": 6, "month": 11, "iso": "2018-11-13T06:27:57", "year": 2018, "day": 13, "minute": 27}, "geo": null, "id": 1062230568820228102, "lang": "fr", "emoticons": [], "user_id": 358074534, "coordinates": null, "source": "Echobox Social", "location": "Paris", "mentions": []}, {"truncated": true, "text": ": ... \nTrente ans apr\u00e8s, Fourniret et son ex-femme sont donc jug\u00e9s pour assassinat et recel de vol. Ils\u2026", "hashtags": ["#Fourniret"], "topic": "crime", "tweet_urls": ["https://t.co/9k1iwc8qKd"], "date": {"hour": 6, "month": 11, "iso": "2018-11-13T06:25:16", "year": 2018, "day": 13, "minute": 25}, "geo": null, "id": 1062229892945862657, "lang": "fr", "emoticons": [], "user_id": 330318524, "coordinates": null, "source": "Twitter Web Client", "location": "Paris", "mentions": []}, {"truncated": false, "text": "Magot du \"gang des postiches\": Michel Fourniret jug\u00e9 pour son crime crapuleux.", "hashtags": [], "topic": "crime", "tweet_urls": ["https://t.co/quYii7XJG9"], "date": {"hour": 6, "month": 11, "iso": "2018-11-13T06:10:34", "year": 2018, "day": 13, "minute": 10}, "geo": null, "id": 1062226192474955783, "lang": "fr", "emoticons": [], "user_id": 276605327, "coordinates": null, "source": "France Actualit\u00e9s", "location": "Paris", "mentions": []}, {"truncated": true, "text": "L'affaire Georges Tron...\nQui n'a pas dans son entourage des gonzesses pour qui se faire sucer les doigts de pied c\u2026", "hashtags": [], "topic": "crime", "tweet_urls": ["https://t.co/8njOU4BtIO"], "date": {"hour": 1, "month": 11, "iso": "2018-11-13T01:25:45", "year": 2018, "day": 13, "minute": 25}, "geo": null, "id": 1062154515401637888, "lang": "fr", "emoticons": [], "user_id": 412488536, "coordinates": null, "source": "Twitter for Android", "location": "Paris", "mentions": []}, {"truncated": false, "text": "Rhino dollars : le nouveau visage du crime organis\u00e9 :", "hashtags": [], "topic": "crime", "tweet_urls": ["https://t.co/l66ECncswH"], "date": {"hour": 23, "month": 11, "iso": "2018-11-12T23:12:59", "year": 2018, "day": 12, "minute": 12}, "geo": null, "id": 1062121104255447041, "lang": "fr", "emoticons": [], "user_id": 50612875, "coordinates": null, "source": "Twitter for Android", "location": "Paris", "mentions": []}, {"truncated": false, "text": "Mais m\u00eame un crime \u00e7a m\u00e9rite pas la mort t\u2019es cingl\u00e9 y a plus la peine de mort jte rappelle", "hashtags": [], "topic": "crime", "tweet_urls": [], "date": {"hour": 22, "month": 11, "iso": "2018-11-12T22:57:42", "year": 2018, "day": 12, "minute": 57}, "geo": null, "id": 1062117258133204993, "lang": "fr", "emoticons": [], "user_id": 2946819053, "coordinates": null, "source": "Twitter for iPhone", "location": "Paris", "mentions": ["@julien_dpls", "@kermytho", "@Admir_fdlrc", "@SaintZZ10"]}, {"truncated": true, "text": "You stole my heart in a whirlwind romance. Je t'aime, Paris. Thank you to for making it happen and to franne\u2026", "hashtags": [], "topic": "crime", "tweet_urls": ["https://t.co/lnWKFuBiOD"], "date": {"hour": 21, "month": 11, "iso": "2018-11-12T21:41:15", "year": 2018, "day": 12, "minute": 41}, "geo": {"type": "Point", "coordinates": [48.8567, 2.3508]}, "id": 1062098018583875585, "lang": "en", "emoticons": [], "user_id": 115504298, "coordinates": {"type": "Point", "coordinates": [2.3508, 48.8567]}, "source": "Instagram", "location": "Paris", "mentions": ["@lumos"]}, {"truncated": false, "text": "non arr\u00eate c\u2019est un crime de faire sa", "hashtags": [], "topic": "crime", "tweet_urls": ["https://t.co/hLsrYUt7zG"], "date": {"hour": 20, "month": 11, "iso": "2018-11-12T20:52:36", "year": 2018, "day": 12, "minute": 52}, "geo": null, "id": 1062085776953901057, "lang": "fr", "emoticons": ["\ud83e\udd22", "\ud83d\ude2f", "\ud83d\ude02"], "user_id": 1016257048722460672, "coordinates": null, "source": "Twitter for iPhone", "location": "Paris", "mentions": []}, {"truncated": false, "text": "Son plus grand crime ici c'est son d\u00e9grad\u00e9", "hashtags": [], "topic": "crime", "tweet_urls": [], "date": {"hour": 20, "month": 11, "iso": "2018-11-12T20:48:12", "year": 2018, "day": 12, "minute": 48}, "geo": null, "id": 1062084667866824705, "lang": "fr", "emoticons": [], "user_id": 2777008189, "coordinates": null, "source": "Twitter Web Client", "location": "Paris", "mentions": ["@Soouf93"]}, {"truncated": false, "text": "En plus c\u2019est faux-cul, il s\u2019est excus\u00e9... Vous abusez c\u2019est pas un crime d\u2019avoir \u00e9corch\u00e9 le nom d\u2019un artiste...", "hashtags": [], "topic": "crime", "tweet_urls": [], "date": {"hour": 19, "month": 11, "iso": "2018-11-12T19:59:49", "year": 2018, "day": 12, "minute": 59}, "geo": null, "id": 1062072495170351105, "lang": "fr", "emoticons": [], "user_id": 548671274, "coordinates": null, "source": "Twitter for iPhone", "location": "Paris", "mentions": []}, {"truncated": true, "text": "Nobody's walking anyone to the gallows or setting anybody on fire. Yet, trans women are much more lik\u2026", "hashtags": [], "topic": "crime", "tweet_urls": ["https://t.co/zigGkIVq4j"], "date": {"hour": 19, "month": 11, "iso": "2018-11-12T19:36:07", "year": 2018, "day": 12, "minute": 36}, "geo": null, "id": 1062066528135327746, "lang": "en", "emoticons": [], "user_id": 1014314164888784899, "coordinates": null, "source": "Twitter Web Client", "location": "Paris", "mentions": ["@LesFemmeNoir"]}, {"truncated": true, "text": "Si vous ne savez pas quoi mater ce soir, \u00e9vitez \"Le Crime de l'Orient Express\" version Kenneth Branagh. Une bouse i\u2026", "hashtags": [], "topic": "crime", "tweet_urls": ["https://t.co/8AquY4RTxr"], "date": {"hour": 19, "month": 11, "iso": "2018-11-12T19:03:36", "year": 2018, "day": 12, "minute": 3}, "geo": null, "id": 1062058346440781824, "lang": "fr", "emoticons": [], "user_id": 905979254, "coordinates": null, "source": "Twitter for Android", "location": "Paris", "mentions": []}, {"truncated": false, "text": "Chez pour la projection de la saison 2 de l'Art du Crime r\u00e9alis\u00e9 par pour", "hashtags": [], "topic": "crime", "tweet_urls": ["https://t.co/V5Y3uUgIgJ"], "date": {"hour": 18, "month": 11, "iso": "2018-11-12T18:54:58", "year": 2018, "day": 12, "minute": 54}, "geo": null, "id": 1062056172658810880, "lang": "fr", "emoticons": [], "user_id": 735744694831849472, "coordinates": null, "source": "Twitter for Android", "location": "Paris", "mentions": ["@Gaumont", "@BriantChris", "@France2tv"]}, {"truncated": true, "text": "Pompeo dit que la R\u00e9publique islamique n\u00e9gociera avec les Etats-Unis, si elle ne veut pas que son peuple soit exsan\u2026", "hashtags": [], "topic": "crime", "tweet_urls": ["https://t.co/FdNZ6P5M3t"], "date": {"hour": 18, "month": 11, "iso": "2018-11-12T18:54:11", "year": 2018, "day": 12, "minute": 54}, "geo": null, "id": 1062055977883701250, "lang": "fr", "emoticons": [], "user_id": 26476650, "coordinates": null, "source": "Twitter for iPhone", "location": "Paris", "mentions": []}, {"truncated": true, "text": "Tiens, sur votre profil, il y a \u00e9crit \"le colonialisme est un crime\". Donc vous \u00eates en train d'appel\u2026", "hashtags": [], "topic": "crime", "tweet_urls": ["https://t.co/rAnycZlhLH"], "date": {"hour": 18, "month": 11, "iso": "2018-11-12T18:31:51", "year": 2018, "day": 12, "minute": 31}, "geo": null, "id": 1062050354538430464, "lang": "fr", "emoticons": [], "user_id": 26505421, "coordinates": null, "source": "Twitter for Android", "location": "Paris", "mentions": ["@Jesus_201689"]}, {"truncated": true, "text": "The first course of the Latin America Academy for &amp; Financial Crime Investigation is underway this week.\u2026", "hashtags": ["#OECD", "#Tax"], "topic": "crime", "tweet_urls": ["https://t.co/5iNRvET40w"], "date": {"hour": 18, "month": 11, "iso": "2018-11-12T18:27:04", "year": 2018, "day": 12, "minute": 27}, "geo": null, "id": 1062049153734402048, "lang": "en", "emoticons": [], "user_id": 2479832246, "coordinates": null, "source": "Twitter Web Client", "location": "Paris", "mentions": []}, {"truncated": true, "text": "Fourniret retourne aux assises. Et pour ce crime crapuleux : \u00ab Il n\u2019y avait aucun aspect d\u2019agression sexuelle, a-t-\u2026", "hashtags": [], "topic": "crime", "tweet_urls": ["https://t.co/6LkKfzlxm9"], "date": {"hour": 18, "month": 11, "iso": "2018-11-12T18:21:39", "year": 2018, "day": 12, "minute": 21}, "geo": null, "id": 1062047790421995521, "lang": "fr", "emoticons": [], "user_id": 24744541, "coordinates": null, "source": "Echobox Social", "location": "Paris", "mentions": []}, {"truncated": true, "text": "En m\u00eame temps ils l' ont pas vol\u00e9. Le fait de l' envoyer pa\u00eetre s' apparente \u00e0 un irrespect pousse au\u2026", "hashtags": [], "topic": "crime", "tweet_urls": ["https://t.co/SxwfYscHKY"], "date": {"hour": 18, "month": 11, "iso": "2018-11-12T18:12:30", "year": 2018, "day": 12, "minute": 12}, "geo": null, "id": 1062045488097169418, "lang": "fr", "emoticons": [], "user_id": 823908271090188288, "coordinates": null, "source": "Twitter for Android", "location": "Paris", "mentions": ["@OuestFrance"]}, {"truncated": false, "text": "Nice: Le couple qui a maquill\u00e9 un crime en suicide condamn\u00e9 \u00e0 25 ans de prison", "hashtags": [], "topic": "crime", "tweet_urls": ["https://t.co/fcOQABdBjz"], "date": {"hour": 18, "month": 11, "iso": "2018-11-12T18:11:04", "year": 2018, "day": 12, "minute": 11}, "geo": null, "id": 1062045127777181701, "lang": "fr", "emoticons": ["\ud83c\uddeb\ud83c\uddf7"], "user_id": 1043410125774626816, "coordinates": null, "source": "Twitter for iPhone", "location": "Paris", "mentions": []}, {"truncated": true, "text": "is a concentration camp! No crematoriums, but you're burning peoples' lives, destroying their spi\u2026", "hashtags": ["#Nauru"], "topic": "crime", "tweet_urls": ["https://t.co/dfOWlORARn"], "date": {"hour": 17, "month": 11, "iso": "2018-11-12T17:54:23", "year": 2018, "day": 12, "minute": 54}, "geo": null, "id": 1062040927139700737, "lang": "en", "emoticons": [], "user_id": 923986483857514496, "coordinates": null, "source": "Twitter Web Client", "location": "Paris", "mentions": ["@NickMcKim"]}, {"truncated": true, "text": "So from now on I will clean up this account and use it to tweet only about professional content, or content that is\u2026", "hashtags": [], "topic": "crime", "tweet_urls": ["https://t.co/US9cDI0cb2"], "date": {"hour": 17, "month": 11, "iso": "2018-11-12T17:48:46", "year": 2018, "day": 12, "minute": 48}, "geo": null, "id": 1062039511771811840, "lang": "en", "emoticons": [], "user_id": 3460974023, "coordinates": null, "source": "Twitter for Android", "location": "Paris", "mentions": []}, {"truncated": true, "text": "Macron a ouvert la bo\u00eete \u00e0 Pandore de l'antinazisme devenu fou [en comparant] en terre alg\u00e9rienne la colonisation f\u2026", "hashtags": [], "topic": "crime", "tweet_urls": ["https://t.co/NXVY7CI2S3"], "date": {"hour": 17, "month": 11, "iso": "2018-11-12T17:23:23", "year": 2018, "day": 12, "minute": 23}, "geo": null, "id": 1062033124031377408, "lang": "fr", "emoticons": [], "user_id": 485621073, "coordinates": null, "source": "Twitter Web Client", "location": "Paris", "mentions": []}, {"truncated": true, "text": "Ce soir \u00e0 20h dans une \u00e9mission Partenariat pour le hors s\u00e9rie \"Le Paris d\u2026", "hashtags": [], "topic": "crime", "tweet_urls": ["https://t.co/ztD2XBEd4K"], "date": {"hour": 17, "month": 11, "iso": "2018-11-12T17:17:27", "year": 2018, "day": 12, "minute": 17}, "geo": null, "id": 1062031631500877824, "lang": "fr", "emoticons": [], "user_id": 2151180877, "coordinates": null, "source": "Twitter Web Client", "location": "Paris", "mentions": ["@LHeureDuCrime,", "@RTLFrance/@le_Parisien"]}, {"truncated": true, "text": "Un peu de contexte pour vous expliquer ma remarque ne vous f\u2026", "hashtags": [], "topic": "crime", "tweet_urls": ["https://t.co/8oOlpHBV0D"], "date": {"hour": 17, "month": 11, "iso": "2018-11-12T17:15:25", "year": 2018, "day": 12, "minute": 15}, "geo": null, "id": 1062031122740207616, "lang": "fr", "emoticons": [], "user_id": 20873759, "coordinates": null, "source": "Twitter Web Client", "location": "Paris", "mentions": ["@AnneARphoto", "@emmasouffi", "@expliciteJA", "@oravanello", "@jdd"]}, {"truncated": true, "text": "A travers cette nouvelle campagne, et d\u00e9noncent l\u2019instrumentalisation de la faim comme crime d\u2026", "hashtags": [], "topic": "crime", "tweet_urls": ["https://t.co/4OI5neZOGZ"], "date": {"hour": 16, "month": 11, "iso": "2018-11-12T16:59:31", "year": 2018, "day": 12, "minute": 59}, "geo": null, "id": 1062027118635352065, "lang": "fr", "emoticons": [], "user_id": 821014740784791552, "coordinates": null, "source": "Twitter Web Client", "location": "Paris", "mentions": ["@ACF_France", "@herezie"]}, {"truncated": true, "text": "La Cour de cassation rejette le recours de l'association des descendants d'esclaves c/ la loi Taubira de 2001 recon\u2026", "hashtags": [], "topic": "crime", "tweet_urls": ["https://t.co/X5fLuWC3Rw"], "date": {"hour": 16, "month": 11, "iso": "2018-11-12T16:58:14", "year": 2018, "day": 12, "minute": 58}, "geo": null, "id": 1062026796202409985, "lang": "fr", "emoticons": [], "user_id": 2978957884, "coordinates": null, "source": "Twitter Lite", "location": "Paris", "mentions": []}, {"truncated": true, "text": "Incroyable. En France. Je n\u2019arrive pas comprendre raisonnement des juges. Une fillette\u2026", "hashtags": [], "topic": "crime", "tweet_urls": ["https://t.co/wfBZNnRfja"], "date": {"hour": 16, "month": 11, "iso": "2018-11-12T16:45:01", "year": 2018, "day": 12, "minute": 45}, "geo": null, "id": 1062023470542929920, "lang": "fr", "emoticons": [], "user_id": 830833078465609729, "coordinates": null, "source": "Twitter for iPhone", "location": "Paris", "mentions": ["@gregoryroose", "@HollandeOust"]}, {"truncated": false, "text": "Y avait pas l'option Crime contre l'Humanit\u00e9, je suppose qu'on garde \u00e7a pour l'ananas.", "hashtags": [], "topic": "crime", "tweet_urls": [], "date": {"hour": 16, "month": 11, "iso": "2018-11-12T16:36:34", "year": 2018, "day": 12, "minute": 36}, "geo": null, "id": 1062021344651608064, "lang": "fr", "emoticons": [], "user_id": 3022800989, "coordinates": null, "source": "Twitter Web Client", "location": "Paris", "mentions": ["@Master_Y0ba"]}, {"truncated": false, "text": "Que fais Gala ,un crime de l\u00e8se majest\u00e9 ,Brigitte va \u00eatre fach\u00e9", "hashtags": [], "topic": "crime", "tweet_urls": [], "date": {"hour": 16, "month": 11, "iso": "2018-11-12T16:27:52", "year": 2018, "day": 12, "minute": 27}, "geo": null, "id": 1062019152888688640, "lang": "fr", "emoticons": [], "user_id": 3243502709, "coordinates": null, "source": "Twitter Web Client", "location": "Paris", "mentions": []}, {"truncated": true, "text": "Yes bro let\u2019s see the content, hope it will be something different from social messages. I want to see\u2026", "hashtags": [], "topic": "crime", "tweet_urls": ["https://t.co/RkjOy4HVrK"], "date": {"hour": 16, "month": 11, "iso": "2018-11-12T16:25:07", "year": 2018, "day": 12, "minute": 25}, "geo": null, "id": 1062018461646364672, "lang": "en", "emoticons": [], "user_id": 1052560329010499584, "coordinates": null, "source": "Twitter for iPhone", "location": "Paris", "mentions": ["@vivek_reds"]}, {"truncated": false, "text": "Nice: Le couple qui a maquill\u00e9 un crime en suicide condamn\u00e9 \u00e0 25 ans de prison", "hashtags": [], "topic": "crime", "tweet_urls": ["https://t.co/2UeIBLvvj6", "https://t.co/quRQuKypQM"], "date": {"hour": 16, "month": 11, "iso": "2018-11-12T16:21:24", "year": 2018, "day": 12, "minute": 21}, "geo": null, "id": 1062017527314857984, "lang": "fr", "emoticons": [], "user_id": 2649991, "coordinates": null, "source": "Echobox Social", "location": "Paris", "mentions": []}, {"truncated": false, "text": "Tr\u00e8s bon titre. Il le serait encore plus s'il ne faisait pas le raccourci entre les deux \u00e9v\u00e9nements.", "hashtags": [], "topic": "crime", "tweet_urls": ["https://t.co/cEnJ3ldSDn"], "date": {"hour": 15, "month": 11, "iso": "2018-11-12T15:55:00", "year": 2018, "day": 12, "minute": 55}, "geo": null, "id": 1062010883474362373, "lang": "fr", "emoticons": [], "user_id": 81938142, "coordinates": null, "source": "Twitter Web Client", "location": "Paris", "mentions": []}, {"truncated": true, "text": "Il \u00e9tait temps de dire stop \u00e0 l\u2019utilisation de la faim comme arme de guerre : \n6 personnes sur 10 sous-aliment\u00e9es d\u2026", "hashtags": [], "topic": "crime", "tweet_urls": ["https://t.co/YGgsktxruQ"], "date": {"hour": 15, "month": 11, "iso": "2018-11-12T15:40:18", "year": 2018, "day": 12, "minute": 40}, "geo": null, "id": 1062007185503371269, "lang": "fr", "emoticons": [], "user_id": 2583788479, "coordinates": null, "source": "Twitter for iPhone", "location": "Paris", "mentions": []}, {"truncated": false, "text": "Tout d\u00e9pend du crime/d\u00e9lit.", "hashtags": [], "topic": "crime", "tweet_urls": [], "date": {"hour": 15, "month": 11, "iso": "2018-11-12T15:39:35", "year": 2018, "day": 12, "minute": 39}, "geo": null, "id": 1062007004754051072, "lang": "fr", "emoticons": [], "user_id": 890315805623234564, "coordinates": null, "source": "Twitter for iPhone", "location": "Paris", "mentions": ["@JimmyDeuxFois__"]}, {"truncated": true, "text": "Contrairement aux US o\u00f9 c'est un crime ( parjure) , le mensonge est l\u00e9gal en France, et pa\u2026", "hashtags": [], "topic": "crime", "tweet_urls": ["https://t.co/Ybn68BcjAt"], "date": {"hour": 15, "month": 11, "iso": "2018-11-12T15:26:31", "year": 2018, "day": 12, "minute": 26}, "geo": null, "id": 1062003715098451969, "lang": "fr", "emoticons": [], "user_id": 2897749941, "coordinates": null, "source": "Twitter for Android", "location": "Paris", "mentions": ["@kindrobot_org", "@durpaire"]}, {"truncated": true, "text": "\u00c0 partir de mardi, Michel Fourniret et Monique Olivier reviennent aux assises. Ils sont poursuivis pour l'assassina\u2026", "hashtags": [], "topic": "crime", "tweet_urls": ["https://t.co/In4IRl1kps"], "date": {"hour": 15, "month": 11, "iso": "2018-11-12T15:15:20", "year": 2018, "day": 12, "minute": 15}, "geo": null, "id": 1062000899533475840, "lang": "fr", "emoticons": [], "user_id": 480295882, "coordinates": null, "source": "Twitter Web Client", "location": "Paris", "mentions": []}, {"truncated": false, "text": "Des frites \u00e0 la Carbo, c'est un crime, non ?", "hashtags": [], "topic": "crime", "tweet_urls": [], "date": {"hour": 14, "month": 11, "iso": "2018-11-12T14:16:06", "year": 2018, "day": 12, "minute": 16}, "geo": null, "id": 1061985992457027585, "lang": "fr", "emoticons": [], "user_id": 91122810, "coordinates": null, "source": "Twitter for Android", "location": "Paris", "mentions": ["@AlexiaBertolino"]}, {"truncated": true, "text": "\"Faites attention\"\n\nNouveau t\u00e9moignage troublant d'une citoyenne dont l'appartement a \u00e9t\u00e9 fracass\u00e9 et retourn\u00e9 par\u2026", "hashtags": [], "topic": "crime", "tweet_urls": ["https://t.co/qRlqQsxqod"], "date": {"hour": 14, "month": 11, "iso": "2018-11-12T14:04:13", "year": 2018, "day": 12, "minute": 4}, "geo": null, "id": 1061983002828439553, "lang": "fr", "emoticons": [], "user_id": 776516612862119937, "coordinates": null, "source": "IFTTT", "location": "Paris", "mentions": []}, {"truncated": true, "text": "Avant de crier avec la meute,il faut lire son article.En pr\u00e9ambule,il ne parle pas d'un antinazisme deve\u2026", "hashtags": [], "topic": "crime", "tweet_urls": ["https://t.co/fazwZ0t1yP"], "date": {"hour": 14, "month": 11, "iso": "2018-11-12T14:03:47", "year": 2018, "day": 12, "minute": 3}, "geo": null, "id": 1061982896347639809, "lang": "fr", "emoticons": [], "user_id": 289783036, "coordinates": null, "source": "Twitter Web Client", "location": "Paris", "mentions": ["@Ascl_Pios"]}, {"truncated": true, "text": "lance un nouvel hors-s\u00e9rie : LE PARIS DU CRIME, en kiosque d\u00e8s aujourd'hui. \n108 pages pour d\u00e9couvri\u2026", "hashtags": [], "topic": "crime", "tweet_urls": ["https://t.co/5J4TJF2W2B"], "date": {"hour": 13, "month": 11, "iso": "2018-11-12T13:58:38", "year": 2018, "day": 12, "minute": 58}, "geo": null, "id": 1061981598789365760, "lang": "fr", "emoticons": ["\ud83d\udea8"], "user_id": 2999801428, "coordinates": null, "source": "Twitter Web Client", "location": "Paris", "mentions": ["@le_Parisien"]}, {"truncated": true, "text": "Now McSally is evil for doing a fraction of what the Dems have been doing since election day LOL. Te\u2026", "hashtags": [], "topic": "crime", "tweet_urls": ["https://t.co/SDcWCY7Yxy"], "date": {"hour": 13, "month": 11, "iso": "2018-11-12T13:17:02", "year": 2018, "day": 12, "minute": 17}, "geo": null, "id": 1061971130708307970, "lang": "en", "emoticons": [], "user_id": 46093827, "coordinates": null, "source": "Twitter Web Client", "location": "Paris", "mentions": ["@KatyushaBlaze"]}, {"truncated": true, "text": "La au est utilis\u00e9e comme une arme. J'ai demand\u00e9 la fin des ventes d'armes \u00e0 et aux\u2026", "hashtags": ["#Famine", "#Y\u00e9men", "#ArabieSaoudite"], "topic": "crime", "tweet_urls": ["https://t.co/nCcufiKifc"], "date": {"hour": 12, "month": 11, "iso": "2018-11-12T12:59:31", "year": 2018, "day": 12, "minute": 59}, "geo": null, "id": 1061966722943668224, "lang": "fr", "emoticons": [], "user_id": 247895631, "coordinates": null, "source": "Twitter Web Client", "location": "Paris", "mentions": []}, {"truncated": true, "text": "Igarap\u00e9 Institute meetups at the today: (a) How to make Infrastructure more Conflict-Sensitive? (b\u2026", "hashtags": [], "topic": "crime", "tweet_urls": ["https://t.co/N0l06oWKgo"], "date": {"hour": 12, "month": 11, "iso": "2018-11-12T12:58:15", "year": 2018, "day": 12, "minute": 58}, "geo": null, "id": 1061966403891331074, "lang": "en", "emoticons": [], "user_id": 807738174, "coordinates": null, "source": "Twitter for iPhone", "location": "Paris", "mentions": ["@ParisPeaceForum"]}, {"truncated": true, "text": "Samedi, ne ratez pas nos Sc\u00e8nes de crime, pour petits et grands, concoct\u00e9e par la police technique et scientifique\u2026", "hashtags": [], "topic": "crime", "tweet_urls": ["https://t.co/p7TnsCHLlL"], "date": {"hour": 12, "month": 11, "iso": "2018-11-12T12:35:02", "year": 2018, "day": 12, "minute": 35}, "geo": null, "id": 1061960560538013698, "lang": "fr", "emoticons": [], "user_id": 982208813213208578, "coordinates": null, "source": "Twitter Web Client", "location": "Paris", "mentions": []}, {"truncated": true, "text": "Data establishes that, even once normalised for different crime rates and countries size, racially m\u2026", "hashtags": [], "topic": "crime", "tweet_urls": ["https://t.co/cYqaoy8geY"], "date": {"hour": 12, "month": 11, "iso": "2018-11-12T12:14:24", "year": 2018, "day": 12, "minute": 14}, "geo": null, "id": 1061955367813439489, "lang": "en", "emoticons": [], "user_id": 115470345, "coordinates": null, "source": "Twitter Web Client", "location": "Paris", "mentions": ["@Luvina_things"]}, {"truncated": false, "text": "C sa dans l\u2019crime depuis gamin il vx vesqui les shtar", "hashtags": [], "topic": "crime", "tweet_urls": [], "date": {"hour": 12, "month": 11, "iso": "2018-11-12T12:12:35", "year": 2018, "day": 12, "minute": 12}, "geo": null, "id": 1061954909753483264, "lang": "fr", "emoticons": [], "user_id": 995461303195103233, "coordinates": null, "source": "Twitter for iPhone", "location": "Paris", "mentions": ["@dar_wshAli", "@DaddyXIX", "@Vakekos_", "@dar_wshAli"]}, {"truncated": true, "text": "Senior to Georgian government: \"You have no courage to admit your crime. I demand that the state a\u2026", "hashtags": ["#Machalikashvili"], "topic": "crime", "tweet_urls": ["https://t.co/0dBtlCALua"], "date": {"hour": 12, "month": 11, "iso": "2018-11-12T12:01:41", "year": 2018, "day": 12, "minute": 1}, "geo": null, "id": 1061952165776781313, "lang": "en", "emoticons": [], "user_id": 4871934887, "coordinates": null, "source": "Twitter Web Client", "location": "Paris", "mentions": []}, {"truncated": true, "text": "(you also don't have a \"black\" area and an \"arab\" area. Or gang. Sure, crime is linked to poverty wh\u2026", "hashtags": [], "topic": "crime", "tweet_urls": ["https://t.co/w6Mw2V2FSr"], "date": {"hour": 11, "month": 11, "iso": "2018-11-12T11:56:00", "year": 2018, "day": 12, "minute": 56}, "geo": null, "id": 1061950739130601473, "lang": "en", "emoticons": [], "user_id": 115470345, "coordinates": null, "source": "Twitter Web Client", "location": "Paris", "mentions": ["@Luvina_things"]}, {"truncated": false, "text": "Envoy\u00e9 sp\u00e9cial. Jamal Khashoggi, crime d'Etat au consulat ? - 25 octobre... via", "hashtags": [], "topic": "crime", "tweet_urls": ["https://t.co/LoZMIMVww4"], "date": {"hour": 11, "month": 11, "iso": "2018-11-12T11:51:10", "year": 2018, "day": 12, "minute": 51}, "geo": null, "id": 1061949522534981632, "lang": "fr", "emoticons": [], "user_id": 861236018091102208, "coordinates": null, "source": "Twitter for iPhone", "location": "Paris", "mentions": ["@YouTube"]}, {"truncated": true, "text": "So here is how the issue look like. Hate crime in the US and France may look in the same\u2026", "hashtags": [], "topic": "crime", "tweet_urls": ["https://t.co/LctAjig2n5"], "date": {"hour": 11, "month": 11, "iso": "2018-11-12T11:36:34", "year": 2018, "day": 12, "minute": 36}, "geo": null, "id": 1061945848102375424, "lang": "en", "emoticons": [], "user_id": 115470345, "coordinates": null, "source": "Twitter Web Client", "location": "Paris", "mentions": ["@Luvina_things", "@TOHNIC723"]}, {"truncated": false, "text": "La lucidit\u00e9 est un crime sous le r\u00e9gime de l'inversion des valeurs...", "hashtags": [], "topic": "crime", "tweet_urls": [], "date": {"hour": 11, "month": 11, "iso": "2018-11-12T11:19:05", "year": 2018, "day": 12, "minute": 19}, "geo": null, "id": 1061941445563744257, "lang": "fr", "emoticons": [], "user_id": 942428982032633856, "coordinates": null, "source": "Twitter for Android", "location": "Paris", "mentions": ["@lemondefr"]}, {"truncated": false, "text": "Police numbers 'important part' of stopping crime \u2013 Sajid Javid", "hashtags": [], "topic": "crime", "tweet_urls": ["https://t.co/CN4DFBJ5tp"], "date": {"hour": 11, "month": 11, "iso": "2018-11-12T11:10:20", "year": 2018, "day": 12, "minute": 10}, "geo": null, "id": 1061939244669825024, "lang": "en", "emoticons": [], "user_id": 344144852, "coordinates": null, "source": "espacebeauxarts", "location": "Paris", "mentions": []}, {"truncated": false, "text": "Quelle horreur... Si seulement ces mecs \u00e9taient jug\u00e9s \u00e0 la hauteur de leur crime et de la barbarie.", "hashtags": [], "topic": "crime", "tweet_urls": [], "date": {"hour": 11, "month": 11, "iso": "2018-11-12T11:08:37", "year": 2018, "day": 12, "minute": 8}, "geo": null, "id": 1061938813919027200, "lang": "fr", "emoticons": [], "user_id": 37648057, "coordinates": null, "source": "Twitter for iPhone", "location": "Paris", "mentions": ["@MurielArnal"]}, {"truncated": true, "text": "are executed by the Nazis in the clearing near the Gu\u00e9-\u00e0-Tresmes castle in the hamlet of Congis-sur-Th\u00e9rouanne. The\u2026", "hashtags": [], "topic": "crime", "tweet_urls": ["https://t.co/vRsY6XxxCH"], "date": {"hour": 10, "month": 11, "iso": "2018-11-12T10:53:25", "year": 2018, "day": 12, "minute": 53}, "geo": null, "id": 1061934989598736385, "lang": "en", "emoticons": [], "user_id": 82878406, "coordinates": null, "source": "Twitter Web Client", "location": "Paris", "mentions": []}, {"truncated": true, "text": "Students from one of the most prestigious universities in France committing crime. \u2014 at M\u00e9nilmontan\u2026", "hashtags": ["#CattivoMaestro"], "topic": "crime", "tweet_urls": ["https://t.co/0D8oznC3WU"], "date": {"hour": 10, "month": 11, "iso": "2018-11-12T10:51:18", "year": 2018, "day": 12, "minute": 51}, "geo": null, "id": 1061934455365996544, "lang": "fr", "emoticons": [], "user_id": 117739076, "coordinates": null, "source": "Facebook", "location": "Paris", "mentions": []}, {"truncated": false, "text": "Qu\u2019est-ce que \u00able pousse-au-crime\u00bb ?\n&gt;&gt;\nR\u00e9ponse :", "hashtags": ["#Armistice"], "topic": "crime", "tweet_urls": ["https://t.co/d9H7NDYuQi"], "date": {"hour": 10, "month": 11, "iso": "2018-11-12T10:07:18", "year": 2018, "day": 12, "minute": 7}, "geo": null, "id": 1061923381925289984, "lang": "fr", "emoticons": [], "user_id": 761153305733201920, "coordinates": null, "source": "Twitter Web Client", "location": "Paris", "mentions": []}, {"truncated": true, "text": "Me pousse pas au crime ! Hier d\u00e9j\u00e0 quand mon p\u00e8re me disait que c\u2019\u00e9tait pas une bonne id\u00e9e, je lui r\u2026", "hashtags": [], "topic": "crime", "tweet_urls": ["https://t.co/9zElk9PJCV"], "date": {"hour": 10, "month": 11, "iso": "2018-11-12T10:02:19", "year": 2018, "day": 12, "minute": 2}, "geo": null, "id": 1061922127270608896, "lang": "fr", "emoticons": ["\ud83d\ude0f"], "user_id": 337963938, "coordinates": null, "source": "Twitter for iPhone", "location": "Paris", "mentions": ["@LunarSpider"]}, {"truncated": true, "text": "has amended its anti-money laundering and terrorism financing prevention laws that regulate virtual currenc\u2026", "hashtags": ["#Taiwan"], "topic": "crime", "tweet_urls": ["https://t.co/qkEiePBwWr"], "date": {"hour": 9, "month": 11, "iso": "2018-11-12T09:57:03", "year": 2018, "day": 12, "minute": 57}, "geo": null, "id": 1061920802151522304, "lang": "en", "emoticons": [], "user_id": 1551641904, "coordinates": null, "source": "Clearview Social, Inc.", "location": "Paris", "mentions": []}, {"truncated": true, "text": "securityaffairs published \"Elon Musk BITCOIN Twitter scam, a simple and profitable fraud for crooks\" \nSee full orig\u2026", "hashtags": [], "topic": "crime", "tweet_urls": ["https://t.co/3rGPnOY7xu"], "date": {"hour": 9, "month": 11, "iso": "2018-11-12T09:06:12", "year": 2018, "day": 12, "minute": 6}, "geo": null, "id": 1061908005191667712, "lang": "en", "emoticons": [], "user_id": 978891109823909889, "coordinates": null, "source": "Informations Relay", "location": "Paris", "mentions": []}, {"truncated": true, "text": "Eh mais Muse d\u00e9j\u00e0 ils sont giga morts dans le game et en plus pour la pr\u00e9vente faut r\u00e9soudre un crime, r\u00e9citer une\u2026", "hashtags": [], "topic": "crime", "tweet_urls": ["https://t.co/0Le3qmOGTs"], "date": {"hour": 8, "month": 11, "iso": "2018-11-12T08:51:09", "year": 2018, "day": 12, "minute": 51}, "geo": null, "id": 1061904217932226560, "lang": "fr", "emoticons": [], "user_id": 391273716, "coordinates": null, "source": "Twitter for iPhone", "location": "Paris", "mentions": []}, {"truncated": true, "text": "Lancement de notre campagne ! Pour que la faim ne soit plus utilis\u00e9e comme arme d\u2026", "hashtags": ["#StopHungerCrimeavec"], "topic": "crime", "tweet_urls": ["https://t.co/GZCrd2swFR"], "date": {"hour": 8, "month": 11, "iso": "2018-11-12T08:45:51", "year": 2018, "day": 12, "minute": 45}, "geo": null, "id": 1061902883677966336, "lang": "fr", "emoticons": ["\ud83c\udf74"], "user_id": 44136279, "coordinates": null, "source": "Twitter for iPhone", "location": "Paris", "mentions": ["@bymichalak"]}, {"truncated": false, "text": "il faudrait une punition \u00e0 hauteur du crime.", "hashtags": [], "topic": "crime", "tweet_urls": [], "date": {"hour": 8, "month": 11, "iso": "2018-11-12T08:18:14", "year": 2018, "day": 12, "minute": 18}, "geo": null, "id": 1061895933217116160, "lang": "fr", "emoticons": [], "user_id": 322189217, "coordinates": null, "source": "Twitter for Android", "location": "Paris", "mentions": ["@N_ilsd"]}, {"truncated": true, "text": "This would made a fascinating PhD dissertation : which \u00ab\u00a0corps\u00a0\u00bb is more instrumental in\u2026", "hashtags": [], "topic": "crime", "tweet_urls": ["https://t.co/xb1gvsucN5"], "date": {"hour": 7, "month": 11, "iso": "2018-11-12T07:47:39", "year": 2018, "day": 12, "minute": 47}, "geo": null, "id": 1061888238703558656, "lang": "en", "emoticons": [], "user_id": 2186174341, "coordinates": null, "source": "Twitter Lite", "location": "Paris", "mentions": ["@MentalHealthCop", "@asifamhp"]}, {"truncated": false, "text": "\"Qu'elle soit n\u00e9cessaire, ou m\u00eame justifi\u00e9e, ne croyez jamais que la guerre n'est pas un crime.\nErnest HEMINGWAY", "hashtags": [], "topic": "crime", "tweet_urls": [], "date": {"hour": 7, "month": 11, "iso": "2018-11-12T07:39:51", "year": 2018, "day": 12, "minute": 39}, "geo": null, "id": 1061886274129272832, "lang": "fr", "emoticons": [], "user_id": 361734359, "coordinates": null, "source": "Twitter for iPhone", "location": "Paris", "mentions": []}, {"truncated": false, "text": "De quel crime est coupable le mar\u00e9chal P\u00e9tain ?", "hashtags": [], "topic": "crime", "tweet_urls": [], "date": {"hour": 7, "month": 11, "iso": "2018-11-12T07:24:21", "year": 2018, "day": 12, "minute": 24}, "geo": null, "id": 1061882372822630400, "lang": "fr", "emoticons": [], "user_id": 1008417974745812992, "coordinates": null, "source": "Twitter for Android", "location": "Paris", "mentions": ["@MarylinMaeso"]}, {"truncated": false, "text": "Quid de la France? \nIci, le blasph\u00e8me est un droit, pas un crime!", "hashtags": ["#AsiaBibi"], "topic": "crime", "tweet_urls": ["https://t.co/Fuyp99Bxh5"], "date": {"hour": 6, "month": 11, "iso": "2018-11-12T06:59:32", "year": 2018, "day": 12, "minute": 59}, "geo": null, "id": 1061876130939056128, "lang": "fr", "emoticons": [], "user_id": 1243147873, "coordinates": null, "source": "Twitter Lite", "location": "Paris", "mentions": []}, {"truncated": true, "text": "Contre le crime organis\u00e9 et le cyber-harc\u00e8lement, l'ONG Reporters sans fronti\u00e8res r\u00e9compense quatre journalistes\u2026", "hashtags": [], "topic": "crime", "tweet_urls": ["https://t.co/KwvNYAijpv"], "date": {"hour": 6, "month": 11, "iso": "2018-11-12T06:28:22", "year": 2018, "day": 12, "minute": 28}, "geo": null, "id": 1061868286961430529, "lang": "fr", "emoticons": [], "user_id": 35287180, "coordinates": null, "source": "Application @morandiniblog", "location": "Paris", "mentions": []}, {"truncated": false, "text": "Possible hate crime? Racially charged? They don\u2019t need to use a noose for it to be a hate crime.", "hashtags": [], "topic": "crime", "tweet_urls": ["https://t.co/skANOKGxm2"], "date": {"hour": 1, "month": 11, "iso": "2018-11-12T01:29:28", "year": 2018, "day": 12, "minute": 29}, "geo": null, "id": 1061793063272701954, "lang": "en", "emoticons": [], "user_id": 121826472, "coordinates": null, "source": "Twitter for iPhone", "location": "Paris", "mentions": []}, {"truncated": true, "text": "C\u2019est tout l\u2019inverse le est la valeur supreme du quand s\u2019essaie \u00e0 la\u2026", "hashtags": ["#patriotisme", "#nationalisme:"], "topic": "crime", "tweet_urls": ["https://t.co/WLcT32zxFm"], "date": {"hour": 0, "month": 11, "iso": "2018-11-12T00:30:32", "year": 2018, "day": 12, "minute": 30}, "geo": null, "id": 1061778233761415168, "lang": "fr", "emoticons": [], "user_id": 619547145, "coordinates": null, "source": "Twitter for iPad", "location": "Paris", "mentions": ["@EmmanuelMacron"]}, {"truncated": false, "text": ": \u00e0 qui profite le ?\npar Vox Plebeia\n\nhttps://t.co/FGYTOl1flh", "hashtags": ["#Y\u00e9men", "#crime"], "topic": "crime", "tweet_urls": [], "date": {"hour": 23, "month": 11, "iso": "2018-11-11T23:42:11", "year": 2018, "day": 11, "minute": 42}, "geo": null, "id": 1061766066743980033, "lang": "fr", "emoticons": [], "user_id": 2686194145, "coordinates": null, "source": "TweetDeck", "location": "Paris", "mentions": []}, {"truncated": false, "text": "C'est dla frappe, j\u2019\u00e9coute Lunatic - Le Crime Paie sur Generations Booba. ! Du lourd avec l\u2019appli c'est le festin au mess...", "hashtags": [], "topic": "crime", "tweet_urls": [], "date": {"hour": 23, "month": 11, "iso": "2018-11-11T23:07:37", "year": 2018, "day": 11, "minute": 7}, "geo": null, "id": 1061757367048724482, "lang": "fr", "emoticons": [], "user_id": 1545151598, "coordinates": null, "source": "Twitter for Android", "location": "Paris", "mentions": ["@generations"]}, {"truncated": false, "text": "Apr\u00e8s Helene et les gar\u00e7ons", "hashtags": [], "topic": "crime", "tweet_urls": ["https://t.co/ElY6ZTZMrO"], "date": {"hour": 23, "month": 11, "iso": "2018-11-11T23:05:31", "year": 2018, "day": 11, "minute": 5}, "geo": null, "id": 1061756838897766400, "lang": "fr", "emoticons": ["\ud83d\ude02"], "user_id": 1556045112, "coordinates": null, "source": "Facebook", "location": "Paris", "mentions": []}, {"truncated": true, "text": "Mo Ibrahim : \u00ab Le manque d\u2019avenir peut pousser certains jeunes vers le djihadisme ou la criminalit\u00e9 \u00bb\u2026", "hashtags": [], "topic": "crime", "tweet_urls": ["https://t.co/HD4Wgx4uJl"], "date": {"hour": 16, "month": 11, "iso": "2018-11-13T16:54:50", "year": 2018, "day": 13, "minute": 54}, "geo": null, "id": 1062388327557537792, "lang": "fr", "emoticons": [], "user_id": 1570144238, "coordinates": null, "source": "Twitter Web Client", "location": "Paris", "mentions": []}, {"truncated": true, "text": "Sensibilisation des collaborateurs de par Muriel LEVEQUE de sur la th\u00e9mati\u2026", "hashtags": [], "topic": "crime", "tweet_urls": ["https://t.co/n0NNokruZM"], "date": {"hour": 15, "month": 11, "iso": "2018-11-13T15:43:40", "year": 2018, "day": 13, "minute": 43}, "geo": null, "id": 1062370420027023360, "lang": "fr", "emoticons": [], "user_id": 954063362891091969, "coordinates": null, "source": "Twitter for iPhone", "location": "Paris", "mentions": ["@IHEDN", "@NEOMAbs", "@NEOMAbs", "@AccorHotels_FR"]}, {"truncated": false, "text": "Le premier crit\u00e8re des analyses \u00e9conom\u00e9triques am\u00e9ricaines sur la criminalit\u00e9 c'est \u00abIf black\u00bb = 1", "hashtags": [], "topic": "crime", "tweet_urls": [], "date": {"hour": 10, "month": 11, "iso": "2018-11-13T10:43:40", "year": 2018, "day": 13, "minute": 43}, "geo": null, "id": 1062294922362019840, "lang": "fr", "emoticons": [], "user_id": 752599613165735937, "coordinates": null, "source": "Twitter Web Client", "location": "Paris", "mentions": []}, {"truncated": true, "text": "Il est contradictoire de demander aux \u00e9v\u00eaques de prendre leur responsabilit\u00e9, de promouvoir la d\u00e9centralisation dan\u2026", "hashtags": [], "topic": "crime", "tweet_urls": ["https://t.co/BqWMfSTuGj"], "date": {"hour": 7, "month": 11, "iso": "2018-11-13T07:44:38", "year": 2018, "day": 13, "minute": 44}, "geo": null, "id": 1062249865957306369, "lang": "fr", "emoticons": [], "user_id": 1723434546, "coordinates": null, "source": "Twitter Web Client", "location": "Paris", "mentions": []}, {"truncated": true, "text": "que dites-vous d\u2019appliquer le m\u00eame principe aux \u00e9lus ? Peines \u00ab\u00a0r\u00e9\u00e9quilibr\u00e9es vers + de s\u00e9v\u00e9rit\u00e9\u00a0\u00bb pr le\u2026", "hashtags": [], "topic": "crime", "tweet_urls": ["https://t.co/qiZlA5wqEB"], "date": {"hour": 6, "month": 11, "iso": "2018-11-13T06:29:15", "year": 2018, "day": 13, "minute": 29}, "geo": null, "id": 1062230897171316736, "lang": "fr", "emoticons": [], "user_id": 455937615, "coordinates": null, "source": "Twitter for iPhone", "location": "Paris", "mentions": ["@robinreda"]}, {"truncated": true, "text": "MDR plus de 2000 ex\u00e9cutions par an en chine mais toi tu nou\u2026", "hashtags": [], "topic": "crime", "tweet_urls": ["https://t.co/rhN7QH0Jd6"], "date": {"hour": 1, "month": 11, "iso": "2018-11-13T01:20:30", "year": 2018, "day": 13, "minute": 20}, "geo": null, "id": 1062153195852652551, "lang": "fr", "emoticons": [], "user_id": 905367318875787264, "coordinates": null, "source": "Twitter for iPhone", "location": "Paris", "mentions": ["@demontmiraill", "@MickalC1", "@GlamourParis", "@gracefullyfried"]}, {"truncated": true, "text": "- esprits criminels pour hypoth\u00e8ses et vocab criminalit\u00e9 \n- s\u00e9ries d'ado pour le voca\u2026", "hashtags": [], "topic": "crime", "tweet_urls": ["https://t.co/fKipfzPQuj"], "date": {"hour": 19, "month": 11, "iso": "2018-11-12T19:15:44", "year": 2018, "day": 12, "minute": 15}, "geo": null, "id": 1062061400128921601, "lang": "fr", "emoticons": [], "user_id": 400584386, "coordinates": null, "source": "Twitter for Android", "location": "Paris", "mentions": ["@brabradelavega", "@Suheyl_____"]}, {"truncated": true, "text": "Tribune avec et Damien Saverot pour le nouveau num\u00e9ro de la , \"Quels ponts entre t\u2026", "hashtags": [], "topic": "crime", "tweet_urls": ["https://t.co/GpVZBYJORY"], "date": {"hour": 9, "month": 11, "iso": "2018-11-12T09:20:25", "year": 2018, "day": 12, "minute": 20}, "geo": null, "id": 1061911583331442689, "lang": "fr", "emoticons": [], "user_id": 803539606310420480, "coordinates": null, "source": "Twitter Web Client", "location": "Paris", "mentions": ["@olivierdefrance", "@RParlementaire"]}, {"truncated": false, "text": "La criminalit\u00e9, fl\u00e9au des \u00e9conomies d\u2019Am\u00e9rique latine \u2014 via", "hashtags": [], "topic": "crime", "tweet_urls": ["https://t.co/CR6h7e4gdn"], "date": {"hour": 9, "month": 11, "iso": "2018-11-12T09:03:01", "year": 2018, "day": 12, "minute": 3}, "geo": null, "id": 1061907204784177152, "lang": "fr", "emoticons": [], "user_id": 81304024, "coordinates": null, "source": "Twitter for Android", "location": "Paris", "mentions": ["@LaMatinale_M"]}, {"truncated": true, "text": "\u00ab Plusieurs pays [d\u2019Am\u00e9rique latine] connaissent des situations de violence qu\u2019on associe normalement \u00e0 des zones d\u2026", "hashtags": [], "topic": "crime", "tweet_urls": ["https://t.co/BJQ4VtdXtL"], "date": {"hour": 8, "month": 11, "iso": "2018-11-12T08:15:09", "year": 2018, "day": 12, "minute": 15}, "geo": null, "id": 1061895158596337664, "lang": "fr", "emoticons": [], "user_id": 24744541, "coordinates": null, "source": "Echobox Social", "location": "Paris", "mentions": []}, {"truncated": true, "text": "\u00c0 Rio, un compte Twitter alerte chaque jour ses 900 000 abonn\u00e9s des endroits de la ville o\u00f9 gangs et criminels r\u00e8gl\u2026", "hashtags": [], "topic": "crime", "tweet_urls": ["https://t.co/vrm0hmGPtM"], "date": {"hour": 7, "month": 11, "iso": "2018-11-12T07:26:52", "year": 2018, "day": 12, "minute": 26}, "geo": null, "id": 1061883007458533377, "lang": "fr", "emoticons": [], "user_id": 487928002, "coordinates": null, "source": "Twitter for iPhone", "location": "Paris", "mentions": []}, {"truncated": false, "text": "La criminalit\u00e9, fl\u00e9au des \u00e9conomies d\u2019Am\u00e9rique latine \u2014 via", "hashtags": [], "topic": "crime", "tweet_urls": ["https://t.co/OPPc8QAkm2"], "date": {"hour": 6, "month": 11, "iso": "2018-11-12T06:04:34", "year": 2018, "day": 12, "minute": 4}, "geo": null, "id": 1061862294584475649, "lang": "fr", "emoticons": [], "user_id": 3407158060, "coordinates": null, "source": "Twitter for Android", "location": "Paris", "mentions": ["@LaMatinale_M"]}, {"truncated": false, "text": "De hecho...alguno sab\u00e9is d\u00f3nde fue filmado ese crimen ecol\u00f3gico?", "hashtags": [], "topic": "crime", "tweet_urls": [], "date": {"hour": 14, "month": 11, "iso": "2018-11-12T14:51:03", "year": 2018, "day": 12, "minute": 51}, "geo": null, "id": 1061994790013882368, "lang": "es", "emoticons": [], "user_id": 952313125063323648, "coordinates": null, "source": "Twitter for Android", "location": "Paris", "mentions": ["@Nubealba", "@PaisajesGeo", "@EAstigue"]}, {"truncated": false, "text": "Nunca pens\u00e9 que estar\u00eda en una escena del crimen... Paris: cada vez m\u00e1s experiencias.", "hashtags": [], "topic": "crime", "tweet_urls": [], "date": {"hour": 11, "month": 11, "iso": "2018-11-12T11:50:10", "year": 2018, "day": 12, "minute": 50}, "geo": null, "id": 1061949269672976390, "lang": "es", "emoticons": [], "user_id": 413417775, "coordinates": null, "source": "Twitter for iPhone", "location": "Paris", "mentions": []}]